Using pre-set license
Built from '2022.3/staging' branch; Version is '2022.3.50f1 (c3db7f8bf9b1) revision 12835711'; Using compiler version '192829333'; Build Type 'Release'
OS: 'Windows 10  (10.0.19045) 64bit Core' Language: 'ru' Physical Memory: 32671 MB
BatchMode: 1, IsHumanControllingUs: 0, StartBugReporterOnCrash: 0, Is64bit: 1, IsPro: 1

COMMAND LINE ARGUMENTS:
C:\Program Files\Unity\Hub\Editor\2022.3.50f1\Editor\Unity.exe
-adb2
-batchMode
-noUpm
-name
AssetImportWorker3
-projectPath
C:/Users/over4/OneDrive/Рабочий стол/git/Rain-of-Cubes/Rain of Cubes
-logFile
Logs/AssetImportWorker3.log
-srvPort
61480
Successfully changed project path to: C:/Users/over4/OneDrive/Рабочий стол/git/Rain-of-Cubes/Rain of Cubes
C:/Users/over4/OneDrive/Рабочий стол/git/Rain-of-Cubes/Rain of Cubes
[UnityMemory] Configuration Parameters - Can be set up in boot.config
    "memorysetup-bucket-allocator-granularity=16"
    "memorysetup-bucket-allocator-bucket-count=8"
    "memorysetup-bucket-allocator-block-size=33554432"
    "memorysetup-bucket-allocator-block-count=8"
    "memorysetup-main-allocator-block-size=16777216"
    "memorysetup-thread-allocator-block-size=16777216"
    "memorysetup-gfx-main-allocator-block-size=16777216"
    "memorysetup-gfx-thread-allocator-block-size=16777216"
    "memorysetup-cache-allocator-block-size=4194304"
    "memorysetup-typetree-allocator-block-size=2097152"
    "memorysetup-profiler-bucket-allocator-granularity=16"
    "memorysetup-profiler-bucket-allocator-bucket-count=8"
    "memorysetup-profiler-bucket-allocator-block-size=33554432"
    "memorysetup-profiler-bucket-allocator-block-count=8"
    "memorysetup-profiler-allocator-block-size=16777216"
    "memorysetup-profiler-editor-allocator-block-size=1048576"
    "memorysetup-temp-allocator-size-main=16777216"
    "memorysetup-job-temp-allocator-block-size=2097152"
    "memorysetup-job-temp-allocator-block-size-background=1048576"
    "memorysetup-job-temp-allocator-reduction-small-platforms=262144"
    "memorysetup-allocator-temp-initial-block-size-main=262144"
    "memorysetup-allocator-temp-initial-block-size-worker=262144"
    "memorysetup-temp-allocator-size-background-worker=32768"
    "memorysetup-temp-allocator-size-job-worker=262144"
    "memorysetup-temp-allocator-size-preload-manager=33554432"
    "memorysetup-temp-allocator-size-nav-mesh-worker=65536"
    "memorysetup-temp-allocator-size-audio-worker=65536"
    "memorysetup-temp-allocator-size-cloud-worker=32768"
    "memorysetup-temp-allocator-size-gi-baking-worker=262144"
    "memorysetup-temp-allocator-size-gfx=262144"
Player connection [6488]  Target information:

Player connection [6488]  * "[IP] 192.168.31.26 [Port] 0 [Flags] 2 [Guid] 2316724024 [EditorId] 2316724024 [Version] 1048832 [Id] WindowsEditor(7,DESKTOP-0GLSJDO) [Debug] 1 [PackageName] WindowsEditor [ProjectName] Editor" 

Player connection [6488] Host joined multi-casting on [225.0.0.222:54997]...
Player connection [6488] Host joined alternative multi-casting on [225.0.0.222:34997]...
[PhysX] Initialized MultithreadedTaskDispatcher with 12 workers.
Refreshing native plugins compatible for Editor in 9.15 ms, found 3 plugins.
Preloading 0 native plugins for Editor in 0.00 ms.
Initialize engine version: 2022.3.50f1 (c3db7f8bf9b1)
[Subsystems] Discovering subsystems at path C:/Program Files/Unity/Hub/Editor/2022.3.50f1/Editor/Data/Resources/UnitySubsystems
[Subsystems] Discovering subsystems at path C:/Users/over4/OneDrive/Рабочий стол/git/Rain-of-Cubes/Rain of Cubes/Assets
GfxDevice: creating device client; threaded=0; jobified=0
Direct3D:
    Version:  Direct3D 11.0 [level 11.1]
    Renderer: Radeon RX 570 Series (ID=0x67df)
    Vendor:   ATI
    VRAM:     8170 MB
    Driver:   31.0.21921.1000
Initialize mono
Mono path[0] = 'C:/Program Files/Unity/Hub/Editor/2022.3.50f1/Editor/Data/Managed'
Mono path[1] = 'C:/Program Files/Unity/Hub/Editor/2022.3.50f1/Editor/Data/MonoBleedingEdge/lib/mono/unityjit-win32'
Mono config path = 'C:/Program Files/Unity/Hub/Editor/2022.3.50f1/Editor/Data/MonoBleedingEdge/etc'
Using monoOptions --debugger-agent=transport=dt_socket,embedding=1,server=y,suspend=n,address=127.0.0.1:56072
Begin MonoManager ReloadAssembly
Registering precompiled unity dll's ...
Register platform support module: C:/Program Files/Unity/Hub/Editor/2022.3.50f1/Editor/Data/PlaybackEngines/AndroidPlayer/UnityEditor.Android.Extensions.dll
Register platform support module: C:/Program Files/Unity/Hub/Editor/2022.3.50f1/Editor/Data/PlaybackEngines/iOSSupport/UnityEditor.iOS.Extensions.dll
Register platform support module: C:/Program Files/Unity/Hub/Editor/2022.3.50f1/Editor/Data/PlaybackEngines/WindowsStandaloneSupport/UnityEditor.WindowsStandalone.Extensions.dll
Registered in 0.014355 seconds.
- Loaded All Assemblies, in  0.305 seconds
Native extension for WindowsStandalone target not found
[usbmuxd] Start listen thread
[usbmuxd] Listen thread started
Native extension for iOS target not found
Native extension for Android target not found
Android Extension - Scanning For ADB Devices 231 ms
Mono: successfully reloaded assembly
- Finished resetting the current domain, in  0.498 seconds
Domain Reload Profiling: 801ms
	BeginReloadAssembly (93ms)
		ExecutionOrderSort (0ms)
		DisableScriptedObjects (0ms)
		BackupInstance (0ms)
		ReleaseScriptingObjects (0ms)
		CreateAndSetChildDomain (1ms)
	RebuildCommonClasses (27ms)
	RebuildNativeTypeToScriptingClass (8ms)
	initialDomainReloadingComplete (60ms)
	LoadAllAssembliesAndSetupDomain (114ms)
		LoadAssemblies (91ms)
		RebuildTransferFunctionScriptingTraits (0ms)
		AnalyzeDomain (112ms)
			TypeCache.Refresh (111ms)
				TypeCache.ScanAssembly (101ms)
			ScanForSourceGeneratedMonoScriptInfo (0ms)
			ResolveRequiredComponents (0ms)
	FinalizeReload (499ms)
		ReleaseScriptCaches (0ms)
		RebuildScriptCaches (0ms)
		SetupLoadedEditorAssemblies (459ms)
			LogAssemblyErrors (0ms)
			InitializePlatformSupportModulesInManaged (308ms)
			SetLoadedEditorAssemblies (4ms)
			RefreshPlugins (0ms)
			BeforeProcessingInitializeOnLoad (2ms)
			ProcessInitializeOnLoadAttributes (106ms)
			ProcessInitializeOnLoadMethodAttributes (39ms)
			AfterProcessingInitializeOnLoad (0ms)
			EditorAssembliesLoaded (0ms)
		ExecutionOrderSort2 (0ms)
		AwakeInstancesAfterBackupRestoration (0ms)
========================================================================
Worker process is ready to serve import requests
Caller must complete domain reload
Begin MonoManager ReloadAssembly
- Loaded All Assemblies, in  0.590 seconds
Native extension for WindowsStandalone target not found
Native extension for iOS target not found
Native extension for Android target not found
Mono: successfully reloaded assembly
- Finished resetting the current domain, in  0.615 seconds
Domain Reload Profiling: 1202ms
	BeginReloadAssembly (135ms)
		ExecutionOrderSort (0ms)
		DisableScriptedObjects (5ms)
		BackupInstance (0ms)
		ReleaseScriptingObjects (0ms)
		CreateAndSetChildDomain (20ms)
	RebuildCommonClasses (37ms)
	RebuildNativeTypeToScriptingClass (12ms)
	initialDomainReloadingComplete (43ms)
	LoadAllAssembliesAndSetupDomain (358ms)
		LoadAssemblies (295ms)
		RebuildTransferFunctionScriptingTraits (0ms)
		AnalyzeDomain (141ms)
			TypeCache.Refresh (123ms)
				TypeCache.ScanAssembly (111ms)
			ScanForSourceGeneratedMonoScriptInfo (13ms)
			ResolveRequiredComponents (5ms)
	FinalizeReload (616ms)
		ReleaseScriptCaches (0ms)
		RebuildScriptCaches (0ms)
		SetupLoadedEditorAssemblies (491ms)
			LogAssemblyErrors (0ms)
			InitializePlatformSupportModulesInManaged (28ms)
			SetLoadedEditorAssemblies (4ms)
			RefreshPlugins (0ms)
			BeforeProcessingInitializeOnLoad (82ms)
			ProcessInitializeOnLoadAttributes (347ms)
			ProcessInitializeOnLoadMethodAttributes (20ms)
			AfterProcessingInitializeOnLoad (10ms)
			EditorAssembliesLoaded (0ms)
		ExecutionOrderSort2 (0ms)
		AwakeInstancesAfterBackupRestoration (5ms)
Launched and connected shader compiler UnityShaderCompiler.exe after 0.04 seconds
Refreshing native plugins compatible for Editor in 3.96 ms, found 3 plugins.
Preloading 0 native plugins for Editor in 0.00 ms.
Unloading 3108 Unused Serialized files (Serialized files now loaded: 0)
Unloading 19 unused Assets / (54.6 KB). Loaded Objects now: 3576.
Memory consumption went from 118.8 MB to 118.8 MB.
Total: 3.027900 ms (FindLiveObjects: 0.220700 ms CreateObjectMapping: 0.086200 ms MarkObjects: 2.626100 ms  DeleteObjects: 0.094000 ms)

AssetImportParameters requested are different than current active one (requested -> active):
  custom:container-demuxer-ogg: 62fdf1f143b41e24485cea50d1cbac27 -> 
  custom:video-decoder-ogg-theora: a1e56fd34408186e4bbccfd4996cb3dc -> 
  custom:framework-win-MediaFoundation: 216162199b28c13a410421893ffa2e32 -> 
  custom:CustomObjectIndexerAttribute: 9a22284fe3817be447336de3de66b15e -> 
  custom:container-demuxer-webm: 4f35f7cbe854078d1ac9338744f61a02 -> 
  custom:container-muxer-webm: aa71ff27fc2769a1b78a27578f13a17b -> 
  custom:video-decoder-webm-vp8: 9c59270c3fd7afecdb556c50c9e8de78 -> 
  custom:SearchIndexIgnoredProperties: e643bd26f0fe6173181afceb89e7c659 -> 
  custom:AudioImporter_EditorPlatform: d09bf68614088b80899f8185d706f6e7 -> 
  custom:video-encoder-webm-vp8: eb34c28f22e8b96e1ab97ce403110664 -> 
  custom:audio-decoder-ogg-vorbis: bf7c407c2cedff20999df2af8eb42d56 -> 
  custom:audio-encoder-webm-vorbis: bf7c407c2cedff20999df2af8eb42d56 -> 
========================================================================
Received Prepare
Caller must complete domain reload
Begin MonoManager ReloadAssembly
- Loaded All Assemblies, in  0.410 seconds
Native extension for WindowsStandalone target not found
Native extension for iOS target not found
Native extension for Android target not found
Mono: successfully reloaded assembly
- Finished resetting the current domain, in  0.977 seconds
Domain Reload Profiling: 1384ms
	BeginReloadAssembly (134ms)
		ExecutionOrderSort (0ms)
		DisableScriptedObjects (4ms)
		BackupInstance (0ms)
		ReleaseScriptingObjects (0ms)
		CreateAndSetChildDomain (29ms)
	RebuildCommonClasses (25ms)
	RebuildNativeTypeToScriptingClass (8ms)
	initialDomainReloadingComplete (28ms)
	LoadAllAssembliesAndSetupDomain (212ms)
		LoadAssemblies (273ms)
		RebuildTransferFunctionScriptingTraits (0ms)
		AnalyzeDomain (10ms)
			TypeCache.Refresh (4ms)
				TypeCache.ScanAssembly (0ms)
			ScanForSourceGeneratedMonoScriptInfo (0ms)
			ResolveRequiredComponents (4ms)
	FinalizeReload (977ms)
		ReleaseScriptCaches (0ms)
		RebuildScriptCaches (0ms)
		SetupLoadedEditorAssemblies (506ms)
			LogAssemblyErrors (0ms)
			InitializePlatformSupportModulesInManaged (30ms)
			SetLoadedEditorAssemblies (5ms)
			RefreshPlugins (0ms)
			BeforeProcessingInitializeOnLoad (91ms)
			ProcessInitializeOnLoadAttributes (353ms)
			ProcessInitializeOnLoadMethodAttributes (19ms)
			AfterProcessingInitializeOnLoad (9ms)
			EditorAssembliesLoaded (0ms)
		ExecutionOrderSort2 (0ms)
		AwakeInstancesAfterBackupRestoration (5ms)
Refreshing native plugins compatible for Editor in 3.83 ms, found 3 plugins.
Preloading 0 native plugins for Editor in 0.00 ms.
Unloading 3101 Unused Serialized files (Serialized files now loaded: 0)
Unloading 14 unused Assets / (28.5 KB). Loaded Objects now: 3579.
Memory consumption went from 118.0 MB to 118.0 MB.
Total: 2.212300 ms (FindLiveObjects: 0.193100 ms CreateObjectMapping: 0.091700 ms MarkObjects: 1.894500 ms  DeleteObjects: 0.032400 ms)

Prepare: number of updated asset objects reloaded= 0
AssetImportParameters requested are different than current active one (requested -> active):
  custom:container-demuxer-ogg: 62fdf1f143b41e24485cea50d1cbac27 -> 
  custom:video-decoder-ogg-theora: a1e56fd34408186e4bbccfd4996cb3dc -> 
  custom:framework-win-MediaFoundation: 216162199b28c13a410421893ffa2e32 -> 
  custom:CustomObjectIndexerAttribute: 9a22284fe3817be447336de3de66b15e -> 
  custom:container-demuxer-webm: 4f35f7cbe854078d1ac9338744f61a02 -> 
  custom:container-muxer-webm: aa71ff27fc2769a1b78a27578f13a17b -> 
  custom:video-decoder-webm-vp8: 9c59270c3fd7afecdb556c50c9e8de78 -> 
  custom:SearchIndexIgnoredProperties: e643bd26f0fe6173181afceb89e7c659 -> 
  custom:AudioImporter_EditorPlatform: d09bf68614088b80899f8185d706f6e7 -> 
  custom:video-encoder-webm-vp8: eb34c28f22e8b96e1ab97ce403110664 -> 
  custom:audio-decoder-ogg-vorbis: bf7c407c2cedff20999df2af8eb42d56 -> 
  custom:audio-encoder-webm-vorbis: bf7c407c2cedff20999df2af8eb42d56 -> 
========================================================================
Received Prepare
Caller must complete domain reload
Begin MonoManager ReloadAssembly
- Loaded All Assemblies, in  0.401 seconds
Native extension for WindowsStandalone target not found
Native extension for iOS target not found
Native extension for Android target not found
Mono: successfully reloaded assembly
- Finished resetting the current domain, in  0.963 seconds
Domain Reload Profiling: 1361ms
	BeginReloadAssembly (125ms)
		ExecutionOrderSort (0ms)
		DisableScriptedObjects (4ms)
		BackupInstance (0ms)
		ReleaseScriptingObjects (0ms)
		CreateAndSetChildDomain (24ms)
	RebuildCommonClasses (25ms)
	RebuildNativeTypeToScriptingClass (8ms)
	initialDomainReloadingComplete (28ms)
	LoadAllAssembliesAndSetupDomain (210ms)
		LoadAssemblies (270ms)
		RebuildTransferFunctionScriptingTraits (0ms)
		AnalyzeDomain (10ms)
			TypeCache.Refresh (4ms)
				TypeCache.ScanAssembly (0ms)
			ScanForSourceGeneratedMonoScriptInfo (0ms)
			ResolveRequiredComponents (5ms)
	FinalizeReload (964ms)
		ReleaseScriptCaches (0ms)
		RebuildScriptCaches (0ms)
		SetupLoadedEditorAssemblies (501ms)
			LogAssemblyErrors (0ms)
			InitializePlatformSupportModulesInManaged (34ms)
			SetLoadedEditorAssemblies (5ms)
			RefreshPlugins (0ms)
			BeforeProcessingInitializeOnLoad (87ms)
			ProcessInitializeOnLoadAttributes (347ms)
			ProcessInitializeOnLoadMethodAttributes (20ms)
			AfterProcessingInitializeOnLoad (10ms)
			EditorAssembliesLoaded (0ms)
		ExecutionOrderSort2 (0ms)
		AwakeInstancesAfterBackupRestoration (5ms)
Refreshing native plugins compatible for Editor in 4.09 ms, found 3 plugins.
Preloading 0 native plugins for Editor in 0.00 ms.
Unloading 3101 Unused Serialized files (Serialized files now loaded: 0)
Unloading 14 unused Assets / (28.4 KB). Loaded Objects now: 3582.
Memory consumption went from 118.0 MB to 118.0 MB.
Total: 2.310300 ms (FindLiveObjects: 0.176600 ms CreateObjectMapping: 0.072700 ms MarkObjects: 2.030800 ms  DeleteObjects: 0.029400 ms)

Prepare: number of updated asset objects reloaded= 0
AssetImportParameters requested are different than current active one (requested -> active):
  custom:container-demuxer-ogg: 62fdf1f143b41e24485cea50d1cbac27 -> 
  custom:video-decoder-ogg-theora: a1e56fd34408186e4bbccfd4996cb3dc -> 
  custom:framework-win-MediaFoundation: 216162199b28c13a410421893ffa2e32 -> 
  custom:CustomObjectIndexerAttribute: 9a22284fe3817be447336de3de66b15e -> 
  custom:container-demuxer-webm: 4f35f7cbe854078d1ac9338744f61a02 -> 
  custom:container-muxer-webm: aa71ff27fc2769a1b78a27578f13a17b -> 
  custom:video-decoder-webm-vp8: 9c59270c3fd7afecdb556c50c9e8de78 -> 
  custom:SearchIndexIgnoredProperties: e643bd26f0fe6173181afceb89e7c659 -> 
  custom:AudioImporter_EditorPlatform: d09bf68614088b80899f8185d706f6e7 -> 
  custom:video-encoder-webm-vp8: eb34c28f22e8b96e1ab97ce403110664 -> 
  custom:audio-decoder-ogg-vorbis: bf7c407c2cedff20999df2af8eb42d56 -> 
  custom:audio-encoder-webm-vorbis: bf7c407c2cedff20999df2af8eb42d56 -> 
========================================================================
Received Prepare
Caller must complete domain reload
Begin MonoManager ReloadAssembly
- Loaded All Assemblies, in  0.414 seconds
Native extension for WindowsStandalone target not found
Native extension for iOS target not found
Native extension for Android target not found
Mono: successfully reloaded assembly
- Finished resetting the current domain, in  0.953 seconds
Domain Reload Profiling: 1362ms
	BeginReloadAssembly (129ms)
		ExecutionOrderSort (0ms)
		DisableScriptedObjects (4ms)
		BackupInstance (0ms)
		ReleaseScriptingObjects (0ms)
		CreateAndSetChildDomain (24ms)
	RebuildCommonClasses (25ms)
	RebuildNativeTypeToScriptingClass (8ms)
	initialDomainReloadingComplete (27ms)
	LoadAllAssembliesAndSetupDomain (219ms)
		LoadAssemblies (278ms)
		RebuildTransferFunctionScriptingTraits (0ms)
		AnalyzeDomain (10ms)
			TypeCache.Refresh (4ms)
				TypeCache.ScanAssembly (0ms)
			ScanForSourceGeneratedMonoScriptInfo (0ms)
			ResolveRequiredComponents (5ms)
	FinalizeReload (954ms)
		ReleaseScriptCaches (0ms)
		RebuildScriptCaches (0ms)
		SetupLoadedEditorAssemblies (492ms)
			LogAssemblyErrors (0ms)
			InitializePlatformSupportModulesInManaged (29ms)
			SetLoadedEditorAssemblies (5ms)
			RefreshPlugins (0ms)
			BeforeProcessingInitializeOnLoad (85ms)
			ProcessInitializeOnLoadAttributes (344ms)
			ProcessInitializeOnLoadMethodAttributes (20ms)
			AfterProcessingInitializeOnLoad (9ms)
			EditorAssembliesLoaded (0ms)
		ExecutionOrderSort2 (0ms)
		AwakeInstancesAfterBackupRestoration (5ms)
Refreshing native plugins compatible for Editor in 3.88 ms, found 3 plugins.
Preloading 0 native plugins for Editor in 0.00 ms.
Unloading 3101 Unused Serialized files (Serialized files now loaded: 0)
Unloading 14 unused Assets / (28.5 KB). Loaded Objects now: 3585.
Memory consumption went from 118.0 MB to 118.0 MB.
Total: 2.206800 ms (FindLiveObjects: 0.182900 ms CreateObjectMapping: 0.079400 ms MarkObjects: 1.916400 ms  DeleteObjects: 0.027000 ms)

Prepare: number of updated asset objects reloaded= 0
AssetImportParameters requested are different than current active one (requested -> active):
  custom:container-demuxer-ogg: 62fdf1f143b41e24485cea50d1cbac27 -> 
  custom:video-decoder-ogg-theora: a1e56fd34408186e4bbccfd4996cb3dc -> 
  custom:framework-win-MediaFoundation: 216162199b28c13a410421893ffa2e32 -> 
  custom:CustomObjectIndexerAttribute: 9a22284fe3817be447336de3de66b15e -> 
  custom:container-demuxer-webm: 4f35f7cbe854078d1ac9338744f61a02 -> 
  custom:container-muxer-webm: aa71ff27fc2769a1b78a27578f13a17b -> 
  custom:video-decoder-webm-vp8: 9c59270c3fd7afecdb556c50c9e8de78 -> 
  custom:SearchIndexIgnoredProperties: e643bd26f0fe6173181afceb89e7c659 -> 
  custom:AudioImporter_EditorPlatform: d09bf68614088b80899f8185d706f6e7 -> 
  custom:video-encoder-webm-vp8: eb34c28f22e8b96e1ab97ce403110664 -> 
  custom:audio-decoder-ogg-vorbis: bf7c407c2cedff20999df2af8eb42d56 -> 
  custom:audio-encoder-webm-vorbis: bf7c407c2cedff20999df2af8eb42d56 -> 
========================================================================
Received Prepare
Caller must complete domain reload
Begin MonoManager ReloadAssembly
- Loaded All Assemblies, in  0.406 seconds
Native extension for WindowsStandalone target not found
Native extension for iOS target not found
Native extension for Android target not found
Mono: successfully reloaded assembly
- Finished resetting the current domain, in  1.025 seconds
Domain Reload Profiling: 1427ms
	BeginReloadAssembly (127ms)
		ExecutionOrderSort (0ms)
		DisableScriptedObjects (4ms)
		BackupInstance (0ms)
		ReleaseScriptingObjects (0ms)
		CreateAndSetChildDomain (25ms)
	RebuildCommonClasses (25ms)
	RebuildNativeTypeToScriptingClass (8ms)
	initialDomainReloadingComplete (27ms)
	LoadAllAssembliesAndSetupDomain (215ms)
		LoadAssemblies (273ms)
		RebuildTransferFunctionScriptingTraits (0ms)
		AnalyzeDomain (12ms)
			TypeCache.Refresh (5ms)
				TypeCache.ScanAssembly (0ms)
			ScanForSourceGeneratedMonoScriptInfo (0ms)
			ResolveRequiredComponents (6ms)
	FinalizeReload (1025ms)
		ReleaseScriptCaches (0ms)
		RebuildScriptCaches (0ms)
		SetupLoadedEditorAssemblies (544ms)
			LogAssemblyErrors (0ms)
			InitializePlatformSupportModulesInManaged (31ms)
			SetLoadedEditorAssemblies (5ms)
			RefreshPlugins (0ms)
			BeforeProcessingInitializeOnLoad (90ms)
			ProcessInitializeOnLoadAttributes (381ms)
			ProcessInitializeOnLoadMethodAttributes (26ms)
			AfterProcessingInitializeOnLoad (11ms)
			EditorAssembliesLoaded (0ms)
		ExecutionOrderSort2 (0ms)
		AwakeInstancesAfterBackupRestoration (7ms)
Refreshing native plugins compatible for Editor in 4.03 ms, found 3 plugins.
Preloading 0 native plugins for Editor in 0.00 ms.
Unloading 3101 Unused Serialized files (Serialized files now loaded: 0)
Unloading 14 unused Assets / (28.4 KB). Loaded Objects now: 3588.
Memory consumption went from 118.0 MB to 118.0 MB.
Total: 2.772900 ms (FindLiveObjects: 0.198500 ms CreateObjectMapping: 0.073700 ms MarkObjects: 2.471900 ms  DeleteObjects: 0.027900 ms)

Prepare: number of updated asset objects reloaded= 0
AssetImportParameters requested are different than current active one (requested -> active):
  custom:container-demuxer-ogg: 62fdf1f143b41e24485cea50d1cbac27 -> 
  custom:video-decoder-ogg-theora: a1e56fd34408186e4bbccfd4996cb3dc -> 
  custom:framework-win-MediaFoundation: 216162199b28c13a410421893ffa2e32 -> 
  custom:CustomObjectIndexerAttribute: 9a22284fe3817be447336de3de66b15e -> 
  custom:container-demuxer-webm: 4f35f7cbe854078d1ac9338744f61a02 -> 
  custom:container-muxer-webm: aa71ff27fc2769a1b78a27578f13a17b -> 
  custom:video-decoder-webm-vp8: 9c59270c3fd7afecdb556c50c9e8de78 -> 
  custom:SearchIndexIgnoredProperties: e643bd26f0fe6173181afceb89e7c659 -> 
  custom:AudioImporter_EditorPlatform: d09bf68614088b80899f8185d706f6e7 -> 
  custom:video-encoder-webm-vp8: eb34c28f22e8b96e1ab97ce403110664 -> 
  custom:audio-decoder-ogg-vorbis: bf7c407c2cedff20999df2af8eb42d56 -> 
  custom:audio-encoder-webm-vorbis: bf7c407c2cedff20999df2af8eb42d56 -> 
========================================================================
Received Prepare
Caller must complete domain reload
Begin MonoManager ReloadAssembly
- Loaded All Assemblies, in  0.432 seconds
Native extension for WindowsStandalone target not found
Native extension for iOS target not found
Native extension for Android target not found
Mono: successfully reloaded assembly
- Finished resetting the current domain, in  0.960 seconds
Domain Reload Profiling: 1388ms
	BeginReloadAssembly (129ms)
		ExecutionOrderSort (0ms)
		DisableScriptedObjects (4ms)
		BackupInstance (0ms)
		ReleaseScriptingObjects (0ms)
		CreateAndSetChildDomain (27ms)
	RebuildCommonClasses (38ms)
	RebuildNativeTypeToScriptingClass (9ms)
	initialDomainReloadingComplete (28ms)
	LoadAllAssembliesAndSetupDomain (223ms)
		LoadAssemblies (280ms)
		RebuildTransferFunctionScriptingTraits (0ms)
		AnalyzeDomain (13ms)
			TypeCache.Refresh (5ms)
				TypeCache.ScanAssembly (0ms)
			ScanForSourceGeneratedMonoScriptInfo (0ms)
			ResolveRequiredComponents (6ms)
	FinalizeReload (960ms)
		ReleaseScriptCaches (0ms)
		RebuildScriptCaches (0ms)
		SetupLoadedEditorAssemblies (494ms)
			LogAssemblyErrors (0ms)
			InitializePlatformSupportModulesInManaged (30ms)
			SetLoadedEditorAssemblies (3ms)
			RefreshPlugins (0ms)
			BeforeProcessingInitializeOnLoad (90ms)
			ProcessInitializeOnLoadAttributes (342ms)
			ProcessInitializeOnLoadMethodAttributes (19ms)
			AfterProcessingInitializeOnLoad (9ms)
			EditorAssembliesLoaded (0ms)
		ExecutionOrderSort2 (0ms)
		AwakeInstancesAfterBackupRestoration (5ms)
Refreshing native plugins compatible for Editor in 4.28 ms, found 3 plugins.
Preloading 0 native plugins for Editor in 0.00 ms.
Unloading 3101 Unused Serialized files (Serialized files now loaded: 0)
Unloading 14 unused Assets / (28.5 KB). Loaded Objects now: 3591.
Memory consumption went from 118.0 MB to 118.0 MB.
Total: 2.213600 ms (FindLiveObjects: 0.162500 ms CreateObjectMapping: 0.071600 ms MarkObjects: 1.950500 ms  DeleteObjects: 0.028500 ms)

Prepare: number of updated asset objects reloaded= 0
AssetImportParameters requested are different than current active one (requested -> active):
  custom:container-demuxer-ogg: 62fdf1f143b41e24485cea50d1cbac27 -> 
  custom:video-decoder-ogg-theora: a1e56fd34408186e4bbccfd4996cb3dc -> 
  custom:framework-win-MediaFoundation: 216162199b28c13a410421893ffa2e32 -> 
  custom:CustomObjectIndexerAttribute: 9a22284fe3817be447336de3de66b15e -> 
  custom:container-demuxer-webm: 4f35f7cbe854078d1ac9338744f61a02 -> 
  custom:container-muxer-webm: aa71ff27fc2769a1b78a27578f13a17b -> 
  custom:video-decoder-webm-vp8: 9c59270c3fd7afecdb556c50c9e8de78 -> 
  custom:SearchIndexIgnoredProperties: e643bd26f0fe6173181afceb89e7c659 -> 
  custom:AudioImporter_EditorPlatform: d09bf68614088b80899f8185d706f6e7 -> 
  custom:video-encoder-webm-vp8: eb34c28f22e8b96e1ab97ce403110664 -> 
  custom:audio-decoder-ogg-vorbis: bf7c407c2cedff20999df2af8eb42d56 -> 
  custom:audio-encoder-webm-vorbis: bf7c407c2cedff20999df2af8eb42d56 -> 
========================================================================
Received Prepare
Caller must complete domain reload
Begin MonoManager ReloadAssembly
- Loaded All Assemblies, in  0.439 seconds
Native extension for WindowsStandalone target not found
Native extension for iOS target not found
Native extension for Android target not found
Mono: successfully reloaded assembly
- Finished resetting the current domain, in  0.980 seconds
Domain Reload Profiling: 1415ms
	BeginReloadAssembly (137ms)
		ExecutionOrderSort (0ms)
		DisableScriptedObjects (4ms)
		BackupInstance (0ms)
		ReleaseScriptingObjects (0ms)
		CreateAndSetChildDomain (25ms)
	RebuildCommonClasses (28ms)
	RebuildNativeTypeToScriptingClass (13ms)
	initialDomainReloadingComplete (27ms)
	LoadAllAssembliesAndSetupDomain (229ms)
		LoadAssemblies (288ms)
		RebuildTransferFunctionScriptingTraits (0ms)
		AnalyzeDomain (21ms)
			TypeCache.Refresh (9ms)
				TypeCache.ScanAssembly (3ms)
			ScanForSourceGeneratedMonoScriptInfo (6ms)
			ResolveRequiredComponents (5ms)
	FinalizeReload (981ms)
		ReleaseScriptCaches (0ms)
		RebuildScriptCaches (0ms)
		SetupLoadedEditorAssemblies (462ms)
			LogAssemblyErrors (0ms)
			InitializePlatformSupportModulesInManaged (29ms)
			SetLoadedEditorAssemblies (4ms)
			RefreshPlugins (0ms)
			BeforeProcessingInitializeOnLoad (88ms)
			ProcessInitializeOnLoadAttributes (315ms)
			ProcessInitializeOnLoadMethodAttributes (17ms)
			AfterProcessingInitializeOnLoad (9ms)
			EditorAssembliesLoaded (0ms)
		ExecutionOrderSort2 (0ms)
		AwakeInstancesAfterBackupRestoration (4ms)
Refreshing native plugins compatible for Editor in 5.13 ms, found 6 plugins.
Preloading 0 native plugins for Editor in 0.00 ms.
Unloading 3256 Unused Serialized files (Serialized files now loaded: 0)
Unloading 22 unused Assets / (336.9 KB). Loaded Objects now: 3741.
Memory consumption went from 123.2 MB to 122.8 MB.
Total: 2.408000 ms (FindLiveObjects: 0.159900 ms CreateObjectMapping: 0.093000 ms MarkObjects: 2.008500 ms  DeleteObjects: 0.146300 ms)

Prepare: number of updated asset objects reloaded= 0
AssetImportParameters requested are different than current active one (requested -> active):
  custom:scripting/monoscript/fileName/WEBMRecorderSettingsEditor.cs: 5559c87f45d3b65fac8d5ac4ef5e81c8 -> 
  custom:scripting/monoscript/fileName/UIElementHelper.cs: 9f9438adfe3361012ea6280d4cdb2df4 -> 
  custom:scripting/monoscript/fileName/AOVCameraInput.cs: c23c8ce885672bc57e25263b3efd067a -> 
  custom:scripting/monoscript/fileName/BaseTextureRecorder.cs: 90647cc400823b41df847a6cbfc29026 -> 
  custom:scripting/monoscript/fileName/Recorder.cs: a7e319d512627774f8215ba0b76f0bcb -> 
  custom:scripting/monoscript/fileName/AudioRecorder.cs: 89550121570f22445b4a1b28daea3cf9 -> 
  custom:scripting/monoscript/fileName/PanelSplitter.cs: 5ff6c6e385b6b12ca322a9c92ac6f371 -> 
  custom:scripting/monoscript/fileName/ImageRecorderSettings.cs: a7ab05fac9382c03607c40fe73956ed6 -> 
  custom:scripting/monoscript/fileName/RecorderClip.cs: 897017f45cb3c30f306724d1fa17a8fe -> 
  custom:scripting/monoscript/fileName/GIFRecorderSettings.cs: 979f88ae1e7731daed242ab2fdebbc0e -> 
  custom:container-demuxer-ogg: 62fdf1f143b41e24485cea50d1cbac27 -> 
  custom:scripting/monoscript/fileName/MovieRecorder.cs: 024785cf83e1399f425b2aa115d22e2b -> 
  custom:scripting/monoscript/fileName/RecorderControllerSettingsPresetEditor.cs: 49aed206ae65ed5ac6b420f7104cd52d -> 
  custom:scripting/monoscript/fileName/AudioInput.cs: 499e96d8f0b35d362bd956c0975bb873 -> 
  custom:scripting/monoscript/fileName/WEBMRecorderSettings.cs: c176c43abbe456aeea55c2aef862801b -> 
  custom:scripting/monoscript/fileName/RecorderControllerSettingsPreset.cs: 78b391c1384ac60213ef58d50e78d553 -> 
  custom:scripting/monoscript/fileName/GameViewInputSettings.cs: a7ae22123f532f5bbcb39c654c998b57 -> 
  custom:scripting/monoscript/fileName/GameViewInputPropertyDrawer.cs: ae2c8a99c5e33d3d1ffc8232415130e8 -> 
  custom:scripting/monoscript/fileName/Camera360Input.cs: dc473b118c57e0734b0cd3476e333c06 -> 
  custom:scripting/monoscript/fileName/RecorderPreferencesSettingsProvider.cs: d92d314b87f7c2170e267636ebf38224 -> 
  custom:scripting/monoscript/fileName/RecorderBindings.cs: ac25db5b587307cfea909607f62e5641 -> 
  custom:video-decoder-ogg-theora: a1e56fd34408186e4bbccfd4996cb3dc -> 
  custom:scripting/monoscript/fileName/GIFWrapper.cs: 6ef8898a12699129e8f81f06a649cad1 -> 
  custom:scripting/monoscript/fileName/SceneHook.cs: 80fa8928b499d44515dd60e0bc895128 -> 
  custom:scripting/monoscript/fileName/AnimationInput.cs: e810137278708a698c5ccddaeb1a1e64 -> 
  custom:scripting/monoscript/fileName/OutputResolutionPropertyDrawer.cs: 0e33ffdf424417a2e685685cfc04d4b1 -> 
  custom:scripting/monoscript/fileName/EnumHelper.cs: 117b5609cc2a1ae41785cd0c8767815f -> 
  custom:scripting/monoscript/fileName/OutputPath.cs: ee51fcffcd8929d224a5e3fb152d5f62 -> 
  custom:scripting/monoscript/fileName/FileNameGeneratorDrawer.cs: a3ea71dec141084df9b7ffa19c11e2cb -> 
  custom:framework-win-MediaFoundation: 216162199b28c13a410421893ffa2e32 -> 
  custom:scripting/monoscript/fileName/RecorderPreferencesWindowGUIScope.cs: 7a2eba6fcb6829ea8b200991a02c9c06 -> 
  custom:scripting/monoscript/fileName/AspectRatio.cs: 18e3efa554f8258b676d4de53e38b642 -> 
  custom:scripting/monoscript/fileName/CameraInputSettings.cs: 6738f6dd994f658d2cbf6f5f3ba05a0e -> 
  custom:scripting/monoscript/fileName/RefHandle.cs: 90647cc400823b41df847a6cbfc29026 -> 
  custom:scripting/monoscript/fileName/CameraCapture.cs: c6dcba1380d9a4fa09f4e36182a45a73 -> 
  custom:scripting/monoscript/fileName/RecorderControllerSettings.cs: 989e0caa64af9b76551d4ff6bd15f598 -> 
  custom:scripting/monoscript/fileName/TargetedPropertyDrawer.cs: 90647cc400823b41df847a6cbfc29026 -> 
  custom:scripting/monoscript/fileName/MovieRecorderSettings.cs: 02a667a67b113b1f65e3fcadcc882513 -> 
  custom:scripting/monoscript/fileName/RenderTextureInputSettings.cs: ebca820667a63031a7597db85d26451a -> 
  custom:scripting/monoscript/fileName/ImageRecorderEditor.cs: d3134ae4c1dfd8e056bace11130b7692 -> 
  custom:scripting/monoscript/fileName/ProResEncoderSettings.cs: 4aca03881946a7fe9acacf199434009e -> 
  custom:scripting/monoscript/fileName/_FrameRequestComponent.cs: b34f171daaafc65da55ea68e2ed89f2b -> 
  custom:scripting/monoscript/fileName/RenderTextureInput.cs: 5dea77837ae3c82bb14643cd82dc06dc -> 
  custom:scripting/monoscript/fileName/RecorderAnalytics.cs: 0fa40093f6ac3fe75e92d746d563e5ee -> 
  custom:scripting/monoscript/fileName/MP4RecorderSettingsEditor.cs: 68a64b16a7961d71fa7286fd1f782e9b -> 
  custom:scripting/monoscript/fileName/RecorderBindingsEditor.cs: f7451a0e1cea6404b2976d2b2c42e273 -> 
  custom:scripting/monoscript/fileName/BaseRenderTextureInput.cs: 5dc13661a5a0dca5d09ca211933a44e2 -> 
  custom:scripting/monoscript/fileName/StatusBarHelper.cs: da04a6ed046f8a62f416d5d3ea415bef -> 
  custom:scripting/precompiled-assembly-types:Unity.Recorder: bd5378c99f6216e06dd6e2c2a60a86a4 -> 
  custom:CustomObjectIndexerAttribute: 9a22284fe3817be447336de3de66b15e -> 
  custom:scripting/monoscript/fileName/Camera360InputSettings.cs: 3d5eaf1cb3a9df6f9d1d52f3c3018c46 -> 
  custom:scripting/monoscript/fileName/PNGRecorderSettingsEditor.cs: 4970e6657bb34f7efc2c7d8168c7358b -> 
  custom:scripting/monoscript/fileName/ImageHeightSelector.cs: d1a7972bf1d79d90f09ab23c718afe39 -> 
  custom:scripting/monoscript/fileName/AnimationInputSettings.cs: d64a99ebbd13660e9264cb4111ab9832 -> 
  custom:scripting/monoscript/fileName/MP4RecorderSettings.cs: 551f5535c05b86d6ee91684eced14987 -> 
  custom:scripting/monoscript/fileName/RecorderPreferencesSettings.cs: 761b0a55fc5e50239a1d0c4bfc968274 -> 
  custom:container-demuxer-webm: 4f35f7cbe854078d1ac9338744f61a02 -> 
  custom:scripting/monoscript/fileName/RecorderSettingsPrefsEditor.cs: ba9e697f1d269c2c960a41bc543fa408 -> 
  custom:scripting/monoscript/fileName/ProResWrapper.cs: 712515ef615766c98115c6a20d85d6c8 -> 
  custom:scripting/monoscript/fileName/RecordModePropertyDrawer.cs: 165332db07362bbcab2d8dc6d1e1dfda -> 
  custom:scripting/monoscript/fileName/ImageInputSettings.cs: 98a2aedd167d40f01804b04845eeaf15 -> 
  custom:scripting/monoscript/fileName/SerializableObjHelper.cs: f19f181f3f05e8e393225dd7030fb66a -> 
  custom:scripting/monoscript/fileName/InputPropertyDrawer.cs: 90647cc400823b41df847a6cbfc29026 -> 
  custom:scripting/monoscript/fileName/AudioInputSettings.cs: a2c930fca1dd5e27705fbacf39727bb4 -> 
  custom:scripting/monoscript/fileName/InputSettings.cs: 35c56ce5488c6b464726305dcbd33b3d -> 
  custom:scripting/monoscript/fileName/RecorderEditor.cs: 736e59ba52eea987abc47f36a836e575 -> 
  custom:scripting/monoscript/fileName/AudioRecorderSettings.cs: 0b00f2c93558486cc61a06f270f43fea -> 
  custom:scripting/monoscript/fileName/RecordersInventory.cs: fb714c8df18f9b7fc7f3361f604ae3dc -> 
  custom:scripting/monoscript/fileName/BaseFCRecorderSettings.cs: fab928553cedb8703ac192d6cf7b6294 -> 
  custom:scripting/monoscript/fileName/AOVRecorderSettings.cs: cdc731153cd2f1f739300a28ea6a6608 -> 
  custom:scripting/monoscript/fileName/EXRCompressionTypeDrawer.cs: 301cb614ecf84a4dab346c5f76ea2016 -> 
  custom:scripting/monoscript/fileName/AOVRecorder.cs: c53e83f1863b3ea80b6df3885cdb8c82 -> 
  custom:scripting/monoscript/fileName/IEncoderSettings.cs: c7d04fadacf538db841606cc656ae724 -> 
  custom:scripting/monoscript/fileName/ShutterProfileTypePropertyDrawer.cs: 18a32c647eca27716eabcb5a44f00e32 -> 
  custom:scripting/monoscript/fileName/MovieRecorderEditor.cs: eb00ddb8a76b8dfb7c88b7826a49d38b -> 
  custom:scripting/monoscript/fileName/RenderTextureInputSettingsPropertyDrawer.cs: 809602b52454cd1e6229756218a8f453 -> 
  custom:scripting/monoscript/fileName/RecorderPlayableBehaviour.cs: 80165a21f4cd0dda690f708a19d389bd -> 
  custom:scripting/monoscript/fileName/GifEncoderSettingsPropertyDrawer.cs: b36c9a7eaaefccda514b23d7e14761ca -> 
  custom:scripting/monoscript/fileName/PNGRecorder.cs: 08fd40f88cb6b18c96882f263639f57d -> 
  custom:scripting/monoscript/fileName/CameraInputSettingsPropertyDrawer.cs: 91928abf1abf88be098cb088d896aec5 -> 
  custom:scripting/monoscript/fileName/AudioRecorderEditor.cs: 565168dec291afe3fa470657cfc2c123 -> 
  custom:scripting/monoscript/fileName/AOVRecorderEditor.cs: 5ca53ccd6d7645709639507726114395 -> 
  custom:container-muxer-webm: aa71ff27fc2769a1b78a27578f13a17b -> 
  custom:video-decoder-webm-vp8: 9c59270c3fd7afecdb556c50c9e8de78 -> 
  custom:scripting/monoscript/fileName/RecordingSession.cs: f3ad08157c278a036224ca395f350890 -> 
  custom:scripting/monoscript/fileName/GameViewSize.cs: f6128a6515fcafce6db32fcdfa107254 -> 
  custom:scripting/monoscript/fileName/UnityHelpers.cs: b3e077029b574be508585124a9d839ef -> 
  custom:SearchIndexIgnoredProperties: e643bd26f0fe6173181afceb89e7c659 -> 
  custom:scripting/monoscript/fileName/GIFRecorder.cs: c00ece885699fb9084deaccd3eb27518 -> 
  custom:AudioImporter_EditorPlatform: d09bf68614088b80899f8185d706f6e7 -> 
  custom:scripting/monoscript/fileName/EXRRecorder.cs: 3f576ce8ddd959d51a4d7ba1999ecdbb -> 
  custom:scripting/monoscript/fileName/WEBMRecorder.cs: 391b6b920cfbc02401ea522620320c93 -> 
  custom:scripting/monoscript/fileName/RenderTextureSampler.cs: 1a7b9abab9548e1054dc40d6e2fa0270 -> 
  custom:scripting/monoscript/fileName/GifEncoder.cs: 40f336d5c5042a8a04556b4c5804a538 -> 
  custom:scripting/monoscript/fileName/GenericRecorder.cs: 90647cc400823b41df847a6cbfc29026 -> 
  custom:scripting/monoscript/fileName/ImageInputSelector.cs: f55822da877594150873922341be92b6 -> 
  custom:scripting/monoscript/fileName/AnimationRecorderSettingsEditor.cs: db1294bf3d48be44b6e4b2f2cc100b02 -> 
  custom:scripting/monoscript/fileName/RecorderTrack.cs: fac9638ece7eb7daaa1302fa170613fd -> 
  custom:scripting/monoscript/fileName/InputSettingsSelector.cs: 499a4ec92267406782b5c4f3472d53b9 -> 
  custom:scripting/monoscript/fileName/FileNameGenerator.cs: 5c8b6eb5291c3311189e0dfadac99363 -> 
  custom:scripting/monoscript/fileName/RecorderItem.cs: b62d2fcb9547a248575727d8a1646db8 -> 
  custom:scripting/monoscript/fileName/TextureFlipper.cs: 825b503b2ddab9cbd8ebbf3038075092 -> 
  custom:scripting/monoscript/fileName/AccumulationSettings.cs: fb962f0c2333934b681b167574f5e1cd -> 
  custom:scripting/monoscript/fileName/Camera360InputPropertyDrawer.cs: af647a2fe91bec98139246321cac865d -> 
  custom:scripting/monoscript/fileName/RecorderClipEditor.cs: 947ad5ff1f968d7fc40767d187070964 -> 
  custom:scripting/monoscript/fileName/EXRRecorderSettingsEditor.cs: c520a04c5f01331f2c8800e289ef6d6f -> 
  custom:scripting/monoscript/fileName/CoreEncoder.cs: dfaed86e82ad12e6a2b6740a0fb35820 -> 
  custom:scripting/monoscript/fileName/PNGRecorderSettings.cs: 79a421225358808ff14dd88c0355d1b6 -> 
  custom:scripting/monoscript/fileName/AspectRatioPropertyDrawer.cs: 9f18568574138839573389bde3e660a7 -> 
  custom:scripting/monoscript/fileName/ProResEncoder.cs: b375bf2d41e3d89081c3f2d1a0823bf3 -> 
  custom:scripting/monoscript/fileName/CameraInput.cs: bf7e0df3caf9e500f6d1c98c99e165ba -> 
  custom:scripting/monoscript/fileName/RecorderSettings.cs: bc3ef26ac157af28e5460886c0d5ef2e -> 
  custom:scripting/monoscript/fileName/RecorderClipTimelineEditor.cs: 2995d9f50ebc9245c6e9bd75c56415fb -> 
  custom:scripting/monoscript/fileName/EncoderSettingsAttribute.cs: 8352396dc11cff58c65c429fdb4fc67e -> 
  custom:scripting/monoscript/fileName/MP4Recorder.cs: af531c4e1f6d23547da08837eb16b729 -> 
  custom:scripting/monoscript/fileName/EncoderTypeUtilities.cs: a12c4c78a6cd4fb6b93180d59ad77be8 -> 
  custom:scripting/monoscript/fileName/PooledBufferAsyncGPUReadback.cs: 2a4e50c5dda177306c9ec935763c4378 -> 
  custom:scripting/monoscript/fileName/AnimationRecorder.cs: f749a4250195b5467bbf05e3a976b59f -> 
  custom:scripting/precompiled-assembly-types:Unity.Recorder.Base: 3fec19fdf10e3518c41e41a932f2042f -> 
  custom:scripting/monoscript/fileName/AnimationRecorderSettings.cs: 5cfb1544a40f93fe0ea879bb1361c877 -> 
  custom:scripting/monoscript/fileName/RenderTextureSamplerSettings.cs: 68adab84706346f2ecbdfd649ca9cf61 -> 
  custom:scripting/monoscript/fileName/RecordingContext.cs: af9af1e8b283703482ba133924b5585a -> 
  custom:scripting/monoscript/fileName/RecorderSelector.cs: c3cd2caacd181d6eff54dc260c4a1ffb -> 
  custom:video-encoder-webm-vp8: eb34c28f22e8b96e1ab97ce403110664 -> 
  custom:scripting/monoscript/fileName/RecorderInput.cs: 88fd8d8fd71b34ed7298a01f6c2d2e40 -> 
  custom:scripting/monoscript/fileName/RenderTextureSamplerPropertyDrawer.cs: b541817d9cc9b1341d2ddfa8823b718d -> 
  custom:scripting/monoscript/fileName/RecorderSettingsAttribute.cs: ddd228b25da7ba2ac10d13e1efacc875 -> 
  custom:audio-decoder-ogg-vorbis: bf7c407c2cedff20999df2af8eb42d56 -> 
  custom:scripting/monoscript/fileName/OutputPathDrawer.cs: cffc34c1be094e6caeb13ff3b26ca679 -> 
  custom:scripting/monoscript/fileName/EditorVersionsHelper.cs: 3ad9098caeeff0295dba8c0911f5333a -> 
  custom:scripting/monoscript/fileName/SettingAsset.cs: 7c3790954696ae83d71055079b387931 -> 
  custom:scripting/monoscript/fileName/OutputResolution.cs: 31c632d97e9a69bcc2ef10f6feb5bf62 -> 
  custom:scripting/monoscript/fileName/AccumulationSettingsPropertyDrawer.cs: bfc920db0de3c29c2967e88aac1c1027 -> 
  custom:scripting/monoscript/fileName/AnimationInputSettingsPropertyDrawer.cs: ebe1771fecebe7a93badf6354f59c990 -> 
  custom:scripting/monoscript/fileName/CoreEncoderSettings.cs: 2b5db1db3c1fa7de4175a7e143de3ce5 -> 
  custom:scripting/monoscript/fileName/VisualListItem.cs: 90647cc400823b41df847a6cbfc29026 -> 
  custom:scripting/monoscript/fileName/FrameRateProperyDrawer.cs: c478c798f5354f66af45b380be0629f9 -> 
  custom:scripting/monoscript/fileName/InputSettingsSelectorDrawer.cs: bca46dd5b59e2f574c94bef4cdb878fb -> 
  custom:scripting/monoscript/fileName/RecorderWindow.cs: 553a30d64d5ef1dcad6b00b4eeeb3829 -> 
  custom:scripting/monoscript/fileName/AOVCameraInputSettings.cs: 4d2fdf1142ce53d73cb43d39944ba516 -> 
  custom:scripting/monoscript/fileName/EnumProperyDrawer.cs: 90647cc400823b41df847a6cbfc29026 -> 
  custom:scripting/monoscript/fileName/AOVImageInputSelector.cs: b741d8d3a7cbb503c5bdf23d7e6792db -> 
  custom:scripting/monoscript/fileName/CoreEncoderSettingsPropertyDrawer.cs: c8bdf3420d844fd4604c0d0cf3815355 -> 
  custom:scripting/monoscript/fileName/GifEncoderSettings.cs: 812ca6afdf48b830953d76adab9d4030 -> 
  custom:scripting/monoscript/fileName/GIFRecorderSettingsEditor.cs: 4d0f46bcf58d188895fabae5334995ae -> 
  custom:scripting/monoscript/fileName/IEncoder.cs: 007c2ef621b0d92b5a7a6bae91d26090 -> 
  custom:scripting/monoscript/fileName/RecorderOptions.cs: 74782d297e80d8f56c0e05a7cde4e51d -> 
  custom:scripting/precompiled-assembly-types:Unity.Recorder.Editor: cd22b836ef1ca10e7d8c91c9be46b4bf -> 
  custom:scripting/monoscript/fileName/ProResEncoderSettingsPropertyDrawer.cs: 68c25e6d4459336217d4b9e22eb707b4 -> 
  custom:scripting/monoscript/fileName/ImageRecorder.cs: b804c29bfc59a61db184c1d275fe4101 -> 
  custom:scripting/monoscript/fileName/EditableLabel.cs: 4f8fa2c6092744ed6607a411e3f617c0 -> 
  custom:scripting/monoscript/fileName/GameViewInput.cs: 596e7ffa2d11b2002176644af3247ea6 -> 
  custom:audio-encoder-webm-vorbis: bf7c407c2cedff20999df2af8eb42d56 -> 
  custom:scripting/monoscript/fileName/SerializedDictionnary.cs: 90647cc400823b41df847a6cbfc29026 -> 
  custom:scripting/monoscript/fileName/HammersleySequence.cs: b06601f044912976f668045b7d4c79a8 -> 
  custom:scripting/monoscript/fileName/_RecorderComponent.cs: 8c268d1df4e18643d83ea9c6eeba2d9f -> 
  custom:scripting/monoscript/fileName/IAccumulation.cs: 38dee62d444423165276e3254554d005 -> 
  custom:scripting/monoscript/fileName/RecorderController.cs: 5760bd2995080b8d0d9d9e88ab8933c6 -> 
  custom:scripting/monoscript/fileName/EXRRecorderSettings.cs: bf113df492cb5b25e11ec144a73c2f74 -> 
========================================================================
Received Prepare
Caller must complete domain reload
Begin MonoManager ReloadAssembly
- Loaded All Assemblies, in  0.413 seconds
Native extension for WindowsStandalone target not found
Native extension for iOS target not found
Native extension for Android target not found
Mono: successfully reloaded assembly
- Finished resetting the current domain, in  1.037 seconds
Domain Reload Profiling: 1447ms
	BeginReloadAssembly (127ms)
		ExecutionOrderSort (0ms)
		DisableScriptedObjects (4ms)
		BackupInstance (0ms)
		ReleaseScriptingObjects (0ms)
		CreateAndSetChildDomain (25ms)
	RebuildCommonClasses (25ms)
	RebuildNativeTypeToScriptingClass (11ms)
	initialDomainReloadingComplete (29ms)
	LoadAllAssembliesAndSetupDomain (217ms)
		LoadAssemblies (278ms)
		RebuildTransferFunctionScriptingTraits (0ms)
		AnalyzeDomain (10ms)
			TypeCache.Refresh (4ms)
				TypeCache.ScanAssembly (0ms)
			ScanForSourceGeneratedMonoScriptInfo (0ms)
			ResolveRequiredComponents (4ms)
	FinalizeReload (1038ms)
		ReleaseScriptCaches (0ms)
		RebuildScriptCaches (0ms)
		SetupLoadedEditorAssemblies (536ms)
			LogAssemblyErrors (0ms)
			InitializePlatformSupportModulesInManaged (33ms)
			SetLoadedEditorAssemblies (4ms)
			RefreshPlugins (0ms)
			BeforeProcessingInitializeOnLoad (102ms)
			ProcessInitializeOnLoadAttributes (369ms)
			ProcessInitializeOnLoadMethodAttributes (18ms)
			AfterProcessingInitializeOnLoad (10ms)
			EditorAssembliesLoaded (0ms)
		ExecutionOrderSort2 (0ms)
		AwakeInstancesAfterBackupRestoration (5ms)
Refreshing native plugins compatible for Editor in 5.62 ms, found 6 plugins.
Preloading 0 native plugins for Editor in 0.00 ms.
Unloading 3256 Unused Serialized files (Serialized files now loaded: 0)
Unloading 22 unused Assets / (337.0 KB). Loaded Objects now: 3744.
Memory consumption went from 123.2 MB to 122.8 MB.
Total: 2.693000 ms (FindLiveObjects: 0.214500 ms CreateObjectMapping: 0.139600 ms MarkObjects: 2.165400 ms  DeleteObjects: 0.172700 ms)

Prepare: number of updated asset objects reloaded= 0
AssetImportParameters requested are different than current active one (requested -> active):
  custom:scripting/monoscript/fileName/WEBMRecorderSettingsEditor.cs: 5559c87f45d3b65fac8d5ac4ef5e81c8 -> 
  custom:scripting/monoscript/fileName/UIElementHelper.cs: 9f9438adfe3361012ea6280d4cdb2df4 -> 
  custom:scripting/monoscript/fileName/AOVCameraInput.cs: c23c8ce885672bc57e25263b3efd067a -> 
  custom:scripting/monoscript/fileName/BaseTextureRecorder.cs: 90647cc400823b41df847a6cbfc29026 -> 
  custom:scripting/monoscript/fileName/Recorder.cs: a7e319d512627774f8215ba0b76f0bcb -> 
  custom:scripting/monoscript/fileName/AudioRecorder.cs: 89550121570f22445b4a1b28daea3cf9 -> 
  custom:scripting/monoscript/fileName/PanelSplitter.cs: 5ff6c6e385b6b12ca322a9c92ac6f371 -> 
  custom:scripting/monoscript/fileName/ImageRecorderSettings.cs: a7ab05fac9382c03607c40fe73956ed6 -> 
  custom:scripting/monoscript/fileName/RecorderClip.cs: 897017f45cb3c30f306724d1fa17a8fe -> 
  custom:scripting/monoscript/fileName/GIFRecorderSettings.cs: 979f88ae1e7731daed242ab2fdebbc0e -> 
  custom:container-demuxer-ogg: 62fdf1f143b41e24485cea50d1cbac27 -> 
  custom:scripting/monoscript/fileName/MovieRecorder.cs: 024785cf83e1399f425b2aa115d22e2b -> 
  custom:scripting/monoscript/fileName/RecorderControllerSettingsPresetEditor.cs: 49aed206ae65ed5ac6b420f7104cd52d -> 
  custom:scripting/monoscript/fileName/AudioInput.cs: 499e96d8f0b35d362bd956c0975bb873 -> 
  custom:scripting/monoscript/fileName/WEBMRecorderSettings.cs: c176c43abbe456aeea55c2aef862801b -> 
  custom:scripting/monoscript/fileName/RecorderControllerSettingsPreset.cs: 78b391c1384ac60213ef58d50e78d553 -> 
  custom:scripting/monoscript/fileName/GameViewInputSettings.cs: a7ae22123f532f5bbcb39c654c998b57 -> 
  custom:scripting/monoscript/fileName/GameViewInputPropertyDrawer.cs: ae2c8a99c5e33d3d1ffc8232415130e8 -> 
  custom:scripting/monoscript/fileName/Camera360Input.cs: dc473b118c57e0734b0cd3476e333c06 -> 
  custom:scripting/monoscript/fileName/RecorderPreferencesSettingsProvider.cs: d92d314b87f7c2170e267636ebf38224 -> 
  custom:scripting/monoscript/fileName/RecorderBindings.cs: ac25db5b587307cfea909607f62e5641 -> 
  custom:video-decoder-ogg-theora: a1e56fd34408186e4bbccfd4996cb3dc -> 
  custom:scripting/monoscript/fileName/GIFWrapper.cs: 6ef8898a12699129e8f81f06a649cad1 -> 
  custom:scripting/monoscript/fileName/SceneHook.cs: 80fa8928b499d44515dd60e0bc895128 -> 
  custom:scripting/monoscript/fileName/AnimationInput.cs: e810137278708a698c5ccddaeb1a1e64 -> 
  custom:scripting/monoscript/fileName/OutputResolutionPropertyDrawer.cs: 0e33ffdf424417a2e685685cfc04d4b1 -> 
  custom:scripting/monoscript/fileName/EnumHelper.cs: 117b5609cc2a1ae41785cd0c8767815f -> 
  custom:scripting/monoscript/fileName/OutputPath.cs: ee51fcffcd8929d224a5e3fb152d5f62 -> 
  custom:scripting/monoscript/fileName/FileNameGeneratorDrawer.cs: a3ea71dec141084df9b7ffa19c11e2cb -> 
  custom:framework-win-MediaFoundation: 216162199b28c13a410421893ffa2e32 -> 
  custom:scripting/monoscript/fileName/RecorderPreferencesWindowGUIScope.cs: 7a2eba6fcb6829ea8b200991a02c9c06 -> 
  custom:scripting/monoscript/fileName/AspectRatio.cs: 18e3efa554f8258b676d4de53e38b642 -> 
  custom:scripting/monoscript/fileName/CameraInputSettings.cs: 6738f6dd994f658d2cbf6f5f3ba05a0e -> 
  custom:scripting/monoscript/fileName/RefHandle.cs: 90647cc400823b41df847a6cbfc29026 -> 
  custom:scripting/monoscript/fileName/CameraCapture.cs: c6dcba1380d9a4fa09f4e36182a45a73 -> 
  custom:scripting/monoscript/fileName/RecorderControllerSettings.cs: 989e0caa64af9b76551d4ff6bd15f598 -> 
  custom:scripting/monoscript/fileName/TargetedPropertyDrawer.cs: 90647cc400823b41df847a6cbfc29026 -> 
  custom:scripting/monoscript/fileName/MovieRecorderSettings.cs: 02a667a67b113b1f65e3fcadcc882513 -> 
  custom:scripting/monoscript/fileName/RenderTextureInputSettings.cs: ebca820667a63031a7597db85d26451a -> 
  custom:scripting/monoscript/fileName/ImageRecorderEditor.cs: d3134ae4c1dfd8e056bace11130b7692 -> 
  custom:scripting/monoscript/fileName/ProResEncoderSettings.cs: 4aca03881946a7fe9acacf199434009e -> 
  custom:scripting/monoscript/fileName/_FrameRequestComponent.cs: b34f171daaafc65da55ea68e2ed89f2b -> 
  custom:scripting/monoscript/fileName/RenderTextureInput.cs: 5dea77837ae3c82bb14643cd82dc06dc -> 
  custom:scripting/monoscript/fileName/RecorderAnalytics.cs: 0fa40093f6ac3fe75e92d746d563e5ee -> 
  custom:scripting/monoscript/fileName/MP4RecorderSettingsEditor.cs: 68a64b16a7961d71fa7286fd1f782e9b -> 
  custom:scripting/monoscript/fileName/RecorderBindingsEditor.cs: f7451a0e1cea6404b2976d2b2c42e273 -> 
  custom:scripting/monoscript/fileName/BaseRenderTextureInput.cs: 5dc13661a5a0dca5d09ca211933a44e2 -> 
  custom:scripting/monoscript/fileName/StatusBarHelper.cs: da04a6ed046f8a62f416d5d3ea415bef -> 
  custom:scripting/precompiled-assembly-types:Unity.Recorder: bd5378c99f6216e06dd6e2c2a60a86a4 -> 
  custom:CustomObjectIndexerAttribute: 9a22284fe3817be447336de3de66b15e -> 
  custom:scripting/monoscript/fileName/Camera360InputSettings.cs: 3d5eaf1cb3a9df6f9d1d52f3c3018c46 -> 
  custom:scripting/monoscript/fileName/PNGRecorderSettingsEditor.cs: 4970e6657bb34f7efc2c7d8168c7358b -> 
  custom:scripting/monoscript/fileName/ImageHeightSelector.cs: d1a7972bf1d79d90f09ab23c718afe39 -> 
  custom:scripting/monoscript/fileName/AnimationInputSettings.cs: d64a99ebbd13660e9264cb4111ab9832 -> 
  custom:scripting/monoscript/fileName/MP4RecorderSettings.cs: 551f5535c05b86d6ee91684eced14987 -> 
  custom:scripting/monoscript/fileName/RecorderPreferencesSettings.cs: 761b0a55fc5e50239a1d0c4bfc968274 -> 
  custom:container-demuxer-webm: 4f35f7cbe854078d1ac9338744f61a02 -> 
  custom:scripting/monoscript/fileName/RecorderSettingsPrefsEditor.cs: ba9e697f1d269c2c960a41bc543fa408 -> 
  custom:scripting/monoscript/fileName/ProResWrapper.cs: 712515ef615766c98115c6a20d85d6c8 -> 
  custom:scripting/monoscript/fileName/RecordModePropertyDrawer.cs: 165332db07362bbcab2d8dc6d1e1dfda -> 
  custom:scripting/monoscript/fileName/ImageInputSettings.cs: 98a2aedd167d40f01804b04845eeaf15 -> 
  custom:scripting/monoscript/fileName/SerializableObjHelper.cs: f19f181f3f05e8e393225dd7030fb66a -> 
  custom:scripting/monoscript/fileName/InputPropertyDrawer.cs: 90647cc400823b41df847a6cbfc29026 -> 
  custom:scripting/monoscript/fileName/AudioInputSettings.cs: a2c930fca1dd5e27705fbacf39727bb4 -> 
  custom:scripting/monoscript/fileName/InputSettings.cs: 35c56ce5488c6b464726305dcbd33b3d -> 
  custom:scripting/monoscript/fileName/RecorderEditor.cs: 736e59ba52eea987abc47f36a836e575 -> 
  custom:scripting/monoscript/fileName/AudioRecorderSettings.cs: 0b00f2c93558486cc61a06f270f43fea -> 
  custom:scripting/monoscript/fileName/RecordersInventory.cs: fb714c8df18f9b7fc7f3361f604ae3dc -> 
  custom:scripting/monoscript/fileName/BaseFCRecorderSettings.cs: fab928553cedb8703ac192d6cf7b6294 -> 
  custom:scripting/monoscript/fileName/AOVRecorderSettings.cs: cdc731153cd2f1f739300a28ea6a6608 -> 
  custom:scripting/monoscript/fileName/EXRCompressionTypeDrawer.cs: 301cb614ecf84a4dab346c5f76ea2016 -> 
  custom:scripting/monoscript/fileName/AOVRecorder.cs: c53e83f1863b3ea80b6df3885cdb8c82 -> 
  custom:scripting/monoscript/fileName/IEncoderSettings.cs: c7d04fadacf538db841606cc656ae724 -> 
  custom:scripting/monoscript/fileName/ShutterProfileTypePropertyDrawer.cs: 18a32c647eca27716eabcb5a44f00e32 -> 
  custom:scripting/monoscript/fileName/MovieRecorderEditor.cs: eb00ddb8a76b8dfb7c88b7826a49d38b -> 
  custom:scripting/monoscript/fileName/RenderTextureInputSettingsPropertyDrawer.cs: 809602b52454cd1e6229756218a8f453 -> 
  custom:scripting/monoscript/fileName/RecorderPlayableBehaviour.cs: 80165a21f4cd0dda690f708a19d389bd -> 
  custom:scripting/monoscript/fileName/GifEncoderSettingsPropertyDrawer.cs: b36c9a7eaaefccda514b23d7e14761ca -> 
  custom:scripting/monoscript/fileName/PNGRecorder.cs: 08fd40f88cb6b18c96882f263639f57d -> 
  custom:scripting/monoscript/fileName/CameraInputSettingsPropertyDrawer.cs: 91928abf1abf88be098cb088d896aec5 -> 
  custom:scripting/monoscript/fileName/AudioRecorderEditor.cs: 565168dec291afe3fa470657cfc2c123 -> 
  custom:scripting/monoscript/fileName/AOVRecorderEditor.cs: 5ca53ccd6d7645709639507726114395 -> 
  custom:container-muxer-webm: aa71ff27fc2769a1b78a27578f13a17b -> 
  custom:video-decoder-webm-vp8: 9c59270c3fd7afecdb556c50c9e8de78 -> 
  custom:scripting/monoscript/fileName/RecordingSession.cs: f3ad08157c278a036224ca395f350890 -> 
  custom:scripting/monoscript/fileName/GameViewSize.cs: f6128a6515fcafce6db32fcdfa107254 -> 
  custom:scripting/monoscript/fileName/UnityHelpers.cs: b3e077029b574be508585124a9d839ef -> 
  custom:SearchIndexIgnoredProperties: e643bd26f0fe6173181afceb89e7c659 -> 
  custom:scripting/monoscript/fileName/GIFRecorder.cs: c00ece885699fb9084deaccd3eb27518 -> 
  custom:AudioImporter_EditorPlatform: d09bf68614088b80899f8185d706f6e7 -> 
  custom:scripting/monoscript/fileName/EXRRecorder.cs: 3f576ce8ddd959d51a4d7ba1999ecdbb -> 
  custom:scripting/monoscript/fileName/WEBMRecorder.cs: 391b6b920cfbc02401ea522620320c93 -> 
  custom:scripting/monoscript/fileName/RenderTextureSampler.cs: 1a7b9abab9548e1054dc40d6e2fa0270 -> 
  custom:scripting/monoscript/fileName/GifEncoder.cs: 40f336d5c5042a8a04556b4c5804a538 -> 
  custom:scripting/monoscript/fileName/GenericRecorder.cs: 90647cc400823b41df847a6cbfc29026 -> 
  custom:scripting/monoscript/fileName/ImageInputSelector.cs: f55822da877594150873922341be92b6 -> 
  custom:scripting/monoscript/fileName/AnimationRecorderSettingsEditor.cs: db1294bf3d48be44b6e4b2f2cc100b02 -> 
  custom:scripting/monoscript/fileName/RecorderTrack.cs: fac9638ece7eb7daaa1302fa170613fd -> 
  custom:scripting/monoscript/fileName/InputSettingsSelector.cs: 499a4ec92267406782b5c4f3472d53b9 -> 
  custom:scripting/monoscript/fileName/FileNameGenerator.cs: 5c8b6eb5291c3311189e0dfadac99363 -> 
  custom:scripting/monoscript/fileName/RecorderItem.cs: b62d2fcb9547a248575727d8a1646db8 -> 
  custom:scripting/monoscript/fileName/TextureFlipper.cs: 825b503b2ddab9cbd8ebbf3038075092 -> 
  custom:scripting/monoscript/fileName/AccumulationSettings.cs: fb962f0c2333934b681b167574f5e1cd -> 
  custom:scripting/monoscript/fileName/Camera360InputPropertyDrawer.cs: af647a2fe91bec98139246321cac865d -> 
  custom:scripting/monoscript/fileName/RecorderClipEditor.cs: 947ad5ff1f968d7fc40767d187070964 -> 
  custom:scripting/monoscript/fileName/EXRRecorderSettingsEditor.cs: c520a04c5f01331f2c8800e289ef6d6f -> 
  custom:scripting/monoscript/fileName/CoreEncoder.cs: dfaed86e82ad12e6a2b6740a0fb35820 -> 
  custom:scripting/monoscript/fileName/PNGRecorderSettings.cs: 79a421225358808ff14dd88c0355d1b6 -> 
  custom:scripting/monoscript/fileName/AspectRatioPropertyDrawer.cs: 9f18568574138839573389bde3e660a7 -> 
  custom:scripting/monoscript/fileName/ProResEncoder.cs: b375bf2d41e3d89081c3f2d1a0823bf3 -> 
  custom:scripting/monoscript/fileName/CameraInput.cs: bf7e0df3caf9e500f6d1c98c99e165ba -> 
  custom:scripting/monoscript/fileName/RecorderSettings.cs: bc3ef26ac157af28e5460886c0d5ef2e -> 
  custom:scripting/monoscript/fileName/RecorderClipTimelineEditor.cs: 2995d9f50ebc9245c6e9bd75c56415fb -> 
  custom:scripting/monoscript/fileName/EncoderSettingsAttribute.cs: 8352396dc11cff58c65c429fdb4fc67e -> 
  custom:scripting/monoscript/fileName/MP4Recorder.cs: af531c4e1f6d23547da08837eb16b729 -> 
  custom:scripting/monoscript/fileName/EncoderTypeUtilities.cs: a12c4c78a6cd4fb6b93180d59ad77be8 -> 
  custom:scripting/monoscript/fileName/PooledBufferAsyncGPUReadback.cs: 2a4e50c5dda177306c9ec935763c4378 -> 
  custom:scripting/monoscript/fileName/AnimationRecorder.cs: f749a4250195b5467bbf05e3a976b59f -> 
  custom:scripting/precompiled-assembly-types:Unity.Recorder.Base: 3fec19fdf10e3518c41e41a932f2042f -> 
  custom:scripting/monoscript/fileName/AnimationRecorderSettings.cs: 5cfb1544a40f93fe0ea879bb1361c877 -> 
  custom:scripting/monoscript/fileName/RenderTextureSamplerSettings.cs: 68adab84706346f2ecbdfd649ca9cf61 -> 
  custom:scripting/monoscript/fileName/RecordingContext.cs: af9af1e8b283703482ba133924b5585a -> 
  custom:scripting/monoscript/fileName/RecorderSelector.cs: c3cd2caacd181d6eff54dc260c4a1ffb -> 
  custom:video-encoder-webm-vp8: eb34c28f22e8b96e1ab97ce403110664 -> 
  custom:scripting/monoscript/fileName/RecorderInput.cs: 88fd8d8fd71b34ed7298a01f6c2d2e40 -> 
  custom:scripting/monoscript/fileName/RenderTextureSamplerPropertyDrawer.cs: b541817d9cc9b1341d2ddfa8823b718d -> 
  custom:scripting/monoscript/fileName/RecorderSettingsAttribute.cs: ddd228b25da7ba2ac10d13e1efacc875 -> 
  custom:audio-decoder-ogg-vorbis: bf7c407c2cedff20999df2af8eb42d56 -> 
  custom:scripting/monoscript/fileName/OutputPathDrawer.cs: cffc34c1be094e6caeb13ff3b26ca679 -> 
  custom:scripting/monoscript/fileName/EditorVersionsHelper.cs: 3ad9098caeeff0295dba8c0911f5333a -> 
  custom:scripting/monoscript/fileName/SettingAsset.cs: 7c3790954696ae83d71055079b387931 -> 
  custom:scripting/monoscript/fileName/OutputResolution.cs: 31c632d97e9a69bcc2ef10f6feb5bf62 -> 
  custom:scripting/monoscript/fileName/AccumulationSettingsPropertyDrawer.cs: bfc920db0de3c29c2967e88aac1c1027 -> 
  custom:scripting/monoscript/fileName/AnimationInputSettingsPropertyDrawer.cs: ebe1771fecebe7a93badf6354f59c990 -> 
  custom:scripting/monoscript/fileName/CoreEncoderSettings.cs: 2b5db1db3c1fa7de4175a7e143de3ce5 -> 
  custom:scripting/monoscript/fileName/VisualListItem.cs: 90647cc400823b41df847a6cbfc29026 -> 
  custom:scripting/monoscript/fileName/FrameRateProperyDrawer.cs: c478c798f5354f66af45b380be0629f9 -> 
  custom:scripting/monoscript/fileName/InputSettingsSelectorDrawer.cs: bca46dd5b59e2f574c94bef4cdb878fb -> 
  custom:scripting/monoscript/fileName/RecorderWindow.cs: 553a30d64d5ef1dcad6b00b4eeeb3829 -> 
  custom:scripting/monoscript/fileName/AOVCameraInputSettings.cs: 4d2fdf1142ce53d73cb43d39944ba516 -> 
  custom:scripting/monoscript/fileName/EnumProperyDrawer.cs: 90647cc400823b41df847a6cbfc29026 -> 
  custom:scripting/monoscript/fileName/AOVImageInputSelector.cs: b741d8d3a7cbb503c5bdf23d7e6792db -> 
  custom:scripting/monoscript/fileName/CoreEncoderSettingsPropertyDrawer.cs: c8bdf3420d844fd4604c0d0cf3815355 -> 
  custom:scripting/monoscript/fileName/GifEncoderSettings.cs: 812ca6afdf48b830953d76adab9d4030 -> 
  custom:scripting/monoscript/fileName/GIFRecorderSettingsEditor.cs: 4d0f46bcf58d188895fabae5334995ae -> 
  custom:scripting/monoscript/fileName/IEncoder.cs: 007c2ef621b0d92b5a7a6bae91d26090 -> 
  custom:scripting/monoscript/fileName/RecorderOptions.cs: 74782d297e80d8f56c0e05a7cde4e51d -> 
  custom:scripting/precompiled-assembly-types:Unity.Recorder.Editor: cd22b836ef1ca10e7d8c91c9be46b4bf -> 
  custom:scripting/monoscript/fileName/ProResEncoderSettingsPropertyDrawer.cs: 68c25e6d4459336217d4b9e22eb707b4 -> 
  custom:scripting/monoscript/fileName/ImageRecorder.cs: b804c29bfc59a61db184c1d275fe4101 -> 
  custom:scripting/monoscript/fileName/EditableLabel.cs: 4f8fa2c6092744ed6607a411e3f617c0 -> 
  custom:scripting/monoscript/fileName/GameViewInput.cs: 596e7ffa2d11b2002176644af3247ea6 -> 
  custom:audio-encoder-webm-vorbis: bf7c407c2cedff20999df2af8eb42d56 -> 
  custom:scripting/monoscript/fileName/SerializedDictionnary.cs: 90647cc400823b41df847a6cbfc29026 -> 
  custom:scripting/monoscript/fileName/HammersleySequence.cs: b06601f044912976f668045b7d4c79a8 -> 
  custom:scripting/monoscript/fileName/_RecorderComponent.cs: 8c268d1df4e18643d83ea9c6eeba2d9f -> 
  custom:scripting/monoscript/fileName/IAccumulation.cs: 38dee62d444423165276e3254554d005 -> 
  custom:scripting/monoscript/fileName/RecorderController.cs: 5760bd2995080b8d0d9d9e88ab8933c6 -> 
  custom:scripting/monoscript/fileName/EXRRecorderSettings.cs: bf113df492cb5b25e11ec144a73c2f74 -> 
========================================================================
Received Prepare
Caller must complete domain reload
Begin MonoManager ReloadAssembly
- Loaded All Assemblies, in  0.415 seconds
Native extension for WindowsStandalone target not found
Native extension for iOS target not found
Native extension for Android target not found
Mono: successfully reloaded assembly
- Finished resetting the current domain, in  1.055 seconds
Domain Reload Profiling: 1466ms
	BeginReloadAssembly (133ms)
		ExecutionOrderSort (0ms)
		DisableScriptedObjects (4ms)
		BackupInstance (0ms)
		ReleaseScriptingObjects (0ms)
		CreateAndSetChildDomain (25ms)
	RebuildCommonClasses (28ms)
	RebuildNativeTypeToScriptingClass (8ms)
	initialDomainReloadingComplete (29ms)
	LoadAllAssembliesAndSetupDomain (213ms)
		LoadAssemblies (280ms)
		RebuildTransferFunctionScriptingTraits (0ms)
		AnalyzeDomain (10ms)
			TypeCache.Refresh (4ms)
				TypeCache.ScanAssembly (0ms)
			ScanForSourceGeneratedMonoScriptInfo (0ms)
			ResolveRequiredComponents (4ms)
	FinalizeReload (1055ms)
		ReleaseScriptCaches (0ms)
		RebuildScriptCaches (0ms)
		SetupLoadedEditorAssemblies (523ms)
			LogAssemblyErrors (0ms)
			InitializePlatformSupportModulesInManaged (31ms)
			SetLoadedEditorAssemblies (3ms)
			RefreshPlugins (0ms)
			BeforeProcessingInitializeOnLoad (96ms)
			ProcessInitializeOnLoadAttributes (365ms)
			ProcessInitializeOnLoadMethodAttributes (18ms)
			AfterProcessingInitializeOnLoad (10ms)
			EditorAssembliesLoaded (0ms)
		ExecutionOrderSort2 (0ms)
		AwakeInstancesAfterBackupRestoration (5ms)
Refreshing native plugins compatible for Editor in 4.96 ms, found 6 plugins.
Preloading 0 native plugins for Editor in 0.00 ms.
Unloading 3256 Unused Serialized files (Serialized files now loaded: 0)
Unloading 22 unused Assets / (337.3 KB). Loaded Objects now: 3747.
Memory consumption went from 123.2 MB to 122.9 MB.
Total: 2.459800 ms (FindLiveObjects: 0.192700 ms CreateObjectMapping: 0.081200 ms MarkObjects: 2.012700 ms  DeleteObjects: 0.172600 ms)

Prepare: number of updated asset objects reloaded= 0
AssetImportParameters requested are different than current active one (requested -> active):
  custom:scripting/monoscript/fileName/WEBMRecorderSettingsEditor.cs: 5559c87f45d3b65fac8d5ac4ef5e81c8 -> 
  custom:scripting/monoscript/fileName/UIElementHelper.cs: 9f9438adfe3361012ea6280d4cdb2df4 -> 
  custom:scripting/monoscript/fileName/AOVCameraInput.cs: c23c8ce885672bc57e25263b3efd067a -> 
  custom:scripting/monoscript/fileName/BaseTextureRecorder.cs: 90647cc400823b41df847a6cbfc29026 -> 
  custom:scripting/monoscript/fileName/Recorder.cs: a7e319d512627774f8215ba0b76f0bcb -> 
  custom:scripting/monoscript/fileName/AudioRecorder.cs: 89550121570f22445b4a1b28daea3cf9 -> 
  custom:scripting/monoscript/fileName/PanelSplitter.cs: 5ff6c6e385b6b12ca322a9c92ac6f371 -> 
  custom:scripting/monoscript/fileName/ImageRecorderSettings.cs: a7ab05fac9382c03607c40fe73956ed6 -> 
  custom:scripting/monoscript/fileName/RecorderClip.cs: 897017f45cb3c30f306724d1fa17a8fe -> 
  custom:scripting/monoscript/fileName/GIFRecorderSettings.cs: 979f88ae1e7731daed242ab2fdebbc0e -> 
  custom:container-demuxer-ogg: 62fdf1f143b41e24485cea50d1cbac27 -> 
  custom:scripting/monoscript/fileName/MovieRecorder.cs: 024785cf83e1399f425b2aa115d22e2b -> 
  custom:scripting/monoscript/fileName/RecorderControllerSettingsPresetEditor.cs: 49aed206ae65ed5ac6b420f7104cd52d -> 
  custom:scripting/monoscript/fileName/AudioInput.cs: 499e96d8f0b35d362bd956c0975bb873 -> 
  custom:scripting/monoscript/fileName/WEBMRecorderSettings.cs: c176c43abbe456aeea55c2aef862801b -> 
  custom:scripting/monoscript/fileName/RecorderControllerSettingsPreset.cs: 78b391c1384ac60213ef58d50e78d553 -> 
  custom:scripting/monoscript/fileName/GameViewInputSettings.cs: a7ae22123f532f5bbcb39c654c998b57 -> 
  custom:scripting/monoscript/fileName/GameViewInputPropertyDrawer.cs: ae2c8a99c5e33d3d1ffc8232415130e8 -> 
  custom:scripting/monoscript/fileName/Camera360Input.cs: dc473b118c57e0734b0cd3476e333c06 -> 
  custom:scripting/monoscript/fileName/RecorderPreferencesSettingsProvider.cs: d92d314b87f7c2170e267636ebf38224 -> 
  custom:scripting/monoscript/fileName/RecorderBindings.cs: ac25db5b587307cfea909607f62e5641 -> 
  custom:video-decoder-ogg-theora: a1e56fd34408186e4bbccfd4996cb3dc -> 
  custom:scripting/monoscript/fileName/GIFWrapper.cs: 6ef8898a12699129e8f81f06a649cad1 -> 
  custom:scripting/monoscript/fileName/SceneHook.cs: 80fa8928b499d44515dd60e0bc895128 -> 
  custom:scripting/monoscript/fileName/AnimationInput.cs: e810137278708a698c5ccddaeb1a1e64 -> 
  custom:scripting/monoscript/fileName/OutputResolutionPropertyDrawer.cs: 0e33ffdf424417a2e685685cfc04d4b1 -> 
  custom:scripting/monoscript/fileName/EnumHelper.cs: 117b5609cc2a1ae41785cd0c8767815f -> 
  custom:scripting/monoscript/fileName/OutputPath.cs: ee51fcffcd8929d224a5e3fb152d5f62 -> 
  custom:scripting/monoscript/fileName/FileNameGeneratorDrawer.cs: a3ea71dec141084df9b7ffa19c11e2cb -> 
  custom:framework-win-MediaFoundation: 216162199b28c13a410421893ffa2e32 -> 
  custom:scripting/monoscript/fileName/RecorderPreferencesWindowGUIScope.cs: 7a2eba6fcb6829ea8b200991a02c9c06 -> 
  custom:scripting/monoscript/fileName/AspectRatio.cs: 18e3efa554f8258b676d4de53e38b642 -> 
  custom:scripting/monoscript/fileName/CameraInputSettings.cs: 6738f6dd994f658d2cbf6f5f3ba05a0e -> 
  custom:scripting/monoscript/fileName/RefHandle.cs: 90647cc400823b41df847a6cbfc29026 -> 
  custom:scripting/monoscript/fileName/CameraCapture.cs: c6dcba1380d9a4fa09f4e36182a45a73 -> 
  custom:scripting/monoscript/fileName/RecorderControllerSettings.cs: 989e0caa64af9b76551d4ff6bd15f598 -> 
  custom:scripting/monoscript/fileName/TargetedPropertyDrawer.cs: 90647cc400823b41df847a6cbfc29026 -> 
  custom:scripting/monoscript/fileName/MovieRecorderSettings.cs: 02a667a67b113b1f65e3fcadcc882513 -> 
  custom:scripting/monoscript/fileName/RenderTextureInputSettings.cs: ebca820667a63031a7597db85d26451a -> 
  custom:scripting/monoscript/fileName/ImageRecorderEditor.cs: d3134ae4c1dfd8e056bace11130b7692 -> 
  custom:scripting/monoscript/fileName/ProResEncoderSettings.cs: 4aca03881946a7fe9acacf199434009e -> 
  custom:scripting/monoscript/fileName/_FrameRequestComponent.cs: b34f171daaafc65da55ea68e2ed89f2b -> 
  custom:scripting/monoscript/fileName/RenderTextureInput.cs: 5dea77837ae3c82bb14643cd82dc06dc -> 
  custom:scripting/monoscript/fileName/RecorderAnalytics.cs: 0fa40093f6ac3fe75e92d746d563e5ee -> 
  custom:scripting/monoscript/fileName/MP4RecorderSettingsEditor.cs: 68a64b16a7961d71fa7286fd1f782e9b -> 
  custom:scripting/monoscript/fileName/RecorderBindingsEditor.cs: f7451a0e1cea6404b2976d2b2c42e273 -> 
  custom:scripting/monoscript/fileName/BaseRenderTextureInput.cs: 5dc13661a5a0dca5d09ca211933a44e2 -> 
  custom:scripting/monoscript/fileName/StatusBarHelper.cs: da04a6ed046f8a62f416d5d3ea415bef -> 
  custom:scripting/precompiled-assembly-types:Unity.Recorder: bd5378c99f6216e06dd6e2c2a60a86a4 -> 
  custom:CustomObjectIndexerAttribute: 9a22284fe3817be447336de3de66b15e -> 
  custom:scripting/monoscript/fileName/Camera360InputSettings.cs: 3d5eaf1cb3a9df6f9d1d52f3c3018c46 -> 
  custom:scripting/monoscript/fileName/PNGRecorderSettingsEditor.cs: 4970e6657bb34f7efc2c7d8168c7358b -> 
  custom:scripting/monoscript/fileName/ImageHeightSelector.cs: d1a7972bf1d79d90f09ab23c718afe39 -> 
  custom:scripting/monoscript/fileName/AnimationInputSettings.cs: d64a99ebbd13660e9264cb4111ab9832 -> 
  custom:scripting/monoscript/fileName/MP4RecorderSettings.cs: 551f5535c05b86d6ee91684eced14987 -> 
  custom:scripting/monoscript/fileName/RecorderPreferencesSettings.cs: 761b0a55fc5e50239a1d0c4bfc968274 -> 
  custom:container-demuxer-webm: 4f35f7cbe854078d1ac9338744f61a02 -> 
  custom:scripting/monoscript/fileName/RecorderSettingsPrefsEditor.cs: ba9e697f1d269c2c960a41bc543fa408 -> 
  custom:scripting/monoscript/fileName/ProResWrapper.cs: 712515ef615766c98115c6a20d85d6c8 -> 
  custom:scripting/monoscript/fileName/RecordModePropertyDrawer.cs: 165332db07362bbcab2d8dc6d1e1dfda -> 
  custom:scripting/monoscript/fileName/ImageInputSettings.cs: 98a2aedd167d40f01804b04845eeaf15 -> 
  custom:scripting/monoscript/fileName/SerializableObjHelper.cs: f19f181f3f05e8e393225dd7030fb66a -> 
  custom:scripting/monoscript/fileName/InputPropertyDrawer.cs: 90647cc400823b41df847a6cbfc29026 -> 
  custom:scripting/monoscript/fileName/AudioInputSettings.cs: a2c930fca1dd5e27705fbacf39727bb4 -> 
  custom:scripting/monoscript/fileName/InputSettings.cs: 35c56ce5488c6b464726305dcbd33b3d -> 
  custom:scripting/monoscript/fileName/RecorderEditor.cs: 736e59ba52eea987abc47f36a836e575 -> 
  custom:scripting/monoscript/fileName/AudioRecorderSettings.cs: 0b00f2c93558486cc61a06f270f43fea -> 
  custom:scripting/monoscript/fileName/RecordersInventory.cs: fb714c8df18f9b7fc7f3361f604ae3dc -> 
  custom:scripting/monoscript/fileName/BaseFCRecorderSettings.cs: fab928553cedb8703ac192d6cf7b6294 -> 
  custom:scripting/monoscript/fileName/AOVRecorderSettings.cs: cdc731153cd2f1f739300a28ea6a6608 -> 
  custom:scripting/monoscript/fileName/EXRCompressionTypeDrawer.cs: 301cb614ecf84a4dab346c5f76ea2016 -> 
  custom:scripting/monoscript/fileName/AOVRecorder.cs: c53e83f1863b3ea80b6df3885cdb8c82 -> 
  custom:scripting/monoscript/fileName/IEncoderSettings.cs: c7d04fadacf538db841606cc656ae724 -> 
  custom:scripting/monoscript/fileName/ShutterProfileTypePropertyDrawer.cs: 18a32c647eca27716eabcb5a44f00e32 -> 
  custom:scripting/monoscript/fileName/MovieRecorderEditor.cs: eb00ddb8a76b8dfb7c88b7826a49d38b -> 
  custom:scripting/monoscript/fileName/RenderTextureInputSettingsPropertyDrawer.cs: 809602b52454cd1e6229756218a8f453 -> 
  custom:scripting/monoscript/fileName/RecorderPlayableBehaviour.cs: 80165a21f4cd0dda690f708a19d389bd -> 
  custom:scripting/monoscript/fileName/GifEncoderSettingsPropertyDrawer.cs: b36c9a7eaaefccda514b23d7e14761ca -> 
  custom:scripting/monoscript/fileName/PNGRecorder.cs: 08fd40f88cb6b18c96882f263639f57d -> 
  custom:scripting/monoscript/fileName/CameraInputSettingsPropertyDrawer.cs: 91928abf1abf88be098cb088d896aec5 -> 
  custom:scripting/monoscript/fileName/AudioRecorderEditor.cs: 565168dec291afe3fa470657cfc2c123 -> 
  custom:scripting/monoscript/fileName/AOVRecorderEditor.cs: 5ca53ccd6d7645709639507726114395 -> 
  custom:container-muxer-webm: aa71ff27fc2769a1b78a27578f13a17b -> 
  custom:video-decoder-webm-vp8: 9c59270c3fd7afecdb556c50c9e8de78 -> 
  custom:scripting/monoscript/fileName/RecordingSession.cs: f3ad08157c278a036224ca395f350890 -> 
  custom:scripting/monoscript/fileName/GameViewSize.cs: f6128a6515fcafce6db32fcdfa107254 -> 
  custom:scripting/monoscript/fileName/UnityHelpers.cs: b3e077029b574be508585124a9d839ef -> 
  custom:SearchIndexIgnoredProperties: e643bd26f0fe6173181afceb89e7c659 -> 
  custom:scripting/monoscript/fileName/GIFRecorder.cs: c00ece885699fb9084deaccd3eb27518 -> 
  custom:AudioImporter_EditorPlatform: d09bf68614088b80899f8185d706f6e7 -> 
  custom:scripting/monoscript/fileName/EXRRecorder.cs: 3f576ce8ddd959d51a4d7ba1999ecdbb -> 
  custom:scripting/monoscript/fileName/WEBMRecorder.cs: 391b6b920cfbc02401ea522620320c93 -> 
  custom:scripting/monoscript/fileName/RenderTextureSampler.cs: 1a7b9abab9548e1054dc40d6e2fa0270 -> 
  custom:scripting/monoscript/fileName/GifEncoder.cs: 40f336d5c5042a8a04556b4c5804a538 -> 
  custom:scripting/monoscript/fileName/GenericRecorder.cs: 90647cc400823b41df847a6cbfc29026 -> 
  custom:scripting/monoscript/fileName/ImageInputSelector.cs: f55822da877594150873922341be92b6 -> 
  custom:scripting/monoscript/fileName/AnimationRecorderSettingsEditor.cs: db1294bf3d48be44b6e4b2f2cc100b02 -> 
  custom:scripting/monoscript/fileName/RecorderTrack.cs: fac9638ece7eb7daaa1302fa170613fd -> 
  custom:scripting/monoscript/fileName/InputSettingsSelector.cs: 499a4ec92267406782b5c4f3472d53b9 -> 
  custom:scripting/monoscript/fileName/FileNameGenerator.cs: 5c8b6eb5291c3311189e0dfadac99363 -> 
  custom:scripting/monoscript/fileName/RecorderItem.cs: b62d2fcb9547a248575727d8a1646db8 -> 
  custom:scripting/monoscript/fileName/TextureFlipper.cs: 825b503b2ddab9cbd8ebbf3038075092 -> 
  custom:scripting/monoscript/fileName/AccumulationSettings.cs: fb962f0c2333934b681b167574f5e1cd -> 
  custom:scripting/monoscript/fileName/Camera360InputPropertyDrawer.cs: af647a2fe91bec98139246321cac865d -> 
  custom:scripting/monoscript/fileName/RecorderClipEditor.cs: 947ad5ff1f968d7fc40767d187070964 -> 
  custom:scripting/monoscript/fileName/EXRRecorderSettingsEditor.cs: c520a04c5f01331f2c8800e289ef6d6f -> 
  custom:scripting/monoscript/fileName/CoreEncoder.cs: dfaed86e82ad12e6a2b6740a0fb35820 -> 
  custom:scripting/monoscript/fileName/PNGRecorderSettings.cs: 79a421225358808ff14dd88c0355d1b6 -> 
  custom:scripting/monoscript/fileName/AspectRatioPropertyDrawer.cs: 9f18568574138839573389bde3e660a7 -> 
  custom:scripting/monoscript/fileName/ProResEncoder.cs: b375bf2d41e3d89081c3f2d1a0823bf3 -> 
  custom:scripting/monoscript/fileName/CameraInput.cs: bf7e0df3caf9e500f6d1c98c99e165ba -> 
  custom:scripting/monoscript/fileName/RecorderSettings.cs: bc3ef26ac157af28e5460886c0d5ef2e -> 
  custom:scripting/monoscript/fileName/RecorderClipTimelineEditor.cs: 2995d9f50ebc9245c6e9bd75c56415fb -> 
  custom:scripting/monoscript/fileName/EncoderSettingsAttribute.cs: 8352396dc11cff58c65c429fdb4fc67e -> 
  custom:scripting/monoscript/fileName/MP4Recorder.cs: af531c4e1f6d23547da08837eb16b729 -> 
  custom:scripting/monoscript/fileName/EncoderTypeUtilities.cs: a12c4c78a6cd4fb6b93180d59ad77be8 -> 
  custom:scripting/monoscript/fileName/PooledBufferAsyncGPUReadback.cs: 2a4e50c5dda177306c9ec935763c4378 -> 
  custom:scripting/monoscript/fileName/AnimationRecorder.cs: f749a4250195b5467bbf05e3a976b59f -> 
  custom:scripting/precompiled-assembly-types:Unity.Recorder.Base: 3fec19fdf10e3518c41e41a932f2042f -> 
  custom:scripting/monoscript/fileName/AnimationRecorderSettings.cs: 5cfb1544a40f93fe0ea879bb1361c877 -> 
  custom:scripting/monoscript/fileName/RenderTextureSamplerSettings.cs: 68adab84706346f2ecbdfd649ca9cf61 -> 
  custom:scripting/monoscript/fileName/RecordingContext.cs: af9af1e8b283703482ba133924b5585a -> 
  custom:scripting/monoscript/fileName/RecorderSelector.cs: c3cd2caacd181d6eff54dc260c4a1ffb -> 
  custom:video-encoder-webm-vp8: eb34c28f22e8b96e1ab97ce403110664 -> 
  custom:scripting/monoscript/fileName/RecorderInput.cs: 88fd8d8fd71b34ed7298a01f6c2d2e40 -> 
  custom:scripting/monoscript/fileName/RenderTextureSamplerPropertyDrawer.cs: b541817d9cc9b1341d2ddfa8823b718d -> 
  custom:scripting/monoscript/fileName/RecorderSettingsAttribute.cs: ddd228b25da7ba2ac10d13e1efacc875 -> 
  custom:audio-decoder-ogg-vorbis: bf7c407c2cedff20999df2af8eb42d56 -> 
  custom:scripting/monoscript/fileName/OutputPathDrawer.cs: cffc34c1be094e6caeb13ff3b26ca679 -> 
  custom:scripting/monoscript/fileName/EditorVersionsHelper.cs: 3ad9098caeeff0295dba8c0911f5333a -> 
  custom:scripting/monoscript/fileName/SettingAsset.cs: 7c3790954696ae83d71055079b387931 -> 
  custom:scripting/monoscript/fileName/OutputResolution.cs: 31c632d97e9a69bcc2ef10f6feb5bf62 -> 
  custom:scripting/monoscript/fileName/AccumulationSettingsPropertyDrawer.cs: bfc920db0de3c29c2967e88aac1c1027 -> 
  custom:scripting/monoscript/fileName/AnimationInputSettingsPropertyDrawer.cs: ebe1771fecebe7a93badf6354f59c990 -> 
  custom:scripting/monoscript/fileName/CoreEncoderSettings.cs: 2b5db1db3c1fa7de4175a7e143de3ce5 -> 
  custom:scripting/monoscript/fileName/VisualListItem.cs: 90647cc400823b41df847a6cbfc29026 -> 
  custom:scripting/monoscript/fileName/FrameRateProperyDrawer.cs: c478c798f5354f66af45b380be0629f9 -> 
  custom:scripting/monoscript/fileName/InputSettingsSelectorDrawer.cs: bca46dd5b59e2f574c94bef4cdb878fb -> 
  custom:scripting/monoscript/fileName/RecorderWindow.cs: 553a30d64d5ef1dcad6b00b4eeeb3829 -> 
  custom:scripting/monoscript/fileName/AOVCameraInputSettings.cs: 4d2fdf1142ce53d73cb43d39944ba516 -> 
  custom:scripting/monoscript/fileName/EnumProperyDrawer.cs: 90647cc400823b41df847a6cbfc29026 -> 
  custom:scripting/monoscript/fileName/AOVImageInputSelector.cs: b741d8d3a7cbb503c5bdf23d7e6792db -> 
  custom:scripting/monoscript/fileName/CoreEncoderSettingsPropertyDrawer.cs: c8bdf3420d844fd4604c0d0cf3815355 -> 
  custom:scripting/monoscript/fileName/GifEncoderSettings.cs: 812ca6afdf48b830953d76adab9d4030 -> 
  custom:scripting/monoscript/fileName/GIFRecorderSettingsEditor.cs: 4d0f46bcf58d188895fabae5334995ae -> 
  custom:scripting/monoscript/fileName/IEncoder.cs: 007c2ef621b0d92b5a7a6bae91d26090 -> 
  custom:scripting/monoscript/fileName/RecorderOptions.cs: 74782d297e80d8f56c0e05a7cde4e51d -> 
  custom:scripting/precompiled-assembly-types:Unity.Recorder.Editor: cd22b836ef1ca10e7d8c91c9be46b4bf -> 
  custom:scripting/monoscript/fileName/ProResEncoderSettingsPropertyDrawer.cs: 68c25e6d4459336217d4b9e22eb707b4 -> 
  custom:scripting/monoscript/fileName/ImageRecorder.cs: b804c29bfc59a61db184c1d275fe4101 -> 
  custom:scripting/monoscript/fileName/EditableLabel.cs: 4f8fa2c6092744ed6607a411e3f617c0 -> 
  custom:scripting/monoscript/fileName/GameViewInput.cs: 596e7ffa2d11b2002176644af3247ea6 -> 
  custom:audio-encoder-webm-vorbis: bf7c407c2cedff20999df2af8eb42d56 -> 
  custom:scripting/monoscript/fileName/SerializedDictionnary.cs: 90647cc400823b41df847a6cbfc29026 -> 
  custom:scripting/monoscript/fileName/HammersleySequence.cs: b06601f044912976f668045b7d4c79a8 -> 
  custom:scripting/monoscript/fileName/_RecorderComponent.cs: 8c268d1df4e18643d83ea9c6eeba2d9f -> 
  custom:scripting/monoscript/fileName/IAccumulation.cs: 38dee62d444423165276e3254554d005 -> 
  custom:scripting/monoscript/fileName/RecorderController.cs: 5760bd2995080b8d0d9d9e88ab8933c6 -> 
  custom:scripting/monoscript/fileName/EXRRecorderSettings.cs: bf113df492cb5b25e11ec144a73c2f74 -> 
========================================================================
Received Prepare
Caller must complete domain reload
Begin MonoManager ReloadAssembly
- Loaded All Assemblies, in  0.410 seconds
Native extension for WindowsStandalone target not found
Native extension for iOS target not found
Native extension for Android target not found
Mono: successfully reloaded assembly
- Finished resetting the current domain, in  0.987 seconds
Domain Reload Profiling: 1393ms
	BeginReloadAssembly (128ms)
		ExecutionOrderSort (0ms)
		DisableScriptedObjects (4ms)
		BackupInstance (0ms)
		ReleaseScriptingObjects (0ms)
		CreateAndSetChildDomain (24ms)
	RebuildCommonClasses (25ms)
	RebuildNativeTypeToScriptingClass (8ms)
	initialDomainReloadingComplete (27ms)
	LoadAllAssembliesAndSetupDomain (217ms)
		LoadAssemblies (278ms)
		RebuildTransferFunctionScriptingTraits (0ms)
		AnalyzeDomain (11ms)
			TypeCache.Refresh (5ms)
				TypeCache.ScanAssembly (0ms)
			ScanForSourceGeneratedMonoScriptInfo (0ms)
			ResolveRequiredComponents (5ms)
	FinalizeReload (987ms)
		ReleaseScriptCaches (0ms)
		RebuildScriptCaches (0ms)
		SetupLoadedEditorAssemblies (475ms)
			LogAssemblyErrors (0ms)
			InitializePlatformSupportModulesInManaged (27ms)
			SetLoadedEditorAssemblies (3ms)
			RefreshPlugins (0ms)
			BeforeProcessingInitializeOnLoad (83ms)
			ProcessInitializeOnLoadAttributes (334ms)
			ProcessInitializeOnLoadMethodAttributes (18ms)
			AfterProcessingInitializeOnLoad (9ms)
			EditorAssembliesLoaded (0ms)
		ExecutionOrderSort2 (0ms)
		AwakeInstancesAfterBackupRestoration (5ms)
Refreshing native plugins compatible for Editor in 5.09 ms, found 6 plugins.
Preloading 0 native plugins for Editor in 0.00 ms.
Unloading 3256 Unused Serialized files (Serialized files now loaded: 0)
Unloading 22 unused Assets / (337.2 KB). Loaded Objects now: 3750.
Memory consumption went from 123.2 MB to 122.9 MB.
Total: 2.352800 ms (FindLiveObjects: 0.188500 ms CreateObjectMapping: 0.075500 ms MarkObjects: 1.920000 ms  DeleteObjects: 0.168000 ms)

Prepare: number of updated asset objects reloaded= 0
AssetImportParameters requested are different than current active one (requested -> active):
  custom:scripting/monoscript/fileName/WEBMRecorderSettingsEditor.cs: 5559c87f45d3b65fac8d5ac4ef5e81c8 -> 
  custom:scripting/monoscript/fileName/UIElementHelper.cs: 9f9438adfe3361012ea6280d4cdb2df4 -> 
  custom:scripting/monoscript/fileName/AOVCameraInput.cs: c23c8ce885672bc57e25263b3efd067a -> 
  custom:scripting/monoscript/fileName/BaseTextureRecorder.cs: 90647cc400823b41df847a6cbfc29026 -> 
  custom:scripting/monoscript/fileName/Recorder.cs: a7e319d512627774f8215ba0b76f0bcb -> 
  custom:scripting/monoscript/fileName/AudioRecorder.cs: 89550121570f22445b4a1b28daea3cf9 -> 
  custom:scripting/monoscript/fileName/PanelSplitter.cs: 5ff6c6e385b6b12ca322a9c92ac6f371 -> 
  custom:scripting/monoscript/fileName/ImageRecorderSettings.cs: a7ab05fac9382c03607c40fe73956ed6 -> 
  custom:scripting/monoscript/fileName/RecorderClip.cs: 897017f45cb3c30f306724d1fa17a8fe -> 
  custom:scripting/monoscript/fileName/GIFRecorderSettings.cs: 979f88ae1e7731daed242ab2fdebbc0e -> 
  custom:container-demuxer-ogg: 62fdf1f143b41e24485cea50d1cbac27 -> 
  custom:scripting/monoscript/fileName/MovieRecorder.cs: 024785cf83e1399f425b2aa115d22e2b -> 
  custom:scripting/monoscript/fileName/RecorderControllerSettingsPresetEditor.cs: 49aed206ae65ed5ac6b420f7104cd52d -> 
  custom:scripting/monoscript/fileName/AudioInput.cs: 499e96d8f0b35d362bd956c0975bb873 -> 
  custom:scripting/monoscript/fileName/WEBMRecorderSettings.cs: c176c43abbe456aeea55c2aef862801b -> 
  custom:scripting/monoscript/fileName/RecorderControllerSettingsPreset.cs: 78b391c1384ac60213ef58d50e78d553 -> 
  custom:scripting/monoscript/fileName/GameViewInputSettings.cs: a7ae22123f532f5bbcb39c654c998b57 -> 
  custom:scripting/monoscript/fileName/GameViewInputPropertyDrawer.cs: ae2c8a99c5e33d3d1ffc8232415130e8 -> 
  custom:scripting/monoscript/fileName/Camera360Input.cs: dc473b118c57e0734b0cd3476e333c06 -> 
  custom:scripting/monoscript/fileName/RecorderPreferencesSettingsProvider.cs: d92d314b87f7c2170e267636ebf38224 -> 
  custom:scripting/monoscript/fileName/RecorderBindings.cs: ac25db5b587307cfea909607f62e5641 -> 
  custom:video-decoder-ogg-theora: a1e56fd34408186e4bbccfd4996cb3dc -> 
  custom:scripting/monoscript/fileName/GIFWrapper.cs: 6ef8898a12699129e8f81f06a649cad1 -> 
  custom:scripting/monoscript/fileName/SceneHook.cs: 80fa8928b499d44515dd60e0bc895128 -> 
  custom:scripting/monoscript/fileName/AnimationInput.cs: e810137278708a698c5ccddaeb1a1e64 -> 
  custom:scripting/monoscript/fileName/OutputResolutionPropertyDrawer.cs: 0e33ffdf424417a2e685685cfc04d4b1 -> 
  custom:scripting/monoscript/fileName/EnumHelper.cs: 117b5609cc2a1ae41785cd0c8767815f -> 
  custom:scripting/monoscript/fileName/OutputPath.cs: ee51fcffcd8929d224a5e3fb152d5f62 -> 
  custom:scripting/monoscript/fileName/FileNameGeneratorDrawer.cs: a3ea71dec141084df9b7ffa19c11e2cb -> 
  custom:framework-win-MediaFoundation: 216162199b28c13a410421893ffa2e32 -> 
  custom:scripting/monoscript/fileName/RecorderPreferencesWindowGUIScope.cs: 7a2eba6fcb6829ea8b200991a02c9c06 -> 
  custom:scripting/monoscript/fileName/AspectRatio.cs: 18e3efa554f8258b676d4de53e38b642 -> 
  custom:scripting/monoscript/fileName/CameraInputSettings.cs: 6738f6dd994f658d2cbf6f5f3ba05a0e -> 
  custom:scripting/monoscript/fileName/RefHandle.cs: 90647cc400823b41df847a6cbfc29026 -> 
  custom:scripting/monoscript/fileName/CameraCapture.cs: c6dcba1380d9a4fa09f4e36182a45a73 -> 
  custom:scripting/monoscript/fileName/RecorderControllerSettings.cs: 989e0caa64af9b76551d4ff6bd15f598 -> 
  custom:scripting/monoscript/fileName/TargetedPropertyDrawer.cs: 90647cc400823b41df847a6cbfc29026 -> 
  custom:scripting/monoscript/fileName/MovieRecorderSettings.cs: 02a667a67b113b1f65e3fcadcc882513 -> 
  custom:scripting/monoscript/fileName/RenderTextureInputSettings.cs: ebca820667a63031a7597db85d26451a -> 
  custom:scripting/monoscript/fileName/ImageRecorderEditor.cs: d3134ae4c1dfd8e056bace11130b7692 -> 
  custom:scripting/monoscript/fileName/ProResEncoderSettings.cs: 4aca03881946a7fe9acacf199434009e -> 
  custom:scripting/monoscript/fileName/_FrameRequestComponent.cs: b34f171daaafc65da55ea68e2ed89f2b -> 
  custom:scripting/monoscript/fileName/RenderTextureInput.cs: 5dea77837ae3c82bb14643cd82dc06dc -> 
  custom:scripting/monoscript/fileName/RecorderAnalytics.cs: 0fa40093f6ac3fe75e92d746d563e5ee -> 
  custom:scripting/monoscript/fileName/MP4RecorderSettingsEditor.cs: 68a64b16a7961d71fa7286fd1f782e9b -> 
  custom:scripting/monoscript/fileName/RecorderBindingsEditor.cs: f7451a0e1cea6404b2976d2b2c42e273 -> 
  custom:scripting/monoscript/fileName/BaseRenderTextureInput.cs: 5dc13661a5a0dca5d09ca211933a44e2 -> 
  custom:scripting/monoscript/fileName/StatusBarHelper.cs: da04a6ed046f8a62f416d5d3ea415bef -> 
  custom:scripting/precompiled-assembly-types:Unity.Recorder: bd5378c99f6216e06dd6e2c2a60a86a4 -> 
  custom:CustomObjectIndexerAttribute: 9a22284fe3817be447336de3de66b15e -> 
  custom:scripting/monoscript/fileName/Camera360InputSettings.cs: 3d5eaf1cb3a9df6f9d1d52f3c3018c46 -> 
  custom:scripting/monoscript/fileName/PNGRecorderSettingsEditor.cs: 4970e6657bb34f7efc2c7d8168c7358b -> 
  custom:scripting/monoscript/fileName/ImageHeightSelector.cs: d1a7972bf1d79d90f09ab23c718afe39 -> 
  custom:scripting/monoscript/fileName/AnimationInputSettings.cs: d64a99ebbd13660e9264cb4111ab9832 -> 
  custom:scripting/monoscript/fileName/MP4RecorderSettings.cs: 551f5535c05b86d6ee91684eced14987 -> 
  custom:scripting/monoscript/fileName/RecorderPreferencesSettings.cs: 761b0a55fc5e50239a1d0c4bfc968274 -> 
  custom:container-demuxer-webm: 4f35f7cbe854078d1ac9338744f61a02 -> 
  custom:scripting/monoscript/fileName/RecorderSettingsPrefsEditor.cs: ba9e697f1d269c2c960a41bc543fa408 -> 
  custom:scripting/monoscript/fileName/ProResWrapper.cs: 712515ef615766c98115c6a20d85d6c8 -> 
  custom:scripting/monoscript/fileName/RecordModePropertyDrawer.cs: 165332db07362bbcab2d8dc6d1e1dfda -> 
  custom:scripting/monoscript/fileName/ImageInputSettings.cs: 98a2aedd167d40f01804b04845eeaf15 -> 
  custom:scripting/monoscript/fileName/SerializableObjHelper.cs: f19f181f3f05e8e393225dd7030fb66a -> 
  custom:scripting/monoscript/fileName/InputPropertyDrawer.cs: 90647cc400823b41df847a6cbfc29026 -> 
  custom:scripting/monoscript/fileName/AudioInputSettings.cs: a2c930fca1dd5e27705fbacf39727bb4 -> 
  custom:scripting/monoscript/fileName/InputSettings.cs: 35c56ce5488c6b464726305dcbd33b3d -> 
  custom:scripting/monoscript/fileName/RecorderEditor.cs: 736e59ba52eea987abc47f36a836e575 -> 
  custom:scripting/monoscript/fileName/AudioRecorderSettings.cs: 0b00f2c93558486cc61a06f270f43fea -> 
  custom:scripting/monoscript/fileName/RecordersInventory.cs: fb714c8df18f9b7fc7f3361f604ae3dc -> 
  custom:scripting/monoscript/fileName/BaseFCRecorderSettings.cs: fab928553cedb8703ac192d6cf7b6294 -> 
  custom:scripting/monoscript/fileName/AOVRecorderSettings.cs: cdc731153cd2f1f739300a28ea6a6608 -> 
  custom:scripting/monoscript/fileName/EXRCompressionTypeDrawer.cs: 301cb614ecf84a4dab346c5f76ea2016 -> 
  custom:scripting/monoscript/fileName/AOVRecorder.cs: c53e83f1863b3ea80b6df3885cdb8c82 -> 
  custom:scripting/monoscript/fileName/IEncoderSettings.cs: c7d04fadacf538db841606cc656ae724 -> 
  custom:scripting/monoscript/fileName/ShutterProfileTypePropertyDrawer.cs: 18a32c647eca27716eabcb5a44f00e32 -> 
  custom:scripting/monoscript/fileName/MovieRecorderEditor.cs: eb00ddb8a76b8dfb7c88b7826a49d38b -> 
  custom:scripting/monoscript/fileName/RenderTextureInputSettingsPropertyDrawer.cs: 809602b52454cd1e6229756218a8f453 -> 
  custom:scripting/monoscript/fileName/RecorderPlayableBehaviour.cs: 80165a21f4cd0dda690f708a19d389bd -> 
  custom:scripting/monoscript/fileName/GifEncoderSettingsPropertyDrawer.cs: b36c9a7eaaefccda514b23d7e14761ca -> 
  custom:scripting/monoscript/fileName/PNGRecorder.cs: 08fd40f88cb6b18c96882f263639f57d -> 
  custom:scripting/monoscript/fileName/CameraInputSettingsPropertyDrawer.cs: 91928abf1abf88be098cb088d896aec5 -> 
  custom:scripting/monoscript/fileName/AudioRecorderEditor.cs: 565168dec291afe3fa470657cfc2c123 -> 
  custom:scripting/monoscript/fileName/AOVRecorderEditor.cs: 5ca53ccd6d7645709639507726114395 -> 
  custom:container-muxer-webm: aa71ff27fc2769a1b78a27578f13a17b -> 
  custom:video-decoder-webm-vp8: 9c59270c3fd7afecdb556c50c9e8de78 -> 
  custom:scripting/monoscript/fileName/RecordingSession.cs: f3ad08157c278a036224ca395f350890 -> 
  custom:scripting/monoscript/fileName/GameViewSize.cs: f6128a6515fcafce6db32fcdfa107254 -> 
  custom:scripting/monoscript/fileName/UnityHelpers.cs: b3e077029b574be508585124a9d839ef -> 
  custom:SearchIndexIgnoredProperties: e643bd26f0fe6173181afceb89e7c659 -> 
  custom:scripting/monoscript/fileName/GIFRecorder.cs: c00ece885699fb9084deaccd3eb27518 -> 
  custom:AudioImporter_EditorPlatform: d09bf68614088b80899f8185d706f6e7 -> 
  custom:scripting/monoscript/fileName/EXRRecorder.cs: 3f576ce8ddd959d51a4d7ba1999ecdbb -> 
  custom:scripting/monoscript/fileName/WEBMRecorder.cs: 391b6b920cfbc02401ea522620320c93 -> 
  custom:scripting/monoscript/fileName/RenderTextureSampler.cs: 1a7b9abab9548e1054dc40d6e2fa0270 -> 
  custom:scripting/monoscript/fileName/GifEncoder.cs: 40f336d5c5042a8a04556b4c5804a538 -> 
  custom:scripting/monoscript/fileName/GenericRecorder.cs: 90647cc400823b41df847a6cbfc29026 -> 
  custom:scripting/monoscript/fileName/ImageInputSelector.cs: f55822da877594150873922341be92b6 -> 
  custom:scripting/monoscript/fileName/AnimationRecorderSettingsEditor.cs: db1294bf3d48be44b6e4b2f2cc100b02 -> 
  custom:scripting/monoscript/fileName/RecorderTrack.cs: fac9638ece7eb7daaa1302fa170613fd -> 
  custom:scripting/monoscript/fileName/InputSettingsSelector.cs: 499a4ec92267406782b5c4f3472d53b9 -> 
  custom:scripting/monoscript/fileName/FileNameGenerator.cs: 5c8b6eb5291c3311189e0dfadac99363 -> 
  custom:scripting/monoscript/fileName/RecorderItem.cs: b62d2fcb9547a248575727d8a1646db8 -> 
  custom:scripting/monoscript/fileName/TextureFlipper.cs: 825b503b2ddab9cbd8ebbf3038075092 -> 
  custom:scripting/monoscript/fileName/AccumulationSettings.cs: fb962f0c2333934b681b167574f5e1cd -> 
  custom:scripting/monoscript/fileName/Camera360InputPropertyDrawer.cs: af647a2fe91bec98139246321cac865d -> 
  custom:scripting/monoscript/fileName/RecorderClipEditor.cs: 947ad5ff1f968d7fc40767d187070964 -> 
  custom:scripting/monoscript/fileName/EXRRecorderSettingsEditor.cs: c520a04c5f01331f2c8800e289ef6d6f -> 
  custom:scripting/monoscript/fileName/CoreEncoder.cs: dfaed86e82ad12e6a2b6740a0fb35820 -> 
  custom:scripting/monoscript/fileName/PNGRecorderSettings.cs: 79a421225358808ff14dd88c0355d1b6 -> 
  custom:scripting/monoscript/fileName/AspectRatioPropertyDrawer.cs: 9f18568574138839573389bde3e660a7 -> 
  custom:scripting/monoscript/fileName/ProResEncoder.cs: b375bf2d41e3d89081c3f2d1a0823bf3 -> 
  custom:scripting/monoscript/fileName/CameraInput.cs: bf7e0df3caf9e500f6d1c98c99e165ba -> 
  custom:scripting/monoscript/fileName/RecorderSettings.cs: bc3ef26ac157af28e5460886c0d5ef2e -> 
  custom:scripting/monoscript/fileName/RecorderClipTimelineEditor.cs: 2995d9f50ebc9245c6e9bd75c56415fb -> 
  custom:scripting/monoscript/fileName/EncoderSettingsAttribute.cs: 8352396dc11cff58c65c429fdb4fc67e -> 
  custom:scripting/monoscript/fileName/MP4Recorder.cs: af531c4e1f6d23547da08837eb16b729 -> 
  custom:scripting/monoscript/fileName/EncoderTypeUtilities.cs: a12c4c78a6cd4fb6b93180d59ad77be8 -> 
  custom:scripting/monoscript/fileName/PooledBufferAsyncGPUReadback.cs: 2a4e50c5dda177306c9ec935763c4378 -> 
  custom:scripting/monoscript/fileName/AnimationRecorder.cs: f749a4250195b5467bbf05e3a976b59f -> 
  custom:scripting/precompiled-assembly-types:Unity.Recorder.Base: 3fec19fdf10e3518c41e41a932f2042f -> 
  custom:scripting/monoscript/fileName/AnimationRecorderSettings.cs: 5cfb1544a40f93fe0ea879bb1361c877 -> 
  custom:scripting/monoscript/fileName/RenderTextureSamplerSettings.cs: 68adab84706346f2ecbdfd649ca9cf61 -> 
  custom:scripting/monoscript/fileName/RecordingContext.cs: af9af1e8b283703482ba133924b5585a -> 
  custom:scripting/monoscript/fileName/RecorderSelector.cs: c3cd2caacd181d6eff54dc260c4a1ffb -> 
  custom:video-encoder-webm-vp8: eb34c28f22e8b96e1ab97ce403110664 -> 
  custom:scripting/monoscript/fileName/RecorderInput.cs: 88fd8d8fd71b34ed7298a01f6c2d2e40 -> 
  custom:scripting/monoscript/fileName/RenderTextureSamplerPropertyDrawer.cs: b541817d9cc9b1341d2ddfa8823b718d -> 
  custom:scripting/monoscript/fileName/RecorderSettingsAttribute.cs: ddd228b25da7ba2ac10d13e1efacc875 -> 
  custom:audio-decoder-ogg-vorbis: bf7c407c2cedff20999df2af8eb42d56 -> 
  custom:scripting/monoscript/fileName/OutputPathDrawer.cs: cffc34c1be094e6caeb13ff3b26ca679 -> 
  custom:scripting/monoscript/fileName/EditorVersionsHelper.cs: 3ad9098caeeff0295dba8c0911f5333a -> 
  custom:scripting/monoscript/fileName/SettingAsset.cs: 7c3790954696ae83d71055079b387931 -> 
  custom:scripting/monoscript/fileName/OutputResolution.cs: 31c632d97e9a69bcc2ef10f6feb5bf62 -> 
  custom:scripting/monoscript/fileName/AccumulationSettingsPropertyDrawer.cs: bfc920db0de3c29c2967e88aac1c1027 -> 
  custom:scripting/monoscript/fileName/AnimationInputSettingsPropertyDrawer.cs: ebe1771fecebe7a93badf6354f59c990 -> 
  custom:scripting/monoscript/fileName/CoreEncoderSettings.cs: 2b5db1db3c1fa7de4175a7e143de3ce5 -> 
  custom:scripting/monoscript/fileName/VisualListItem.cs: 90647cc400823b41df847a6cbfc29026 -> 
  custom:scripting/monoscript/fileName/FrameRateProperyDrawer.cs: c478c798f5354f66af45b380be0629f9 -> 
  custom:scripting/monoscript/fileName/InputSettingsSelectorDrawer.cs: bca46dd5b59e2f574c94bef4cdb878fb -> 
  custom:scripting/monoscript/fileName/RecorderWindow.cs: 553a30d64d5ef1dcad6b00b4eeeb3829 -> 
  custom:scripting/monoscript/fileName/AOVCameraInputSettings.cs: 4d2fdf1142ce53d73cb43d39944ba516 -> 
  custom:scripting/monoscript/fileName/EnumProperyDrawer.cs: 90647cc400823b41df847a6cbfc29026 -> 
  custom:scripting/monoscript/fileName/AOVImageInputSelector.cs: b741d8d3a7cbb503c5bdf23d7e6792db -> 
  custom:scripting/monoscript/fileName/CoreEncoderSettingsPropertyDrawer.cs: c8bdf3420d844fd4604c0d0cf3815355 -> 
  custom:scripting/monoscript/fileName/GifEncoderSettings.cs: 812ca6afdf48b830953d76adab9d4030 -> 
  custom:scripting/monoscript/fileName/GIFRecorderSettingsEditor.cs: 4d0f46bcf58d188895fabae5334995ae -> 
  custom:scripting/monoscript/fileName/IEncoder.cs: 007c2ef621b0d92b5a7a6bae91d26090 -> 
  custom:scripting/monoscript/fileName/RecorderOptions.cs: 74782d297e80d8f56c0e05a7cde4e51d -> 
  custom:scripting/precompiled-assembly-types:Unity.Recorder.Editor: cd22b836ef1ca10e7d8c91c9be46b4bf -> 
  custom:scripting/monoscript/fileName/ProResEncoderSettingsPropertyDrawer.cs: 68c25e6d4459336217d4b9e22eb707b4 -> 
  custom:scripting/monoscript/fileName/ImageRecorder.cs: b804c29bfc59a61db184c1d275fe4101 -> 
  custom:scripting/monoscript/fileName/EditableLabel.cs: 4f8fa2c6092744ed6607a411e3f617c0 -> 
  custom:scripting/monoscript/fileName/GameViewInput.cs: 596e7ffa2d11b2002176644af3247ea6 -> 
  custom:audio-encoder-webm-vorbis: bf7c407c2cedff20999df2af8eb42d56 -> 
  custom:scripting/monoscript/fileName/SerializedDictionnary.cs: 90647cc400823b41df847a6cbfc29026 -> 
  custom:scripting/monoscript/fileName/HammersleySequence.cs: b06601f044912976f668045b7d4c79a8 -> 
  custom:scripting/monoscript/fileName/_RecorderComponent.cs: 8c268d1df4e18643d83ea9c6eeba2d9f -> 
  custom:scripting/monoscript/fileName/IAccumulation.cs: 38dee62d444423165276e3254554d005 -> 
  custom:scripting/monoscript/fileName/RecorderController.cs: 5760bd2995080b8d0d9d9e88ab8933c6 -> 
  custom:scripting/monoscript/fileName/EXRRecorderSettings.cs: bf113df492cb5b25e11ec144a73c2f74 -> 
========================================================================
Received Prepare
Caller must complete domain reload
Begin MonoManager ReloadAssembly
- Loaded All Assemblies, in  0.418 seconds
Native extension for WindowsStandalone target not found
Native extension for iOS target not found
Native extension for Android target not found
Mono: successfully reloaded assembly
- Finished resetting the current domain, in  1.068 seconds
Domain Reload Profiling: 1483ms
	BeginReloadAssembly (130ms)
		ExecutionOrderSort (0ms)
		DisableScriptedObjects (4ms)
		BackupInstance (0ms)
		ReleaseScriptingObjects (0ms)
		CreateAndSetChildDomain (24ms)
	RebuildCommonClasses (24ms)
	RebuildNativeTypeToScriptingClass (13ms)
	initialDomainReloadingComplete (29ms)
	LoadAllAssembliesAndSetupDomain (219ms)
		LoadAssemblies (278ms)
		RebuildTransferFunctionScriptingTraits (0ms)
		AnalyzeDomain (14ms)
			TypeCache.Refresh (5ms)
				TypeCache.ScanAssembly (0ms)
			ScanForSourceGeneratedMonoScriptInfo (0ms)
			ResolveRequiredComponents (7ms)
	FinalizeReload (1069ms)
		ReleaseScriptCaches (0ms)
		RebuildScriptCaches (0ms)
		SetupLoadedEditorAssemblies (534ms)
			LogAssemblyErrors (0ms)
			InitializePlatformSupportModulesInManaged (32ms)
			SetLoadedEditorAssemblies (3ms)
			RefreshPlugins (0ms)
			BeforeProcessingInitializeOnLoad (98ms)
			ProcessInitializeOnLoadAttributes (373ms)
			ProcessInitializeOnLoadMethodAttributes (18ms)
			AfterProcessingInitializeOnLoad (9ms)
			EditorAssembliesLoaded (0ms)
		ExecutionOrderSort2 (0ms)
		AwakeInstancesAfterBackupRestoration (5ms)
Refreshing native plugins compatible for Editor in 6.35 ms, found 6 plugins.
Preloading 0 native plugins for Editor in 0.00 ms.
Unloading 3256 Unused Serialized files (Serialized files now loaded: 0)
Unloading 22 unused Assets / (337.4 KB). Loaded Objects now: 3753.
Memory consumption went from 123.2 MB to 122.9 MB.
Total: 2.765100 ms (FindLiveObjects: 0.207200 ms CreateObjectMapping: 0.093200 ms MarkObjects: 2.279600 ms  DeleteObjects: 0.184100 ms)

Prepare: number of updated asset objects reloaded= 0
AssetImportParameters requested are different than current active one (requested -> active):
  custom:scripting/monoscript/fileName/WEBMRecorderSettingsEditor.cs: 5559c87f45d3b65fac8d5ac4ef5e81c8 -> 
  custom:scripting/monoscript/fileName/UIElementHelper.cs: 9f9438adfe3361012ea6280d4cdb2df4 -> 
  custom:scripting/monoscript/fileName/AOVCameraInput.cs: c23c8ce885672bc57e25263b3efd067a -> 
  custom:scripting/monoscript/fileName/BaseTextureRecorder.cs: 90647cc400823b41df847a6cbfc29026 -> 
  custom:scripting/monoscript/fileName/Recorder.cs: a7e319d512627774f8215ba0b76f0bcb -> 
  custom:scripting/monoscript/fileName/AudioRecorder.cs: 89550121570f22445b4a1b28daea3cf9 -> 
  custom:scripting/monoscript/fileName/PanelSplitter.cs: 5ff6c6e385b6b12ca322a9c92ac6f371 -> 
  custom:scripting/monoscript/fileName/ImageRecorderSettings.cs: a7ab05fac9382c03607c40fe73956ed6 -> 
  custom:scripting/monoscript/fileName/RecorderClip.cs: 897017f45cb3c30f306724d1fa17a8fe -> 
  custom:scripting/monoscript/fileName/GIFRecorderSettings.cs: 979f88ae1e7731daed242ab2fdebbc0e -> 
  custom:container-demuxer-ogg: 62fdf1f143b41e24485cea50d1cbac27 -> 
  custom:scripting/monoscript/fileName/MovieRecorder.cs: 024785cf83e1399f425b2aa115d22e2b -> 
  custom:scripting/monoscript/fileName/RecorderControllerSettingsPresetEditor.cs: 49aed206ae65ed5ac6b420f7104cd52d -> 
  custom:scripting/monoscript/fileName/AudioInput.cs: 499e96d8f0b35d362bd956c0975bb873 -> 
  custom:scripting/monoscript/fileName/WEBMRecorderSettings.cs: c176c43abbe456aeea55c2aef862801b -> 
  custom:scripting/monoscript/fileName/RecorderControllerSettingsPreset.cs: 78b391c1384ac60213ef58d50e78d553 -> 
  custom:scripting/monoscript/fileName/GameViewInputSettings.cs: a7ae22123f532f5bbcb39c654c998b57 -> 
  custom:scripting/monoscript/fileName/GameViewInputPropertyDrawer.cs: ae2c8a99c5e33d3d1ffc8232415130e8 -> 
  custom:scripting/monoscript/fileName/Camera360Input.cs: dc473b118c57e0734b0cd3476e333c06 -> 
  custom:scripting/monoscript/fileName/RecorderPreferencesSettingsProvider.cs: d92d314b87f7c2170e267636ebf38224 -> 
  custom:scripting/monoscript/fileName/RecorderBindings.cs: ac25db5b587307cfea909607f62e5641 -> 
  custom:video-decoder-ogg-theora: a1e56fd34408186e4bbccfd4996cb3dc -> 
  custom:scripting/monoscript/fileName/GIFWrapper.cs: 6ef8898a12699129e8f81f06a649cad1 -> 
  custom:scripting/monoscript/fileName/SceneHook.cs: 80fa8928b499d44515dd60e0bc895128 -> 
  custom:scripting/monoscript/fileName/AnimationInput.cs: e810137278708a698c5ccddaeb1a1e64 -> 
  custom:scripting/monoscript/fileName/OutputResolutionPropertyDrawer.cs: 0e33ffdf424417a2e685685cfc04d4b1 -> 
  custom:scripting/monoscript/fileName/EnumHelper.cs: 117b5609cc2a1ae41785cd0c8767815f -> 
  custom:scripting/monoscript/fileName/OutputPath.cs: ee51fcffcd8929d224a5e3fb152d5f62 -> 
  custom:scripting/monoscript/fileName/FileNameGeneratorDrawer.cs: a3ea71dec141084df9b7ffa19c11e2cb -> 
  custom:framework-win-MediaFoundation: 216162199b28c13a410421893ffa2e32 -> 
  custom:scripting/monoscript/fileName/RecorderPreferencesWindowGUIScope.cs: 7a2eba6fcb6829ea8b200991a02c9c06 -> 
  custom:scripting/monoscript/fileName/AspectRatio.cs: 18e3efa554f8258b676d4de53e38b642 -> 
  custom:scripting/monoscript/fileName/CameraInputSettings.cs: 6738f6dd994f658d2cbf6f5f3ba05a0e -> 
  custom:scripting/monoscript/fileName/RefHandle.cs: 90647cc400823b41df847a6cbfc29026 -> 
  custom:scripting/monoscript/fileName/CameraCapture.cs: c6dcba1380d9a4fa09f4e36182a45a73 -> 
  custom:scripting/monoscript/fileName/RecorderControllerSettings.cs: 989e0caa64af9b76551d4ff6bd15f598 -> 
  custom:scripting/monoscript/fileName/TargetedPropertyDrawer.cs: 90647cc400823b41df847a6cbfc29026 -> 
  custom:scripting/monoscript/fileName/MovieRecorderSettings.cs: 02a667a67b113b1f65e3fcadcc882513 -> 
  custom:scripting/monoscript/fileName/RenderTextureInputSettings.cs: ebca820667a63031a7597db85d26451a -> 
  custom:scripting/monoscript/fileName/ImageRecorderEditor.cs: d3134ae4c1dfd8e056bace11130b7692 -> 
  custom:scripting/monoscript/fileName/ProResEncoderSettings.cs: 4aca03881946a7fe9acacf199434009e -> 
  custom:scripting/monoscript/fileName/_FrameRequestComponent.cs: b34f171daaafc65da55ea68e2ed89f2b -> 
  custom:scripting/monoscript/fileName/RenderTextureInput.cs: 5dea77837ae3c82bb14643cd82dc06dc -> 
  custom:scripting/monoscript/fileName/RecorderAnalytics.cs: 0fa40093f6ac3fe75e92d746d563e5ee -> 
  custom:scripting/monoscript/fileName/MP4RecorderSettingsEditor.cs: 68a64b16a7961d71fa7286fd1f782e9b -> 
  custom:scripting/monoscript/fileName/RecorderBindingsEditor.cs: f7451a0e1cea6404b2976d2b2c42e273 -> 
  custom:scripting/monoscript/fileName/BaseRenderTextureInput.cs: 5dc13661a5a0dca5d09ca211933a44e2 -> 
  custom:scripting/monoscript/fileName/StatusBarHelper.cs: da04a6ed046f8a62f416d5d3ea415bef -> 
  custom:scripting/precompiled-assembly-types:Unity.Recorder: bd5378c99f6216e06dd6e2c2a60a86a4 -> 
  custom:CustomObjectIndexerAttribute: 9a22284fe3817be447336de3de66b15e -> 
  custom:scripting/monoscript/fileName/Camera360InputSettings.cs: 3d5eaf1cb3a9df6f9d1d52f3c3018c46 -> 
  custom:scripting/monoscript/fileName/PNGRecorderSettingsEditor.cs: 4970e6657bb34f7efc2c7d8168c7358b -> 
  custom:scripting/monoscript/fileName/ImageHeightSelector.cs: d1a7972bf1d79d90f09ab23c718afe39 -> 
  custom:scripting/monoscript/fileName/AnimationInputSettings.cs: d64a99ebbd13660e9264cb4111ab9832 -> 
  custom:scripting/monoscript/fileName/MP4RecorderSettings.cs: 551f5535c05b86d6ee91684eced14987 -> 
  custom:scripting/monoscript/fileName/RecorderPreferencesSettings.cs: 761b0a55fc5e50239a1d0c4bfc968274 -> 
  custom:container-demuxer-webm: 4f35f7cbe854078d1ac9338744f61a02 -> 
  custom:scripting/monoscript/fileName/RecorderSettingsPrefsEditor.cs: ba9e697f1d269c2c960a41bc543fa408 -> 
  custom:scripting/monoscript/fileName/ProResWrapper.cs: 712515ef615766c98115c6a20d85d6c8 -> 
  custom:scripting/monoscript/fileName/RecordModePropertyDrawer.cs: 165332db07362bbcab2d8dc6d1e1dfda -> 
  custom:scripting/monoscript/fileName/ImageInputSettings.cs: 98a2aedd167d40f01804b04845eeaf15 -> 
  custom:scripting/monoscript/fileName/SerializableObjHelper.cs: f19f181f3f05e8e393225dd7030fb66a -> 
  custom:scripting/monoscript/fileName/InputPropertyDrawer.cs: 90647cc400823b41df847a6cbfc29026 -> 
  custom:scripting/monoscript/fileName/AudioInputSettings.cs: a2c930fca1dd5e27705fbacf39727bb4 -> 
  custom:scripting/monoscript/fileName/InputSettings.cs: 35c56ce5488c6b464726305dcbd33b3d -> 
  custom:scripting/monoscript/fileName/RecorderEditor.cs: 736e59ba52eea987abc47f36a836e575 -> 
  custom:scripting/monoscript/fileName/AudioRecorderSettings.cs: 0b00f2c93558486cc61a06f270f43fea -> 
  custom:scripting/monoscript/fileName/RecordersInventory.cs: fb714c8df18f9b7fc7f3361f604ae3dc -> 
  custom:scripting/monoscript/fileName/BaseFCRecorderSettings.cs: fab928553cedb8703ac192d6cf7b6294 -> 
  custom:scripting/monoscript/fileName/AOVRecorderSettings.cs: cdc731153cd2f1f739300a28ea6a6608 -> 
  custom:scripting/monoscript/fileName/EXRCompressionTypeDrawer.cs: 301cb614ecf84a4dab346c5f76ea2016 -> 
  custom:scripting/monoscript/fileName/AOVRecorder.cs: c53e83f1863b3ea80b6df3885cdb8c82 -> 
  custom:scripting/monoscript/fileName/IEncoderSettings.cs: c7d04fadacf538db841606cc656ae724 -> 
  custom:scripting/monoscript/fileName/ShutterProfileTypePropertyDrawer.cs: 18a32c647eca27716eabcb5a44f00e32 -> 
  custom:scripting/monoscript/fileName/MovieRecorderEditor.cs: eb00ddb8a76b8dfb7c88b7826a49d38b -> 
  custom:scripting/monoscript/fileName/RenderTextureInputSettingsPropertyDrawer.cs: 809602b52454cd1e6229756218a8f453 -> 
  custom:scripting/monoscript/fileName/RecorderPlayableBehaviour.cs: 80165a21f4cd0dda690f708a19d389bd -> 
  custom:scripting/monoscript/fileName/GifEncoderSettingsPropertyDrawer.cs: b36c9a7eaaefccda514b23d7e14761ca -> 
  custom:scripting/monoscript/fileName/PNGRecorder.cs: 08fd40f88cb6b18c96882f263639f57d -> 
  custom:scripting/monoscript/fileName/CameraInputSettingsPropertyDrawer.cs: 91928abf1abf88be098cb088d896aec5 -> 
  custom:scripting/monoscript/fileName/AudioRecorderEditor.cs: 565168dec291afe3fa470657cfc2c123 -> 
  custom:scripting/monoscript/fileName/AOVRecorderEditor.cs: 5ca53ccd6d7645709639507726114395 -> 
  custom:container-muxer-webm: aa71ff27fc2769a1b78a27578f13a17b -> 
  custom:video-decoder-webm-vp8: 9c59270c3fd7afecdb556c50c9e8de78 -> 
  custom:scripting/monoscript/fileName/RecordingSession.cs: f3ad08157c278a036224ca395f350890 -> 
  custom:scripting/monoscript/fileName/GameViewSize.cs: f6128a6515fcafce6db32fcdfa107254 -> 
  custom:scripting/monoscript/fileName/UnityHelpers.cs: b3e077029b574be508585124a9d839ef -> 
  custom:SearchIndexIgnoredProperties: e643bd26f0fe6173181afceb89e7c659 -> 
  custom:scripting/monoscript/fileName/GIFRecorder.cs: c00ece885699fb9084deaccd3eb27518 -> 
  custom:AudioImporter_EditorPlatform: d09bf68614088b80899f8185d706f6e7 -> 
  custom:scripting/monoscript/fileName/EXRRecorder.cs: 3f576ce8ddd959d51a4d7ba1999ecdbb -> 
  custom:scripting/monoscript/fileName/WEBMRecorder.cs: 391b6b920cfbc02401ea522620320c93 -> 
  custom:scripting/monoscript/fileName/RenderTextureSampler.cs: 1a7b9abab9548e1054dc40d6e2fa0270 -> 
  custom:scripting/monoscript/fileName/GifEncoder.cs: 40f336d5c5042a8a04556b4c5804a538 -> 
  custom:scripting/monoscript/fileName/GenericRecorder.cs: 90647cc400823b41df847a6cbfc29026 -> 
  custom:scripting/monoscript/fileName/ImageInputSelector.cs: f55822da877594150873922341be92b6 -> 
  custom:scripting/monoscript/fileName/AnimationRecorderSettingsEditor.cs: db1294bf3d48be44b6e4b2f2cc100b02 -> 
  custom:scripting/monoscript/fileName/RecorderTrack.cs: fac9638ece7eb7daaa1302fa170613fd -> 
  custom:scripting/monoscript/fileName/InputSettingsSelector.cs: 499a4ec92267406782b5c4f3472d53b9 -> 
  custom:scripting/monoscript/fileName/FileNameGenerator.cs: 5c8b6eb5291c3311189e0dfadac99363 -> 
  custom:scripting/monoscript/fileName/RecorderItem.cs: b62d2fcb9547a248575727d8a1646db8 -> 
  custom:scripting/monoscript/fileName/TextureFlipper.cs: 825b503b2ddab9cbd8ebbf3038075092 -> 
  custom:scripting/monoscript/fileName/AccumulationSettings.cs: fb962f0c2333934b681b167574f5e1cd -> 
  custom:scripting/monoscript/fileName/Camera360InputPropertyDrawer.cs: af647a2fe91bec98139246321cac865d -> 
  custom:scripting/monoscript/fileName/RecorderClipEditor.cs: 947ad5ff1f968d7fc40767d187070964 -> 
  custom:scripting/monoscript/fileName/EXRRecorderSettingsEditor.cs: c520a04c5f01331f2c8800e289ef6d6f -> 
  custom:scripting/monoscript/fileName/CoreEncoder.cs: dfaed86e82ad12e6a2b6740a0fb35820 -> 
  custom:scripting/monoscript/fileName/PNGRecorderSettings.cs: 79a421225358808ff14dd88c0355d1b6 -> 
  custom:scripting/monoscript/fileName/AspectRatioPropertyDrawer.cs: 9f18568574138839573389bde3e660a7 -> 
  custom:scripting/monoscript/fileName/ProResEncoder.cs: b375bf2d41e3d89081c3f2d1a0823bf3 -> 
  custom:scripting/monoscript/fileName/CameraInput.cs: bf7e0df3caf9e500f6d1c98c99e165ba -> 
  custom:scripting/monoscript/fileName/RecorderSettings.cs: bc3ef26ac157af28e5460886c0d5ef2e -> 
  custom:scripting/monoscript/fileName/RecorderClipTimelineEditor.cs: 2995d9f50ebc9245c6e9bd75c56415fb -> 
  custom:scripting/monoscript/fileName/EncoderSettingsAttribute.cs: 8352396dc11cff58c65c429fdb4fc67e -> 
  custom:scripting/monoscript/fileName/MP4Recorder.cs: af531c4e1f6d23547da08837eb16b729 -> 
  custom:scripting/monoscript/fileName/EncoderTypeUtilities.cs: a12c4c78a6cd4fb6b93180d59ad77be8 -> 
  custom:scripting/monoscript/fileName/PooledBufferAsyncGPUReadback.cs: 2a4e50c5dda177306c9ec935763c4378 -> 
  custom:scripting/monoscript/fileName/AnimationRecorder.cs: f749a4250195b5467bbf05e3a976b59f -> 
  custom:scripting/precompiled-assembly-types:Unity.Recorder.Base: 3fec19fdf10e3518c41e41a932f2042f -> 
  custom:scripting/monoscript/fileName/AnimationRecorderSettings.cs: 5cfb1544a40f93fe0ea879bb1361c877 -> 
  custom:scripting/monoscript/fileName/RenderTextureSamplerSettings.cs: 68adab84706346f2ecbdfd649ca9cf61 -> 
  custom:scripting/monoscript/fileName/RecordingContext.cs: af9af1e8b283703482ba133924b5585a -> 
  custom:scripting/monoscript/fileName/RecorderSelector.cs: c3cd2caacd181d6eff54dc260c4a1ffb -> 
  custom:video-encoder-webm-vp8: eb34c28f22e8b96e1ab97ce403110664 -> 
  custom:scripting/monoscript/fileName/RecorderInput.cs: 88fd8d8fd71b34ed7298a01f6c2d2e40 -> 
  custom:scripting/monoscript/fileName/RenderTextureSamplerPropertyDrawer.cs: b541817d9cc9b1341d2ddfa8823b718d -> 
  custom:scripting/monoscript/fileName/RecorderSettingsAttribute.cs: ddd228b25da7ba2ac10d13e1efacc875 -> 
  custom:audio-decoder-ogg-vorbis: bf7c407c2cedff20999df2af8eb42d56 -> 
  custom:scripting/monoscript/fileName/OutputPathDrawer.cs: cffc34c1be094e6caeb13ff3b26ca679 -> 
  custom:scripting/monoscript/fileName/EditorVersionsHelper.cs: 3ad9098caeeff0295dba8c0911f5333a -> 
  custom:scripting/monoscript/fileName/SettingAsset.cs: 7c3790954696ae83d71055079b387931 -> 
  custom:scripting/monoscript/fileName/OutputResolution.cs: 31c632d97e9a69bcc2ef10f6feb5bf62 -> 
  custom:scripting/monoscript/fileName/AccumulationSettingsPropertyDrawer.cs: bfc920db0de3c29c2967e88aac1c1027 -> 
  custom:scripting/monoscript/fileName/AnimationInputSettingsPropertyDrawer.cs: ebe1771fecebe7a93badf6354f59c990 -> 
  custom:scripting/monoscript/fileName/CoreEncoderSettings.cs: 2b5db1db3c1fa7de4175a7e143de3ce5 -> 
  custom:scripting/monoscript/fileName/VisualListItem.cs: 90647cc400823b41df847a6cbfc29026 -> 
  custom:scripting/monoscript/fileName/FrameRateProperyDrawer.cs: c478c798f5354f66af45b380be0629f9 -> 
  custom:scripting/monoscript/fileName/InputSettingsSelectorDrawer.cs: bca46dd5b59e2f574c94bef4cdb878fb -> 
  custom:scripting/monoscript/fileName/RecorderWindow.cs: 553a30d64d5ef1dcad6b00b4eeeb3829 -> 
  custom:scripting/monoscript/fileName/AOVCameraInputSettings.cs: 4d2fdf1142ce53d73cb43d39944ba516 -> 
  custom:scripting/monoscript/fileName/EnumProperyDrawer.cs: 90647cc400823b41df847a6cbfc29026 -> 
  custom:scripting/monoscript/fileName/AOVImageInputSelector.cs: b741d8d3a7cbb503c5bdf23d7e6792db -> 
  custom:scripting/monoscript/fileName/CoreEncoderSettingsPropertyDrawer.cs: c8bdf3420d844fd4604c0d0cf3815355 -> 
  custom:scripting/monoscript/fileName/GifEncoderSettings.cs: 812ca6afdf48b830953d76adab9d4030 -> 
  custom:scripting/monoscript/fileName/GIFRecorderSettingsEditor.cs: 4d0f46bcf58d188895fabae5334995ae -> 
  custom:scripting/monoscript/fileName/IEncoder.cs: 007c2ef621b0d92b5a7a6bae91d26090 -> 
  custom:scripting/monoscript/fileName/RecorderOptions.cs: 74782d297e80d8f56c0e05a7cde4e51d -> 
  custom:scripting/precompiled-assembly-types:Unity.Recorder.Editor: cd22b836ef1ca10e7d8c91c9be46b4bf -> 
  custom:scripting/monoscript/fileName/ProResEncoderSettingsPropertyDrawer.cs: 68c25e6d4459336217d4b9e22eb707b4 -> 
  custom:scripting/monoscript/fileName/ImageRecorder.cs: b804c29bfc59a61db184c1d275fe4101 -> 
  custom:scripting/monoscript/fileName/EditableLabel.cs: 4f8fa2c6092744ed6607a411e3f617c0 -> 
  custom:scripting/monoscript/fileName/GameViewInput.cs: 596e7ffa2d11b2002176644af3247ea6 -> 
  custom:audio-encoder-webm-vorbis: bf7c407c2cedff20999df2af8eb42d56 -> 
  custom:scripting/monoscript/fileName/SerializedDictionnary.cs: 90647cc400823b41df847a6cbfc29026 -> 
  custom:scripting/monoscript/fileName/HammersleySequence.cs: b06601f044912976f668045b7d4c79a8 -> 
  custom:scripting/monoscript/fileName/_RecorderComponent.cs: 8c268d1df4e18643d83ea9c6eeba2d9f -> 
  custom:scripting/monoscript/fileName/IAccumulation.cs: 38dee62d444423165276e3254554d005 -> 
  custom:scripting/monoscript/fileName/RecorderController.cs: 5760bd2995080b8d0d9d9e88ab8933c6 -> 
  custom:scripting/monoscript/fileName/EXRRecorderSettings.cs: bf113df492cb5b25e11ec144a73c2f74 -> 
========================================================================
Received Prepare
Caller must complete domain reload
Begin MonoManager ReloadAssembly
- Loaded All Assemblies, in  0.413 seconds
Native extension for WindowsStandalone target not found
Native extension for iOS target not found
Native extension for Android target not found
Mono: successfully reloaded assembly
- Finished resetting the current domain, in  0.977 seconds
Domain Reload Profiling: 1386ms
	BeginReloadAssembly (137ms)
		ExecutionOrderSort (0ms)
		DisableScriptedObjects (4ms)
		BackupInstance (0ms)
		ReleaseScriptingObjects (0ms)
		CreateAndSetChildDomain (24ms)
	RebuildCommonClasses (25ms)
	RebuildNativeTypeToScriptingClass (9ms)
	initialDomainReloadingComplete (27ms)
	LoadAllAssembliesAndSetupDomain (211ms)
		LoadAssemblies (282ms)
		RebuildTransferFunctionScriptingTraits (0ms)
		AnalyzeDomain (9ms)
			TypeCache.Refresh (4ms)
				TypeCache.ScanAssembly (0ms)
			ScanForSourceGeneratedMonoScriptInfo (0ms)
			ResolveRequiredComponents (4ms)
	FinalizeReload (977ms)
		ReleaseScriptCaches (0ms)
		RebuildScriptCaches (0ms)
		SetupLoadedEditorAssemblies (487ms)
			LogAssemblyErrors (0ms)
			InitializePlatformSupportModulesInManaged (30ms)
			SetLoadedEditorAssemblies (4ms)
			RefreshPlugins (0ms)
			BeforeProcessingInitializeOnLoad (91ms)
			ProcessInitializeOnLoadAttributes (336ms)
			ProcessInitializeOnLoadMethodAttributes (17ms)
			AfterProcessingInitializeOnLoad (9ms)
			EditorAssembliesLoaded (0ms)
		ExecutionOrderSort2 (0ms)
		AwakeInstancesAfterBackupRestoration (5ms)
Refreshing native plugins compatible for Editor in 5.52 ms, found 6 plugins.
Preloading 0 native plugins for Editor in 0.00 ms.
Unloading 3256 Unused Serialized files (Serialized files now loaded: 0)
Unloading 22 unused Assets / (337.3 KB). Loaded Objects now: 3756.
Memory consumption went from 123.2 MB to 122.9 MB.
Total: 2.412600 ms (FindLiveObjects: 0.195900 ms CreateObjectMapping: 0.076100 ms MarkObjects: 1.966200 ms  DeleteObjects: 0.173800 ms)

Prepare: number of updated asset objects reloaded= 0
AssetImportParameters requested are different than current active one (requested -> active):
  custom:scripting/monoscript/fileName/WEBMRecorderSettingsEditor.cs: 5559c87f45d3b65fac8d5ac4ef5e81c8 -> 
  custom:scripting/monoscript/fileName/UIElementHelper.cs: 9f9438adfe3361012ea6280d4cdb2df4 -> 
  custom:scripting/monoscript/fileName/AOVCameraInput.cs: c23c8ce885672bc57e25263b3efd067a -> 
  custom:scripting/monoscript/fileName/BaseTextureRecorder.cs: 90647cc400823b41df847a6cbfc29026 -> 
  custom:scripting/monoscript/fileName/Recorder.cs: a7e319d512627774f8215ba0b76f0bcb -> 
  custom:scripting/monoscript/fileName/AudioRecorder.cs: 89550121570f22445b4a1b28daea3cf9 -> 
  custom:scripting/monoscript/fileName/PanelSplitter.cs: 5ff6c6e385b6b12ca322a9c92ac6f371 -> 
  custom:scripting/monoscript/fileName/ImageRecorderSettings.cs: a7ab05fac9382c03607c40fe73956ed6 -> 
  custom:scripting/monoscript/fileName/RecorderClip.cs: 897017f45cb3c30f306724d1fa17a8fe -> 
  custom:scripting/monoscript/fileName/GIFRecorderSettings.cs: 979f88ae1e7731daed242ab2fdebbc0e -> 
  custom:container-demuxer-ogg: 62fdf1f143b41e24485cea50d1cbac27 -> 
  custom:scripting/monoscript/fileName/MovieRecorder.cs: 024785cf83e1399f425b2aa115d22e2b -> 
  custom:scripting/monoscript/fileName/RecorderControllerSettingsPresetEditor.cs: 49aed206ae65ed5ac6b420f7104cd52d -> 
  custom:scripting/monoscript/fileName/AudioInput.cs: 499e96d8f0b35d362bd956c0975bb873 -> 
  custom:scripting/monoscript/fileName/WEBMRecorderSettings.cs: c176c43abbe456aeea55c2aef862801b -> 
  custom:scripting/monoscript/fileName/RecorderControllerSettingsPreset.cs: 78b391c1384ac60213ef58d50e78d553 -> 
  custom:scripting/monoscript/fileName/GameViewInputSettings.cs: a7ae22123f532f5bbcb39c654c998b57 -> 
  custom:scripting/monoscript/fileName/GameViewInputPropertyDrawer.cs: ae2c8a99c5e33d3d1ffc8232415130e8 -> 
  custom:scripting/monoscript/fileName/Camera360Input.cs: dc473b118c57e0734b0cd3476e333c06 -> 
  custom:scripting/monoscript/fileName/RecorderPreferencesSettingsProvider.cs: d92d314b87f7c2170e267636ebf38224 -> 
  custom:scripting/monoscript/fileName/RecorderBindings.cs: ac25db5b587307cfea909607f62e5641 -> 
  custom:video-decoder-ogg-theora: a1e56fd34408186e4bbccfd4996cb3dc -> 
  custom:scripting/monoscript/fileName/GIFWrapper.cs: 6ef8898a12699129e8f81f06a649cad1 -> 
  custom:scripting/monoscript/fileName/SceneHook.cs: 80fa8928b499d44515dd60e0bc895128 -> 
  custom:scripting/monoscript/fileName/AnimationInput.cs: e810137278708a698c5ccddaeb1a1e64 -> 
  custom:scripting/monoscript/fileName/OutputResolutionPropertyDrawer.cs: 0e33ffdf424417a2e685685cfc04d4b1 -> 
  custom:scripting/monoscript/fileName/EnumHelper.cs: 117b5609cc2a1ae41785cd0c8767815f -> 
  custom:scripting/monoscript/fileName/OutputPath.cs: ee51fcffcd8929d224a5e3fb152d5f62 -> 
  custom:scripting/monoscript/fileName/FileNameGeneratorDrawer.cs: a3ea71dec141084df9b7ffa19c11e2cb -> 
  custom:framework-win-MediaFoundation: 216162199b28c13a410421893ffa2e32 -> 
  custom:scripting/monoscript/fileName/RecorderPreferencesWindowGUIScope.cs: 7a2eba6fcb6829ea8b200991a02c9c06 -> 
  custom:scripting/monoscript/fileName/AspectRatio.cs: 18e3efa554f8258b676d4de53e38b642 -> 
  custom:scripting/monoscript/fileName/CameraInputSettings.cs: 6738f6dd994f658d2cbf6f5f3ba05a0e -> 
  custom:scripting/monoscript/fileName/RefHandle.cs: 90647cc400823b41df847a6cbfc29026 -> 
  custom:scripting/monoscript/fileName/CameraCapture.cs: c6dcba1380d9a4fa09f4e36182a45a73 -> 
  custom:scripting/monoscript/fileName/RecorderControllerSettings.cs: 989e0caa64af9b76551d4ff6bd15f598 -> 
  custom:scripting/monoscript/fileName/TargetedPropertyDrawer.cs: 90647cc400823b41df847a6cbfc29026 -> 
  custom:scripting/monoscript/fileName/MovieRecorderSettings.cs: 02a667a67b113b1f65e3fcadcc882513 -> 
  custom:scripting/monoscript/fileName/RenderTextureInputSettings.cs: ebca820667a63031a7597db85d26451a -> 
  custom:scripting/monoscript/fileName/ImageRecorderEditor.cs: d3134ae4c1dfd8e056bace11130b7692 -> 
  custom:scripting/monoscript/fileName/ProResEncoderSettings.cs: 4aca03881946a7fe9acacf199434009e -> 
  custom:scripting/monoscript/fileName/_FrameRequestComponent.cs: b34f171daaafc65da55ea68e2ed89f2b -> 
  custom:scripting/monoscript/fileName/RenderTextureInput.cs: 5dea77837ae3c82bb14643cd82dc06dc -> 
  custom:scripting/monoscript/fileName/RecorderAnalytics.cs: 0fa40093f6ac3fe75e92d746d563e5ee -> 
  custom:scripting/monoscript/fileName/MP4RecorderSettingsEditor.cs: 68a64b16a7961d71fa7286fd1f782e9b -> 
  custom:scripting/monoscript/fileName/RecorderBindingsEditor.cs: f7451a0e1cea6404b2976d2b2c42e273 -> 
  custom:scripting/monoscript/fileName/BaseRenderTextureInput.cs: 5dc13661a5a0dca5d09ca211933a44e2 -> 
  custom:scripting/monoscript/fileName/StatusBarHelper.cs: da04a6ed046f8a62f416d5d3ea415bef -> 
  custom:scripting/precompiled-assembly-types:Unity.Recorder: bd5378c99f6216e06dd6e2c2a60a86a4 -> 
  custom:CustomObjectIndexerAttribute: 9a22284fe3817be447336de3de66b15e -> 
  custom:scripting/monoscript/fileName/Camera360InputSettings.cs: 3d5eaf1cb3a9df6f9d1d52f3c3018c46 -> 
  custom:scripting/monoscript/fileName/PNGRecorderSettingsEditor.cs: 4970e6657bb34f7efc2c7d8168c7358b -> 
  custom:scripting/monoscript/fileName/ImageHeightSelector.cs: d1a7972bf1d79d90f09ab23c718afe39 -> 
  custom:scripting/monoscript/fileName/AnimationInputSettings.cs: d64a99ebbd13660e9264cb4111ab9832 -> 
  custom:scripting/monoscript/fileName/MP4RecorderSettings.cs: 551f5535c05b86d6ee91684eced14987 -> 
  custom:scripting/monoscript/fileName/RecorderPreferencesSettings.cs: 761b0a55fc5e50239a1d0c4bfc968274 -> 
  custom:container-demuxer-webm: 4f35f7cbe854078d1ac9338744f61a02 -> 
  custom:scripting/monoscript/fileName/RecorderSettingsPrefsEditor.cs: ba9e697f1d269c2c960a41bc543fa408 -> 
  custom:scripting/monoscript/fileName/ProResWrapper.cs: 712515ef615766c98115c6a20d85d6c8 -> 
  custom:scripting/monoscript/fileName/RecordModePropertyDrawer.cs: 165332db07362bbcab2d8dc6d1e1dfda -> 
  custom:scripting/monoscript/fileName/ImageInputSettings.cs: 98a2aedd167d40f01804b04845eeaf15 -> 
  custom:scripting/monoscript/fileName/SerializableObjHelper.cs: f19f181f3f05e8e393225dd7030fb66a -> 
  custom:scripting/monoscript/fileName/InputPropertyDrawer.cs: 90647cc400823b41df847a6cbfc29026 -> 
  custom:scripting/monoscript/fileName/AudioInputSettings.cs: a2c930fca1dd5e27705fbacf39727bb4 -> 
  custom:scripting/monoscript/fileName/InputSettings.cs: 35c56ce5488c6b464726305dcbd33b3d -> 
  custom:scripting/monoscript/fileName/RecorderEditor.cs: 736e59ba52eea987abc47f36a836e575 -> 
  custom:scripting/monoscript/fileName/AudioRecorderSettings.cs: 0b00f2c93558486cc61a06f270f43fea -> 
  custom:scripting/monoscript/fileName/RecordersInventory.cs: fb714c8df18f9b7fc7f3361f604ae3dc -> 
  custom:scripting/monoscript/fileName/BaseFCRecorderSettings.cs: fab928553cedb8703ac192d6cf7b6294 -> 
  custom:scripting/monoscript/fileName/AOVRecorderSettings.cs: cdc731153cd2f1f739300a28ea6a6608 -> 
  custom:scripting/monoscript/fileName/EXRCompressionTypeDrawer.cs: 301cb614ecf84a4dab346c5f76ea2016 -> 
  custom:scripting/monoscript/fileName/AOVRecorder.cs: c53e83f1863b3ea80b6df3885cdb8c82 -> 
  custom:scripting/monoscript/fileName/IEncoderSettings.cs: c7d04fadacf538db841606cc656ae724 -> 
  custom:scripting/monoscript/fileName/ShutterProfileTypePropertyDrawer.cs: 18a32c647eca27716eabcb5a44f00e32 -> 
  custom:scripting/monoscript/fileName/MovieRecorderEditor.cs: eb00ddb8a76b8dfb7c88b7826a49d38b -> 
  custom:scripting/monoscript/fileName/RenderTextureInputSettingsPropertyDrawer.cs: 809602b52454cd1e6229756218a8f453 -> 
  custom:scripting/monoscript/fileName/RecorderPlayableBehaviour.cs: 80165a21f4cd0dda690f708a19d389bd -> 
  custom:scripting/monoscript/fileName/GifEncoderSettingsPropertyDrawer.cs: b36c9a7eaaefccda514b23d7e14761ca -> 
  custom:scripting/monoscript/fileName/PNGRecorder.cs: 08fd40f88cb6b18c96882f263639f57d -> 
  custom:scripting/monoscript/fileName/CameraInputSettingsPropertyDrawer.cs: 91928abf1abf88be098cb088d896aec5 -> 
  custom:scripting/monoscript/fileName/AudioRecorderEditor.cs: 565168dec291afe3fa470657cfc2c123 -> 
  custom:scripting/monoscript/fileName/AOVRecorderEditor.cs: 5ca53ccd6d7645709639507726114395 -> 
  custom:container-muxer-webm: aa71ff27fc2769a1b78a27578f13a17b -> 
  custom:video-decoder-webm-vp8: 9c59270c3fd7afecdb556c50c9e8de78 -> 
  custom:scripting/monoscript/fileName/RecordingSession.cs: f3ad08157c278a036224ca395f350890 -> 
  custom:scripting/monoscript/fileName/GameViewSize.cs: f6128a6515fcafce6db32fcdfa107254 -> 
  custom:scripting/monoscript/fileName/UnityHelpers.cs: b3e077029b574be508585124a9d839ef -> 
  custom:SearchIndexIgnoredProperties: e643bd26f0fe6173181afceb89e7c659 -> 
  custom:scripting/monoscript/fileName/GIFRecorder.cs: c00ece885699fb9084deaccd3eb27518 -> 
  custom:AudioImporter_EditorPlatform: d09bf68614088b80899f8185d706f6e7 -> 
  custom:scripting/monoscript/fileName/EXRRecorder.cs: 3f576ce8ddd959d51a4d7ba1999ecdbb -> 
  custom:scripting/monoscript/fileName/WEBMRecorder.cs: 391b6b920cfbc02401ea522620320c93 -> 
  custom:scripting/monoscript/fileName/RenderTextureSampler.cs: 1a7b9abab9548e1054dc40d6e2fa0270 -> 
  custom:scripting/monoscript/fileName/GifEncoder.cs: 40f336d5c5042a8a04556b4c5804a538 -> 
  custom:scripting/monoscript/fileName/GenericRecorder.cs: 90647cc400823b41df847a6cbfc29026 -> 
  custom:scripting/monoscript/fileName/ImageInputSelector.cs: f55822da877594150873922341be92b6 -> 
  custom:scripting/monoscript/fileName/AnimationRecorderSettingsEditor.cs: db1294bf3d48be44b6e4b2f2cc100b02 -> 
  custom:scripting/monoscript/fileName/RecorderTrack.cs: fac9638ece7eb7daaa1302fa170613fd -> 
  custom:scripting/monoscript/fileName/InputSettingsSelector.cs: 499a4ec92267406782b5c4f3472d53b9 -> 
  custom:scripting/monoscript/fileName/FileNameGenerator.cs: 5c8b6eb5291c3311189e0dfadac99363 -> 
  custom:scripting/monoscript/fileName/RecorderItem.cs: b62d2fcb9547a248575727d8a1646db8 -> 
  custom:scripting/monoscript/fileName/TextureFlipper.cs: 825b503b2ddab9cbd8ebbf3038075092 -> 
  custom:scripting/monoscript/fileName/AccumulationSettings.cs: fb962f0c2333934b681b167574f5e1cd -> 
  custom:scripting/monoscript/fileName/Camera360InputPropertyDrawer.cs: af647a2fe91bec98139246321cac865d -> 
  custom:scripting/monoscript/fileName/RecorderClipEditor.cs: 947ad5ff1f968d7fc40767d187070964 -> 
  custom:scripting/monoscript/fileName/EXRRecorderSettingsEditor.cs: c520a04c5f01331f2c8800e289ef6d6f -> 
  custom:scripting/monoscript/fileName/CoreEncoder.cs: dfaed86e82ad12e6a2b6740a0fb35820 -> 
  custom:scripting/monoscript/fileName/PNGRecorderSettings.cs: 79a421225358808ff14dd88c0355d1b6 -> 
  custom:scripting/monoscript/fileName/AspectRatioPropertyDrawer.cs: 9f18568574138839573389bde3e660a7 -> 
  custom:scripting/monoscript/fileName/ProResEncoder.cs: b375bf2d41e3d89081c3f2d1a0823bf3 -> 
  custom:scripting/monoscript/fileName/CameraInput.cs: bf7e0df3caf9e500f6d1c98c99e165ba -> 
  custom:scripting/monoscript/fileName/RecorderSettings.cs: bc3ef26ac157af28e5460886c0d5ef2e -> 
  custom:scripting/monoscript/fileName/RecorderClipTimelineEditor.cs: 2995d9f50ebc9245c6e9bd75c56415fb -> 
  custom:scripting/monoscript/fileName/EncoderSettingsAttribute.cs: 8352396dc11cff58c65c429fdb4fc67e -> 
  custom:scripting/monoscript/fileName/MP4Recorder.cs: af531c4e1f6d23547da08837eb16b729 -> 
  custom:scripting/monoscript/fileName/EncoderTypeUtilities.cs: a12c4c78a6cd4fb6b93180d59ad77be8 -> 
  custom:scripting/monoscript/fileName/PooledBufferAsyncGPUReadback.cs: 2a4e50c5dda177306c9ec935763c4378 -> 
  custom:scripting/monoscript/fileName/AnimationRecorder.cs: f749a4250195b5467bbf05e3a976b59f -> 
  custom:scripting/precompiled-assembly-types:Unity.Recorder.Base: 3fec19fdf10e3518c41e41a932f2042f -> 
  custom:scripting/monoscript/fileName/AnimationRecorderSettings.cs: 5cfb1544a40f93fe0ea879bb1361c877 -> 
  custom:scripting/monoscript/fileName/RenderTextureSamplerSettings.cs: 68adab84706346f2ecbdfd649ca9cf61 -> 
  custom:scripting/monoscript/fileName/RecordingContext.cs: af9af1e8b283703482ba133924b5585a -> 
  custom:scripting/monoscript/fileName/RecorderSelector.cs: c3cd2caacd181d6eff54dc260c4a1ffb -> 
  custom:video-encoder-webm-vp8: eb34c28f22e8b96e1ab97ce403110664 -> 
  custom:scripting/monoscript/fileName/RecorderInput.cs: 88fd8d8fd71b34ed7298a01f6c2d2e40 -> 
  custom:scripting/monoscript/fileName/RenderTextureSamplerPropertyDrawer.cs: b541817d9cc9b1341d2ddfa8823b718d -> 
  custom:scripting/monoscript/fileName/RecorderSettingsAttribute.cs: ddd228b25da7ba2ac10d13e1efacc875 -> 
  custom:audio-decoder-ogg-vorbis: bf7c407c2cedff20999df2af8eb42d56 -> 
  custom:scripting/monoscript/fileName/OutputPathDrawer.cs: cffc34c1be094e6caeb13ff3b26ca679 -> 
  custom:scripting/monoscript/fileName/EditorVersionsHelper.cs: 3ad9098caeeff0295dba8c0911f5333a -> 
  custom:scripting/monoscript/fileName/SettingAsset.cs: 7c3790954696ae83d71055079b387931 -> 
  custom:scripting/monoscript/fileName/OutputResolution.cs: 31c632d97e9a69bcc2ef10f6feb5bf62 -> 
  custom:scripting/monoscript/fileName/AccumulationSettingsPropertyDrawer.cs: bfc920db0de3c29c2967e88aac1c1027 -> 
  custom:scripting/monoscript/fileName/AnimationInputSettingsPropertyDrawer.cs: ebe1771fecebe7a93badf6354f59c990 -> 
  custom:scripting/monoscript/fileName/CoreEncoderSettings.cs: 2b5db1db3c1fa7de4175a7e143de3ce5 -> 
  custom:scripting/monoscript/fileName/VisualListItem.cs: 90647cc400823b41df847a6cbfc29026 -> 
  custom:scripting/monoscript/fileName/FrameRateProperyDrawer.cs: c478c798f5354f66af45b380be0629f9 -> 
  custom:scripting/monoscript/fileName/InputSettingsSelectorDrawer.cs: bca46dd5b59e2f574c94bef4cdb878fb -> 
  custom:scripting/monoscript/fileName/RecorderWindow.cs: 553a30d64d5ef1dcad6b00b4eeeb3829 -> 
  custom:scripting/monoscript/fileName/AOVCameraInputSettings.cs: 4d2fdf1142ce53d73cb43d39944ba516 -> 
  custom:scripting/monoscript/fileName/EnumProperyDrawer.cs: 90647cc400823b41df847a6cbfc29026 -> 
  custom:scripting/monoscript/fileName/AOVImageInputSelector.cs: b741d8d3a7cbb503c5bdf23d7e6792db -> 
  custom:scripting/monoscript/fileName/CoreEncoderSettingsPropertyDrawer.cs: c8bdf3420d844fd4604c0d0cf3815355 -> 
  custom:scripting/monoscript/fileName/GifEncoderSettings.cs: 812ca6afdf48b830953d76adab9d4030 -> 
  custom:scripting/monoscript/fileName/GIFRecorderSettingsEditor.cs: 4d0f46bcf58d188895fabae5334995ae -> 
  custom:scripting/monoscript/fileName/IEncoder.cs: 007c2ef621b0d92b5a7a6bae91d26090 -> 
  custom:scripting/monoscript/fileName/RecorderOptions.cs: 74782d297e80d8f56c0e05a7cde4e51d -> 
  custom:scripting/precompiled-assembly-types:Unity.Recorder.Editor: cd22b836ef1ca10e7d8c91c9be46b4bf -> 
  custom:scripting/monoscript/fileName/ProResEncoderSettingsPropertyDrawer.cs: 68c25e6d4459336217d4b9e22eb707b4 -> 
  custom:scripting/monoscript/fileName/ImageRecorder.cs: b804c29bfc59a61db184c1d275fe4101 -> 
  custom:scripting/monoscript/fileName/EditableLabel.cs: 4f8fa2c6092744ed6607a411e3f617c0 -> 
  custom:scripting/monoscript/fileName/GameViewInput.cs: 596e7ffa2d11b2002176644af3247ea6 -> 
  custom:audio-encoder-webm-vorbis: bf7c407c2cedff20999df2af8eb42d56 -> 
  custom:scripting/monoscript/fileName/SerializedDictionnary.cs: 90647cc400823b41df847a6cbfc29026 -> 
  custom:scripting/monoscript/fileName/HammersleySequence.cs: b06601f044912976f668045b7d4c79a8 -> 
  custom:scripting/monoscript/fileName/_RecorderComponent.cs: 8c268d1df4e18643d83ea9c6eeba2d9f -> 
  custom:scripting/monoscript/fileName/IAccumulation.cs: 38dee62d444423165276e3254554d005 -> 
  custom:scripting/monoscript/fileName/RecorderController.cs: 5760bd2995080b8d0d9d9e88ab8933c6 -> 
  custom:scripting/monoscript/fileName/EXRRecorderSettings.cs: bf113df492cb5b25e11ec144a73c2f74 -> 
========================================================================
Received Prepare
Caller must complete domain reload
Begin MonoManager ReloadAssembly
- Loaded All Assemblies, in  0.419 seconds
Native extension for WindowsStandalone target not found
Native extension for iOS target not found
Native extension for Android target not found
Mono: successfully reloaded assembly
- Finished resetting the current domain, in  0.995 seconds
Domain Reload Profiling: 1410ms
	BeginReloadAssembly (142ms)
		ExecutionOrderSort (0ms)
		DisableScriptedObjects (6ms)
		BackupInstance (0ms)
		ReleaseScriptingObjects (0ms)
		CreateAndSetChildDomain (29ms)
	RebuildCommonClasses (25ms)
	RebuildNativeTypeToScriptingClass (9ms)
	initialDomainReloadingComplete (26ms)
	LoadAllAssembliesAndSetupDomain (213ms)
		LoadAssemblies (278ms)
		RebuildTransferFunctionScriptingTraits (0ms)
		AnalyzeDomain (9ms)
			TypeCache.Refresh (4ms)
				TypeCache.ScanAssembly (0ms)
			ScanForSourceGeneratedMonoScriptInfo (0ms)
			ResolveRequiredComponents (4ms)
	FinalizeReload (995ms)
		ReleaseScriptCaches (0ms)
		RebuildScriptCaches (0ms)
		SetupLoadedEditorAssemblies (501ms)
			LogAssemblyErrors (0ms)
			InitializePlatformSupportModulesInManaged (28ms)
			SetLoadedEditorAssemblies (4ms)
			RefreshPlugins (0ms)
			BeforeProcessingInitializeOnLoad (96ms)
			ProcessInitializeOnLoadAttributes (346ms)
			ProcessInitializeOnLoadMethodAttributes (17ms)
			AfterProcessingInitializeOnLoad (9ms)
			EditorAssembliesLoaded (0ms)
		ExecutionOrderSort2 (0ms)
		AwakeInstancesAfterBackupRestoration (6ms)
Refreshing native plugins compatible for Editor in 5.07 ms, found 6 plugins.
Preloading 0 native plugins for Editor in 0.00 ms.
Unloading 3256 Unused Serialized files (Serialized files now loaded: 0)
Unloading 22 unused Assets / (337.4 KB). Loaded Objects now: 3759.
Memory consumption went from 123.2 MB to 122.9 MB.
Total: 2.321800 ms (FindLiveObjects: 0.174000 ms CreateObjectMapping: 0.081700 ms MarkObjects: 1.893200 ms  DeleteObjects: 0.172300 ms)

Prepare: number of updated asset objects reloaded= 0
AssetImportParameters requested are different than current active one (requested -> active):
  custom:scripting/monoscript/fileName/WEBMRecorderSettingsEditor.cs: 5559c87f45d3b65fac8d5ac4ef5e81c8 -> 
  custom:scripting/monoscript/fileName/UIElementHelper.cs: 9f9438adfe3361012ea6280d4cdb2df4 -> 
  custom:scripting/monoscript/fileName/AOVCameraInput.cs: c23c8ce885672bc57e25263b3efd067a -> 
  custom:scripting/monoscript/fileName/BaseTextureRecorder.cs: 90647cc400823b41df847a6cbfc29026 -> 
  custom:scripting/monoscript/fileName/Recorder.cs: a7e319d512627774f8215ba0b76f0bcb -> 
  custom:scripting/monoscript/fileName/AudioRecorder.cs: 89550121570f22445b4a1b28daea3cf9 -> 
  custom:scripting/monoscript/fileName/PanelSplitter.cs: 5ff6c6e385b6b12ca322a9c92ac6f371 -> 
  custom:scripting/monoscript/fileName/ImageRecorderSettings.cs: a7ab05fac9382c03607c40fe73956ed6 -> 
  custom:scripting/monoscript/fileName/RecorderClip.cs: 897017f45cb3c30f306724d1fa17a8fe -> 
  custom:scripting/monoscript/fileName/GIFRecorderSettings.cs: 979f88ae1e7731daed242ab2fdebbc0e -> 
  custom:container-demuxer-ogg: 62fdf1f143b41e24485cea50d1cbac27 -> 
  custom:scripting/monoscript/fileName/MovieRecorder.cs: 024785cf83e1399f425b2aa115d22e2b -> 
  custom:scripting/monoscript/fileName/RecorderControllerSettingsPresetEditor.cs: 49aed206ae65ed5ac6b420f7104cd52d -> 
  custom:scripting/monoscript/fileName/AudioInput.cs: 499e96d8f0b35d362bd956c0975bb873 -> 
  custom:scripting/monoscript/fileName/WEBMRecorderSettings.cs: c176c43abbe456aeea55c2aef862801b -> 
  custom:scripting/monoscript/fileName/RecorderControllerSettingsPreset.cs: 78b391c1384ac60213ef58d50e78d553 -> 
  custom:scripting/monoscript/fileName/GameViewInputSettings.cs: a7ae22123f532f5bbcb39c654c998b57 -> 
  custom:scripting/monoscript/fileName/GameViewInputPropertyDrawer.cs: ae2c8a99c5e33d3d1ffc8232415130e8 -> 
  custom:scripting/monoscript/fileName/Camera360Input.cs: dc473b118c57e0734b0cd3476e333c06 -> 
  custom:scripting/monoscript/fileName/RecorderPreferencesSettingsProvider.cs: d92d314b87f7c2170e267636ebf38224 -> 
  custom:scripting/monoscript/fileName/RecorderBindings.cs: ac25db5b587307cfea909607f62e5641 -> 
  custom:video-decoder-ogg-theora: a1e56fd34408186e4bbccfd4996cb3dc -> 
  custom:scripting/monoscript/fileName/GIFWrapper.cs: 6ef8898a12699129e8f81f06a649cad1 -> 
  custom:scripting/monoscript/fileName/SceneHook.cs: 80fa8928b499d44515dd60e0bc895128 -> 
  custom:scripting/monoscript/fileName/AnimationInput.cs: e810137278708a698c5ccddaeb1a1e64 -> 
  custom:scripting/monoscript/fileName/OutputResolutionPropertyDrawer.cs: 0e33ffdf424417a2e685685cfc04d4b1 -> 
  custom:scripting/monoscript/fileName/EnumHelper.cs: 117b5609cc2a1ae41785cd0c8767815f -> 
  custom:scripting/monoscript/fileName/OutputPath.cs: ee51fcffcd8929d224a5e3fb152d5f62 -> 
  custom:scripting/monoscript/fileName/FileNameGeneratorDrawer.cs: a3ea71dec141084df9b7ffa19c11e2cb -> 
  custom:framework-win-MediaFoundation: 216162199b28c13a410421893ffa2e32 -> 
  custom:scripting/monoscript/fileName/RecorderPreferencesWindowGUIScope.cs: 7a2eba6fcb6829ea8b200991a02c9c06 -> 
  custom:scripting/monoscript/fileName/AspectRatio.cs: 18e3efa554f8258b676d4de53e38b642 -> 
  custom:scripting/monoscript/fileName/CameraInputSettings.cs: 6738f6dd994f658d2cbf6f5f3ba05a0e -> 
  custom:scripting/monoscript/fileName/RefHandle.cs: 90647cc400823b41df847a6cbfc29026 -> 
  custom:scripting/monoscript/fileName/CameraCapture.cs: c6dcba1380d9a4fa09f4e36182a45a73 -> 
  custom:scripting/monoscript/fileName/RecorderControllerSettings.cs: 989e0caa64af9b76551d4ff6bd15f598 -> 
  custom:scripting/monoscript/fileName/TargetedPropertyDrawer.cs: 90647cc400823b41df847a6cbfc29026 -> 
  custom:scripting/monoscript/fileName/MovieRecorderSettings.cs: 02a667a67b113b1f65e3fcadcc882513 -> 
  custom:scripting/monoscript/fileName/RenderTextureInputSettings.cs: ebca820667a63031a7597db85d26451a -> 
  custom:scripting/monoscript/fileName/ImageRecorderEditor.cs: d3134ae4c1dfd8e056bace11130b7692 -> 
  custom:scripting/monoscript/fileName/ProResEncoderSettings.cs: 4aca03881946a7fe9acacf199434009e -> 
  custom:scripting/monoscript/fileName/_FrameRequestComponent.cs: b34f171daaafc65da55ea68e2ed89f2b -> 
  custom:scripting/monoscript/fileName/RenderTextureInput.cs: 5dea77837ae3c82bb14643cd82dc06dc -> 
  custom:scripting/monoscript/fileName/RecorderAnalytics.cs: 0fa40093f6ac3fe75e92d746d563e5ee -> 
  custom:scripting/monoscript/fileName/MP4RecorderSettingsEditor.cs: 68a64b16a7961d71fa7286fd1f782e9b -> 
  custom:scripting/monoscript/fileName/RecorderBindingsEditor.cs: f7451a0e1cea6404b2976d2b2c42e273 -> 
  custom:scripting/monoscript/fileName/BaseRenderTextureInput.cs: 5dc13661a5a0dca5d09ca211933a44e2 -> 
  custom:scripting/monoscript/fileName/StatusBarHelper.cs: da04a6ed046f8a62f416d5d3ea415bef -> 
  custom:scripting/precompiled-assembly-types:Unity.Recorder: bd5378c99f6216e06dd6e2c2a60a86a4 -> 
  custom:CustomObjectIndexerAttribute: 9a22284fe3817be447336de3de66b15e -> 
  custom:scripting/monoscript/fileName/Camera360InputSettings.cs: 3d5eaf1cb3a9df6f9d1d52f3c3018c46 -> 
  custom:scripting/monoscript/fileName/PNGRecorderSettingsEditor.cs: 4970e6657bb34f7efc2c7d8168c7358b -> 
  custom:scripting/monoscript/fileName/ImageHeightSelector.cs: d1a7972bf1d79d90f09ab23c718afe39 -> 
  custom:scripting/monoscript/fileName/AnimationInputSettings.cs: d64a99ebbd13660e9264cb4111ab9832 -> 
  custom:scripting/monoscript/fileName/MP4RecorderSettings.cs: 551f5535c05b86d6ee91684eced14987 -> 
  custom:scripting/monoscript/fileName/RecorderPreferencesSettings.cs: 761b0a55fc5e50239a1d0c4bfc968274 -> 
  custom:container-demuxer-webm: 4f35f7cbe854078d1ac9338744f61a02 -> 
  custom:scripting/monoscript/fileName/RecorderSettingsPrefsEditor.cs: ba9e697f1d269c2c960a41bc543fa408 -> 
  custom:scripting/monoscript/fileName/ProResWrapper.cs: 712515ef615766c98115c6a20d85d6c8 -> 
  custom:scripting/monoscript/fileName/RecordModePropertyDrawer.cs: 165332db07362bbcab2d8dc6d1e1dfda -> 
  custom:scripting/monoscript/fileName/ImageInputSettings.cs: 98a2aedd167d40f01804b04845eeaf15 -> 
  custom:scripting/monoscript/fileName/SerializableObjHelper.cs: f19f181f3f05e8e393225dd7030fb66a -> 
  custom:scripting/monoscript/fileName/InputPropertyDrawer.cs: 90647cc400823b41df847a6cbfc29026 -> 
  custom:scripting/monoscript/fileName/AudioInputSettings.cs: a2c930fca1dd5e27705fbacf39727bb4 -> 
  custom:scripting/monoscript/fileName/InputSettings.cs: 35c56ce5488c6b464726305dcbd33b3d -> 
  custom:scripting/monoscript/fileName/RecorderEditor.cs: 736e59ba52eea987abc47f36a836e575 -> 
  custom:scripting/monoscript/fileName/AudioRecorderSettings.cs: 0b00f2c93558486cc61a06f270f43fea -> 
  custom:scripting/monoscript/fileName/RecordersInventory.cs: fb714c8df18f9b7fc7f3361f604ae3dc -> 
  custom:scripting/monoscript/fileName/BaseFCRecorderSettings.cs: fab928553cedb8703ac192d6cf7b6294 -> 
  custom:scripting/monoscript/fileName/AOVRecorderSettings.cs: cdc731153cd2f1f739300a28ea6a6608 -> 
  custom:scripting/monoscript/fileName/EXRCompressionTypeDrawer.cs: 301cb614ecf84a4dab346c5f76ea2016 -> 
  custom:scripting/monoscript/fileName/AOVRecorder.cs: c53e83f1863b3ea80b6df3885cdb8c82 -> 
  custom:scripting/monoscript/fileName/IEncoderSettings.cs: c7d04fadacf538db841606cc656ae724 -> 
  custom:scripting/monoscript/fileName/ShutterProfileTypePropertyDrawer.cs: 18a32c647eca27716eabcb5a44f00e32 -> 
  custom:scripting/monoscript/fileName/MovieRecorderEditor.cs: eb00ddb8a76b8dfb7c88b7826a49d38b -> 
  custom:scripting/monoscript/fileName/RenderTextureInputSettingsPropertyDrawer.cs: 809602b52454cd1e6229756218a8f453 -> 
  custom:scripting/monoscript/fileName/RecorderPlayableBehaviour.cs: 80165a21f4cd0dda690f708a19d389bd -> 
  custom:scripting/monoscript/fileName/GifEncoderSettingsPropertyDrawer.cs: b36c9a7eaaefccda514b23d7e14761ca -> 
  custom:scripting/monoscript/fileName/PNGRecorder.cs: 08fd40f88cb6b18c96882f263639f57d -> 
  custom:scripting/monoscript/fileName/CameraInputSettingsPropertyDrawer.cs: 91928abf1abf88be098cb088d896aec5 -> 
  custom:scripting/monoscript/fileName/AudioRecorderEditor.cs: 565168dec291afe3fa470657cfc2c123 -> 
  custom:scripting/monoscript/fileName/AOVRecorderEditor.cs: 5ca53ccd6d7645709639507726114395 -> 
  custom:container-muxer-webm: aa71ff27fc2769a1b78a27578f13a17b -> 
  custom:video-decoder-webm-vp8: 9c59270c3fd7afecdb556c50c9e8de78 -> 
  custom:scripting/monoscript/fileName/RecordingSession.cs: f3ad08157c278a036224ca395f350890 -> 
  custom:scripting/monoscript/fileName/GameViewSize.cs: f6128a6515fcafce6db32fcdfa107254 -> 
  custom:scripting/monoscript/fileName/UnityHelpers.cs: b3e077029b574be508585124a9d839ef -> 
  custom:SearchIndexIgnoredProperties: e643bd26f0fe6173181afceb89e7c659 -> 
  custom:scripting/monoscript/fileName/GIFRecorder.cs: c00ece885699fb9084deaccd3eb27518 -> 
  custom:AudioImporter_EditorPlatform: d09bf68614088b80899f8185d706f6e7 -> 
  custom:scripting/monoscript/fileName/EXRRecorder.cs: 3f576ce8ddd959d51a4d7ba1999ecdbb -> 
  custom:scripting/monoscript/fileName/WEBMRecorder.cs: 391b6b920cfbc02401ea522620320c93 -> 
  custom:scripting/monoscript/fileName/RenderTextureSampler.cs: 1a7b9abab9548e1054dc40d6e2fa0270 -> 
  custom:scripting/monoscript/fileName/GifEncoder.cs: 40f336d5c5042a8a04556b4c5804a538 -> 
  custom:scripting/monoscript/fileName/GenericRecorder.cs: 90647cc400823b41df847a6cbfc29026 -> 
  custom:scripting/monoscript/fileName/ImageInputSelector.cs: f55822da877594150873922341be92b6 -> 
  custom:scripting/monoscript/fileName/AnimationRecorderSettingsEditor.cs: db1294bf3d48be44b6e4b2f2cc100b02 -> 
  custom:scripting/monoscript/fileName/RecorderTrack.cs: fac9638ece7eb7daaa1302fa170613fd -> 
  custom:scripting/monoscript/fileName/InputSettingsSelector.cs: 499a4ec92267406782b5c4f3472d53b9 -> 
  custom:scripting/monoscript/fileName/FileNameGenerator.cs: 5c8b6eb5291c3311189e0dfadac99363 -> 
  custom:scripting/monoscript/fileName/RecorderItem.cs: b62d2fcb9547a248575727d8a1646db8 -> 
  custom:scripting/monoscript/fileName/TextureFlipper.cs: 825b503b2ddab9cbd8ebbf3038075092 -> 
  custom:scripting/monoscript/fileName/AccumulationSettings.cs: fb962f0c2333934b681b167574f5e1cd -> 
  custom:scripting/monoscript/fileName/Camera360InputPropertyDrawer.cs: af647a2fe91bec98139246321cac865d -> 
  custom:scripting/monoscript/fileName/RecorderClipEditor.cs: 947ad5ff1f968d7fc40767d187070964 -> 
  custom:scripting/monoscript/fileName/EXRRecorderSettingsEditor.cs: c520a04c5f01331f2c8800e289ef6d6f -> 
  custom:scripting/monoscript/fileName/CoreEncoder.cs: dfaed86e82ad12e6a2b6740a0fb35820 -> 
  custom:scripting/monoscript/fileName/PNGRecorderSettings.cs: 79a421225358808ff14dd88c0355d1b6 -> 
  custom:scripting/monoscript/fileName/AspectRatioPropertyDrawer.cs: 9f18568574138839573389bde3e660a7 -> 
  custom:scripting/monoscript/fileName/ProResEncoder.cs: b375bf2d41e3d89081c3f2d1a0823bf3 -> 
  custom:scripting/monoscript/fileName/CameraInput.cs: bf7e0df3caf9e500f6d1c98c99e165ba -> 
  custom:scripting/monoscript/fileName/RecorderSettings.cs: bc3ef26ac157af28e5460886c0d5ef2e -> 
  custom:scripting/monoscript/fileName/RecorderClipTimelineEditor.cs: 2995d9f50ebc9245c6e9bd75c56415fb -> 
  custom:scripting/monoscript/fileName/EncoderSettingsAttribute.cs: 8352396dc11cff58c65c429fdb4fc67e -> 
  custom:scripting/monoscript/fileName/MP4Recorder.cs: af531c4e1f6d23547da08837eb16b729 -> 
  custom:scripting/monoscript/fileName/EncoderTypeUtilities.cs: a12c4c78a6cd4fb6b93180d59ad77be8 -> 
  custom:scripting/monoscript/fileName/PooledBufferAsyncGPUReadback.cs: 2a4e50c5dda177306c9ec935763c4378 -> 
  custom:scripting/monoscript/fileName/AnimationRecorder.cs: f749a4250195b5467bbf05e3a976b59f -> 
  custom:scripting/precompiled-assembly-types:Unity.Recorder.Base: 3fec19fdf10e3518c41e41a932f2042f -> 
  custom:scripting/monoscript/fileName/AnimationRecorderSettings.cs: 5cfb1544a40f93fe0ea879bb1361c877 -> 
  custom:scripting/monoscript/fileName/RenderTextureSamplerSettings.cs: 68adab84706346f2ecbdfd649ca9cf61 -> 
  custom:scripting/monoscript/fileName/RecordingContext.cs: af9af1e8b283703482ba133924b5585a -> 
  custom:scripting/monoscript/fileName/RecorderSelector.cs: c3cd2caacd181d6eff54dc260c4a1ffb -> 
  custom:video-encoder-webm-vp8: eb34c28f22e8b96e1ab97ce403110664 -> 
  custom:scripting/monoscript/fileName/RecorderInput.cs: 88fd8d8fd71b34ed7298a01f6c2d2e40 -> 
  custom:scripting/monoscript/fileName/RenderTextureSamplerPropertyDrawer.cs: b541817d9cc9b1341d2ddfa8823b718d -> 
  custom:scripting/monoscript/fileName/RecorderSettingsAttribute.cs: ddd228b25da7ba2ac10d13e1efacc875 -> 
  custom:audio-decoder-ogg-vorbis: bf7c407c2cedff20999df2af8eb42d56 -> 
  custom:scripting/monoscript/fileName/OutputPathDrawer.cs: cffc34c1be094e6caeb13ff3b26ca679 -> 
  custom:scripting/monoscript/fileName/EditorVersionsHelper.cs: 3ad9098caeeff0295dba8c0911f5333a -> 
  custom:scripting/monoscript/fileName/SettingAsset.cs: 7c3790954696ae83d71055079b387931 -> 
  custom:scripting/monoscript/fileName/OutputResolution.cs: 31c632d97e9a69bcc2ef10f6feb5bf62 -> 
  custom:scripting/monoscript/fileName/AccumulationSettingsPropertyDrawer.cs: bfc920db0de3c29c2967e88aac1c1027 -> 
  custom:scripting/monoscript/fileName/AnimationInputSettingsPropertyDrawer.cs: ebe1771fecebe7a93badf6354f59c990 -> 
  custom:scripting/monoscript/fileName/CoreEncoderSettings.cs: 2b5db1db3c1fa7de4175a7e143de3ce5 -> 
  custom:scripting/monoscript/fileName/VisualListItem.cs: 90647cc400823b41df847a6cbfc29026 -> 
  custom:scripting/monoscript/fileName/FrameRateProperyDrawer.cs: c478c798f5354f66af45b380be0629f9 -> 
  custom:scripting/monoscript/fileName/InputSettingsSelectorDrawer.cs: bca46dd5b59e2f574c94bef4cdb878fb -> 
  custom:scripting/monoscript/fileName/RecorderWindow.cs: 553a30d64d5ef1dcad6b00b4eeeb3829 -> 
  custom:scripting/monoscript/fileName/AOVCameraInputSettings.cs: 4d2fdf1142ce53d73cb43d39944ba516 -> 
  custom:scripting/monoscript/fileName/EnumProperyDrawer.cs: 90647cc400823b41df847a6cbfc29026 -> 
  custom:scripting/monoscript/fileName/AOVImageInputSelector.cs: b741d8d3a7cbb503c5bdf23d7e6792db -> 
  custom:scripting/monoscript/fileName/CoreEncoderSettingsPropertyDrawer.cs: c8bdf3420d844fd4604c0d0cf3815355 -> 
  custom:scripting/monoscript/fileName/GifEncoderSettings.cs: 812ca6afdf48b830953d76adab9d4030 -> 
  custom:scripting/monoscript/fileName/GIFRecorderSettingsEditor.cs: 4d0f46bcf58d188895fabae5334995ae -> 
  custom:scripting/monoscript/fileName/IEncoder.cs: 007c2ef621b0d92b5a7a6bae91d26090 -> 
  custom:scripting/monoscript/fileName/RecorderOptions.cs: 74782d297e80d8f56c0e05a7cde4e51d -> 
  custom:scripting/precompiled-assembly-types:Unity.Recorder.Editor: cd22b836ef1ca10e7d8c91c9be46b4bf -> 
  custom:scripting/monoscript/fileName/ProResEncoderSettingsPropertyDrawer.cs: 68c25e6d4459336217d4b9e22eb707b4 -> 
  custom:scripting/monoscript/fileName/ImageRecorder.cs: b804c29bfc59a61db184c1d275fe4101 -> 
  custom:scripting/monoscript/fileName/EditableLabel.cs: 4f8fa2c6092744ed6607a411e3f617c0 -> 
  custom:scripting/monoscript/fileName/GameViewInput.cs: 596e7ffa2d11b2002176644af3247ea6 -> 
  custom:audio-encoder-webm-vorbis: bf7c407c2cedff20999df2af8eb42d56 -> 
  custom:scripting/monoscript/fileName/SerializedDictionnary.cs: 90647cc400823b41df847a6cbfc29026 -> 
  custom:scripting/monoscript/fileName/HammersleySequence.cs: b06601f044912976f668045b7d4c79a8 -> 
  custom:scripting/monoscript/fileName/_RecorderComponent.cs: 8c268d1df4e18643d83ea9c6eeba2d9f -> 
  custom:scripting/monoscript/fileName/IAccumulation.cs: 38dee62d444423165276e3254554d005 -> 
  custom:scripting/monoscript/fileName/RecorderController.cs: 5760bd2995080b8d0d9d9e88ab8933c6 -> 
  custom:scripting/monoscript/fileName/EXRRecorderSettings.cs: bf113df492cb5b25e11ec144a73c2f74 -> 
========================================================================
Received Prepare
Caller must complete domain reload
Begin MonoManager ReloadAssembly
- Loaded All Assemblies, in  0.422 seconds
Native extension for WindowsStandalone target not found
Native extension for iOS target not found
Native extension for Android target not found
Mono: successfully reloaded assembly
- Finished resetting the current domain, in  0.984 seconds
Domain Reload Profiling: 1402ms
	BeginReloadAssembly (132ms)
		ExecutionOrderSort (0ms)
		DisableScriptedObjects (4ms)
		BackupInstance (0ms)
		ReleaseScriptingObjects (0ms)
		CreateAndSetChildDomain (24ms)
	RebuildCommonClasses (25ms)
	RebuildNativeTypeToScriptingClass (8ms)
	initialDomainReloadingComplete (27ms)
	LoadAllAssembliesAndSetupDomain (225ms)
		LoadAssemblies (281ms)
		RebuildTransferFunctionScriptingTraits (0ms)
		AnalyzeDomain (19ms)
			TypeCache.Refresh (7ms)
				TypeCache.ScanAssembly (0ms)
			ScanForSourceGeneratedMonoScriptInfo (5ms)
			ResolveRequiredComponents (5ms)
	FinalizeReload (984ms)
		ReleaseScriptCaches (0ms)
		RebuildScriptCaches (0ms)
		SetupLoadedEditorAssemblies (486ms)
			LogAssemblyErrors (0ms)
			InitializePlatformSupportModulesInManaged (28ms)
			SetLoadedEditorAssemblies (3ms)
			RefreshPlugins (0ms)
			BeforeProcessingInitializeOnLoad (86ms)
			ProcessInitializeOnLoadAttributes (342ms)
			ProcessInitializeOnLoadMethodAttributes (17ms)
			AfterProcessingInitializeOnLoad (9ms)
			EditorAssembliesLoaded (0ms)
		ExecutionOrderSort2 (0ms)
		AwakeInstancesAfterBackupRestoration (5ms)
Refreshing native plugins compatible for Editor in 4.91 ms, found 6 plugins.
Preloading 0 native plugins for Editor in 0.00 ms.
Unloading 3256 Unused Serialized files (Serialized files now loaded: 0)
Unloading 22 unused Assets / (337.2 KB). Loaded Objects now: 3762.
Memory consumption went from 123.2 MB to 122.9 MB.
Total: 2.435200 ms (FindLiveObjects: 0.193200 ms CreateObjectMapping: 0.075900 ms MarkObjects: 1.961800 ms  DeleteObjects: 0.203600 ms)

Prepare: number of updated asset objects reloaded= 0
AssetImportParameters requested are different than current active one (requested -> active):
  custom:scripting/monoscript/fileName/WEBMRecorderSettingsEditor.cs: 5559c87f45d3b65fac8d5ac4ef5e81c8 -> 
  custom:scripting/monoscript/fileName/UIElementHelper.cs: 9f9438adfe3361012ea6280d4cdb2df4 -> 
  custom:scripting/monoscript/fileName/AOVCameraInput.cs: c23c8ce885672bc57e25263b3efd067a -> 
  custom:scripting/monoscript/fileName/BaseTextureRecorder.cs: 90647cc400823b41df847a6cbfc29026 -> 
  custom:scripting/monoscript/fileName/Recorder.cs: a7e319d512627774f8215ba0b76f0bcb -> 
  custom:scripting/monoscript/fileName/AudioRecorder.cs: 89550121570f22445b4a1b28daea3cf9 -> 
  custom:scripting/monoscript/fileName/PanelSplitter.cs: 5ff6c6e385b6b12ca322a9c92ac6f371 -> 
  custom:scripting/monoscript/fileName/ImageRecorderSettings.cs: a7ab05fac9382c03607c40fe73956ed6 -> 
  custom:scripting/monoscript/fileName/RecorderClip.cs: 897017f45cb3c30f306724d1fa17a8fe -> 
  custom:scripting/monoscript/fileName/GIFRecorderSettings.cs: 979f88ae1e7731daed242ab2fdebbc0e -> 
  custom:container-demuxer-ogg: 62fdf1f143b41e24485cea50d1cbac27 -> 
  custom:scripting/monoscript/fileName/MovieRecorder.cs: 024785cf83e1399f425b2aa115d22e2b -> 
  custom:scripting/monoscript/fileName/RecorderControllerSettingsPresetEditor.cs: 49aed206ae65ed5ac6b420f7104cd52d -> 
  custom:scripting/monoscript/fileName/AudioInput.cs: 499e96d8f0b35d362bd956c0975bb873 -> 
  custom:scripting/monoscript/fileName/WEBMRecorderSettings.cs: c176c43abbe456aeea55c2aef862801b -> 
  custom:scripting/monoscript/fileName/RecorderControllerSettingsPreset.cs: 78b391c1384ac60213ef58d50e78d553 -> 
  custom:scripting/monoscript/fileName/GameViewInputSettings.cs: a7ae22123f532f5bbcb39c654c998b57 -> 
  custom:scripting/monoscript/fileName/GameViewInputPropertyDrawer.cs: ae2c8a99c5e33d3d1ffc8232415130e8 -> 
  custom:scripting/monoscript/fileName/Camera360Input.cs: dc473b118c57e0734b0cd3476e333c06 -> 
  custom:scripting/monoscript/fileName/RecorderPreferencesSettingsProvider.cs: d92d314b87f7c2170e267636ebf38224 -> 
  custom:scripting/monoscript/fileName/RecorderBindings.cs: ac25db5b587307cfea909607f62e5641 -> 
  custom:video-decoder-ogg-theora: a1e56fd34408186e4bbccfd4996cb3dc -> 
  custom:scripting/monoscript/fileName/GIFWrapper.cs: 6ef8898a12699129e8f81f06a649cad1 -> 
  custom:scripting/monoscript/fileName/SceneHook.cs: 80fa8928b499d44515dd60e0bc895128 -> 
  custom:scripting/monoscript/fileName/AnimationInput.cs: e810137278708a698c5ccddaeb1a1e64 -> 
  custom:scripting/monoscript/fileName/OutputResolutionPropertyDrawer.cs: 0e33ffdf424417a2e685685cfc04d4b1 -> 
  custom:scripting/monoscript/fileName/EnumHelper.cs: 117b5609cc2a1ae41785cd0c8767815f -> 
  custom:scripting/monoscript/fileName/OutputPath.cs: ee51fcffcd8929d224a5e3fb152d5f62 -> 
  custom:scripting/monoscript/fileName/FileNameGeneratorDrawer.cs: a3ea71dec141084df9b7ffa19c11e2cb -> 
  custom:framework-win-MediaFoundation: 216162199b28c13a410421893ffa2e32 -> 
  custom:scripting/monoscript/fileName/RecorderPreferencesWindowGUIScope.cs: 7a2eba6fcb6829ea8b200991a02c9c06 -> 
  custom:scripting/monoscript/fileName/AspectRatio.cs: 18e3efa554f8258b676d4de53e38b642 -> 
  custom:scripting/monoscript/fileName/CameraInputSettings.cs: 6738f6dd994f658d2cbf6f5f3ba05a0e -> 
  custom:scripting/monoscript/fileName/RefHandle.cs: 90647cc400823b41df847a6cbfc29026 -> 
  custom:scripting/monoscript/fileName/CameraCapture.cs: c6dcba1380d9a4fa09f4e36182a45a73 -> 
  custom:scripting/monoscript/fileName/RecorderControllerSettings.cs: 989e0caa64af9b76551d4ff6bd15f598 -> 
  custom:scripting/monoscript/fileName/TargetedPropertyDrawer.cs: 90647cc400823b41df847a6cbfc29026 -> 
  custom:scripting/monoscript/fileName/MovieRecorderSettings.cs: 02a667a67b113b1f65e3fcadcc882513 -> 
  custom:scripting/monoscript/fileName/RenderTextureInputSettings.cs: ebca820667a63031a7597db85d26451a -> 
  custom:scripting/monoscript/fileName/ImageRecorderEditor.cs: d3134ae4c1dfd8e056bace11130b7692 -> 
  custom:scripting/monoscript/fileName/ProResEncoderSettings.cs: 4aca03881946a7fe9acacf199434009e -> 
  custom:scripting/monoscript/fileName/_FrameRequestComponent.cs: b34f171daaafc65da55ea68e2ed89f2b -> 
  custom:scripting/monoscript/fileName/RenderTextureInput.cs: 5dea77837ae3c82bb14643cd82dc06dc -> 
  custom:scripting/monoscript/fileName/RecorderAnalytics.cs: 0fa40093f6ac3fe75e92d746d563e5ee -> 
  custom:scripting/monoscript/fileName/MP4RecorderSettingsEditor.cs: 68a64b16a7961d71fa7286fd1f782e9b -> 
  custom:scripting/monoscript/fileName/RecorderBindingsEditor.cs: f7451a0e1cea6404b2976d2b2c42e273 -> 
  custom:scripting/monoscript/fileName/BaseRenderTextureInput.cs: 5dc13661a5a0dca5d09ca211933a44e2 -> 
  custom:scripting/monoscript/fileName/StatusBarHelper.cs: da04a6ed046f8a62f416d5d3ea415bef -> 
  custom:scripting/precompiled-assembly-types:Unity.Recorder: bd5378c99f6216e06dd6e2c2a60a86a4 -> 
  custom:CustomObjectIndexerAttribute: 9a22284fe3817be447336de3de66b15e -> 
  custom:scripting/monoscript/fileName/Camera360InputSettings.cs: 3d5eaf1cb3a9df6f9d1d52f3c3018c46 -> 
  custom:scripting/monoscript/fileName/PNGRecorderSettingsEditor.cs: 4970e6657bb34f7efc2c7d8168c7358b -> 
  custom:scripting/monoscript/fileName/ImageHeightSelector.cs: d1a7972bf1d79d90f09ab23c718afe39 -> 
  custom:scripting/monoscript/fileName/AnimationInputSettings.cs: d64a99ebbd13660e9264cb4111ab9832 -> 
  custom:scripting/monoscript/fileName/MP4RecorderSettings.cs: 551f5535c05b86d6ee91684eced14987 -> 
  custom:scripting/monoscript/fileName/RecorderPreferencesSettings.cs: 761b0a55fc5e50239a1d0c4bfc968274 -> 
  custom:container-demuxer-webm: 4f35f7cbe854078d1ac9338744f61a02 -> 
  custom:scripting/monoscript/fileName/RecorderSettingsPrefsEditor.cs: ba9e697f1d269c2c960a41bc543fa408 -> 
  custom:scripting/monoscript/fileName/ProResWrapper.cs: 712515ef615766c98115c6a20d85d6c8 -> 
  custom:scripting/monoscript/fileName/RecordModePropertyDrawer.cs: 165332db07362bbcab2d8dc6d1e1dfda -> 
  custom:scripting/monoscript/fileName/ImageInputSettings.cs: 98a2aedd167d40f01804b04845eeaf15 -> 
  custom:scripting/monoscript/fileName/SerializableObjHelper.cs: f19f181f3f05e8e393225dd7030fb66a -> 
  custom:scripting/monoscript/fileName/InputPropertyDrawer.cs: 90647cc400823b41df847a6cbfc29026 -> 
  custom:scripting/monoscript/fileName/AudioInputSettings.cs: a2c930fca1dd5e27705fbacf39727bb4 -> 
  custom:scripting/monoscript/fileName/InputSettings.cs: 35c56ce5488c6b464726305dcbd33b3d -> 
  custom:scripting/monoscript/fileName/RecorderEditor.cs: 736e59ba52eea987abc47f36a836e575 -> 
  custom:scripting/monoscript/fileName/AudioRecorderSettings.cs: 0b00f2c93558486cc61a06f270f43fea -> 
  custom:scripting/monoscript/fileName/RecordersInventory.cs: fb714c8df18f9b7fc7f3361f604ae3dc -> 
  custom:scripting/monoscript/fileName/BaseFCRecorderSettings.cs: fab928553cedb8703ac192d6cf7b6294 -> 
  custom:scripting/monoscript/fileName/AOVRecorderSettings.cs: cdc731153cd2f1f739300a28ea6a6608 -> 
  custom:scripting/monoscript/fileName/EXRCompressionTypeDrawer.cs: 301cb614ecf84a4dab346c5f76ea2016 -> 
  custom:scripting/monoscript/fileName/AOVRecorder.cs: c53e83f1863b3ea80b6df3885cdb8c82 -> 
  custom:scripting/monoscript/fileName/IEncoderSettings.cs: c7d04fadacf538db841606cc656ae724 -> 
  custom:scripting/monoscript/fileName/ShutterProfileTypePropertyDrawer.cs: 18a32c647eca27716eabcb5a44f00e32 -> 
  custom:scripting/monoscript/fileName/MovieRecorderEditor.cs: eb00ddb8a76b8dfb7c88b7826a49d38b -> 
  custom:scripting/monoscript/fileName/RenderTextureInputSettingsPropertyDrawer.cs: 809602b52454cd1e6229756218a8f453 -> 
  custom:scripting/monoscript/fileName/RecorderPlayableBehaviour.cs: 80165a21f4cd0dda690f708a19d389bd -> 
  custom:scripting/monoscript/fileName/GifEncoderSettingsPropertyDrawer.cs: b36c9a7eaaefccda514b23d7e14761ca -> 
  custom:scripting/monoscript/fileName/PNGRecorder.cs: 08fd40f88cb6b18c96882f263639f57d -> 
  custom:scripting/monoscript/fileName/CameraInputSettingsPropertyDrawer.cs: 91928abf1abf88be098cb088d896aec5 -> 
  custom:scripting/monoscript/fileName/AudioRecorderEditor.cs: 565168dec291afe3fa470657cfc2c123 -> 
  custom:scripting/monoscript/fileName/AOVRecorderEditor.cs: 5ca53ccd6d7645709639507726114395 -> 
  custom:container-muxer-webm: aa71ff27fc2769a1b78a27578f13a17b -> 
  custom:video-decoder-webm-vp8: 9c59270c3fd7afecdb556c50c9e8de78 -> 
  custom:scripting/monoscript/fileName/RecordingSession.cs: f3ad08157c278a036224ca395f350890 -> 
  custom:scripting/monoscript/fileName/GameViewSize.cs: f6128a6515fcafce6db32fcdfa107254 -> 
  custom:scripting/monoscript/fileName/UnityHelpers.cs: b3e077029b574be508585124a9d839ef -> 
  custom:SearchIndexIgnoredProperties: e643bd26f0fe6173181afceb89e7c659 -> 
  custom:scripting/monoscript/fileName/GIFRecorder.cs: c00ece885699fb9084deaccd3eb27518 -> 
  custom:AudioImporter_EditorPlatform: d09bf68614088b80899f8185d706f6e7 -> 
  custom:scripting/monoscript/fileName/EXRRecorder.cs: 3f576ce8ddd959d51a4d7ba1999ecdbb -> 
  custom:scripting/monoscript/fileName/WEBMRecorder.cs: 391b6b920cfbc02401ea522620320c93 -> 
  custom:scripting/monoscript/fileName/RenderTextureSampler.cs: 1a7b9abab9548e1054dc40d6e2fa0270 -> 
  custom:scripting/monoscript/fileName/GifEncoder.cs: 40f336d5c5042a8a04556b4c5804a538 -> 
  custom:scripting/monoscript/fileName/GenericRecorder.cs: 90647cc400823b41df847a6cbfc29026 -> 
  custom:scripting/monoscript/fileName/ImageInputSelector.cs: f55822da877594150873922341be92b6 -> 
  custom:scripting/monoscript/fileName/AnimationRecorderSettingsEditor.cs: db1294bf3d48be44b6e4b2f2cc100b02 -> 
  custom:scripting/monoscript/fileName/RecorderTrack.cs: fac9638ece7eb7daaa1302fa170613fd -> 
  custom:scripting/monoscript/fileName/InputSettingsSelector.cs: 499a4ec92267406782b5c4f3472d53b9 -> 
  custom:scripting/monoscript/fileName/FileNameGenerator.cs: 5c8b6eb5291c3311189e0dfadac99363 -> 
  custom:scripting/monoscript/fileName/RecorderItem.cs: b62d2fcb9547a248575727d8a1646db8 -> 
  custom:scripting/monoscript/fileName/TextureFlipper.cs: 825b503b2ddab9cbd8ebbf3038075092 -> 
  custom:scripting/monoscript/fileName/AccumulationSettings.cs: fb962f0c2333934b681b167574f5e1cd -> 
  custom:scripting/monoscript/fileName/Camera360InputPropertyDrawer.cs: af647a2fe91bec98139246321cac865d -> 
  custom:scripting/monoscript/fileName/RecorderClipEditor.cs: 947ad5ff1f968d7fc40767d187070964 -> 
  custom:scripting/monoscript/fileName/EXRRecorderSettingsEditor.cs: c520a04c5f01331f2c8800e289ef6d6f -> 
  custom:scripting/monoscript/fileName/CoreEncoder.cs: dfaed86e82ad12e6a2b6740a0fb35820 -> 
  custom:scripting/monoscript/fileName/PNGRecorderSettings.cs: 79a421225358808ff14dd88c0355d1b6 -> 
  custom:scripting/monoscript/fileName/AspectRatioPropertyDrawer.cs: 9f18568574138839573389bde3e660a7 -> 
  custom:scripting/monoscript/fileName/ProResEncoder.cs: b375bf2d41e3d89081c3f2d1a0823bf3 -> 
  custom:scripting/monoscript/fileName/CameraInput.cs: bf7e0df3caf9e500f6d1c98c99e165ba -> 
  custom:scripting/monoscript/fileName/RecorderSettings.cs: bc3ef26ac157af28e5460886c0d5ef2e -> 
  custom:scripting/monoscript/fileName/RecorderClipTimelineEditor.cs: 2995d9f50ebc9245c6e9bd75c56415fb -> 
  custom:scripting/monoscript/fileName/EncoderSettingsAttribute.cs: 8352396dc11cff58c65c429fdb4fc67e -> 
  custom:scripting/monoscript/fileName/MP4Recorder.cs: af531c4e1f6d23547da08837eb16b729 -> 
  custom:scripting/monoscript/fileName/EncoderTypeUtilities.cs: a12c4c78a6cd4fb6b93180d59ad77be8 -> 
  custom:scripting/monoscript/fileName/PooledBufferAsyncGPUReadback.cs: 2a4e50c5dda177306c9ec935763c4378 -> 
  custom:scripting/monoscript/fileName/AnimationRecorder.cs: f749a4250195b5467bbf05e3a976b59f -> 
  custom:scripting/precompiled-assembly-types:Unity.Recorder.Base: 3fec19fdf10e3518c41e41a932f2042f -> 
  custom:scripting/monoscript/fileName/AnimationRecorderSettings.cs: 5cfb1544a40f93fe0ea879bb1361c877 -> 
  custom:scripting/monoscript/fileName/RenderTextureSamplerSettings.cs: 68adab84706346f2ecbdfd649ca9cf61 -> 
  custom:scripting/monoscript/fileName/RecordingContext.cs: af9af1e8b283703482ba133924b5585a -> 
  custom:scripting/monoscript/fileName/RecorderSelector.cs: c3cd2caacd181d6eff54dc260c4a1ffb -> 
  custom:video-encoder-webm-vp8: eb34c28f22e8b96e1ab97ce403110664 -> 
  custom:scripting/monoscript/fileName/RecorderInput.cs: 88fd8d8fd71b34ed7298a01f6c2d2e40 -> 
  custom:scripting/monoscript/fileName/RenderTextureSamplerPropertyDrawer.cs: b541817d9cc9b1341d2ddfa8823b718d -> 
  custom:scripting/monoscript/fileName/RecorderSettingsAttribute.cs: ddd228b25da7ba2ac10d13e1efacc875 -> 
  custom:audio-decoder-ogg-vorbis: bf7c407c2cedff20999df2af8eb42d56 -> 
  custom:scripting/monoscript/fileName/OutputPathDrawer.cs: cffc34c1be094e6caeb13ff3b26ca679 -> 
  custom:scripting/monoscript/fileName/EditorVersionsHelper.cs: 3ad9098caeeff0295dba8c0911f5333a -> 
  custom:scripting/monoscript/fileName/SettingAsset.cs: 7c3790954696ae83d71055079b387931 -> 
  custom:scripting/monoscript/fileName/OutputResolution.cs: 31c632d97e9a69bcc2ef10f6feb5bf62 -> 
  custom:scripting/monoscript/fileName/AccumulationSettingsPropertyDrawer.cs: bfc920db0de3c29c2967e88aac1c1027 -> 
  custom:scripting/monoscript/fileName/AnimationInputSettingsPropertyDrawer.cs: ebe1771fecebe7a93badf6354f59c990 -> 
  custom:scripting/monoscript/fileName/CoreEncoderSettings.cs: 2b5db1db3c1fa7de4175a7e143de3ce5 -> 
  custom:scripting/monoscript/fileName/VisualListItem.cs: 90647cc400823b41df847a6cbfc29026 -> 
  custom:scripting/monoscript/fileName/FrameRateProperyDrawer.cs: c478c798f5354f66af45b380be0629f9 -> 
  custom:scripting/monoscript/fileName/InputSettingsSelectorDrawer.cs: bca46dd5b59e2f574c94bef4cdb878fb -> 
  custom:scripting/monoscript/fileName/RecorderWindow.cs: 553a30d64d5ef1dcad6b00b4eeeb3829 -> 
  custom:scripting/monoscript/fileName/AOVCameraInputSettings.cs: 4d2fdf1142ce53d73cb43d39944ba516 -> 
  custom:scripting/monoscript/fileName/EnumProperyDrawer.cs: 90647cc400823b41df847a6cbfc29026 -> 
  custom:scripting/monoscript/fileName/AOVImageInputSelector.cs: b741d8d3a7cbb503c5bdf23d7e6792db -> 
  custom:scripting/monoscript/fileName/CoreEncoderSettingsPropertyDrawer.cs: c8bdf3420d844fd4604c0d0cf3815355 -> 
  custom:scripting/monoscript/fileName/GifEncoderSettings.cs: 812ca6afdf48b830953d76adab9d4030 -> 
  custom:scripting/monoscript/fileName/GIFRecorderSettingsEditor.cs: 4d0f46bcf58d188895fabae5334995ae -> 
  custom:scripting/monoscript/fileName/IEncoder.cs: 007c2ef621b0d92b5a7a6bae91d26090 -> 
  custom:scripting/monoscript/fileName/RecorderOptions.cs: 74782d297e80d8f56c0e05a7cde4e51d -> 
  custom:scripting/precompiled-assembly-types:Unity.Recorder.Editor: cd22b836ef1ca10e7d8c91c9be46b4bf -> 
  custom:scripting/monoscript/fileName/ProResEncoderSettingsPropertyDrawer.cs: 68c25e6d4459336217d4b9e22eb707b4 -> 
  custom:scripting/monoscript/fileName/ImageRecorder.cs: b804c29bfc59a61db184c1d275fe4101 -> 
  custom:scripting/monoscript/fileName/EditableLabel.cs: 4f8fa2c6092744ed6607a411e3f617c0 -> 
  custom:scripting/monoscript/fileName/GameViewInput.cs: 596e7ffa2d11b2002176644af3247ea6 -> 
  custom:audio-encoder-webm-vorbis: bf7c407c2cedff20999df2af8eb42d56 -> 
  custom:scripting/monoscript/fileName/SerializedDictionnary.cs: 90647cc400823b41df847a6cbfc29026 -> 
  custom:scripting/monoscript/fileName/HammersleySequence.cs: b06601f044912976f668045b7d4c79a8 -> 
  custom:scripting/monoscript/fileName/_RecorderComponent.cs: 8c268d1df4e18643d83ea9c6eeba2d9f -> 
  custom:scripting/monoscript/fileName/IAccumulation.cs: 38dee62d444423165276e3254554d005 -> 
  custom:scripting/monoscript/fileName/RecorderController.cs: 5760bd2995080b8d0d9d9e88ab8933c6 -> 
  custom:scripting/monoscript/fileName/EXRRecorderSettings.cs: bf113df492cb5b25e11ec144a73c2f74 -> 
========================================================================
Received Prepare
Caller must complete domain reload
Begin MonoManager ReloadAssembly
- Loaded All Assemblies, in  0.421 seconds
Native extension for WindowsStandalone target not found
Native extension for iOS target not found
Native extension for Android target not found
Mono: successfully reloaded assembly
- Finished resetting the current domain, in  0.957 seconds
Domain Reload Profiling: 1375ms
	BeginReloadAssembly (132ms)
		ExecutionOrderSort (0ms)
		DisableScriptedObjects (6ms)
		BackupInstance (0ms)
		ReleaseScriptingObjects (0ms)
		CreateAndSetChildDomain (25ms)
	RebuildCommonClasses (25ms)
	RebuildNativeTypeToScriptingClass (11ms)
	initialDomainReloadingComplete (34ms)
	LoadAllAssembliesAndSetupDomain (216ms)
		LoadAssemblies (276ms)
		RebuildTransferFunctionScriptingTraits (0ms)
		AnalyzeDomain (10ms)
			TypeCache.Refresh (4ms)
				TypeCache.ScanAssembly (0ms)
			ScanForSourceGeneratedMonoScriptInfo (0ms)
			ResolveRequiredComponents (5ms)
	FinalizeReload (957ms)
		ReleaseScriptCaches (0ms)
		RebuildScriptCaches (0ms)
		SetupLoadedEditorAssemblies (481ms)
			LogAssemblyErrors (0ms)
			InitializePlatformSupportModulesInManaged (29ms)
			SetLoadedEditorAssemblies (4ms)
			RefreshPlugins (0ms)
			BeforeProcessingInitializeOnLoad (88ms)
			ProcessInitializeOnLoadAttributes (333ms)
			ProcessInitializeOnLoadMethodAttributes (18ms)
			AfterProcessingInitializeOnLoad (9ms)
			EditorAssembliesLoaded (0ms)
		ExecutionOrderSort2 (0ms)
		AwakeInstancesAfterBackupRestoration (5ms)
Refreshing native plugins compatible for Editor in 5.08 ms, found 6 plugins.
Preloading 0 native plugins for Editor in 0.00 ms.
Unloading 3256 Unused Serialized files (Serialized files now loaded: 0)
Unloading 22 unused Assets / (337.6 KB). Loaded Objects now: 3765.
Memory consumption went from 123.2 MB to 122.8 MB.
Total: 2.419600 ms (FindLiveObjects: 0.182200 ms CreateObjectMapping: 0.075300 ms MarkObjects: 1.993200 ms  DeleteObjects: 0.168300 ms)

Prepare: number of updated asset objects reloaded= 0
AssetImportParameters requested are different than current active one (requested -> active):
  custom:scripting/monoscript/fileName/WEBMRecorderSettingsEditor.cs: 5559c87f45d3b65fac8d5ac4ef5e81c8 -> 
  custom:scripting/monoscript/fileName/UIElementHelper.cs: 9f9438adfe3361012ea6280d4cdb2df4 -> 
  custom:scripting/monoscript/fileName/AOVCameraInput.cs: c23c8ce885672bc57e25263b3efd067a -> 
  custom:scripting/monoscript/fileName/BaseTextureRecorder.cs: 90647cc400823b41df847a6cbfc29026 -> 
  custom:scripting/monoscript/fileName/Recorder.cs: a7e319d512627774f8215ba0b76f0bcb -> 
  custom:scripting/monoscript/fileName/AudioRecorder.cs: 89550121570f22445b4a1b28daea3cf9 -> 
  custom:scripting/monoscript/fileName/PanelSplitter.cs: 5ff6c6e385b6b12ca322a9c92ac6f371 -> 
  custom:scripting/monoscript/fileName/ImageRecorderSettings.cs: a7ab05fac9382c03607c40fe73956ed6 -> 
  custom:scripting/monoscript/fileName/RecorderClip.cs: 897017f45cb3c30f306724d1fa17a8fe -> 
  custom:scripting/monoscript/fileName/GIFRecorderSettings.cs: 979f88ae1e7731daed242ab2fdebbc0e -> 
  custom:container-demuxer-ogg: 62fdf1f143b41e24485cea50d1cbac27 -> 
  custom:scripting/monoscript/fileName/MovieRecorder.cs: 024785cf83e1399f425b2aa115d22e2b -> 
  custom:scripting/monoscript/fileName/RecorderControllerSettingsPresetEditor.cs: 49aed206ae65ed5ac6b420f7104cd52d -> 
  custom:scripting/monoscript/fileName/AudioInput.cs: 499e96d8f0b35d362bd956c0975bb873 -> 
  custom:scripting/monoscript/fileName/WEBMRecorderSettings.cs: c176c43abbe456aeea55c2aef862801b -> 
  custom:scripting/monoscript/fileName/RecorderControllerSettingsPreset.cs: 78b391c1384ac60213ef58d50e78d553 -> 
  custom:scripting/monoscript/fileName/GameViewInputSettings.cs: a7ae22123f532f5bbcb39c654c998b57 -> 
  custom:scripting/monoscript/fileName/GameViewInputPropertyDrawer.cs: ae2c8a99c5e33d3d1ffc8232415130e8 -> 
  custom:scripting/monoscript/fileName/Camera360Input.cs: dc473b118c57e0734b0cd3476e333c06 -> 
  custom:scripting/monoscript/fileName/RecorderPreferencesSettingsProvider.cs: d92d314b87f7c2170e267636ebf38224 -> 
  custom:scripting/monoscript/fileName/RecorderBindings.cs: ac25db5b587307cfea909607f62e5641 -> 
  custom:video-decoder-ogg-theora: a1e56fd34408186e4bbccfd4996cb3dc -> 
  custom:scripting/monoscript/fileName/GIFWrapper.cs: 6ef8898a12699129e8f81f06a649cad1 -> 
  custom:scripting/monoscript/fileName/SceneHook.cs: 80fa8928b499d44515dd60e0bc895128 -> 
  custom:scripting/monoscript/fileName/AnimationInput.cs: e810137278708a698c5ccddaeb1a1e64 -> 
  custom:scripting/monoscript/fileName/OutputResolutionPropertyDrawer.cs: 0e33ffdf424417a2e685685cfc04d4b1 -> 
  custom:scripting/monoscript/fileName/EnumHelper.cs: 117b5609cc2a1ae41785cd0c8767815f -> 
  custom:scripting/monoscript/fileName/OutputPath.cs: ee51fcffcd8929d224a5e3fb152d5f62 -> 
  custom:scripting/monoscript/fileName/FileNameGeneratorDrawer.cs: a3ea71dec141084df9b7ffa19c11e2cb -> 
  custom:framework-win-MediaFoundation: 216162199b28c13a410421893ffa2e32 -> 
  custom:scripting/monoscript/fileName/RecorderPreferencesWindowGUIScope.cs: 7a2eba6fcb6829ea8b200991a02c9c06 -> 
  custom:scripting/monoscript/fileName/AspectRatio.cs: 18e3efa554f8258b676d4de53e38b642 -> 
  custom:scripting/monoscript/fileName/CameraInputSettings.cs: 6738f6dd994f658d2cbf6f5f3ba05a0e -> 
  custom:scripting/monoscript/fileName/RefHandle.cs: 90647cc400823b41df847a6cbfc29026 -> 
  custom:scripting/monoscript/fileName/CameraCapture.cs: c6dcba1380d9a4fa09f4e36182a45a73 -> 
  custom:scripting/monoscript/fileName/RecorderControllerSettings.cs: 989e0caa64af9b76551d4ff6bd15f598 -> 
  custom:scripting/monoscript/fileName/TargetedPropertyDrawer.cs: 90647cc400823b41df847a6cbfc29026 -> 
  custom:scripting/monoscript/fileName/MovieRecorderSettings.cs: 02a667a67b113b1f65e3fcadcc882513 -> 
  custom:scripting/monoscript/fileName/RenderTextureInputSettings.cs: ebca820667a63031a7597db85d26451a -> 
  custom:scripting/monoscript/fileName/ImageRecorderEditor.cs: d3134ae4c1dfd8e056bace11130b7692 -> 
  custom:scripting/monoscript/fileName/ProResEncoderSettings.cs: 4aca03881946a7fe9acacf199434009e -> 
  custom:scripting/monoscript/fileName/_FrameRequestComponent.cs: b34f171daaafc65da55ea68e2ed89f2b -> 
  custom:scripting/monoscript/fileName/RenderTextureInput.cs: 5dea77837ae3c82bb14643cd82dc06dc -> 
  custom:scripting/monoscript/fileName/RecorderAnalytics.cs: 0fa40093f6ac3fe75e92d746d563e5ee -> 
  custom:scripting/monoscript/fileName/MP4RecorderSettingsEditor.cs: 68a64b16a7961d71fa7286fd1f782e9b -> 
  custom:scripting/monoscript/fileName/RecorderBindingsEditor.cs: f7451a0e1cea6404b2976d2b2c42e273 -> 
  custom:scripting/monoscript/fileName/BaseRenderTextureInput.cs: 5dc13661a5a0dca5d09ca211933a44e2 -> 
  custom:scripting/monoscript/fileName/StatusBarHelper.cs: da04a6ed046f8a62f416d5d3ea415bef -> 
  custom:scripting/precompiled-assembly-types:Unity.Recorder: bd5378c99f6216e06dd6e2c2a60a86a4 -> 
  custom:CustomObjectIndexerAttribute: 9a22284fe3817be447336de3de66b15e -> 
  custom:scripting/monoscript/fileName/Camera360InputSettings.cs: 3d5eaf1cb3a9df6f9d1d52f3c3018c46 -> 
  custom:scripting/monoscript/fileName/PNGRecorderSettingsEditor.cs: 4970e6657bb34f7efc2c7d8168c7358b -> 
  custom:scripting/monoscript/fileName/ImageHeightSelector.cs: d1a7972bf1d79d90f09ab23c718afe39 -> 
  custom:scripting/monoscript/fileName/AnimationInputSettings.cs: d64a99ebbd13660e9264cb4111ab9832 -> 
  custom:scripting/monoscript/fileName/MP4RecorderSettings.cs: 551f5535c05b86d6ee91684eced14987 -> 
  custom:scripting/monoscript/fileName/RecorderPreferencesSettings.cs: 761b0a55fc5e50239a1d0c4bfc968274 -> 
  custom:container-demuxer-webm: 4f35f7cbe854078d1ac9338744f61a02 -> 
  custom:scripting/monoscript/fileName/RecorderSettingsPrefsEditor.cs: ba9e697f1d269c2c960a41bc543fa408 -> 
  custom:scripting/monoscript/fileName/ProResWrapper.cs: 712515ef615766c98115c6a20d85d6c8 -> 
  custom:scripting/monoscript/fileName/RecordModePropertyDrawer.cs: 165332db07362bbcab2d8dc6d1e1dfda -> 
  custom:scripting/monoscript/fileName/ImageInputSettings.cs: 98a2aedd167d40f01804b04845eeaf15 -> 
  custom:scripting/monoscript/fileName/SerializableObjHelper.cs: f19f181f3f05e8e393225dd7030fb66a -> 
  custom:scripting/monoscript/fileName/InputPropertyDrawer.cs: 90647cc400823b41df847a6cbfc29026 -> 
  custom:scripting/monoscript/fileName/AudioInputSettings.cs: a2c930fca1dd5e27705fbacf39727bb4 -> 
  custom:scripting/monoscript/fileName/InputSettings.cs: 35c56ce5488c6b464726305dcbd33b3d -> 
  custom:scripting/monoscript/fileName/RecorderEditor.cs: 736e59ba52eea987abc47f36a836e575 -> 
  custom:scripting/monoscript/fileName/AudioRecorderSettings.cs: 0b00f2c93558486cc61a06f270f43fea -> 
  custom:scripting/monoscript/fileName/RecordersInventory.cs: fb714c8df18f9b7fc7f3361f604ae3dc -> 
  custom:scripting/monoscript/fileName/BaseFCRecorderSettings.cs: fab928553cedb8703ac192d6cf7b6294 -> 
  custom:scripting/monoscript/fileName/AOVRecorderSettings.cs: cdc731153cd2f1f739300a28ea6a6608 -> 
  custom:scripting/monoscript/fileName/EXRCompressionTypeDrawer.cs: 301cb614ecf84a4dab346c5f76ea2016 -> 
  custom:scripting/monoscript/fileName/AOVRecorder.cs: c53e83f1863b3ea80b6df3885cdb8c82 -> 
  custom:scripting/monoscript/fileName/IEncoderSettings.cs: c7d04fadacf538db841606cc656ae724 -> 
  custom:scripting/monoscript/fileName/ShutterProfileTypePropertyDrawer.cs: 18a32c647eca27716eabcb5a44f00e32 -> 
  custom:scripting/monoscript/fileName/MovieRecorderEditor.cs: eb00ddb8a76b8dfb7c88b7826a49d38b -> 
  custom:scripting/monoscript/fileName/RenderTextureInputSettingsPropertyDrawer.cs: 809602b52454cd1e6229756218a8f453 -> 
  custom:scripting/monoscript/fileName/RecorderPlayableBehaviour.cs: 80165a21f4cd0dda690f708a19d389bd -> 
  custom:scripting/monoscript/fileName/GifEncoderSettingsPropertyDrawer.cs: b36c9a7eaaefccda514b23d7e14761ca -> 
  custom:scripting/monoscript/fileName/PNGRecorder.cs: 08fd40f88cb6b18c96882f263639f57d -> 
  custom:scripting/monoscript/fileName/CameraInputSettingsPropertyDrawer.cs: 91928abf1abf88be098cb088d896aec5 -> 
  custom:scripting/monoscript/fileName/AudioRecorderEditor.cs: 565168dec291afe3fa470657cfc2c123 -> 
  custom:scripting/monoscript/fileName/AOVRecorderEditor.cs: 5ca53ccd6d7645709639507726114395 -> 
  custom:container-muxer-webm: aa71ff27fc2769a1b78a27578f13a17b -> 
  custom:video-decoder-webm-vp8: 9c59270c3fd7afecdb556c50c9e8de78 -> 
  custom:scripting/monoscript/fileName/RecordingSession.cs: f3ad08157c278a036224ca395f350890 -> 
  custom:scripting/monoscript/fileName/GameViewSize.cs: f6128a6515fcafce6db32fcdfa107254 -> 
  custom:scripting/monoscript/fileName/UnityHelpers.cs: b3e077029b574be508585124a9d839ef -> 
  custom:SearchIndexIgnoredProperties: e643bd26f0fe6173181afceb89e7c659 -> 
  custom:scripting/monoscript/fileName/GIFRecorder.cs: c00ece885699fb9084deaccd3eb27518 -> 
  custom:AudioImporter_EditorPlatform: d09bf68614088b80899f8185d706f6e7 -> 
  custom:scripting/monoscript/fileName/EXRRecorder.cs: 3f576ce8ddd959d51a4d7ba1999ecdbb -> 
  custom:scripting/monoscript/fileName/WEBMRecorder.cs: 391b6b920cfbc02401ea522620320c93 -> 
  custom:scripting/monoscript/fileName/RenderTextureSampler.cs: 1a7b9abab9548e1054dc40d6e2fa0270 -> 
  custom:scripting/monoscript/fileName/GifEncoder.cs: 40f336d5c5042a8a04556b4c5804a538 -> 
  custom:scripting/monoscript/fileName/GenericRecorder.cs: 90647cc400823b41df847a6cbfc29026 -> 
  custom:scripting/monoscript/fileName/ImageInputSelector.cs: f55822da877594150873922341be92b6 -> 
  custom:scripting/monoscript/fileName/AnimationRecorderSettingsEditor.cs: db1294bf3d48be44b6e4b2f2cc100b02 -> 
  custom:scripting/monoscript/fileName/RecorderTrack.cs: fac9638ece7eb7daaa1302fa170613fd -> 
  custom:scripting/monoscript/fileName/InputSettingsSelector.cs: 499a4ec92267406782b5c4f3472d53b9 -> 
  custom:scripting/monoscript/fileName/FileNameGenerator.cs: 5c8b6eb5291c3311189e0dfadac99363 -> 
  custom:scripting/monoscript/fileName/RecorderItem.cs: b62d2fcb9547a248575727d8a1646db8 -> 
  custom:scripting/monoscript/fileName/TextureFlipper.cs: 825b503b2ddab9cbd8ebbf3038075092 -> 
  custom:scripting/monoscript/fileName/AccumulationSettings.cs: fb962f0c2333934b681b167574f5e1cd -> 
  custom:scripting/monoscript/fileName/Camera360InputPropertyDrawer.cs: af647a2fe91bec98139246321cac865d -> 
  custom:scripting/monoscript/fileName/RecorderClipEditor.cs: 947ad5ff1f968d7fc40767d187070964 -> 
  custom:scripting/monoscript/fileName/EXRRecorderSettingsEditor.cs: c520a04c5f01331f2c8800e289ef6d6f -> 
  custom:scripting/monoscript/fileName/CoreEncoder.cs: dfaed86e82ad12e6a2b6740a0fb35820 -> 
  custom:scripting/monoscript/fileName/PNGRecorderSettings.cs: 79a421225358808ff14dd88c0355d1b6 -> 
  custom:scripting/monoscript/fileName/AspectRatioPropertyDrawer.cs: 9f18568574138839573389bde3e660a7 -> 
  custom:scripting/monoscript/fileName/ProResEncoder.cs: b375bf2d41e3d89081c3f2d1a0823bf3 -> 
  custom:scripting/monoscript/fileName/CameraInput.cs: bf7e0df3caf9e500f6d1c98c99e165ba -> 
  custom:scripting/monoscript/fileName/RecorderSettings.cs: bc3ef26ac157af28e5460886c0d5ef2e -> 
  custom:scripting/monoscript/fileName/RecorderClipTimelineEditor.cs: 2995d9f50ebc9245c6e9bd75c56415fb -> 
  custom:scripting/monoscript/fileName/EncoderSettingsAttribute.cs: 8352396dc11cff58c65c429fdb4fc67e -> 
  custom:scripting/monoscript/fileName/MP4Recorder.cs: af531c4e1f6d23547da08837eb16b729 -> 
  custom:scripting/monoscript/fileName/EncoderTypeUtilities.cs: a12c4c78a6cd4fb6b93180d59ad77be8 -> 
  custom:scripting/monoscript/fileName/PooledBufferAsyncGPUReadback.cs: 2a4e50c5dda177306c9ec935763c4378 -> 
  custom:scripting/monoscript/fileName/AnimationRecorder.cs: f749a4250195b5467bbf05e3a976b59f -> 
  custom:scripting/precompiled-assembly-types:Unity.Recorder.Base: 3fec19fdf10e3518c41e41a932f2042f -> 
  custom:scripting/monoscript/fileName/AnimationRecorderSettings.cs: 5cfb1544a40f93fe0ea879bb1361c877 -> 
  custom:scripting/monoscript/fileName/RenderTextureSamplerSettings.cs: 68adab84706346f2ecbdfd649ca9cf61 -> 
  custom:scripting/monoscript/fileName/RecordingContext.cs: af9af1e8b283703482ba133924b5585a -> 
  custom:scripting/monoscript/fileName/RecorderSelector.cs: c3cd2caacd181d6eff54dc260c4a1ffb -> 
  custom:video-encoder-webm-vp8: eb34c28f22e8b96e1ab97ce403110664 -> 
  custom:scripting/monoscript/fileName/RecorderInput.cs: 88fd8d8fd71b34ed7298a01f6c2d2e40 -> 
  custom:scripting/monoscript/fileName/RenderTextureSamplerPropertyDrawer.cs: b541817d9cc9b1341d2ddfa8823b718d -> 
  custom:scripting/monoscript/fileName/RecorderSettingsAttribute.cs: ddd228b25da7ba2ac10d13e1efacc875 -> 
  custom:audio-decoder-ogg-vorbis: bf7c407c2cedff20999df2af8eb42d56 -> 
  custom:scripting/monoscript/fileName/OutputPathDrawer.cs: cffc34c1be094e6caeb13ff3b26ca679 -> 
  custom:scripting/monoscript/fileName/EditorVersionsHelper.cs: 3ad9098caeeff0295dba8c0911f5333a -> 
  custom:scripting/monoscript/fileName/SettingAsset.cs: 7c3790954696ae83d71055079b387931 -> 
  custom:scripting/monoscript/fileName/OutputResolution.cs: 31c632d97e9a69bcc2ef10f6feb5bf62 -> 
  custom:scripting/monoscript/fileName/AccumulationSettingsPropertyDrawer.cs: bfc920db0de3c29c2967e88aac1c1027 -> 
  custom:scripting/monoscript/fileName/AnimationInputSettingsPropertyDrawer.cs: ebe1771fecebe7a93badf6354f59c990 -> 
  custom:scripting/monoscript/fileName/CoreEncoderSettings.cs: 2b5db1db3c1fa7de4175a7e143de3ce5 -> 
  custom:scripting/monoscript/fileName/VisualListItem.cs: 90647cc400823b41df847a6cbfc29026 -> 
  custom:scripting/monoscript/fileName/FrameRateProperyDrawer.cs: c478c798f5354f66af45b380be0629f9 -> 
  custom:scripting/monoscript/fileName/InputSettingsSelectorDrawer.cs: bca46dd5b59e2f574c94bef4cdb878fb -> 
  custom:scripting/monoscript/fileName/RecorderWindow.cs: 553a30d64d5ef1dcad6b00b4eeeb3829 -> 
  custom:scripting/monoscript/fileName/AOVCameraInputSettings.cs: 4d2fdf1142ce53d73cb43d39944ba516 -> 
  custom:scripting/monoscript/fileName/EnumProperyDrawer.cs: 90647cc400823b41df847a6cbfc29026 -> 
  custom:scripting/monoscript/fileName/AOVImageInputSelector.cs: b741d8d3a7cbb503c5bdf23d7e6792db -> 
  custom:scripting/monoscript/fileName/CoreEncoderSettingsPropertyDrawer.cs: c8bdf3420d844fd4604c0d0cf3815355 -> 
  custom:scripting/monoscript/fileName/GifEncoderSettings.cs: 812ca6afdf48b830953d76adab9d4030 -> 
  custom:scripting/monoscript/fileName/GIFRecorderSettingsEditor.cs: 4d0f46bcf58d188895fabae5334995ae -> 
  custom:scripting/monoscript/fileName/IEncoder.cs: 007c2ef621b0d92b5a7a6bae91d26090 -> 
  custom:scripting/monoscript/fileName/RecorderOptions.cs: 74782d297e80d8f56c0e05a7cde4e51d -> 
  custom:scripting/precompiled-assembly-types:Unity.Recorder.Editor: cd22b836ef1ca10e7d8c91c9be46b4bf -> 
  custom:scripting/monoscript/fileName/ProResEncoderSettingsPropertyDrawer.cs: 68c25e6d4459336217d4b9e22eb707b4 -> 
  custom:scripting/monoscript/fileName/ImageRecorder.cs: b804c29bfc59a61db184c1d275fe4101 -> 
  custom:scripting/monoscript/fileName/EditableLabel.cs: 4f8fa2c6092744ed6607a411e3f617c0 -> 
  custom:scripting/monoscript/fileName/GameViewInput.cs: 596e7ffa2d11b2002176644af3247ea6 -> 
  custom:audio-encoder-webm-vorbis: bf7c407c2cedff20999df2af8eb42d56 -> 
  custom:scripting/monoscript/fileName/SerializedDictionnary.cs: 90647cc400823b41df847a6cbfc29026 -> 
  custom:scripting/monoscript/fileName/HammersleySequence.cs: b06601f044912976f668045b7d4c79a8 -> 
  custom:scripting/monoscript/fileName/_RecorderComponent.cs: 8c268d1df4e18643d83ea9c6eeba2d9f -> 
  custom:scripting/monoscript/fileName/IAccumulation.cs: 38dee62d444423165276e3254554d005 -> 
  custom:scripting/monoscript/fileName/RecorderController.cs: 5760bd2995080b8d0d9d9e88ab8933c6 -> 
  custom:scripting/monoscript/fileName/EXRRecorderSettings.cs: bf113df492cb5b25e11ec144a73c2f74 -> 
========================================================================
Received Prepare
Caller must complete domain reload
Begin MonoManager ReloadAssembly
- Loaded All Assemblies, in  0.413 seconds
Native extension for WindowsStandalone target not found
Native extension for iOS target not found
Native extension for Android target not found
Mono: successfully reloaded assembly
- Finished resetting the current domain, in  0.982 seconds
Domain Reload Profiling: 1391ms
	BeginReloadAssembly (126ms)
		ExecutionOrderSort (0ms)
		DisableScriptedObjects (4ms)
		BackupInstance (0ms)
		ReleaseScriptingObjects (0ms)
		CreateAndSetChildDomain (23ms)
	RebuildCommonClasses (26ms)
	RebuildNativeTypeToScriptingClass (8ms)
	initialDomainReloadingComplete (31ms)
	LoadAllAssembliesAndSetupDomain (218ms)
		LoadAssemblies (279ms)
		RebuildTransferFunctionScriptingTraits (0ms)
		AnalyzeDomain (10ms)
			TypeCache.Refresh (4ms)
				TypeCache.ScanAssembly (0ms)
			ScanForSourceGeneratedMonoScriptInfo (0ms)
			ResolveRequiredComponents (5ms)
	FinalizeReload (982ms)
		ReleaseScriptCaches (0ms)
		RebuildScriptCaches (0ms)
		SetupLoadedEditorAssemblies (488ms)
			LogAssemblyErrors (0ms)
			InitializePlatformSupportModulesInManaged (30ms)
			SetLoadedEditorAssemblies (3ms)
			RefreshPlugins (0ms)
			BeforeProcessingInitializeOnLoad (93ms)
			ProcessInitializeOnLoadAttributes (336ms)
			ProcessInitializeOnLoadMethodAttributes (17ms)
			AfterProcessingInitializeOnLoad (10ms)
			EditorAssembliesLoaded (0ms)
		ExecutionOrderSort2 (0ms)
		AwakeInstancesAfterBackupRestoration (5ms)
Refreshing native plugins compatible for Editor in 5.42 ms, found 6 plugins.
Preloading 0 native plugins for Editor in 0.00 ms.
Unloading 3256 Unused Serialized files (Serialized files now loaded: 0)
Unloading 22 unused Assets / (337.6 KB). Loaded Objects now: 3768.
Memory consumption went from 123.2 MB to 122.8 MB.
Total: 2.677200 ms (FindLiveObjects: 0.183900 ms CreateObjectMapping: 0.092500 ms MarkObjects: 2.228700 ms  DeleteObjects: 0.171400 ms)

Prepare: number of updated asset objects reloaded= 0
AssetImportParameters requested are different than current active one (requested -> active):
  custom:scripting/monoscript/fileName/WEBMRecorderSettingsEditor.cs: 5559c87f45d3b65fac8d5ac4ef5e81c8 -> 
  custom:scripting/monoscript/fileName/UIElementHelper.cs: 9f9438adfe3361012ea6280d4cdb2df4 -> 
  custom:scripting/monoscript/fileName/AOVCameraInput.cs: c23c8ce885672bc57e25263b3efd067a -> 
  custom:scripting/monoscript/fileName/BaseTextureRecorder.cs: 90647cc400823b41df847a6cbfc29026 -> 
  custom:scripting/monoscript/fileName/Recorder.cs: a7e319d512627774f8215ba0b76f0bcb -> 
  custom:scripting/monoscript/fileName/AudioRecorder.cs: 89550121570f22445b4a1b28daea3cf9 -> 
  custom:scripting/monoscript/fileName/PanelSplitter.cs: 5ff6c6e385b6b12ca322a9c92ac6f371 -> 
  custom:scripting/monoscript/fileName/ImageRecorderSettings.cs: a7ab05fac9382c03607c40fe73956ed6 -> 
  custom:scripting/monoscript/fileName/RecorderClip.cs: 897017f45cb3c30f306724d1fa17a8fe -> 
  custom:scripting/monoscript/fileName/GIFRecorderSettings.cs: 979f88ae1e7731daed242ab2fdebbc0e -> 
  custom:container-demuxer-ogg: 62fdf1f143b41e24485cea50d1cbac27 -> 
  custom:scripting/monoscript/fileName/MovieRecorder.cs: 024785cf83e1399f425b2aa115d22e2b -> 
  custom:scripting/monoscript/fileName/RecorderControllerSettingsPresetEditor.cs: 49aed206ae65ed5ac6b420f7104cd52d -> 
  custom:scripting/monoscript/fileName/AudioInput.cs: 499e96d8f0b35d362bd956c0975bb873 -> 
  custom:scripting/monoscript/fileName/WEBMRecorderSettings.cs: c176c43abbe456aeea55c2aef862801b -> 
  custom:scripting/monoscript/fileName/RecorderControllerSettingsPreset.cs: 78b391c1384ac60213ef58d50e78d553 -> 
  custom:scripting/monoscript/fileName/GameViewInputSettings.cs: a7ae22123f532f5bbcb39c654c998b57 -> 
  custom:scripting/monoscript/fileName/GameViewInputPropertyDrawer.cs: ae2c8a99c5e33d3d1ffc8232415130e8 -> 
  custom:scripting/monoscript/fileName/Camera360Input.cs: dc473b118c57e0734b0cd3476e333c06 -> 
  custom:scripting/monoscript/fileName/RecorderPreferencesSettingsProvider.cs: d92d314b87f7c2170e267636ebf38224 -> 
  custom:scripting/monoscript/fileName/RecorderBindings.cs: ac25db5b587307cfea909607f62e5641 -> 
  custom:video-decoder-ogg-theora: a1e56fd34408186e4bbccfd4996cb3dc -> 
  custom:scripting/monoscript/fileName/GIFWrapper.cs: 6ef8898a12699129e8f81f06a649cad1 -> 
  custom:scripting/monoscript/fileName/SceneHook.cs: 80fa8928b499d44515dd60e0bc895128 -> 
  custom:scripting/monoscript/fileName/AnimationInput.cs: e810137278708a698c5ccddaeb1a1e64 -> 
  custom:scripting/monoscript/fileName/OutputResolutionPropertyDrawer.cs: 0e33ffdf424417a2e685685cfc04d4b1 -> 
  custom:scripting/monoscript/fileName/EnumHelper.cs: 117b5609cc2a1ae41785cd0c8767815f -> 
  custom:scripting/monoscript/fileName/OutputPath.cs: ee51fcffcd8929d224a5e3fb152d5f62 -> 
  custom:scripting/monoscript/fileName/FileNameGeneratorDrawer.cs: a3ea71dec141084df9b7ffa19c11e2cb -> 
  custom:framework-win-MediaFoundation: 216162199b28c13a410421893ffa2e32 -> 
  custom:scripting/monoscript/fileName/RecorderPreferencesWindowGUIScope.cs: 7a2eba6fcb6829ea8b200991a02c9c06 -> 
  custom:scripting/monoscript/fileName/AspectRatio.cs: 18e3efa554f8258b676d4de53e38b642 -> 
  custom:scripting/monoscript/fileName/CameraInputSettings.cs: 6738f6dd994f658d2cbf6f5f3ba05a0e -> 
  custom:scripting/monoscript/fileName/RefHandle.cs: 90647cc400823b41df847a6cbfc29026 -> 
  custom:scripting/monoscript/fileName/CameraCapture.cs: c6dcba1380d9a4fa09f4e36182a45a73 -> 
  custom:scripting/monoscript/fileName/RecorderControllerSettings.cs: 989e0caa64af9b76551d4ff6bd15f598 -> 
  custom:scripting/monoscript/fileName/TargetedPropertyDrawer.cs: 90647cc400823b41df847a6cbfc29026 -> 
  custom:scripting/monoscript/fileName/MovieRecorderSettings.cs: 02a667a67b113b1f65e3fcadcc882513 -> 
  custom:scripting/monoscript/fileName/RenderTextureInputSettings.cs: ebca820667a63031a7597db85d26451a -> 
  custom:scripting/monoscript/fileName/ImageRecorderEditor.cs: d3134ae4c1dfd8e056bace11130b7692 -> 
  custom:scripting/monoscript/fileName/ProResEncoderSettings.cs: 4aca03881946a7fe9acacf199434009e -> 
  custom:scripting/monoscript/fileName/_FrameRequestComponent.cs: b34f171daaafc65da55ea68e2ed89f2b -> 
  custom:scripting/monoscript/fileName/RenderTextureInput.cs: 5dea77837ae3c82bb14643cd82dc06dc -> 
  custom:scripting/monoscript/fileName/RecorderAnalytics.cs: 0fa40093f6ac3fe75e92d746d563e5ee -> 
  custom:scripting/monoscript/fileName/MP4RecorderSettingsEditor.cs: 68a64b16a7961d71fa7286fd1f782e9b -> 
  custom:scripting/monoscript/fileName/RecorderBindingsEditor.cs: f7451a0e1cea6404b2976d2b2c42e273 -> 
  custom:scripting/monoscript/fileName/BaseRenderTextureInput.cs: 5dc13661a5a0dca5d09ca211933a44e2 -> 
  custom:scripting/monoscript/fileName/StatusBarHelper.cs: da04a6ed046f8a62f416d5d3ea415bef -> 
  custom:scripting/precompiled-assembly-types:Unity.Recorder: bd5378c99f6216e06dd6e2c2a60a86a4 -> 
  custom:CustomObjectIndexerAttribute: 9a22284fe3817be447336de3de66b15e -> 
  custom:scripting/monoscript/fileName/Camera360InputSettings.cs: 3d5eaf1cb3a9df6f9d1d52f3c3018c46 -> 
  custom:scripting/monoscript/fileName/PNGRecorderSettingsEditor.cs: 4970e6657bb34f7efc2c7d8168c7358b -> 
  custom:scripting/monoscript/fileName/ImageHeightSelector.cs: d1a7972bf1d79d90f09ab23c718afe39 -> 
  custom:scripting/monoscript/fileName/AnimationInputSettings.cs: d64a99ebbd13660e9264cb4111ab9832 -> 
  custom:scripting/monoscript/fileName/MP4RecorderSettings.cs: 551f5535c05b86d6ee91684eced14987 -> 
  custom:scripting/monoscript/fileName/RecorderPreferencesSettings.cs: 761b0a55fc5e50239a1d0c4bfc968274 -> 
  custom:container-demuxer-webm: 4f35f7cbe854078d1ac9338744f61a02 -> 
  custom:scripting/monoscript/fileName/RecorderSettingsPrefsEditor.cs: ba9e697f1d269c2c960a41bc543fa408 -> 
  custom:scripting/monoscript/fileName/ProResWrapper.cs: 712515ef615766c98115c6a20d85d6c8 -> 
  custom:scripting/monoscript/fileName/RecordModePropertyDrawer.cs: 165332db07362bbcab2d8dc6d1e1dfda -> 
  custom:scripting/monoscript/fileName/ImageInputSettings.cs: 98a2aedd167d40f01804b04845eeaf15 -> 
  custom:scripting/monoscript/fileName/SerializableObjHelper.cs: f19f181f3f05e8e393225dd7030fb66a -> 
  custom:scripting/monoscript/fileName/InputPropertyDrawer.cs: 90647cc400823b41df847a6cbfc29026 -> 
  custom:scripting/monoscript/fileName/AudioInputSettings.cs: a2c930fca1dd5e27705fbacf39727bb4 -> 
  custom:scripting/monoscript/fileName/InputSettings.cs: 35c56ce5488c6b464726305dcbd33b3d -> 
  custom:scripting/monoscript/fileName/RecorderEditor.cs: 736e59ba52eea987abc47f36a836e575 -> 
  custom:scripting/monoscript/fileName/AudioRecorderSettings.cs: 0b00f2c93558486cc61a06f270f43fea -> 
  custom:scripting/monoscript/fileName/RecordersInventory.cs: fb714c8df18f9b7fc7f3361f604ae3dc -> 
  custom:scripting/monoscript/fileName/BaseFCRecorderSettings.cs: fab928553cedb8703ac192d6cf7b6294 -> 
  custom:scripting/monoscript/fileName/AOVRecorderSettings.cs: cdc731153cd2f1f739300a28ea6a6608 -> 
  custom:scripting/monoscript/fileName/EXRCompressionTypeDrawer.cs: 301cb614ecf84a4dab346c5f76ea2016 -> 
  custom:scripting/monoscript/fileName/AOVRecorder.cs: c53e83f1863b3ea80b6df3885cdb8c82 -> 
  custom:scripting/monoscript/fileName/IEncoderSettings.cs: c7d04fadacf538db841606cc656ae724 -> 
  custom:scripting/monoscript/fileName/ShutterProfileTypePropertyDrawer.cs: 18a32c647eca27716eabcb5a44f00e32 -> 
  custom:scripting/monoscript/fileName/MovieRecorderEditor.cs: eb00ddb8a76b8dfb7c88b7826a49d38b -> 
  custom:scripting/monoscript/fileName/RenderTextureInputSettingsPropertyDrawer.cs: 809602b52454cd1e6229756218a8f453 -> 
  custom:scripting/monoscript/fileName/RecorderPlayableBehaviour.cs: 80165a21f4cd0dda690f708a19d389bd -> 
  custom:scripting/monoscript/fileName/GifEncoderSettingsPropertyDrawer.cs: b36c9a7eaaefccda514b23d7e14761ca -> 
  custom:scripting/monoscript/fileName/PNGRecorder.cs: 08fd40f88cb6b18c96882f263639f57d -> 
  custom:scripting/monoscript/fileName/CameraInputSettingsPropertyDrawer.cs: 91928abf1abf88be098cb088d896aec5 -> 
  custom:scripting/monoscript/fileName/AudioRecorderEditor.cs: 565168dec291afe3fa470657cfc2c123 -> 
  custom:scripting/monoscript/fileName/AOVRecorderEditor.cs: 5ca53ccd6d7645709639507726114395 -> 
  custom:container-muxer-webm: aa71ff27fc2769a1b78a27578f13a17b -> 
  custom:video-decoder-webm-vp8: 9c59270c3fd7afecdb556c50c9e8de78 -> 
  custom:scripting/monoscript/fileName/RecordingSession.cs: f3ad08157c278a036224ca395f350890 -> 
  custom:scripting/monoscript/fileName/GameViewSize.cs: f6128a6515fcafce6db32fcdfa107254 -> 
  custom:scripting/monoscript/fileName/UnityHelpers.cs: b3e077029b574be508585124a9d839ef -> 
  custom:SearchIndexIgnoredProperties: e643bd26f0fe6173181afceb89e7c659 -> 
  custom:scripting/monoscript/fileName/GIFRecorder.cs: c00ece885699fb9084deaccd3eb27518 -> 
  custom:AudioImporter_EditorPlatform: d09bf68614088b80899f8185d706f6e7 -> 
  custom:scripting/monoscript/fileName/EXRRecorder.cs: 3f576ce8ddd959d51a4d7ba1999ecdbb -> 
  custom:scripting/monoscript/fileName/WEBMRecorder.cs: 391b6b920cfbc02401ea522620320c93 -> 
  custom:scripting/monoscript/fileName/RenderTextureSampler.cs: 1a7b9abab9548e1054dc40d6e2fa0270 -> 
  custom:scripting/monoscript/fileName/GifEncoder.cs: 40f336d5c5042a8a04556b4c5804a538 -> 
  custom:scripting/monoscript/fileName/GenericRecorder.cs: 90647cc400823b41df847a6cbfc29026 -> 
  custom:scripting/monoscript/fileName/ImageInputSelector.cs: f55822da877594150873922341be92b6 -> 
  custom:scripting/monoscript/fileName/AnimationRecorderSettingsEditor.cs: db1294bf3d48be44b6e4b2f2cc100b02 -> 
  custom:scripting/monoscript/fileName/RecorderTrack.cs: fac9638ece7eb7daaa1302fa170613fd -> 
  custom:scripting/monoscript/fileName/InputSettingsSelector.cs: 499a4ec92267406782b5c4f3472d53b9 -> 
  custom:scripting/monoscript/fileName/FileNameGenerator.cs: 5c8b6eb5291c3311189e0dfadac99363 -> 
  custom:scripting/monoscript/fileName/RecorderItem.cs: b62d2fcb9547a248575727d8a1646db8 -> 
  custom:scripting/monoscript/fileName/TextureFlipper.cs: 825b503b2ddab9cbd8ebbf3038075092 -> 
  custom:scripting/monoscript/fileName/AccumulationSettings.cs: fb962f0c2333934b681b167574f5e1cd -> 
  custom:scripting/monoscript/fileName/Camera360InputPropertyDrawer.cs: af647a2fe91bec98139246321cac865d -> 
  custom:scripting/monoscript/fileName/RecorderClipEditor.cs: 947ad5ff1f968d7fc40767d187070964 -> 
  custom:scripting/monoscript/fileName/EXRRecorderSettingsEditor.cs: c520a04c5f01331f2c8800e289ef6d6f -> 
  custom:scripting/monoscript/fileName/CoreEncoder.cs: dfaed86e82ad12e6a2b6740a0fb35820 -> 
  custom:scripting/monoscript/fileName/PNGRecorderSettings.cs: 79a421225358808ff14dd88c0355d1b6 -> 
  custom:scripting/monoscript/fileName/AspectRatioPropertyDrawer.cs: 9f18568574138839573389bde3e660a7 -> 
  custom:scripting/monoscript/fileName/ProResEncoder.cs: b375bf2d41e3d89081c3f2d1a0823bf3 -> 
  custom:scripting/monoscript/fileName/CameraInput.cs: bf7e0df3caf9e500f6d1c98c99e165ba -> 
  custom:scripting/monoscript/fileName/RecorderSettings.cs: bc3ef26ac157af28e5460886c0d5ef2e -> 
  custom:scripting/monoscript/fileName/RecorderClipTimelineEditor.cs: 2995d9f50ebc9245c6e9bd75c56415fb -> 
  custom:scripting/monoscript/fileName/EncoderSettingsAttribute.cs: 8352396dc11cff58c65c429fdb4fc67e -> 
  custom:scripting/monoscript/fileName/MP4Recorder.cs: af531c4e1f6d23547da08837eb16b729 -> 
  custom:scripting/monoscript/fileName/EncoderTypeUtilities.cs: a12c4c78a6cd4fb6b93180d59ad77be8 -> 
  custom:scripting/monoscript/fileName/PooledBufferAsyncGPUReadback.cs: 2a4e50c5dda177306c9ec935763c4378 -> 
  custom:scripting/monoscript/fileName/AnimationRecorder.cs: f749a4250195b5467bbf05e3a976b59f -> 
  custom:scripting/precompiled-assembly-types:Unity.Recorder.Base: 3fec19fdf10e3518c41e41a932f2042f -> 
  custom:scripting/monoscript/fileName/AnimationRecorderSettings.cs: 5cfb1544a40f93fe0ea879bb1361c877 -> 
  custom:scripting/monoscript/fileName/RenderTextureSamplerSettings.cs: 68adab84706346f2ecbdfd649ca9cf61 -> 
  custom:scripting/monoscript/fileName/RecordingContext.cs: af9af1e8b283703482ba133924b5585a -> 
  custom:scripting/monoscript/fileName/RecorderSelector.cs: c3cd2caacd181d6eff54dc260c4a1ffb -> 
  custom:video-encoder-webm-vp8: eb34c28f22e8b96e1ab97ce403110664 -> 
  custom:scripting/monoscript/fileName/RecorderInput.cs: 88fd8d8fd71b34ed7298a01f6c2d2e40 -> 
  custom:scripting/monoscript/fileName/RenderTextureSamplerPropertyDrawer.cs: b541817d9cc9b1341d2ddfa8823b718d -> 
  custom:scripting/monoscript/fileName/RecorderSettingsAttribute.cs: ddd228b25da7ba2ac10d13e1efacc875 -> 
  custom:audio-decoder-ogg-vorbis: bf7c407c2cedff20999df2af8eb42d56 -> 
  custom:scripting/monoscript/fileName/OutputPathDrawer.cs: cffc34c1be094e6caeb13ff3b26ca679 -> 
  custom:scripting/monoscript/fileName/EditorVersionsHelper.cs: 3ad9098caeeff0295dba8c0911f5333a -> 
  custom:scripting/monoscript/fileName/SettingAsset.cs: 7c3790954696ae83d71055079b387931 -> 
  custom:scripting/monoscript/fileName/OutputResolution.cs: 31c632d97e9a69bcc2ef10f6feb5bf62 -> 
  custom:scripting/monoscript/fileName/AccumulationSettingsPropertyDrawer.cs: bfc920db0de3c29c2967e88aac1c1027 -> 
  custom:scripting/monoscript/fileName/AnimationInputSettingsPropertyDrawer.cs: ebe1771fecebe7a93badf6354f59c990 -> 
  custom:scripting/monoscript/fileName/CoreEncoderSettings.cs: 2b5db1db3c1fa7de4175a7e143de3ce5 -> 
  custom:scripting/monoscript/fileName/VisualListItem.cs: 90647cc400823b41df847a6cbfc29026 -> 
  custom:scripting/monoscript/fileName/FrameRateProperyDrawer.cs: c478c798f5354f66af45b380be0629f9 -> 
  custom:scripting/monoscript/fileName/InputSettingsSelectorDrawer.cs: bca46dd5b59e2f574c94bef4cdb878fb -> 
  custom:scripting/monoscript/fileName/RecorderWindow.cs: 553a30d64d5ef1dcad6b00b4eeeb3829 -> 
  custom:scripting/monoscript/fileName/AOVCameraInputSettings.cs: 4d2fdf1142ce53d73cb43d39944ba516 -> 
  custom:scripting/monoscript/fileName/EnumProperyDrawer.cs: 90647cc400823b41df847a6cbfc29026 -> 
  custom:scripting/monoscript/fileName/AOVImageInputSelector.cs: b741d8d3a7cbb503c5bdf23d7e6792db -> 
  custom:scripting/monoscript/fileName/CoreEncoderSettingsPropertyDrawer.cs: c8bdf3420d844fd4604c0d0cf3815355 -> 
  custom:scripting/monoscript/fileName/GifEncoderSettings.cs: 812ca6afdf48b830953d76adab9d4030 -> 
  custom:scripting/monoscript/fileName/GIFRecorderSettingsEditor.cs: 4d0f46bcf58d188895fabae5334995ae -> 
  custom:scripting/monoscript/fileName/IEncoder.cs: 007c2ef621b0d92b5a7a6bae91d26090 -> 
  custom:scripting/monoscript/fileName/RecorderOptions.cs: 74782d297e80d8f56c0e05a7cde4e51d -> 
  custom:scripting/precompiled-assembly-types:Unity.Recorder.Editor: cd22b836ef1ca10e7d8c91c9be46b4bf -> 
  custom:scripting/monoscript/fileName/ProResEncoderSettingsPropertyDrawer.cs: 68c25e6d4459336217d4b9e22eb707b4 -> 
  custom:scripting/monoscript/fileName/ImageRecorder.cs: b804c29bfc59a61db184c1d275fe4101 -> 
  custom:scripting/monoscript/fileName/EditableLabel.cs: 4f8fa2c6092744ed6607a411e3f617c0 -> 
  custom:scripting/monoscript/fileName/GameViewInput.cs: 596e7ffa2d11b2002176644af3247ea6 -> 
  custom:audio-encoder-webm-vorbis: bf7c407c2cedff20999df2af8eb42d56 -> 
  custom:scripting/monoscript/fileName/SerializedDictionnary.cs: 90647cc400823b41df847a6cbfc29026 -> 
  custom:scripting/monoscript/fileName/HammersleySequence.cs: b06601f044912976f668045b7d4c79a8 -> 
  custom:scripting/monoscript/fileName/_RecorderComponent.cs: 8c268d1df4e18643d83ea9c6eeba2d9f -> 
  custom:scripting/monoscript/fileName/IAccumulation.cs: 38dee62d444423165276e3254554d005 -> 
  custom:scripting/monoscript/fileName/RecorderController.cs: 5760bd2995080b8d0d9d9e88ab8933c6 -> 
  custom:scripting/monoscript/fileName/EXRRecorderSettings.cs: bf113df492cb5b25e11ec144a73c2f74 -> 
========================================================================
Received Import Request.
  Time since last request: 331714.238394 seconds.
  path: Assets/Prefabs/Cube.prefab
  artifactKey: Guid(6f465dab9e6bdbc40b292aa1082e7dd9) Importer(815301076,1909f56bfc062723c751e8b465ee728b)
Start importing Assets/Prefabs/Cube.prefab using Guid(6f465dab9e6bdbc40b292aa1082e7dd9) Importer(815301076,1909f56bfc062723c751e8b465ee728b) [PhysX] Initialized MultithreadedTaskDispatcher with 12 workers.
 -> (artifact id: '9d04fdfc94419e9d414e421f41762208') in 0.002384 seconds
Number of updated asset objects reloaded before import = 0
Number of asset objects unloaded after import = 0
========================================================================
Received Prepare
Caller must complete domain reload
Begin MonoManager ReloadAssembly
- Loaded All Assemblies, in  0.411 seconds
Native extension for WindowsStandalone target not found
Native extension for iOS target not found
Native extension for Android target not found
Mono: successfully reloaded assembly
- Finished resetting the current domain, in  0.968 seconds
Domain Reload Profiling: 1376ms
	BeginReloadAssembly (126ms)
		ExecutionOrderSort (0ms)
		DisableScriptedObjects (4ms)
		BackupInstance (0ms)
		ReleaseScriptingObjects (0ms)
		CreateAndSetChildDomain (23ms)
	RebuildCommonClasses (26ms)
	RebuildNativeTypeToScriptingClass (8ms)
	initialDomainReloadingComplete (26ms)
	LoadAllAssembliesAndSetupDomain (221ms)
		LoadAssemblies (276ms)
		RebuildTransferFunctionScriptingTraits (0ms)
		AnalyzeDomain (13ms)
			TypeCache.Refresh (4ms)
				TypeCache.ScanAssembly (0ms)
			ScanForSourceGeneratedMonoScriptInfo (0ms)
			ResolveRequiredComponents (8ms)
	FinalizeReload (968ms)
		ReleaseScriptCaches (0ms)
		RebuildScriptCaches (0ms)
		SetupLoadedEditorAssemblies (479ms)
			LogAssemblyErrors (0ms)
			InitializePlatformSupportModulesInManaged (28ms)
			SetLoadedEditorAssemblies (3ms)
			RefreshPlugins (0ms)
			BeforeProcessingInitializeOnLoad (89ms)
			ProcessInitializeOnLoadAttributes (331ms)
			ProcessInitializeOnLoadMethodAttributes (18ms)
			AfterProcessingInitializeOnLoad (9ms)
			EditorAssembliesLoaded (0ms)
		ExecutionOrderSort2 (0ms)
		AwakeInstancesAfterBackupRestoration (5ms)
Refreshing native plugins compatible for Editor in 4.96 ms, found 6 plugins.
Preloading 0 native plugins for Editor in 0.00 ms.
Unloading 3255 Unused Serialized files (Serialized files now loaded: 0)
Unloading 22 unused Assets / (337.5 KB). Loaded Objects now: 3771.
Memory consumption went from 122.9 MB to 122.6 MB.
Total: 2.408300 ms (FindLiveObjects: 0.194400 ms CreateObjectMapping: 0.076200 ms MarkObjects: 1.969500 ms  DeleteObjects: 0.167400 ms)

Prepare: number of updated asset objects reloaded= 0
AssetImportParameters requested are different than current active one (requested -> active):
  custom:scripting/monoscript/fileName/WEBMRecorderSettingsEditor.cs: 5559c87f45d3b65fac8d5ac4ef5e81c8 -> 
  custom:scripting/monoscript/fileName/UIElementHelper.cs: 9f9438adfe3361012ea6280d4cdb2df4 -> 
  custom:scripting/monoscript/fileName/AOVCameraInput.cs: c23c8ce885672bc57e25263b3efd067a -> 
  custom:scripting/monoscript/fileName/BaseTextureRecorder.cs: 90647cc400823b41df847a6cbfc29026 -> 
  custom:scripting/monoscript/fileName/Recorder.cs: a7e319d512627774f8215ba0b76f0bcb -> 
  custom:scripting/monoscript/fileName/AudioRecorder.cs: 89550121570f22445b4a1b28daea3cf9 -> 
  custom:scripting/monoscript/fileName/PanelSplitter.cs: 5ff6c6e385b6b12ca322a9c92ac6f371 -> 
  custom:scripting/monoscript/fileName/ImageRecorderSettings.cs: a7ab05fac9382c03607c40fe73956ed6 -> 
  custom:scripting/monoscript/fileName/RecorderClip.cs: 897017f45cb3c30f306724d1fa17a8fe -> 
  custom:scripting/monoscript/fileName/GIFRecorderSettings.cs: 979f88ae1e7731daed242ab2fdebbc0e -> 
  custom:container-demuxer-ogg: 62fdf1f143b41e24485cea50d1cbac27 -> 
  custom:scripting/monoscript/fileName/MovieRecorder.cs: 024785cf83e1399f425b2aa115d22e2b -> 
  custom:scripting/monoscript/fileName/RecorderControllerSettingsPresetEditor.cs: 49aed206ae65ed5ac6b420f7104cd52d -> 
  custom:scripting/monoscript/fileName/AudioInput.cs: 499e96d8f0b35d362bd956c0975bb873 -> 
  custom:scripting/monoscript/fileName/WEBMRecorderSettings.cs: c176c43abbe456aeea55c2aef862801b -> 
  custom:scripting/monoscript/fileName/RecorderControllerSettingsPreset.cs: 78b391c1384ac60213ef58d50e78d553 -> 
  custom:scripting/monoscript/fileName/GameViewInputSettings.cs: a7ae22123f532f5bbcb39c654c998b57 -> 
  custom:scripting/monoscript/fileName/GameViewInputPropertyDrawer.cs: ae2c8a99c5e33d3d1ffc8232415130e8 -> 
  custom:scripting/monoscript/fileName/Camera360Input.cs: dc473b118c57e0734b0cd3476e333c06 -> 
  custom:scripting/monoscript/fileName/RecorderPreferencesSettingsProvider.cs: d92d314b87f7c2170e267636ebf38224 -> 
  custom:scripting/monoscript/fileName/RecorderBindings.cs: ac25db5b587307cfea909607f62e5641 -> 
  custom:video-decoder-ogg-theora: a1e56fd34408186e4bbccfd4996cb3dc -> 
  custom:scripting/monoscript/fileName/GIFWrapper.cs: 6ef8898a12699129e8f81f06a649cad1 -> 
  custom:scripting/monoscript/fileName/SceneHook.cs: 80fa8928b499d44515dd60e0bc895128 -> 
  custom:scripting/monoscript/fileName/AnimationInput.cs: e810137278708a698c5ccddaeb1a1e64 -> 
  custom:scripting/monoscript/fileName/OutputResolutionPropertyDrawer.cs: 0e33ffdf424417a2e685685cfc04d4b1 -> 
  custom:scripting/monoscript/fileName/EnumHelper.cs: 117b5609cc2a1ae41785cd0c8767815f -> 
  custom:scripting/monoscript/fileName/OutputPath.cs: ee51fcffcd8929d224a5e3fb152d5f62 -> 
  custom:scripting/monoscript/fileName/FileNameGeneratorDrawer.cs: a3ea71dec141084df9b7ffa19c11e2cb -> 
  custom:framework-win-MediaFoundation: 216162199b28c13a410421893ffa2e32 -> 
  custom:scripting/monoscript/fileName/RecorderPreferencesWindowGUIScope.cs: 7a2eba6fcb6829ea8b200991a02c9c06 -> 
  custom:scripting/monoscript/fileName/AspectRatio.cs: 18e3efa554f8258b676d4de53e38b642 -> 
  custom:scripting/monoscript/fileName/CameraInputSettings.cs: 6738f6dd994f658d2cbf6f5f3ba05a0e -> 
  custom:scripting/monoscript/fileName/RefHandle.cs: 90647cc400823b41df847a6cbfc29026 -> 
  custom:scripting/monoscript/fileName/CameraCapture.cs: c6dcba1380d9a4fa09f4e36182a45a73 -> 
  custom:scripting/monoscript/fileName/RecorderControllerSettings.cs: 989e0caa64af9b76551d4ff6bd15f598 -> 
  custom:scripting/monoscript/fileName/TargetedPropertyDrawer.cs: 90647cc400823b41df847a6cbfc29026 -> 
  custom:scripting/monoscript/fileName/MovieRecorderSettings.cs: 02a667a67b113b1f65e3fcadcc882513 -> 
  custom:scripting/monoscript/fileName/RenderTextureInputSettings.cs: ebca820667a63031a7597db85d26451a -> 
  custom:scripting/monoscript/fileName/ImageRecorderEditor.cs: d3134ae4c1dfd8e056bace11130b7692 -> 
  custom:scripting/monoscript/fileName/ProResEncoderSettings.cs: 4aca03881946a7fe9acacf199434009e -> 
  custom:scripting/monoscript/fileName/_FrameRequestComponent.cs: b34f171daaafc65da55ea68e2ed89f2b -> 
  custom:scripting/monoscript/fileName/RenderTextureInput.cs: 5dea77837ae3c82bb14643cd82dc06dc -> 
  custom:scripting/monoscript/fileName/RecorderAnalytics.cs: 0fa40093f6ac3fe75e92d746d563e5ee -> 
  custom:scripting/monoscript/fileName/MP4RecorderSettingsEditor.cs: 68a64b16a7961d71fa7286fd1f782e9b -> 
  custom:scripting/monoscript/fileName/RecorderBindingsEditor.cs: f7451a0e1cea6404b2976d2b2c42e273 -> 
  custom:scripting/monoscript/fileName/BaseRenderTextureInput.cs: 5dc13661a5a0dca5d09ca211933a44e2 -> 
  custom:scripting/monoscript/fileName/StatusBarHelper.cs: da04a6ed046f8a62f416d5d3ea415bef -> 
  custom:scripting/precompiled-assembly-types:Unity.Recorder: bd5378c99f6216e06dd6e2c2a60a86a4 -> 
  custom:CustomObjectIndexerAttribute: 9a22284fe3817be447336de3de66b15e -> 
  custom:scripting/monoscript/fileName/Camera360InputSettings.cs: 3d5eaf1cb3a9df6f9d1d52f3c3018c46 -> 
  custom:scripting/monoscript/fileName/PNGRecorderSettingsEditor.cs: 4970e6657bb34f7efc2c7d8168c7358b -> 
  custom:scripting/monoscript/fileName/ImageHeightSelector.cs: d1a7972bf1d79d90f09ab23c718afe39 -> 
  custom:scripting/monoscript/fileName/AnimationInputSettings.cs: d64a99ebbd13660e9264cb4111ab9832 -> 
  custom:scripting/monoscript/fileName/MP4RecorderSettings.cs: 551f5535c05b86d6ee91684eced14987 -> 
  custom:scripting/monoscript/fileName/RecorderPreferencesSettings.cs: 761b0a55fc5e50239a1d0c4bfc968274 -> 
  custom:container-demuxer-webm: 4f35f7cbe854078d1ac9338744f61a02 -> 
  custom:scripting/monoscript/fileName/RecorderSettingsPrefsEditor.cs: ba9e697f1d269c2c960a41bc543fa408 -> 
  custom:scripting/monoscript/fileName/ProResWrapper.cs: 712515ef615766c98115c6a20d85d6c8 -> 
  custom:scripting/monoscript/fileName/RecordModePropertyDrawer.cs: 165332db07362bbcab2d8dc6d1e1dfda -> 
  custom:scripting/monoscript/fileName/ImageInputSettings.cs: 98a2aedd167d40f01804b04845eeaf15 -> 
  custom:scripting/monoscript/fileName/SerializableObjHelper.cs: f19f181f3f05e8e393225dd7030fb66a -> 
  custom:scripting/monoscript/fileName/InputPropertyDrawer.cs: 90647cc400823b41df847a6cbfc29026 -> 
  custom:scripting/monoscript/fileName/AudioInputSettings.cs: a2c930fca1dd5e27705fbacf39727bb4 -> 
  custom:scripting/monoscript/fileName/InputSettings.cs: 35c56ce5488c6b464726305dcbd33b3d -> 
  custom:scripting/monoscript/fileName/RecorderEditor.cs: 736e59ba52eea987abc47f36a836e575 -> 
  custom:scripting/monoscript/fileName/AudioRecorderSettings.cs: 0b00f2c93558486cc61a06f270f43fea -> 
  custom:scripting/monoscript/fileName/RecordersInventory.cs: fb714c8df18f9b7fc7f3361f604ae3dc -> 
  custom:scripting/monoscript/fileName/BaseFCRecorderSettings.cs: fab928553cedb8703ac192d6cf7b6294 -> 
  custom:scripting/monoscript/fileName/AOVRecorderSettings.cs: cdc731153cd2f1f739300a28ea6a6608 -> 
  custom:scripting/monoscript/fileName/EXRCompressionTypeDrawer.cs: 301cb614ecf84a4dab346c5f76ea2016 -> 
  custom:scripting/monoscript/fileName/AOVRecorder.cs: c53e83f1863b3ea80b6df3885cdb8c82 -> 
  custom:scripting/monoscript/fileName/IEncoderSettings.cs: c7d04fadacf538db841606cc656ae724 -> 
  custom:scripting/monoscript/fileName/ShutterProfileTypePropertyDrawer.cs: 18a32c647eca27716eabcb5a44f00e32 -> 
  custom:scripting/monoscript/fileName/MovieRecorderEditor.cs: eb00ddb8a76b8dfb7c88b7826a49d38b -> 
  custom:scripting/monoscript/fileName/RenderTextureInputSettingsPropertyDrawer.cs: 809602b52454cd1e6229756218a8f453 -> 
  custom:scripting/monoscript/fileName/RecorderPlayableBehaviour.cs: 80165a21f4cd0dda690f708a19d389bd -> 
  custom:scripting/monoscript/fileName/GifEncoderSettingsPropertyDrawer.cs: b36c9a7eaaefccda514b23d7e14761ca -> 
  custom:scripting/monoscript/fileName/PNGRecorder.cs: 08fd40f88cb6b18c96882f263639f57d -> 
  custom:scripting/monoscript/fileName/CameraInputSettingsPropertyDrawer.cs: 91928abf1abf88be098cb088d896aec5 -> 
  custom:scripting/monoscript/fileName/AudioRecorderEditor.cs: 565168dec291afe3fa470657cfc2c123 -> 
  custom:scripting/monoscript/fileName/AOVRecorderEditor.cs: 5ca53ccd6d7645709639507726114395 -> 
  custom:container-muxer-webm: aa71ff27fc2769a1b78a27578f13a17b -> 
  custom:video-decoder-webm-vp8: 9c59270c3fd7afecdb556c50c9e8de78 -> 
  custom:scripting/monoscript/fileName/RecordingSession.cs: f3ad08157c278a036224ca395f350890 -> 
  custom:scripting/monoscript/fileName/GameViewSize.cs: f6128a6515fcafce6db32fcdfa107254 -> 
  custom:scripting/monoscript/fileName/UnityHelpers.cs: b3e077029b574be508585124a9d839ef -> 
  custom:SearchIndexIgnoredProperties: e643bd26f0fe6173181afceb89e7c659 -> 
  custom:scripting/monoscript/fileName/GIFRecorder.cs: c00ece885699fb9084deaccd3eb27518 -> 
  custom:AudioImporter_EditorPlatform: d09bf68614088b80899f8185d706f6e7 -> 
  custom:scripting/monoscript/fileName/EXRRecorder.cs: 3f576ce8ddd959d51a4d7ba1999ecdbb -> 
  custom:scripting/monoscript/fileName/WEBMRecorder.cs: 391b6b920cfbc02401ea522620320c93 -> 
  custom:scripting/monoscript/fileName/RenderTextureSampler.cs: 1a7b9abab9548e1054dc40d6e2fa0270 -> 
  custom:scripting/monoscript/fileName/GifEncoder.cs: 40f336d5c5042a8a04556b4c5804a538 -> 
  custom:scripting/monoscript/fileName/GenericRecorder.cs: 90647cc400823b41df847a6cbfc29026 -> 
  custom:scripting/monoscript/fileName/ImageInputSelector.cs: f55822da877594150873922341be92b6 -> 
  custom:scripting/monoscript/fileName/AnimationRecorderSettingsEditor.cs: db1294bf3d48be44b6e4b2f2cc100b02 -> 
  custom:scripting/monoscript/fileName/RecorderTrack.cs: fac9638ece7eb7daaa1302fa170613fd -> 
  custom:scripting/monoscript/fileName/InputSettingsSelector.cs: 499a4ec92267406782b5c4f3472d53b9 -> 
  custom:scripting/monoscript/fileName/FileNameGenerator.cs: 5c8b6eb5291c3311189e0dfadac99363 -> 
  custom:scripting/monoscript/fileName/RecorderItem.cs: b62d2fcb9547a248575727d8a1646db8 -> 
  custom:scripting/monoscript/fileName/TextureFlipper.cs: 825b503b2ddab9cbd8ebbf3038075092 -> 
  custom:scripting/monoscript/fileName/AccumulationSettings.cs: fb962f0c2333934b681b167574f5e1cd -> 
  custom:scripting/monoscript/fileName/Camera360InputPropertyDrawer.cs: af647a2fe91bec98139246321cac865d -> 
  custom:scripting/monoscript/fileName/RecorderClipEditor.cs: 947ad5ff1f968d7fc40767d187070964 -> 
  custom:scripting/monoscript/fileName/EXRRecorderSettingsEditor.cs: c520a04c5f01331f2c8800e289ef6d6f -> 
  custom:scripting/monoscript/fileName/CoreEncoder.cs: dfaed86e82ad12e6a2b6740a0fb35820 -> 
  custom:scripting/monoscript/fileName/PNGRecorderSettings.cs: 79a421225358808ff14dd88c0355d1b6 -> 
  custom:scripting/monoscript/fileName/AspectRatioPropertyDrawer.cs: 9f18568574138839573389bde3e660a7 -> 
  custom:scripting/monoscript/fileName/ProResEncoder.cs: b375bf2d41e3d89081c3f2d1a0823bf3 -> 
  custom:scripting/monoscript/fileName/CameraInput.cs: bf7e0df3caf9e500f6d1c98c99e165ba -> 
  custom:scripting/monoscript/fileName/RecorderSettings.cs: bc3ef26ac157af28e5460886c0d5ef2e -> 
  custom:scripting/monoscript/fileName/RecorderClipTimelineEditor.cs: 2995d9f50ebc9245c6e9bd75c56415fb -> 
  custom:scripting/monoscript/fileName/EncoderSettingsAttribute.cs: 8352396dc11cff58c65c429fdb4fc67e -> 
  custom:scripting/monoscript/fileName/MP4Recorder.cs: af531c4e1f6d23547da08837eb16b729 -> 
  custom:scripting/monoscript/fileName/EncoderTypeUtilities.cs: a12c4c78a6cd4fb6b93180d59ad77be8 -> 
  custom:scripting/monoscript/fileName/PooledBufferAsyncGPUReadback.cs: 2a4e50c5dda177306c9ec935763c4378 -> 
  custom:scripting/monoscript/fileName/AnimationRecorder.cs: f749a4250195b5467bbf05e3a976b59f -> 
  custom:scripting/precompiled-assembly-types:Unity.Recorder.Base: 3fec19fdf10e3518c41e41a932f2042f -> 
  custom:scripting/monoscript/fileName/AnimationRecorderSettings.cs: 5cfb1544a40f93fe0ea879bb1361c877 -> 
  custom:scripting/monoscript/fileName/RenderTextureSamplerSettings.cs: 68adab84706346f2ecbdfd649ca9cf61 -> 
  custom:scripting/monoscript/fileName/RecordingContext.cs: af9af1e8b283703482ba133924b5585a -> 
  custom:scripting/monoscript/fileName/RecorderSelector.cs: c3cd2caacd181d6eff54dc260c4a1ffb -> 
  custom:video-encoder-webm-vp8: eb34c28f22e8b96e1ab97ce403110664 -> 
  custom:scripting/monoscript/fileName/RecorderInput.cs: 88fd8d8fd71b34ed7298a01f6c2d2e40 -> 
  custom:scripting/monoscript/fileName/RenderTextureSamplerPropertyDrawer.cs: b541817d9cc9b1341d2ddfa8823b718d -> 
  custom:scripting/monoscript/fileName/RecorderSettingsAttribute.cs: ddd228b25da7ba2ac10d13e1efacc875 -> 
  custom:audio-decoder-ogg-vorbis: bf7c407c2cedff20999df2af8eb42d56 -> 
  custom:scripting/monoscript/fileName/OutputPathDrawer.cs: cffc34c1be094e6caeb13ff3b26ca679 -> 
  custom:scripting/monoscript/fileName/EditorVersionsHelper.cs: 3ad9098caeeff0295dba8c0911f5333a -> 
  custom:scripting/monoscript/fileName/SettingAsset.cs: 7c3790954696ae83d71055079b387931 -> 
  custom:scripting/monoscript/fileName/OutputResolution.cs: 31c632d97e9a69bcc2ef10f6feb5bf62 -> 
  custom:scripting/monoscript/fileName/AccumulationSettingsPropertyDrawer.cs: bfc920db0de3c29c2967e88aac1c1027 -> 
  custom:scripting/monoscript/fileName/AnimationInputSettingsPropertyDrawer.cs: ebe1771fecebe7a93badf6354f59c990 -> 
  custom:scripting/monoscript/fileName/CoreEncoderSettings.cs: 2b5db1db3c1fa7de4175a7e143de3ce5 -> 
  custom:scripting/monoscript/fileName/VisualListItem.cs: 90647cc400823b41df847a6cbfc29026 -> 
  custom:scripting/monoscript/fileName/FrameRateProperyDrawer.cs: c478c798f5354f66af45b380be0629f9 -> 
  custom:scripting/monoscript/fileName/InputSettingsSelectorDrawer.cs: bca46dd5b59e2f574c94bef4cdb878fb -> 
  custom:scripting/monoscript/fileName/RecorderWindow.cs: 553a30d64d5ef1dcad6b00b4eeeb3829 -> 
  custom:scripting/monoscript/fileName/AOVCameraInputSettings.cs: 4d2fdf1142ce53d73cb43d39944ba516 -> 
  custom:scripting/monoscript/fileName/EnumProperyDrawer.cs: 90647cc400823b41df847a6cbfc29026 -> 
  custom:scripting/monoscript/fileName/AOVImageInputSelector.cs: b741d8d3a7cbb503c5bdf23d7e6792db -> 
  custom:scripting/monoscript/fileName/CoreEncoderSettingsPropertyDrawer.cs: c8bdf3420d844fd4604c0d0cf3815355 -> 
  custom:scripting/monoscript/fileName/GifEncoderSettings.cs: 812ca6afdf48b830953d76adab9d4030 -> 
  custom:scripting/monoscript/fileName/GIFRecorderSettingsEditor.cs: 4d0f46bcf58d188895fabae5334995ae -> 
  custom:scripting/monoscript/fileName/IEncoder.cs: 007c2ef621b0d92b5a7a6bae91d26090 -> 
  custom:scripting/monoscript/fileName/RecorderOptions.cs: 74782d297e80d8f56c0e05a7cde4e51d -> 
  custom:scripting/precompiled-assembly-types:Unity.Recorder.Editor: cd22b836ef1ca10e7d8c91c9be46b4bf -> 
  custom:scripting/monoscript/fileName/ProResEncoderSettingsPropertyDrawer.cs: 68c25e6d4459336217d4b9e22eb707b4 -> 
  custom:scripting/monoscript/fileName/ImageRecorder.cs: b804c29bfc59a61db184c1d275fe4101 -> 
  custom:scripting/monoscript/fileName/EditableLabel.cs: 4f8fa2c6092744ed6607a411e3f617c0 -> 
  custom:scripting/monoscript/fileName/GameViewInput.cs: 596e7ffa2d11b2002176644af3247ea6 -> 
  custom:audio-encoder-webm-vorbis: bf7c407c2cedff20999df2af8eb42d56 -> 
  custom:scripting/monoscript/fileName/SerializedDictionnary.cs: 90647cc400823b41df847a6cbfc29026 -> 
  custom:scripting/monoscript/fileName/HammersleySequence.cs: b06601f044912976f668045b7d4c79a8 -> 
  custom:scripting/monoscript/fileName/_RecorderComponent.cs: 8c268d1df4e18643d83ea9c6eeba2d9f -> 
  custom:scripting/monoscript/fileName/IAccumulation.cs: 38dee62d444423165276e3254554d005 -> 
  custom:scripting/monoscript/fileName/RecorderController.cs: 5760bd2995080b8d0d9d9e88ab8933c6 -> 
  custom:scripting/monoscript/fileName/EXRRecorderSettings.cs: bf113df492cb5b25e11ec144a73c2f74 -> 
========================================================================
Received Prepare
Caller must complete domain reload
Begin MonoManager ReloadAssembly
- Loaded All Assemblies, in  0.427 seconds
Native extension for WindowsStandalone target not found
Native extension for iOS target not found
Native extension for Android target not found
Mono: successfully reloaded assembly
- Finished resetting the current domain, in  0.994 seconds
Domain Reload Profiling: 1417ms
	BeginReloadAssembly (134ms)
		ExecutionOrderSort (0ms)
		DisableScriptedObjects (4ms)
		BackupInstance (0ms)
		ReleaseScriptingObjects (0ms)
		CreateAndSetChildDomain (23ms)
	RebuildCommonClasses (27ms)
	RebuildNativeTypeToScriptingClass (9ms)
	initialDomainReloadingComplete (27ms)
	LoadAllAssembliesAndSetupDomain (226ms)
		LoadAssemblies (287ms)
		RebuildTransferFunctionScriptingTraits (0ms)
		AnalyzeDomain (17ms)
			TypeCache.Refresh (6ms)
				TypeCache.ScanAssembly (0ms)
			ScanForSourceGeneratedMonoScriptInfo (5ms)
			ResolveRequiredComponents (5ms)
	FinalizeReload (994ms)
		ReleaseScriptCaches (0ms)
		RebuildScriptCaches (0ms)
		SetupLoadedEditorAssemblies (509ms)
			LogAssemblyErrors (0ms)
			InitializePlatformSupportModulesInManaged (34ms)
			SetLoadedEditorAssemblies (5ms)
			RefreshPlugins (0ms)
			BeforeProcessingInitializeOnLoad (109ms)
			ProcessInitializeOnLoadAttributes (328ms)
			ProcessInitializeOnLoadMethodAttributes (24ms)
			AfterProcessingInitializeOnLoad (9ms)
			EditorAssembliesLoaded (0ms)
		ExecutionOrderSort2 (0ms)
		AwakeInstancesAfterBackupRestoration (5ms)
Refreshing native plugins compatible for Editor in 5.73 ms, found 6 plugins.
Preloading 0 native plugins for Editor in 0.00 ms.
Unloading 3256 Unused Serialized files (Serialized files now loaded: 0)
Unloading 22 unused Assets / (337.2 KB). Loaded Objects now: 3774.
Memory consumption went from 123.2 MB to 122.8 MB.
Total: 2.460800 ms (FindLiveObjects: 0.195600 ms CreateObjectMapping: 0.077100 ms MarkObjects: 1.931400 ms  DeleteObjects: 0.256100 ms)

Prepare: number of updated asset objects reloaded= 0
AssetImportParameters requested are different than current active one (requested -> active):
  custom:scripting/monoscript/fileName/WEBMRecorderSettingsEditor.cs: 5559c87f45d3b65fac8d5ac4ef5e81c8 -> 
  custom:scripting/monoscript/fileName/UIElementHelper.cs: 9f9438adfe3361012ea6280d4cdb2df4 -> 
  custom:scripting/monoscript/fileName/AOVCameraInput.cs: c23c8ce885672bc57e25263b3efd067a -> 
  custom:scripting/monoscript/fileName/BaseTextureRecorder.cs: 90647cc400823b41df847a6cbfc29026 -> 
  custom:scripting/monoscript/fileName/Recorder.cs: a7e319d512627774f8215ba0b76f0bcb -> 
  custom:scripting/monoscript/fileName/AudioRecorder.cs: 89550121570f22445b4a1b28daea3cf9 -> 
  custom:scripting/monoscript/fileName/PanelSplitter.cs: 5ff6c6e385b6b12ca322a9c92ac6f371 -> 
  custom:scripting/monoscript/fileName/ImageRecorderSettings.cs: a7ab05fac9382c03607c40fe73956ed6 -> 
  custom:scripting/monoscript/fileName/RecorderClip.cs: 897017f45cb3c30f306724d1fa17a8fe -> 
  custom:scripting/monoscript/fileName/GIFRecorderSettings.cs: 979f88ae1e7731daed242ab2fdebbc0e -> 
  custom:container-demuxer-ogg: 62fdf1f143b41e24485cea50d1cbac27 -> 
  custom:scripting/monoscript/fileName/MovieRecorder.cs: 024785cf83e1399f425b2aa115d22e2b -> 
  custom:scripting/monoscript/fileName/RecorderControllerSettingsPresetEditor.cs: 49aed206ae65ed5ac6b420f7104cd52d -> 
  custom:scripting/monoscript/fileName/AudioInput.cs: 499e96d8f0b35d362bd956c0975bb873 -> 
  custom:scripting/monoscript/fileName/WEBMRecorderSettings.cs: c176c43abbe456aeea55c2aef862801b -> 
  custom:scripting/monoscript/fileName/RecorderControllerSettingsPreset.cs: 78b391c1384ac60213ef58d50e78d553 -> 
  custom:scripting/monoscript/fileName/GameViewInputSettings.cs: a7ae22123f532f5bbcb39c654c998b57 -> 
  custom:scripting/monoscript/fileName/GameViewInputPropertyDrawer.cs: ae2c8a99c5e33d3d1ffc8232415130e8 -> 
  custom:scripting/monoscript/fileName/Camera360Input.cs: dc473b118c57e0734b0cd3476e333c06 -> 
  custom:scripting/monoscript/fileName/RecorderPreferencesSettingsProvider.cs: d92d314b87f7c2170e267636ebf38224 -> 
  custom:scripting/monoscript/fileName/RecorderBindings.cs: ac25db5b587307cfea909607f62e5641 -> 
  custom:video-decoder-ogg-theora: a1e56fd34408186e4bbccfd4996cb3dc -> 
  custom:scripting/monoscript/fileName/GIFWrapper.cs: 6ef8898a12699129e8f81f06a649cad1 -> 
  custom:scripting/monoscript/fileName/SceneHook.cs: 80fa8928b499d44515dd60e0bc895128 -> 
  custom:scripting/monoscript/fileName/AnimationInput.cs: e810137278708a698c5ccddaeb1a1e64 -> 
  custom:scripting/monoscript/fileName/OutputResolutionPropertyDrawer.cs: 0e33ffdf424417a2e685685cfc04d4b1 -> 
  custom:scripting/monoscript/fileName/EnumHelper.cs: 117b5609cc2a1ae41785cd0c8767815f -> 
  custom:scripting/monoscript/fileName/OutputPath.cs: ee51fcffcd8929d224a5e3fb152d5f62 -> 
  custom:scripting/monoscript/fileName/FileNameGeneratorDrawer.cs: a3ea71dec141084df9b7ffa19c11e2cb -> 
  custom:framework-win-MediaFoundation: 216162199b28c13a410421893ffa2e32 -> 
  custom:scripting/monoscript/fileName/RecorderPreferencesWindowGUIScope.cs: 7a2eba6fcb6829ea8b200991a02c9c06 -> 
  custom:scripting/monoscript/fileName/AspectRatio.cs: 18e3efa554f8258b676d4de53e38b642 -> 
  custom:scripting/monoscript/fileName/CameraInputSettings.cs: 6738f6dd994f658d2cbf6f5f3ba05a0e -> 
  custom:scripting/monoscript/fileName/RefHandle.cs: 90647cc400823b41df847a6cbfc29026 -> 
  custom:scripting/monoscript/fileName/CameraCapture.cs: c6dcba1380d9a4fa09f4e36182a45a73 -> 
  custom:scripting/monoscript/fileName/RecorderControllerSettings.cs: 989e0caa64af9b76551d4ff6bd15f598 -> 
  custom:scripting/monoscript/fileName/TargetedPropertyDrawer.cs: 90647cc400823b41df847a6cbfc29026 -> 
  custom:scripting/monoscript/fileName/MovieRecorderSettings.cs: 02a667a67b113b1f65e3fcadcc882513 -> 
  custom:scripting/monoscript/fileName/RenderTextureInputSettings.cs: ebca820667a63031a7597db85d26451a -> 
  custom:scripting/monoscript/fileName/ImageRecorderEditor.cs: d3134ae4c1dfd8e056bace11130b7692 -> 
  custom:scripting/monoscript/fileName/ProResEncoderSettings.cs: 4aca03881946a7fe9acacf199434009e -> 
  custom:scripting/monoscript/fileName/_FrameRequestComponent.cs: b34f171daaafc65da55ea68e2ed89f2b -> 
  custom:scripting/monoscript/fileName/RenderTextureInput.cs: 5dea77837ae3c82bb14643cd82dc06dc -> 
  custom:scripting/monoscript/fileName/RecorderAnalytics.cs: 0fa40093f6ac3fe75e92d746d563e5ee -> 
  custom:scripting/monoscript/fileName/MP4RecorderSettingsEditor.cs: 68a64b16a7961d71fa7286fd1f782e9b -> 
  custom:scripting/monoscript/fileName/RecorderBindingsEditor.cs: f7451a0e1cea6404b2976d2b2c42e273 -> 
  custom:scripting/monoscript/fileName/BaseRenderTextureInput.cs: 5dc13661a5a0dca5d09ca211933a44e2 -> 
  custom:scripting/monoscript/fileName/StatusBarHelper.cs: da04a6ed046f8a62f416d5d3ea415bef -> 
  custom:scripting/precompiled-assembly-types:Unity.Recorder: bd5378c99f6216e06dd6e2c2a60a86a4 -> 
  custom:CustomObjectIndexerAttribute: 9a22284fe3817be447336de3de66b15e -> 
  custom:scripting/monoscript/fileName/Camera360InputSettings.cs: 3d5eaf1cb3a9df6f9d1d52f3c3018c46 -> 
  custom:scripting/monoscript/fileName/PNGRecorderSettingsEditor.cs: 4970e6657bb34f7efc2c7d8168c7358b -> 
  custom:scripting/monoscript/fileName/ImageHeightSelector.cs: d1a7972bf1d79d90f09ab23c718afe39 -> 
  custom:scripting/monoscript/fileName/AnimationInputSettings.cs: d64a99ebbd13660e9264cb4111ab9832 -> 
  custom:scripting/monoscript/fileName/MP4RecorderSettings.cs: 551f5535c05b86d6ee91684eced14987 -> 
  custom:scripting/monoscript/fileName/RecorderPreferencesSettings.cs: 761b0a55fc5e50239a1d0c4bfc968274 -> 
  custom:container-demuxer-webm: 4f35f7cbe854078d1ac9338744f61a02 -> 
  custom:scripting/monoscript/fileName/RecorderSettingsPrefsEditor.cs: ba9e697f1d269c2c960a41bc543fa408 -> 
  custom:scripting/monoscript/fileName/ProResWrapper.cs: 712515ef615766c98115c6a20d85d6c8 -> 
  custom:scripting/monoscript/fileName/RecordModePropertyDrawer.cs: 165332db07362bbcab2d8dc6d1e1dfda -> 
  custom:scripting/monoscript/fileName/ImageInputSettings.cs: 98a2aedd167d40f01804b04845eeaf15 -> 
  custom:scripting/monoscript/fileName/SerializableObjHelper.cs: f19f181f3f05e8e393225dd7030fb66a -> 
  custom:scripting/monoscript/fileName/InputPropertyDrawer.cs: 90647cc400823b41df847a6cbfc29026 -> 
  custom:scripting/monoscript/fileName/AudioInputSettings.cs: a2c930fca1dd5e27705fbacf39727bb4 -> 
  custom:scripting/monoscript/fileName/InputSettings.cs: 35c56ce5488c6b464726305dcbd33b3d -> 
  custom:scripting/monoscript/fileName/RecorderEditor.cs: 736e59ba52eea987abc47f36a836e575 -> 
  custom:scripting/monoscript/fileName/AudioRecorderSettings.cs: 0b00f2c93558486cc61a06f270f43fea -> 
  custom:scripting/monoscript/fileName/RecordersInventory.cs: fb714c8df18f9b7fc7f3361f604ae3dc -> 
  custom:scripting/monoscript/fileName/BaseFCRecorderSettings.cs: fab928553cedb8703ac192d6cf7b6294 -> 
  custom:scripting/monoscript/fileName/AOVRecorderSettings.cs: cdc731153cd2f1f739300a28ea6a6608 -> 
  custom:scripting/monoscript/fileName/EXRCompressionTypeDrawer.cs: 301cb614ecf84a4dab346c5f76ea2016 -> 
  custom:scripting/monoscript/fileName/AOVRecorder.cs: c53e83f1863b3ea80b6df3885cdb8c82 -> 
  custom:scripting/monoscript/fileName/IEncoderSettings.cs: c7d04fadacf538db841606cc656ae724 -> 
  custom:scripting/monoscript/fileName/ShutterProfileTypePropertyDrawer.cs: 18a32c647eca27716eabcb5a44f00e32 -> 
  custom:scripting/monoscript/fileName/MovieRecorderEditor.cs: eb00ddb8a76b8dfb7c88b7826a49d38b -> 
  custom:scripting/monoscript/fileName/RenderTextureInputSettingsPropertyDrawer.cs: 809602b52454cd1e6229756218a8f453 -> 
  custom:scripting/monoscript/fileName/RecorderPlayableBehaviour.cs: 80165a21f4cd0dda690f708a19d389bd -> 
  custom:scripting/monoscript/fileName/GifEncoderSettingsPropertyDrawer.cs: b36c9a7eaaefccda514b23d7e14761ca -> 
  custom:scripting/monoscript/fileName/PNGRecorder.cs: 08fd40f88cb6b18c96882f263639f57d -> 
  custom:scripting/monoscript/fileName/CameraInputSettingsPropertyDrawer.cs: 91928abf1abf88be098cb088d896aec5 -> 
  custom:scripting/monoscript/fileName/AudioRecorderEditor.cs: 565168dec291afe3fa470657cfc2c123 -> 
  custom:scripting/monoscript/fileName/AOVRecorderEditor.cs: 5ca53ccd6d7645709639507726114395 -> 
  custom:container-muxer-webm: aa71ff27fc2769a1b78a27578f13a17b -> 
  custom:video-decoder-webm-vp8: 9c59270c3fd7afecdb556c50c9e8de78 -> 
  custom:scripting/monoscript/fileName/RecordingSession.cs: f3ad08157c278a036224ca395f350890 -> 
  custom:scripting/monoscript/fileName/GameViewSize.cs: f6128a6515fcafce6db32fcdfa107254 -> 
  custom:scripting/monoscript/fileName/UnityHelpers.cs: b3e077029b574be508585124a9d839ef -> 
  custom:SearchIndexIgnoredProperties: e643bd26f0fe6173181afceb89e7c659 -> 
  custom:scripting/monoscript/fileName/GIFRecorder.cs: c00ece885699fb9084deaccd3eb27518 -> 
  custom:AudioImporter_EditorPlatform: d09bf68614088b80899f8185d706f6e7 -> 
  custom:scripting/monoscript/fileName/EXRRecorder.cs: 3f576ce8ddd959d51a4d7ba1999ecdbb -> 
  custom:scripting/monoscript/fileName/WEBMRecorder.cs: 391b6b920cfbc02401ea522620320c93 -> 
  custom:scripting/monoscript/fileName/RenderTextureSampler.cs: 1a7b9abab9548e1054dc40d6e2fa0270 -> 
  custom:scripting/monoscript/fileName/GifEncoder.cs: 40f336d5c5042a8a04556b4c5804a538 -> 
  custom:scripting/monoscript/fileName/GenericRecorder.cs: 90647cc400823b41df847a6cbfc29026 -> 
  custom:scripting/monoscript/fileName/ImageInputSelector.cs: f55822da877594150873922341be92b6 -> 
  custom:scripting/monoscript/fileName/AnimationRecorderSettingsEditor.cs: db1294bf3d48be44b6e4b2f2cc100b02 -> 
  custom:scripting/monoscript/fileName/RecorderTrack.cs: fac9638ece7eb7daaa1302fa170613fd -> 
  custom:scripting/monoscript/fileName/InputSettingsSelector.cs: 499a4ec92267406782b5c4f3472d53b9 -> 
  custom:scripting/monoscript/fileName/FileNameGenerator.cs: 5c8b6eb5291c3311189e0dfadac99363 -> 
  custom:scripting/monoscript/fileName/RecorderItem.cs: b62d2fcb9547a248575727d8a1646db8 -> 
  custom:scripting/monoscript/fileName/TextureFlipper.cs: 825b503b2ddab9cbd8ebbf3038075092 -> 
  custom:scripting/monoscript/fileName/AccumulationSettings.cs: fb962f0c2333934b681b167574f5e1cd -> 
  custom:scripting/monoscript/fileName/Camera360InputPropertyDrawer.cs: af647a2fe91bec98139246321cac865d -> 
  custom:scripting/monoscript/fileName/RecorderClipEditor.cs: 947ad5ff1f968d7fc40767d187070964 -> 
  custom:scripting/monoscript/fileName/EXRRecorderSettingsEditor.cs: c520a04c5f01331f2c8800e289ef6d6f -> 
  custom:scripting/monoscript/fileName/CoreEncoder.cs: dfaed86e82ad12e6a2b6740a0fb35820 -> 
  custom:scripting/monoscript/fileName/PNGRecorderSettings.cs: 79a421225358808ff14dd88c0355d1b6 -> 
  custom:scripting/monoscript/fileName/AspectRatioPropertyDrawer.cs: 9f18568574138839573389bde3e660a7 -> 
  custom:scripting/monoscript/fileName/ProResEncoder.cs: b375bf2d41e3d89081c3f2d1a0823bf3 -> 
  custom:scripting/monoscript/fileName/CameraInput.cs: bf7e0df3caf9e500f6d1c98c99e165ba -> 
  custom:scripting/monoscript/fileName/RecorderSettings.cs: bc3ef26ac157af28e5460886c0d5ef2e -> 
  custom:scripting/monoscript/fileName/RecorderClipTimelineEditor.cs: 2995d9f50ebc9245c6e9bd75c56415fb -> 
  custom:scripting/monoscript/fileName/EncoderSettingsAttribute.cs: 8352396dc11cff58c65c429fdb4fc67e -> 
  custom:scripting/monoscript/fileName/MP4Recorder.cs: af531c4e1f6d23547da08837eb16b729 -> 
  custom:scripting/monoscript/fileName/EncoderTypeUtilities.cs: a12c4c78a6cd4fb6b93180d59ad77be8 -> 
  custom:scripting/monoscript/fileName/PooledBufferAsyncGPUReadback.cs: 2a4e50c5dda177306c9ec935763c4378 -> 
  custom:scripting/monoscript/fileName/AnimationRecorder.cs: f749a4250195b5467bbf05e3a976b59f -> 
  custom:scripting/precompiled-assembly-types:Unity.Recorder.Base: 3fec19fdf10e3518c41e41a932f2042f -> 
  custom:scripting/monoscript/fileName/AnimationRecorderSettings.cs: 5cfb1544a40f93fe0ea879bb1361c877 -> 
  custom:scripting/monoscript/fileName/RenderTextureSamplerSettings.cs: 68adab84706346f2ecbdfd649ca9cf61 -> 
  custom:scripting/monoscript/fileName/RecordingContext.cs: af9af1e8b283703482ba133924b5585a -> 
  custom:scripting/monoscript/fileName/RecorderSelector.cs: c3cd2caacd181d6eff54dc260c4a1ffb -> 
  custom:video-encoder-webm-vp8: eb34c28f22e8b96e1ab97ce403110664 -> 
  custom:scripting/monoscript/fileName/RecorderInput.cs: 88fd8d8fd71b34ed7298a01f6c2d2e40 -> 
  custom:scripting/monoscript/fileName/RenderTextureSamplerPropertyDrawer.cs: b541817d9cc9b1341d2ddfa8823b718d -> 
  custom:scripting/monoscript/fileName/RecorderSettingsAttribute.cs: ddd228b25da7ba2ac10d13e1efacc875 -> 
  custom:audio-decoder-ogg-vorbis: bf7c407c2cedff20999df2af8eb42d56 -> 
  custom:scripting/monoscript/fileName/OutputPathDrawer.cs: cffc34c1be094e6caeb13ff3b26ca679 -> 
  custom:scripting/monoscript/fileName/EditorVersionsHelper.cs: 3ad9098caeeff0295dba8c0911f5333a -> 
  custom:scripting/monoscript/fileName/SettingAsset.cs: 7c3790954696ae83d71055079b387931 -> 
  custom:scripting/monoscript/fileName/OutputResolution.cs: 31c632d97e9a69bcc2ef10f6feb5bf62 -> 
  custom:scripting/monoscript/fileName/AccumulationSettingsPropertyDrawer.cs: bfc920db0de3c29c2967e88aac1c1027 -> 
  custom:scripting/monoscript/fileName/AnimationInputSettingsPropertyDrawer.cs: ebe1771fecebe7a93badf6354f59c990 -> 
  custom:scripting/monoscript/fileName/CoreEncoderSettings.cs: 2b5db1db3c1fa7de4175a7e143de3ce5 -> 
  custom:scripting/monoscript/fileName/VisualListItem.cs: 90647cc400823b41df847a6cbfc29026 -> 
  custom:scripting/monoscript/fileName/FrameRateProperyDrawer.cs: c478c798f5354f66af45b380be0629f9 -> 
  custom:scripting/monoscript/fileName/InputSettingsSelectorDrawer.cs: bca46dd5b59e2f574c94bef4cdb878fb -> 
  custom:scripting/monoscript/fileName/RecorderWindow.cs: 553a30d64d5ef1dcad6b00b4eeeb3829 -> 
  custom:scripting/monoscript/fileName/AOVCameraInputSettings.cs: 4d2fdf1142ce53d73cb43d39944ba516 -> 
  custom:scripting/monoscript/fileName/EnumProperyDrawer.cs: 90647cc400823b41df847a6cbfc29026 -> 
  custom:scripting/monoscript/fileName/AOVImageInputSelector.cs: b741d8d3a7cbb503c5bdf23d7e6792db -> 
  custom:scripting/monoscript/fileName/CoreEncoderSettingsPropertyDrawer.cs: c8bdf3420d844fd4604c0d0cf3815355 -> 
  custom:scripting/monoscript/fileName/GifEncoderSettings.cs: 812ca6afdf48b830953d76adab9d4030 -> 
  custom:scripting/monoscript/fileName/GIFRecorderSettingsEditor.cs: 4d0f46bcf58d188895fabae5334995ae -> 
  custom:scripting/monoscript/fileName/IEncoder.cs: 007c2ef621b0d92b5a7a6bae91d26090 -> 
  custom:scripting/monoscript/fileName/RecorderOptions.cs: 74782d297e80d8f56c0e05a7cde4e51d -> 
  custom:scripting/precompiled-assembly-types:Unity.Recorder.Editor: cd22b836ef1ca10e7d8c91c9be46b4bf -> 
  custom:scripting/monoscript/fileName/ProResEncoderSettingsPropertyDrawer.cs: 68c25e6d4459336217d4b9e22eb707b4 -> 
  custom:scripting/monoscript/fileName/ImageRecorder.cs: b804c29bfc59a61db184c1d275fe4101 -> 
  custom:scripting/monoscript/fileName/EditableLabel.cs: 4f8fa2c6092744ed6607a411e3f617c0 -> 
  custom:scripting/monoscript/fileName/GameViewInput.cs: 596e7ffa2d11b2002176644af3247ea6 -> 
  custom:audio-encoder-webm-vorbis: bf7c407c2cedff20999df2af8eb42d56 -> 
  custom:scripting/monoscript/fileName/SerializedDictionnary.cs: 90647cc400823b41df847a6cbfc29026 -> 
  custom:scripting/monoscript/fileName/HammersleySequence.cs: b06601f044912976f668045b7d4c79a8 -> 
  custom:scripting/monoscript/fileName/_RecorderComponent.cs: 8c268d1df4e18643d83ea9c6eeba2d9f -> 
  custom:scripting/monoscript/fileName/IAccumulation.cs: 38dee62d444423165276e3254554d005 -> 
  custom:scripting/monoscript/fileName/RecorderController.cs: 5760bd2995080b8d0d9d9e88ab8933c6 -> 
  custom:scripting/monoscript/fileName/EXRRecorderSettings.cs: bf113df492cb5b25e11ec144a73c2f74 -> 
========================================================================
Received Prepare
Caller must complete domain reload
Begin MonoManager ReloadAssembly
- Loaded All Assemblies, in  0.442 seconds
Native extension for WindowsStandalone target not found
Native extension for iOS target not found
Native extension for Android target not found
Mono: successfully reloaded assembly
- Finished resetting the current domain, in  0.957 seconds
Domain Reload Profiling: 1396ms
	BeginReloadAssembly (135ms)
		ExecutionOrderSort (0ms)
		DisableScriptedObjects (4ms)
		BackupInstance (0ms)
		ReleaseScriptingObjects (0ms)
		CreateAndSetChildDomain (26ms)
	RebuildCommonClasses (25ms)
	RebuildNativeTypeToScriptingClass (9ms)
	initialDomainReloadingComplete (30ms)
	LoadAllAssembliesAndSetupDomain (240ms)
		LoadAssemblies (294ms)
		RebuildTransferFunctionScriptingTraits (0ms)
		AnalyzeDomain (18ms)
			TypeCache.Refresh (6ms)
				TypeCache.ScanAssembly (0ms)
			ScanForSourceGeneratedMonoScriptInfo (5ms)
			ResolveRequiredComponents (5ms)
	FinalizeReload (958ms)
		ReleaseScriptCaches (0ms)
		RebuildScriptCaches (0ms)
		SetupLoadedEditorAssemblies (464ms)
			LogAssemblyErrors (0ms)
			InitializePlatformSupportModulesInManaged (29ms)
			SetLoadedEditorAssemblies (3ms)
			RefreshPlugins (0ms)
			BeforeProcessingInitializeOnLoad (84ms)
			ProcessInitializeOnLoadAttributes (322ms)
			ProcessInitializeOnLoadMethodAttributes (16ms)
			AfterProcessingInitializeOnLoad (9ms)
			EditorAssembliesLoaded (0ms)
		ExecutionOrderSort2 (0ms)
		AwakeInstancesAfterBackupRestoration (5ms)
Refreshing native plugins compatible for Editor in 4.95 ms, found 6 plugins.
Preloading 0 native plugins for Editor in 0.00 ms.
Unloading 3256 Unused Serialized files (Serialized files now loaded: 0)
Unloading 22 unused Assets / (337.2 KB). Loaded Objects now: 3777.
Memory consumption went from 123.2 MB to 122.8 MB.
Total: 2.388500 ms (FindLiveObjects: 0.175800 ms CreateObjectMapping: 0.100200 ms MarkObjects: 1.948200 ms  DeleteObjects: 0.163700 ms)

Prepare: number of updated asset objects reloaded= 0
AssetImportParameters requested are different than current active one (requested -> active):
  custom:scripting/monoscript/fileName/WEBMRecorderSettingsEditor.cs: 5559c87f45d3b65fac8d5ac4ef5e81c8 -> 
  custom:scripting/monoscript/fileName/UIElementHelper.cs: 9f9438adfe3361012ea6280d4cdb2df4 -> 
  custom:scripting/monoscript/fileName/AOVCameraInput.cs: c23c8ce885672bc57e25263b3efd067a -> 
  custom:scripting/monoscript/fileName/BaseTextureRecorder.cs: 90647cc400823b41df847a6cbfc29026 -> 
  custom:scripting/monoscript/fileName/Recorder.cs: a7e319d512627774f8215ba0b76f0bcb -> 
  custom:scripting/monoscript/fileName/AudioRecorder.cs: 89550121570f22445b4a1b28daea3cf9 -> 
  custom:scripting/monoscript/fileName/PanelSplitter.cs: 5ff6c6e385b6b12ca322a9c92ac6f371 -> 
  custom:scripting/monoscript/fileName/ImageRecorderSettings.cs: a7ab05fac9382c03607c40fe73956ed6 -> 
  custom:scripting/monoscript/fileName/RecorderClip.cs: 897017f45cb3c30f306724d1fa17a8fe -> 
  custom:scripting/monoscript/fileName/GIFRecorderSettings.cs: 979f88ae1e7731daed242ab2fdebbc0e -> 
  custom:container-demuxer-ogg: 62fdf1f143b41e24485cea50d1cbac27 -> 
  custom:scripting/monoscript/fileName/MovieRecorder.cs: 024785cf83e1399f425b2aa115d22e2b -> 
  custom:scripting/monoscript/fileName/RecorderControllerSettingsPresetEditor.cs: 49aed206ae65ed5ac6b420f7104cd52d -> 
  custom:scripting/monoscript/fileName/AudioInput.cs: 499e96d8f0b35d362bd956c0975bb873 -> 
  custom:scripting/monoscript/fileName/WEBMRecorderSettings.cs: c176c43abbe456aeea55c2aef862801b -> 
  custom:scripting/monoscript/fileName/RecorderControllerSettingsPreset.cs: 78b391c1384ac60213ef58d50e78d553 -> 
  custom:scripting/monoscript/fileName/GameViewInputSettings.cs: a7ae22123f532f5bbcb39c654c998b57 -> 
  custom:scripting/monoscript/fileName/GameViewInputPropertyDrawer.cs: ae2c8a99c5e33d3d1ffc8232415130e8 -> 
  custom:scripting/monoscript/fileName/Camera360Input.cs: dc473b118c57e0734b0cd3476e333c06 -> 
  custom:scripting/monoscript/fileName/RecorderPreferencesSettingsProvider.cs: d92d314b87f7c2170e267636ebf38224 -> 
  custom:scripting/monoscript/fileName/RecorderBindings.cs: ac25db5b587307cfea909607f62e5641 -> 
  custom:video-decoder-ogg-theora: a1e56fd34408186e4bbccfd4996cb3dc -> 
  custom:scripting/monoscript/fileName/GIFWrapper.cs: 6ef8898a12699129e8f81f06a649cad1 -> 
  custom:scripting/monoscript/fileName/SceneHook.cs: 80fa8928b499d44515dd60e0bc895128 -> 
  custom:scripting/monoscript/fileName/AnimationInput.cs: e810137278708a698c5ccddaeb1a1e64 -> 
  custom:scripting/monoscript/fileName/OutputResolutionPropertyDrawer.cs: 0e33ffdf424417a2e685685cfc04d4b1 -> 
  custom:scripting/monoscript/fileName/EnumHelper.cs: 117b5609cc2a1ae41785cd0c8767815f -> 
  custom:scripting/monoscript/fileName/OutputPath.cs: ee51fcffcd8929d224a5e3fb152d5f62 -> 
  custom:scripting/monoscript/fileName/FileNameGeneratorDrawer.cs: a3ea71dec141084df9b7ffa19c11e2cb -> 
  custom:framework-win-MediaFoundation: 216162199b28c13a410421893ffa2e32 -> 
  custom:scripting/monoscript/fileName/RecorderPreferencesWindowGUIScope.cs: 7a2eba6fcb6829ea8b200991a02c9c06 -> 
  custom:scripting/monoscript/fileName/AspectRatio.cs: 18e3efa554f8258b676d4de53e38b642 -> 
  custom:scripting/monoscript/fileName/CameraInputSettings.cs: 6738f6dd994f658d2cbf6f5f3ba05a0e -> 
  custom:scripting/monoscript/fileName/RefHandle.cs: 90647cc400823b41df847a6cbfc29026 -> 
  custom:scripting/monoscript/fileName/CameraCapture.cs: c6dcba1380d9a4fa09f4e36182a45a73 -> 
  custom:scripting/monoscript/fileName/RecorderControllerSettings.cs: 989e0caa64af9b76551d4ff6bd15f598 -> 
  custom:scripting/monoscript/fileName/TargetedPropertyDrawer.cs: 90647cc400823b41df847a6cbfc29026 -> 
  custom:scripting/monoscript/fileName/MovieRecorderSettings.cs: 02a667a67b113b1f65e3fcadcc882513 -> 
  custom:scripting/monoscript/fileName/RenderTextureInputSettings.cs: ebca820667a63031a7597db85d26451a -> 
  custom:scripting/monoscript/fileName/ImageRecorderEditor.cs: d3134ae4c1dfd8e056bace11130b7692 -> 
  custom:scripting/monoscript/fileName/ProResEncoderSettings.cs: 4aca03881946a7fe9acacf199434009e -> 
  custom:scripting/monoscript/fileName/_FrameRequestComponent.cs: b34f171daaafc65da55ea68e2ed89f2b -> 
  custom:scripting/monoscript/fileName/RenderTextureInput.cs: 5dea77837ae3c82bb14643cd82dc06dc -> 
  custom:scripting/monoscript/fileName/RecorderAnalytics.cs: 0fa40093f6ac3fe75e92d746d563e5ee -> 
  custom:scripting/monoscript/fileName/MP4RecorderSettingsEditor.cs: 68a64b16a7961d71fa7286fd1f782e9b -> 
  custom:scripting/monoscript/fileName/RecorderBindingsEditor.cs: f7451a0e1cea6404b2976d2b2c42e273 -> 
  custom:scripting/monoscript/fileName/BaseRenderTextureInput.cs: 5dc13661a5a0dca5d09ca211933a44e2 -> 
  custom:scripting/monoscript/fileName/StatusBarHelper.cs: da04a6ed046f8a62f416d5d3ea415bef -> 
  custom:scripting/precompiled-assembly-types:Unity.Recorder: bd5378c99f6216e06dd6e2c2a60a86a4 -> 
  custom:CustomObjectIndexerAttribute: 9a22284fe3817be447336de3de66b15e -> 
  custom:scripting/monoscript/fileName/Camera360InputSettings.cs: 3d5eaf1cb3a9df6f9d1d52f3c3018c46 -> 
  custom:scripting/monoscript/fileName/PNGRecorderSettingsEditor.cs: 4970e6657bb34f7efc2c7d8168c7358b -> 
  custom:scripting/monoscript/fileName/ImageHeightSelector.cs: d1a7972bf1d79d90f09ab23c718afe39 -> 
  custom:scripting/monoscript/fileName/AnimationInputSettings.cs: d64a99ebbd13660e9264cb4111ab9832 -> 
  custom:scripting/monoscript/fileName/MP4RecorderSettings.cs: 551f5535c05b86d6ee91684eced14987 -> 
  custom:scripting/monoscript/fileName/RecorderPreferencesSettings.cs: 761b0a55fc5e50239a1d0c4bfc968274 -> 
  custom:container-demuxer-webm: 4f35f7cbe854078d1ac9338744f61a02 -> 
  custom:scripting/monoscript/fileName/RecorderSettingsPrefsEditor.cs: ba9e697f1d269c2c960a41bc543fa408 -> 
  custom:scripting/monoscript/fileName/ProResWrapper.cs: 712515ef615766c98115c6a20d85d6c8 -> 
  custom:scripting/monoscript/fileName/RecordModePropertyDrawer.cs: 165332db07362bbcab2d8dc6d1e1dfda -> 
  custom:scripting/monoscript/fileName/ImageInputSettings.cs: 98a2aedd167d40f01804b04845eeaf15 -> 
  custom:scripting/monoscript/fileName/SerializableObjHelper.cs: f19f181f3f05e8e393225dd7030fb66a -> 
  custom:scripting/monoscript/fileName/InputPropertyDrawer.cs: 90647cc400823b41df847a6cbfc29026 -> 
  custom:scripting/monoscript/fileName/AudioInputSettings.cs: a2c930fca1dd5e27705fbacf39727bb4 -> 
  custom:scripting/monoscript/fileName/InputSettings.cs: 35c56ce5488c6b464726305dcbd33b3d -> 
  custom:scripting/monoscript/fileName/RecorderEditor.cs: 736e59ba52eea987abc47f36a836e575 -> 
  custom:scripting/monoscript/fileName/AudioRecorderSettings.cs: 0b00f2c93558486cc61a06f270f43fea -> 
  custom:scripting/monoscript/fileName/RecordersInventory.cs: fb714c8df18f9b7fc7f3361f604ae3dc -> 
  custom:scripting/monoscript/fileName/BaseFCRecorderSettings.cs: fab928553cedb8703ac192d6cf7b6294 -> 
  custom:scripting/monoscript/fileName/AOVRecorderSettings.cs: cdc731153cd2f1f739300a28ea6a6608 -> 
  custom:scripting/monoscript/fileName/EXRCompressionTypeDrawer.cs: 301cb614ecf84a4dab346c5f76ea2016 -> 
  custom:scripting/monoscript/fileName/AOVRecorder.cs: c53e83f1863b3ea80b6df3885cdb8c82 -> 
  custom:scripting/monoscript/fileName/IEncoderSettings.cs: c7d04fadacf538db841606cc656ae724 -> 
  custom:scripting/monoscript/fileName/ShutterProfileTypePropertyDrawer.cs: 18a32c647eca27716eabcb5a44f00e32 -> 
  custom:scripting/monoscript/fileName/MovieRecorderEditor.cs: eb00ddb8a76b8dfb7c88b7826a49d38b -> 
  custom:scripting/monoscript/fileName/RenderTextureInputSettingsPropertyDrawer.cs: 809602b52454cd1e6229756218a8f453 -> 
  custom:scripting/monoscript/fileName/RecorderPlayableBehaviour.cs: 80165a21f4cd0dda690f708a19d389bd -> 
  custom:scripting/monoscript/fileName/GifEncoderSettingsPropertyDrawer.cs: b36c9a7eaaefccda514b23d7e14761ca -> 
  custom:scripting/monoscript/fileName/PNGRecorder.cs: 08fd40f88cb6b18c96882f263639f57d -> 
  custom:scripting/monoscript/fileName/CameraInputSettingsPropertyDrawer.cs: 91928abf1abf88be098cb088d896aec5 -> 
  custom:scripting/monoscript/fileName/AudioRecorderEditor.cs: 565168dec291afe3fa470657cfc2c123 -> 
  custom:scripting/monoscript/fileName/AOVRecorderEditor.cs: 5ca53ccd6d7645709639507726114395 -> 
  custom:container-muxer-webm: aa71ff27fc2769a1b78a27578f13a17b -> 
  custom:video-decoder-webm-vp8: 9c59270c3fd7afecdb556c50c9e8de78 -> 
  custom:scripting/monoscript/fileName/RecordingSession.cs: f3ad08157c278a036224ca395f350890 -> 
  custom:scripting/monoscript/fileName/GameViewSize.cs: f6128a6515fcafce6db32fcdfa107254 -> 
  custom:scripting/monoscript/fileName/UnityHelpers.cs: b3e077029b574be508585124a9d839ef -> 
  custom:SearchIndexIgnoredProperties: e643bd26f0fe6173181afceb89e7c659 -> 
  custom:scripting/monoscript/fileName/GIFRecorder.cs: c00ece885699fb9084deaccd3eb27518 -> 
  custom:AudioImporter_EditorPlatform: d09bf68614088b80899f8185d706f6e7 -> 
  custom:scripting/monoscript/fileName/EXRRecorder.cs: 3f576ce8ddd959d51a4d7ba1999ecdbb -> 
  custom:scripting/monoscript/fileName/WEBMRecorder.cs: 391b6b920cfbc02401ea522620320c93 -> 
  custom:scripting/monoscript/fileName/RenderTextureSampler.cs: 1a7b9abab9548e1054dc40d6e2fa0270 -> 
  custom:scripting/monoscript/fileName/GifEncoder.cs: 40f336d5c5042a8a04556b4c5804a538 -> 
  custom:scripting/monoscript/fileName/GenericRecorder.cs: 90647cc400823b41df847a6cbfc29026 -> 
  custom:scripting/monoscript/fileName/ImageInputSelector.cs: f55822da877594150873922341be92b6 -> 
  custom:scripting/monoscript/fileName/AnimationRecorderSettingsEditor.cs: db1294bf3d48be44b6e4b2f2cc100b02 -> 
  custom:scripting/monoscript/fileName/RecorderTrack.cs: fac9638ece7eb7daaa1302fa170613fd -> 
  custom:scripting/monoscript/fileName/InputSettingsSelector.cs: 499a4ec92267406782b5c4f3472d53b9 -> 
  custom:scripting/monoscript/fileName/FileNameGenerator.cs: 5c8b6eb5291c3311189e0dfadac99363 -> 
  custom:scripting/monoscript/fileName/RecorderItem.cs: b62d2fcb9547a248575727d8a1646db8 -> 
  custom:scripting/monoscript/fileName/TextureFlipper.cs: 825b503b2ddab9cbd8ebbf3038075092 -> 
  custom:scripting/monoscript/fileName/AccumulationSettings.cs: fb962f0c2333934b681b167574f5e1cd -> 
  custom:scripting/monoscript/fileName/Camera360InputPropertyDrawer.cs: af647a2fe91bec98139246321cac865d -> 
  custom:scripting/monoscript/fileName/RecorderClipEditor.cs: 947ad5ff1f968d7fc40767d187070964 -> 
  custom:scripting/monoscript/fileName/EXRRecorderSettingsEditor.cs: c520a04c5f01331f2c8800e289ef6d6f -> 
  custom:scripting/monoscript/fileName/CoreEncoder.cs: dfaed86e82ad12e6a2b6740a0fb35820 -> 
  custom:scripting/monoscript/fileName/PNGRecorderSettings.cs: 79a421225358808ff14dd88c0355d1b6 -> 
  custom:scripting/monoscript/fileName/AspectRatioPropertyDrawer.cs: 9f18568574138839573389bde3e660a7 -> 
  custom:scripting/monoscript/fileName/ProResEncoder.cs: b375bf2d41e3d89081c3f2d1a0823bf3 -> 
  custom:scripting/monoscript/fileName/CameraInput.cs: bf7e0df3caf9e500f6d1c98c99e165ba -> 
  custom:scripting/monoscript/fileName/RecorderSettings.cs: bc3ef26ac157af28e5460886c0d5ef2e -> 
  custom:scripting/monoscript/fileName/RecorderClipTimelineEditor.cs: 2995d9f50ebc9245c6e9bd75c56415fb -> 
  custom:scripting/monoscript/fileName/EncoderSettingsAttribute.cs: 8352396dc11cff58c65c429fdb4fc67e -> 
  custom:scripting/monoscript/fileName/MP4Recorder.cs: af531c4e1f6d23547da08837eb16b729 -> 
  custom:scripting/monoscript/fileName/EncoderTypeUtilities.cs: a12c4c78a6cd4fb6b93180d59ad77be8 -> 
  custom:scripting/monoscript/fileName/PooledBufferAsyncGPUReadback.cs: 2a4e50c5dda177306c9ec935763c4378 -> 
  custom:scripting/monoscript/fileName/AnimationRecorder.cs: f749a4250195b5467bbf05e3a976b59f -> 
  custom:scripting/precompiled-assembly-types:Unity.Recorder.Base: 3fec19fdf10e3518c41e41a932f2042f -> 
  custom:scripting/monoscript/fileName/AnimationRecorderSettings.cs: 5cfb1544a40f93fe0ea879bb1361c877 -> 
  custom:scripting/monoscript/fileName/RenderTextureSamplerSettings.cs: 68adab84706346f2ecbdfd649ca9cf61 -> 
  custom:scripting/monoscript/fileName/RecordingContext.cs: af9af1e8b283703482ba133924b5585a -> 
  custom:scripting/monoscript/fileName/RecorderSelector.cs: c3cd2caacd181d6eff54dc260c4a1ffb -> 
  custom:video-encoder-webm-vp8: eb34c28f22e8b96e1ab97ce403110664 -> 
  custom:scripting/monoscript/fileName/RecorderInput.cs: 88fd8d8fd71b34ed7298a01f6c2d2e40 -> 
  custom:scripting/monoscript/fileName/RenderTextureSamplerPropertyDrawer.cs: b541817d9cc9b1341d2ddfa8823b718d -> 
  custom:scripting/monoscript/fileName/RecorderSettingsAttribute.cs: ddd228b25da7ba2ac10d13e1efacc875 -> 
  custom:audio-decoder-ogg-vorbis: bf7c407c2cedff20999df2af8eb42d56 -> 
  custom:scripting/monoscript/fileName/OutputPathDrawer.cs: cffc34c1be094e6caeb13ff3b26ca679 -> 
  custom:scripting/monoscript/fileName/EditorVersionsHelper.cs: 3ad9098caeeff0295dba8c0911f5333a -> 
  custom:scripting/monoscript/fileName/SettingAsset.cs: 7c3790954696ae83d71055079b387931 -> 
  custom:scripting/monoscript/fileName/OutputResolution.cs: 31c632d97e9a69bcc2ef10f6feb5bf62 -> 
  custom:scripting/monoscript/fileName/AccumulationSettingsPropertyDrawer.cs: bfc920db0de3c29c2967e88aac1c1027 -> 
  custom:scripting/monoscript/fileName/AnimationInputSettingsPropertyDrawer.cs: ebe1771fecebe7a93badf6354f59c990 -> 
  custom:scripting/monoscript/fileName/CoreEncoderSettings.cs: 2b5db1db3c1fa7de4175a7e143de3ce5 -> 
  custom:scripting/monoscript/fileName/VisualListItem.cs: 90647cc400823b41df847a6cbfc29026 -> 
  custom:scripting/monoscript/fileName/FrameRateProperyDrawer.cs: c478c798f5354f66af45b380be0629f9 -> 
  custom:scripting/monoscript/fileName/InputSettingsSelectorDrawer.cs: bca46dd5b59e2f574c94bef4cdb878fb -> 
  custom:scripting/monoscript/fileName/RecorderWindow.cs: 553a30d64d5ef1dcad6b00b4eeeb3829 -> 
  custom:scripting/monoscript/fileName/AOVCameraInputSettings.cs: 4d2fdf1142ce53d73cb43d39944ba516 -> 
  custom:scripting/monoscript/fileName/EnumProperyDrawer.cs: 90647cc400823b41df847a6cbfc29026 -> 
  custom:scripting/monoscript/fileName/AOVImageInputSelector.cs: b741d8d3a7cbb503c5bdf23d7e6792db -> 
  custom:scripting/monoscript/fileName/CoreEncoderSettingsPropertyDrawer.cs: c8bdf3420d844fd4604c0d0cf3815355 -> 
  custom:scripting/monoscript/fileName/GifEncoderSettings.cs: 812ca6afdf48b830953d76adab9d4030 -> 
  custom:scripting/monoscript/fileName/GIFRecorderSettingsEditor.cs: 4d0f46bcf58d188895fabae5334995ae -> 
  custom:scripting/monoscript/fileName/IEncoder.cs: 007c2ef621b0d92b5a7a6bae91d26090 -> 
  custom:scripting/monoscript/fileName/RecorderOptions.cs: 74782d297e80d8f56c0e05a7cde4e51d -> 
  custom:scripting/precompiled-assembly-types:Unity.Recorder.Editor: cd22b836ef1ca10e7d8c91c9be46b4bf -> 
  custom:scripting/monoscript/fileName/ProResEncoderSettingsPropertyDrawer.cs: 68c25e6d4459336217d4b9e22eb707b4 -> 
  custom:scripting/monoscript/fileName/ImageRecorder.cs: b804c29bfc59a61db184c1d275fe4101 -> 
  custom:scripting/monoscript/fileName/EditableLabel.cs: 4f8fa2c6092744ed6607a411e3f617c0 -> 
  custom:scripting/monoscript/fileName/GameViewInput.cs: 596e7ffa2d11b2002176644af3247ea6 -> 
  custom:audio-encoder-webm-vorbis: bf7c407c2cedff20999df2af8eb42d56 -> 
  custom:scripting/monoscript/fileName/SerializedDictionnary.cs: 90647cc400823b41df847a6cbfc29026 -> 
  custom:scripting/monoscript/fileName/HammersleySequence.cs: b06601f044912976f668045b7d4c79a8 -> 
  custom:scripting/monoscript/fileName/_RecorderComponent.cs: 8c268d1df4e18643d83ea9c6eeba2d9f -> 
  custom:scripting/monoscript/fileName/IAccumulation.cs: 38dee62d444423165276e3254554d005 -> 
  custom:scripting/monoscript/fileName/RecorderController.cs: 5760bd2995080b8d0d9d9e88ab8933c6 -> 
  custom:scripting/monoscript/fileName/EXRRecorderSettings.cs: bf113df492cb5b25e11ec144a73c2f74 -> 
========================================================================
Received Prepare
Caller must complete domain reload
Begin MonoManager ReloadAssembly
- Loaded All Assemblies, in  0.406 seconds
Native extension for WindowsStandalone target not found
Native extension for iOS target not found
Native extension for Android target not found
Mono: successfully reloaded assembly
- Finished resetting the current domain, in  0.968 seconds
Domain Reload Profiling: 1370ms
	BeginReloadAssembly (127ms)
		ExecutionOrderSort (0ms)
		DisableScriptedObjects (4ms)
		BackupInstance (0ms)
		ReleaseScriptingObjects (0ms)
		CreateAndSetChildDomain (25ms)
	RebuildCommonClasses (25ms)
	RebuildNativeTypeToScriptingClass (8ms)
	initialDomainReloadingComplete (27ms)
	LoadAllAssembliesAndSetupDomain (216ms)
		LoadAssemblies (275ms)
		RebuildTransferFunctionScriptingTraits (0ms)
		AnalyzeDomain (10ms)
			TypeCache.Refresh (4ms)
				TypeCache.ScanAssembly (0ms)
			ScanForSourceGeneratedMonoScriptInfo (0ms)
			ResolveRequiredComponents (5ms)
	FinalizeReload (968ms)
		ReleaseScriptCaches (0ms)
		RebuildScriptCaches (0ms)
		SetupLoadedEditorAssemblies (487ms)
			LogAssemblyErrors (0ms)
			InitializePlatformSupportModulesInManaged (30ms)
			SetLoadedEditorAssemblies (4ms)
			RefreshPlugins (0ms)
			BeforeProcessingInitializeOnLoad (92ms)
			ProcessInitializeOnLoadAttributes (336ms)
			ProcessInitializeOnLoadMethodAttributes (16ms)
			AfterProcessingInitializeOnLoad (9ms)
			EditorAssembliesLoaded (0ms)
		ExecutionOrderSort2 (0ms)
		AwakeInstancesAfterBackupRestoration (5ms)
Refreshing native plugins compatible for Editor in 5.52 ms, found 6 plugins.
Preloading 0 native plugins for Editor in 0.00 ms.
Unloading 3256 Unused Serialized files (Serialized files now loaded: 0)
Unloading 22 unused Assets / (337.2 KB). Loaded Objects now: 3780.
Memory consumption went from 123.2 MB to 122.8 MB.
Total: 2.491600 ms (FindLiveObjects: 0.189300 ms CreateObjectMapping: 0.077900 ms MarkObjects: 2.043400 ms  DeleteObjects: 0.180400 ms)

Prepare: number of updated asset objects reloaded= 0
AssetImportParameters requested are different than current active one (requested -> active):
  custom:scripting/monoscript/fileName/WEBMRecorderSettingsEditor.cs: 5559c87f45d3b65fac8d5ac4ef5e81c8 -> 
  custom:scripting/monoscript/fileName/UIElementHelper.cs: 9f9438adfe3361012ea6280d4cdb2df4 -> 
  custom:scripting/monoscript/fileName/AOVCameraInput.cs: c23c8ce885672bc57e25263b3efd067a -> 
  custom:scripting/monoscript/fileName/BaseTextureRecorder.cs: 90647cc400823b41df847a6cbfc29026 -> 
  custom:scripting/monoscript/fileName/Recorder.cs: a7e319d512627774f8215ba0b76f0bcb -> 
  custom:scripting/monoscript/fileName/AudioRecorder.cs: 89550121570f22445b4a1b28daea3cf9 -> 
  custom:scripting/monoscript/fileName/PanelSplitter.cs: 5ff6c6e385b6b12ca322a9c92ac6f371 -> 
  custom:scripting/monoscript/fileName/ImageRecorderSettings.cs: a7ab05fac9382c03607c40fe73956ed6 -> 
  custom:scripting/monoscript/fileName/RecorderClip.cs: 897017f45cb3c30f306724d1fa17a8fe -> 
  custom:scripting/monoscript/fileName/GIFRecorderSettings.cs: 979f88ae1e7731daed242ab2fdebbc0e -> 
  custom:container-demuxer-ogg: 62fdf1f143b41e24485cea50d1cbac27 -> 
  custom:scripting/monoscript/fileName/MovieRecorder.cs: 024785cf83e1399f425b2aa115d22e2b -> 
  custom:scripting/monoscript/fileName/RecorderControllerSettingsPresetEditor.cs: 49aed206ae65ed5ac6b420f7104cd52d -> 
  custom:scripting/monoscript/fileName/AudioInput.cs: 499e96d8f0b35d362bd956c0975bb873 -> 
  custom:scripting/monoscript/fileName/WEBMRecorderSettings.cs: c176c43abbe456aeea55c2aef862801b -> 
  custom:scripting/monoscript/fileName/RecorderControllerSettingsPreset.cs: 78b391c1384ac60213ef58d50e78d553 -> 
  custom:scripting/monoscript/fileName/GameViewInputSettings.cs: a7ae22123f532f5bbcb39c654c998b57 -> 
  custom:scripting/monoscript/fileName/GameViewInputPropertyDrawer.cs: ae2c8a99c5e33d3d1ffc8232415130e8 -> 
  custom:scripting/monoscript/fileName/Camera360Input.cs: dc473b118c57e0734b0cd3476e333c06 -> 
  custom:scripting/monoscript/fileName/RecorderPreferencesSettingsProvider.cs: d92d314b87f7c2170e267636ebf38224 -> 
  custom:scripting/monoscript/fileName/RecorderBindings.cs: ac25db5b587307cfea909607f62e5641 -> 
  custom:video-decoder-ogg-theora: a1e56fd34408186e4bbccfd4996cb3dc -> 
  custom:scripting/monoscript/fileName/GIFWrapper.cs: 6ef8898a12699129e8f81f06a649cad1 -> 
  custom:scripting/monoscript/fileName/SceneHook.cs: 80fa8928b499d44515dd60e0bc895128 -> 
  custom:scripting/monoscript/fileName/AnimationInput.cs: e810137278708a698c5ccddaeb1a1e64 -> 
  custom:scripting/monoscript/fileName/OutputResolutionPropertyDrawer.cs: 0e33ffdf424417a2e685685cfc04d4b1 -> 
  custom:scripting/monoscript/fileName/EnumHelper.cs: 117b5609cc2a1ae41785cd0c8767815f -> 
  custom:scripting/monoscript/fileName/OutputPath.cs: ee51fcffcd8929d224a5e3fb152d5f62 -> 
  custom:scripting/monoscript/fileName/FileNameGeneratorDrawer.cs: a3ea71dec141084df9b7ffa19c11e2cb -> 
  custom:framework-win-MediaFoundation: 216162199b28c13a410421893ffa2e32 -> 
  custom:scripting/monoscript/fileName/RecorderPreferencesWindowGUIScope.cs: 7a2eba6fcb6829ea8b200991a02c9c06 -> 
  custom:scripting/monoscript/fileName/AspectRatio.cs: 18e3efa554f8258b676d4de53e38b642 -> 
  custom:scripting/monoscript/fileName/CameraInputSettings.cs: 6738f6dd994f658d2cbf6f5f3ba05a0e -> 
  custom:scripting/monoscript/fileName/RefHandle.cs: 90647cc400823b41df847a6cbfc29026 -> 
  custom:scripting/monoscript/fileName/CameraCapture.cs: c6dcba1380d9a4fa09f4e36182a45a73 -> 
  custom:scripting/monoscript/fileName/RecorderControllerSettings.cs: 989e0caa64af9b76551d4ff6bd15f598 -> 
  custom:scripting/monoscript/fileName/TargetedPropertyDrawer.cs: 90647cc400823b41df847a6cbfc29026 -> 
  custom:scripting/monoscript/fileName/MovieRecorderSettings.cs: 02a667a67b113b1f65e3fcadcc882513 -> 
  custom:scripting/monoscript/fileName/RenderTextureInputSettings.cs: ebca820667a63031a7597db85d26451a -> 
  custom:scripting/monoscript/fileName/ImageRecorderEditor.cs: d3134ae4c1dfd8e056bace11130b7692 -> 
  custom:scripting/monoscript/fileName/ProResEncoderSettings.cs: 4aca03881946a7fe9acacf199434009e -> 
  custom:scripting/monoscript/fileName/_FrameRequestComponent.cs: b34f171daaafc65da55ea68e2ed89f2b -> 
  custom:scripting/monoscript/fileName/RenderTextureInput.cs: 5dea77837ae3c82bb14643cd82dc06dc -> 
  custom:scripting/monoscript/fileName/RecorderAnalytics.cs: 0fa40093f6ac3fe75e92d746d563e5ee -> 
  custom:scripting/monoscript/fileName/MP4RecorderSettingsEditor.cs: 68a64b16a7961d71fa7286fd1f782e9b -> 
  custom:scripting/monoscript/fileName/RecorderBindingsEditor.cs: f7451a0e1cea6404b2976d2b2c42e273 -> 
  custom:scripting/monoscript/fileName/BaseRenderTextureInput.cs: 5dc13661a5a0dca5d09ca211933a44e2 -> 
  custom:scripting/monoscript/fileName/StatusBarHelper.cs: da04a6ed046f8a62f416d5d3ea415bef -> 
  custom:scripting/precompiled-assembly-types:Unity.Recorder: bd5378c99f6216e06dd6e2c2a60a86a4 -> 
  custom:CustomObjectIndexerAttribute: 9a22284fe3817be447336de3de66b15e -> 
  custom:scripting/monoscript/fileName/Camera360InputSettings.cs: 3d5eaf1cb3a9df6f9d1d52f3c3018c46 -> 
  custom:scripting/monoscript/fileName/PNGRecorderSettingsEditor.cs: 4970e6657bb34f7efc2c7d8168c7358b -> 
  custom:scripting/monoscript/fileName/ImageHeightSelector.cs: d1a7972bf1d79d90f09ab23c718afe39 -> 
  custom:scripting/monoscript/fileName/AnimationInputSettings.cs: d64a99ebbd13660e9264cb4111ab9832 -> 
  custom:scripting/monoscript/fileName/MP4RecorderSettings.cs: 551f5535c05b86d6ee91684eced14987 -> 
  custom:scripting/monoscript/fileName/RecorderPreferencesSettings.cs: 761b0a55fc5e50239a1d0c4bfc968274 -> 
  custom:container-demuxer-webm: 4f35f7cbe854078d1ac9338744f61a02 -> 
  custom:scripting/monoscript/fileName/RecorderSettingsPrefsEditor.cs: ba9e697f1d269c2c960a41bc543fa408 -> 
  custom:scripting/monoscript/fileName/ProResWrapper.cs: 712515ef615766c98115c6a20d85d6c8 -> 
  custom:scripting/monoscript/fileName/RecordModePropertyDrawer.cs: 165332db07362bbcab2d8dc6d1e1dfda -> 
  custom:scripting/monoscript/fileName/ImageInputSettings.cs: 98a2aedd167d40f01804b04845eeaf15 -> 
  custom:scripting/monoscript/fileName/SerializableObjHelper.cs: f19f181f3f05e8e393225dd7030fb66a -> 
  custom:scripting/monoscript/fileName/InputPropertyDrawer.cs: 90647cc400823b41df847a6cbfc29026 -> 
  custom:scripting/monoscript/fileName/AudioInputSettings.cs: a2c930fca1dd5e27705fbacf39727bb4 -> 
  custom:scripting/monoscript/fileName/InputSettings.cs: 35c56ce5488c6b464726305dcbd33b3d -> 
  custom:scripting/monoscript/fileName/RecorderEditor.cs: 736e59ba52eea987abc47f36a836e575 -> 
  custom:scripting/monoscript/fileName/AudioRecorderSettings.cs: 0b00f2c93558486cc61a06f270f43fea -> 
  custom:scripting/monoscript/fileName/RecordersInventory.cs: fb714c8df18f9b7fc7f3361f604ae3dc -> 
  custom:scripting/monoscript/fileName/BaseFCRecorderSettings.cs: fab928553cedb8703ac192d6cf7b6294 -> 
  custom:scripting/monoscript/fileName/AOVRecorderSettings.cs: cdc731153cd2f1f739300a28ea6a6608 -> 
  custom:scripting/monoscript/fileName/EXRCompressionTypeDrawer.cs: 301cb614ecf84a4dab346c5f76ea2016 -> 
  custom:scripting/monoscript/fileName/AOVRecorder.cs: c53e83f1863b3ea80b6df3885cdb8c82 -> 
  custom:scripting/monoscript/fileName/IEncoderSettings.cs: c7d04fadacf538db841606cc656ae724 -> 
  custom:scripting/monoscript/fileName/ShutterProfileTypePropertyDrawer.cs: 18a32c647eca27716eabcb5a44f00e32 -> 
  custom:scripting/monoscript/fileName/MovieRecorderEditor.cs: eb00ddb8a76b8dfb7c88b7826a49d38b -> 
  custom:scripting/monoscript/fileName/RenderTextureInputSettingsPropertyDrawer.cs: 809602b52454cd1e6229756218a8f453 -> 
  custom:scripting/monoscript/fileName/RecorderPlayableBehaviour.cs: 80165a21f4cd0dda690f708a19d389bd -> 
  custom:scripting/monoscript/fileName/GifEncoderSettingsPropertyDrawer.cs: b36c9a7eaaefccda514b23d7e14761ca -> 
  custom:scripting/monoscript/fileName/PNGRecorder.cs: 08fd40f88cb6b18c96882f263639f57d -> 
  custom:scripting/monoscript/fileName/CameraInputSettingsPropertyDrawer.cs: 91928abf1abf88be098cb088d896aec5 -> 
  custom:scripting/monoscript/fileName/AudioRecorderEditor.cs: 565168dec291afe3fa470657cfc2c123 -> 
  custom:scripting/monoscript/fileName/AOVRecorderEditor.cs: 5ca53ccd6d7645709639507726114395 -> 
  custom:container-muxer-webm: aa71ff27fc2769a1b78a27578f13a17b -> 
  custom:video-decoder-webm-vp8: 9c59270c3fd7afecdb556c50c9e8de78 -> 
  custom:scripting/monoscript/fileName/RecordingSession.cs: f3ad08157c278a036224ca395f350890 -> 
  custom:scripting/monoscript/fileName/GameViewSize.cs: f6128a6515fcafce6db32fcdfa107254 -> 
  custom:scripting/monoscript/fileName/UnityHelpers.cs: b3e077029b574be508585124a9d839ef -> 
  custom:SearchIndexIgnoredProperties: e643bd26f0fe6173181afceb89e7c659 -> 
  custom:scripting/monoscript/fileName/GIFRecorder.cs: c00ece885699fb9084deaccd3eb27518 -> 
  custom:AudioImporter_EditorPlatform: d09bf68614088b80899f8185d706f6e7 -> 
  custom:scripting/monoscript/fileName/EXRRecorder.cs: 3f576ce8ddd959d51a4d7ba1999ecdbb -> 
  custom:scripting/monoscript/fileName/WEBMRecorder.cs: 391b6b920cfbc02401ea522620320c93 -> 
  custom:scripting/monoscript/fileName/RenderTextureSampler.cs: 1a7b9abab9548e1054dc40d6e2fa0270 -> 
  custom:scripting/monoscript/fileName/GifEncoder.cs: 40f336d5c5042a8a04556b4c5804a538 -> 
  custom:scripting/monoscript/fileName/GenericRecorder.cs: 90647cc400823b41df847a6cbfc29026 -> 
  custom:scripting/monoscript/fileName/ImageInputSelector.cs: f55822da877594150873922341be92b6 -> 
  custom:scripting/monoscript/fileName/AnimationRecorderSettingsEditor.cs: db1294bf3d48be44b6e4b2f2cc100b02 -> 
  custom:scripting/monoscript/fileName/RecorderTrack.cs: fac9638ece7eb7daaa1302fa170613fd -> 
  custom:scripting/monoscript/fileName/InputSettingsSelector.cs: 499a4ec92267406782b5c4f3472d53b9 -> 
  custom:scripting/monoscript/fileName/FileNameGenerator.cs: 5c8b6eb5291c3311189e0dfadac99363 -> 
  custom:scripting/monoscript/fileName/RecorderItem.cs: b62d2fcb9547a248575727d8a1646db8 -> 
  custom:scripting/monoscript/fileName/TextureFlipper.cs: 825b503b2ddab9cbd8ebbf3038075092 -> 
  custom:scripting/monoscript/fileName/AccumulationSettings.cs: fb962f0c2333934b681b167574f5e1cd -> 
  custom:scripting/monoscript/fileName/Camera360InputPropertyDrawer.cs: af647a2fe91bec98139246321cac865d -> 
  custom:scripting/monoscript/fileName/RecorderClipEditor.cs: 947ad5ff1f968d7fc40767d187070964 -> 
  custom:scripting/monoscript/fileName/EXRRecorderSettingsEditor.cs: c520a04c5f01331f2c8800e289ef6d6f -> 
  custom:scripting/monoscript/fileName/CoreEncoder.cs: dfaed86e82ad12e6a2b6740a0fb35820 -> 
  custom:scripting/monoscript/fileName/PNGRecorderSettings.cs: 79a421225358808ff14dd88c0355d1b6 -> 
  custom:scripting/monoscript/fileName/AspectRatioPropertyDrawer.cs: 9f18568574138839573389bde3e660a7 -> 
  custom:scripting/monoscript/fileName/ProResEncoder.cs: b375bf2d41e3d89081c3f2d1a0823bf3 -> 
  custom:scripting/monoscript/fileName/CameraInput.cs: bf7e0df3caf9e500f6d1c98c99e165ba -> 
  custom:scripting/monoscript/fileName/RecorderSettings.cs: bc3ef26ac157af28e5460886c0d5ef2e -> 
  custom:scripting/monoscript/fileName/RecorderClipTimelineEditor.cs: 2995d9f50ebc9245c6e9bd75c56415fb -> 
  custom:scripting/monoscript/fileName/EncoderSettingsAttribute.cs: 8352396dc11cff58c65c429fdb4fc67e -> 
  custom:scripting/monoscript/fileName/MP4Recorder.cs: af531c4e1f6d23547da08837eb16b729 -> 
  custom:scripting/monoscript/fileName/EncoderTypeUtilities.cs: a12c4c78a6cd4fb6b93180d59ad77be8 -> 
  custom:scripting/monoscript/fileName/PooledBufferAsyncGPUReadback.cs: 2a4e50c5dda177306c9ec935763c4378 -> 
  custom:scripting/monoscript/fileName/AnimationRecorder.cs: f749a4250195b5467bbf05e3a976b59f -> 
  custom:scripting/precompiled-assembly-types:Unity.Recorder.Base: 3fec19fdf10e3518c41e41a932f2042f -> 
  custom:scripting/monoscript/fileName/AnimationRecorderSettings.cs: 5cfb1544a40f93fe0ea879bb1361c877 -> 
  custom:scripting/monoscript/fileName/RenderTextureSamplerSettings.cs: 68adab84706346f2ecbdfd649ca9cf61 -> 
  custom:scripting/monoscript/fileName/RecordingContext.cs: af9af1e8b283703482ba133924b5585a -> 
  custom:scripting/monoscript/fileName/RecorderSelector.cs: c3cd2caacd181d6eff54dc260c4a1ffb -> 
  custom:video-encoder-webm-vp8: eb34c28f22e8b96e1ab97ce403110664 -> 
  custom:scripting/monoscript/fileName/RecorderInput.cs: 88fd8d8fd71b34ed7298a01f6c2d2e40 -> 
  custom:scripting/monoscript/fileName/RenderTextureSamplerPropertyDrawer.cs: b541817d9cc9b1341d2ddfa8823b718d -> 
  custom:scripting/monoscript/fileName/RecorderSettingsAttribute.cs: ddd228b25da7ba2ac10d13e1efacc875 -> 
  custom:audio-decoder-ogg-vorbis: bf7c407c2cedff20999df2af8eb42d56 -> 
  custom:scripting/monoscript/fileName/OutputPathDrawer.cs: cffc34c1be094e6caeb13ff3b26ca679 -> 
  custom:scripting/monoscript/fileName/EditorVersionsHelper.cs: 3ad9098caeeff0295dba8c0911f5333a -> 
  custom:scripting/monoscript/fileName/SettingAsset.cs: 7c3790954696ae83d71055079b387931 -> 
  custom:scripting/monoscript/fileName/OutputResolution.cs: 31c632d97e9a69bcc2ef10f6feb5bf62 -> 
  custom:scripting/monoscript/fileName/AccumulationSettingsPropertyDrawer.cs: bfc920db0de3c29c2967e88aac1c1027 -> 
  custom:scripting/monoscript/fileName/AnimationInputSettingsPropertyDrawer.cs: ebe1771fecebe7a93badf6354f59c990 -> 
  custom:scripting/monoscript/fileName/CoreEncoderSettings.cs: 2b5db1db3c1fa7de4175a7e143de3ce5 -> 
  custom:scripting/monoscript/fileName/VisualListItem.cs: 90647cc400823b41df847a6cbfc29026 -> 
  custom:scripting/monoscript/fileName/FrameRateProperyDrawer.cs: c478c798f5354f66af45b380be0629f9 -> 
  custom:scripting/monoscript/fileName/InputSettingsSelectorDrawer.cs: bca46dd5b59e2f574c94bef4cdb878fb -> 
  custom:scripting/monoscript/fileName/RecorderWindow.cs: 553a30d64d5ef1dcad6b00b4eeeb3829 -> 
  custom:scripting/monoscript/fileName/AOVCameraInputSettings.cs: 4d2fdf1142ce53d73cb43d39944ba516 -> 
  custom:scripting/monoscript/fileName/EnumProperyDrawer.cs: 90647cc400823b41df847a6cbfc29026 -> 
  custom:scripting/monoscript/fileName/AOVImageInputSelector.cs: b741d8d3a7cbb503c5bdf23d7e6792db -> 
  custom:scripting/monoscript/fileName/CoreEncoderSettingsPropertyDrawer.cs: c8bdf3420d844fd4604c0d0cf3815355 -> 
  custom:scripting/monoscript/fileName/GifEncoderSettings.cs: 812ca6afdf48b830953d76adab9d4030 -> 
  custom:scripting/monoscript/fileName/GIFRecorderSettingsEditor.cs: 4d0f46bcf58d188895fabae5334995ae -> 
  custom:scripting/monoscript/fileName/IEncoder.cs: 007c2ef621b0d92b5a7a6bae91d26090 -> 
  custom:scripting/monoscript/fileName/RecorderOptions.cs: 74782d297e80d8f56c0e05a7cde4e51d -> 
  custom:scripting/precompiled-assembly-types:Unity.Recorder.Editor: cd22b836ef1ca10e7d8c91c9be46b4bf -> 
  custom:scripting/monoscript/fileName/ProResEncoderSettingsPropertyDrawer.cs: 68c25e6d4459336217d4b9e22eb707b4 -> 
  custom:scripting/monoscript/fileName/ImageRecorder.cs: b804c29bfc59a61db184c1d275fe4101 -> 
  custom:scripting/monoscript/fileName/EditableLabel.cs: 4f8fa2c6092744ed6607a411e3f617c0 -> 
  custom:scripting/monoscript/fileName/GameViewInput.cs: 596e7ffa2d11b2002176644af3247ea6 -> 
  custom:audio-encoder-webm-vorbis: bf7c407c2cedff20999df2af8eb42d56 -> 
  custom:scripting/monoscript/fileName/SerializedDictionnary.cs: 90647cc400823b41df847a6cbfc29026 -> 
  custom:scripting/monoscript/fileName/HammersleySequence.cs: b06601f044912976f668045b7d4c79a8 -> 
  custom:scripting/monoscript/fileName/_RecorderComponent.cs: 8c268d1df4e18643d83ea9c6eeba2d9f -> 
  custom:scripting/monoscript/fileName/IAccumulation.cs: 38dee62d444423165276e3254554d005 -> 
  custom:scripting/monoscript/fileName/RecorderController.cs: 5760bd2995080b8d0d9d9e88ab8933c6 -> 
  custom:scripting/monoscript/fileName/EXRRecorderSettings.cs: bf113df492cb5b25e11ec144a73c2f74 -> 
========================================================================
Received Import Request.
  Time since last request: 348.429449 seconds.
  path: Assets/Prefabs/Cube.prefab
  artifactKey: Guid(6f465dab9e6bdbc40b292aa1082e7dd9) Importer(815301076,1909f56bfc062723c751e8b465ee728b)
Start importing Assets/Prefabs/Cube.prefab using Guid(6f465dab9e6bdbc40b292aa1082e7dd9) Importer(815301076,1909f56bfc062723c751e8b465ee728b) [PhysX] Initialized MultithreadedTaskDispatcher with 12 workers.
 -> (artifact id: '9d04fdfc94419e9d414e421f41762208') in 0.001468 seconds
Number of updated asset objects reloaded before import = 0
Number of asset objects unloaded after import = 0
========================================================================
Received Prepare
Caller must complete domain reload
Begin MonoManager ReloadAssembly
- Loaded All Assemblies, in  0.408 seconds
Native extension for WindowsStandalone target not found
Native extension for iOS target not found
Native extension for Android target not found
Mono: successfully reloaded assembly
- Finished resetting the current domain, in  0.967 seconds
Domain Reload Profiling: 1371ms
	BeginReloadAssembly (126ms)
		ExecutionOrderSort (0ms)
		DisableScriptedObjects (5ms)
		BackupInstance (0ms)
		ReleaseScriptingObjects (0ms)
		CreateAndSetChildDomain (25ms)
	RebuildCommonClasses (25ms)
	RebuildNativeTypeToScriptingClass (8ms)
	initialDomainReloadingComplete (27ms)
	LoadAllAssembliesAndSetupDomain (218ms)
		LoadAssemblies (273ms)
		RebuildTransferFunctionScriptingTraits (0ms)
		AnalyzeDomain (13ms)
			TypeCache.Refresh (4ms)
				TypeCache.ScanAssembly (0ms)
			ScanForSourceGeneratedMonoScriptInfo (0ms)
			ResolveRequiredComponents (7ms)
	FinalizeReload (967ms)
		ReleaseScriptCaches (0ms)
		RebuildScriptCaches (0ms)
		SetupLoadedEditorAssemblies (485ms)
			LogAssemblyErrors (0ms)
			InitializePlatformSupportModulesInManaged (29ms)
			SetLoadedEditorAssemblies (4ms)
			RefreshPlugins (0ms)
			BeforeProcessingInitializeOnLoad (85ms)
			ProcessInitializeOnLoadAttributes (340ms)
			ProcessInitializeOnLoadMethodAttributes (17ms)
			AfterProcessingInitializeOnLoad (10ms)
			EditorAssembliesLoaded (0ms)
		ExecutionOrderSort2 (0ms)
		AwakeInstancesAfterBackupRestoration (5ms)
Refreshing native plugins compatible for Editor in 5.15 ms, found 6 plugins.
Preloading 0 native plugins for Editor in 0.00 ms.
Unloading 3255 Unused Serialized files (Serialized files now loaded: 0)
Unloading 22 unused Assets / (337.2 KB). Loaded Objects now: 3783.
Memory consumption went from 122.9 MB to 122.6 MB.
Total: 2.581400 ms (FindLiveObjects: 0.188800 ms CreateObjectMapping: 0.082300 ms MarkObjects: 2.091700 ms  DeleteObjects: 0.217900 ms)

Prepare: number of updated asset objects reloaded= 0
AssetImportParameters requested are different than current active one (requested -> active):
  custom:scripting/monoscript/fileName/WEBMRecorderSettingsEditor.cs: 5559c87f45d3b65fac8d5ac4ef5e81c8 -> 
  custom:scripting/monoscript/fileName/UIElementHelper.cs: 9f9438adfe3361012ea6280d4cdb2df4 -> 
  custom:scripting/monoscript/fileName/AOVCameraInput.cs: c23c8ce885672bc57e25263b3efd067a -> 
  custom:scripting/monoscript/fileName/BaseTextureRecorder.cs: 90647cc400823b41df847a6cbfc29026 -> 
  custom:scripting/monoscript/fileName/Recorder.cs: a7e319d512627774f8215ba0b76f0bcb -> 
  custom:scripting/monoscript/fileName/AudioRecorder.cs: 89550121570f22445b4a1b28daea3cf9 -> 
  custom:scripting/monoscript/fileName/PanelSplitter.cs: 5ff6c6e385b6b12ca322a9c92ac6f371 -> 
  custom:scripting/monoscript/fileName/ImageRecorderSettings.cs: a7ab05fac9382c03607c40fe73956ed6 -> 
  custom:scripting/monoscript/fileName/RecorderClip.cs: 897017f45cb3c30f306724d1fa17a8fe -> 
  custom:scripting/monoscript/fileName/GIFRecorderSettings.cs: 979f88ae1e7731daed242ab2fdebbc0e -> 
  custom:container-demuxer-ogg: 62fdf1f143b41e24485cea50d1cbac27 -> 
  custom:scripting/monoscript/fileName/MovieRecorder.cs: 024785cf83e1399f425b2aa115d22e2b -> 
  custom:scripting/monoscript/fileName/RecorderControllerSettingsPresetEditor.cs: 49aed206ae65ed5ac6b420f7104cd52d -> 
  custom:scripting/monoscript/fileName/AudioInput.cs: 499e96d8f0b35d362bd956c0975bb873 -> 
  custom:scripting/monoscript/fileName/WEBMRecorderSettings.cs: c176c43abbe456aeea55c2aef862801b -> 
  custom:scripting/monoscript/fileName/RecorderControllerSettingsPreset.cs: 78b391c1384ac60213ef58d50e78d553 -> 
  custom:scripting/monoscript/fileName/GameViewInputSettings.cs: a7ae22123f532f5bbcb39c654c998b57 -> 
  custom:scripting/monoscript/fileName/GameViewInputPropertyDrawer.cs: ae2c8a99c5e33d3d1ffc8232415130e8 -> 
  custom:scripting/monoscript/fileName/Camera360Input.cs: dc473b118c57e0734b0cd3476e333c06 -> 
  custom:scripting/monoscript/fileName/RecorderPreferencesSettingsProvider.cs: d92d314b87f7c2170e267636ebf38224 -> 
  custom:scripting/monoscript/fileName/RecorderBindings.cs: ac25db5b587307cfea909607f62e5641 -> 
  custom:video-decoder-ogg-theora: a1e56fd34408186e4bbccfd4996cb3dc -> 
  custom:scripting/monoscript/fileName/GIFWrapper.cs: 6ef8898a12699129e8f81f06a649cad1 -> 
  custom:scripting/monoscript/fileName/SceneHook.cs: 80fa8928b499d44515dd60e0bc895128 -> 
  custom:scripting/monoscript/fileName/AnimationInput.cs: e810137278708a698c5ccddaeb1a1e64 -> 
  custom:scripting/monoscript/fileName/OutputResolutionPropertyDrawer.cs: 0e33ffdf424417a2e685685cfc04d4b1 -> 
  custom:scripting/monoscript/fileName/EnumHelper.cs: 117b5609cc2a1ae41785cd0c8767815f -> 
  custom:scripting/monoscript/fileName/OutputPath.cs: ee51fcffcd8929d224a5e3fb152d5f62 -> 
  custom:scripting/monoscript/fileName/FileNameGeneratorDrawer.cs: a3ea71dec141084df9b7ffa19c11e2cb -> 
  custom:framework-win-MediaFoundation: 216162199b28c13a410421893ffa2e32 -> 
  custom:scripting/monoscript/fileName/RecorderPreferencesWindowGUIScope.cs: 7a2eba6fcb6829ea8b200991a02c9c06 -> 
  custom:scripting/monoscript/fileName/AspectRatio.cs: 18e3efa554f8258b676d4de53e38b642 -> 
  custom:scripting/monoscript/fileName/CameraInputSettings.cs: 6738f6dd994f658d2cbf6f5f3ba05a0e -> 
  custom:scripting/monoscript/fileName/RefHandle.cs: 90647cc400823b41df847a6cbfc29026 -> 
  custom:scripting/monoscript/fileName/CameraCapture.cs: c6dcba1380d9a4fa09f4e36182a45a73 -> 
  custom:scripting/monoscript/fileName/RecorderControllerSettings.cs: 989e0caa64af9b76551d4ff6bd15f598 -> 
  custom:scripting/monoscript/fileName/TargetedPropertyDrawer.cs: 90647cc400823b41df847a6cbfc29026 -> 
  custom:scripting/monoscript/fileName/MovieRecorderSettings.cs: 02a667a67b113b1f65e3fcadcc882513 -> 
  custom:scripting/monoscript/fileName/RenderTextureInputSettings.cs: ebca820667a63031a7597db85d26451a -> 
  custom:scripting/monoscript/fileName/ImageRecorderEditor.cs: d3134ae4c1dfd8e056bace11130b7692 -> 
  custom:scripting/monoscript/fileName/ProResEncoderSettings.cs: 4aca03881946a7fe9acacf199434009e -> 
  custom:scripting/monoscript/fileName/_FrameRequestComponent.cs: b34f171daaafc65da55ea68e2ed89f2b -> 
  custom:scripting/monoscript/fileName/RenderTextureInput.cs: 5dea77837ae3c82bb14643cd82dc06dc -> 
  custom:scripting/monoscript/fileName/RecorderAnalytics.cs: 0fa40093f6ac3fe75e92d746d563e5ee -> 
  custom:scripting/monoscript/fileName/MP4RecorderSettingsEditor.cs: 68a64b16a7961d71fa7286fd1f782e9b -> 
  custom:scripting/monoscript/fileName/RecorderBindingsEditor.cs: f7451a0e1cea6404b2976d2b2c42e273 -> 
  custom:scripting/monoscript/fileName/BaseRenderTextureInput.cs: 5dc13661a5a0dca5d09ca211933a44e2 -> 
  custom:scripting/monoscript/fileName/StatusBarHelper.cs: da04a6ed046f8a62f416d5d3ea415bef -> 
  custom:scripting/precompiled-assembly-types:Unity.Recorder: bd5378c99f6216e06dd6e2c2a60a86a4 -> 
  custom:CustomObjectIndexerAttribute: 9a22284fe3817be447336de3de66b15e -> 
  custom:scripting/monoscript/fileName/Camera360InputSettings.cs: 3d5eaf1cb3a9df6f9d1d52f3c3018c46 -> 
  custom:scripting/monoscript/fileName/PNGRecorderSettingsEditor.cs: 4970e6657bb34f7efc2c7d8168c7358b -> 
  custom:scripting/monoscript/fileName/ImageHeightSelector.cs: d1a7972bf1d79d90f09ab23c718afe39 -> 
  custom:scripting/monoscript/fileName/AnimationInputSettings.cs: d64a99ebbd13660e9264cb4111ab9832 -> 
  custom:scripting/monoscript/fileName/MP4RecorderSettings.cs: 551f5535c05b86d6ee91684eced14987 -> 
  custom:scripting/monoscript/fileName/RecorderPreferencesSettings.cs: 761b0a55fc5e50239a1d0c4bfc968274 -> 
  custom:container-demuxer-webm: 4f35f7cbe854078d1ac9338744f61a02 -> 
  custom:scripting/monoscript/fileName/RecorderSettingsPrefsEditor.cs: ba9e697f1d269c2c960a41bc543fa408 -> 
  custom:scripting/monoscript/fileName/ProResWrapper.cs: 712515ef615766c98115c6a20d85d6c8 -> 
  custom:scripting/monoscript/fileName/RecordModePropertyDrawer.cs: 165332db07362bbcab2d8dc6d1e1dfda -> 
  custom:scripting/monoscript/fileName/ImageInputSettings.cs: 98a2aedd167d40f01804b04845eeaf15 -> 
  custom:scripting/monoscript/fileName/SerializableObjHelper.cs: f19f181f3f05e8e393225dd7030fb66a -> 
  custom:scripting/monoscript/fileName/InputPropertyDrawer.cs: 90647cc400823b41df847a6cbfc29026 -> 
  custom:scripting/monoscript/fileName/AudioInputSettings.cs: a2c930fca1dd5e27705fbacf39727bb4 -> 
  custom:scripting/monoscript/fileName/InputSettings.cs: 35c56ce5488c6b464726305dcbd33b3d -> 
  custom:scripting/monoscript/fileName/RecorderEditor.cs: 736e59ba52eea987abc47f36a836e575 -> 
  custom:scripting/monoscript/fileName/AudioRecorderSettings.cs: 0b00f2c93558486cc61a06f270f43fea -> 
  custom:scripting/monoscript/fileName/RecordersInventory.cs: fb714c8df18f9b7fc7f3361f604ae3dc -> 
  custom:scripting/monoscript/fileName/BaseFCRecorderSettings.cs: fab928553cedb8703ac192d6cf7b6294 -> 
  custom:scripting/monoscript/fileName/AOVRecorderSettings.cs: cdc731153cd2f1f739300a28ea6a6608 -> 
  custom:scripting/monoscript/fileName/EXRCompressionTypeDrawer.cs: 301cb614ecf84a4dab346c5f76ea2016 -> 
  custom:scripting/monoscript/fileName/AOVRecorder.cs: c53e83f1863b3ea80b6df3885cdb8c82 -> 
  custom:scripting/monoscript/fileName/IEncoderSettings.cs: c7d04fadacf538db841606cc656ae724 -> 
  custom:scripting/monoscript/fileName/ShutterProfileTypePropertyDrawer.cs: 18a32c647eca27716eabcb5a44f00e32 -> 
  custom:scripting/monoscript/fileName/MovieRecorderEditor.cs: eb00ddb8a76b8dfb7c88b7826a49d38b -> 
  custom:scripting/monoscript/fileName/RenderTextureInputSettingsPropertyDrawer.cs: 809602b52454cd1e6229756218a8f453 -> 
  custom:scripting/monoscript/fileName/RecorderPlayableBehaviour.cs: 80165a21f4cd0dda690f708a19d389bd -> 
  custom:scripting/monoscript/fileName/GifEncoderSettingsPropertyDrawer.cs: b36c9a7eaaefccda514b23d7e14761ca -> 
  custom:scripting/monoscript/fileName/PNGRecorder.cs: 08fd40f88cb6b18c96882f263639f57d -> 
  custom:scripting/monoscript/fileName/CameraInputSettingsPropertyDrawer.cs: 91928abf1abf88be098cb088d896aec5 -> 
  custom:scripting/monoscript/fileName/AudioRecorderEditor.cs: 565168dec291afe3fa470657cfc2c123 -> 
  custom:scripting/monoscript/fileName/AOVRecorderEditor.cs: 5ca53ccd6d7645709639507726114395 -> 
  custom:container-muxer-webm: aa71ff27fc2769a1b78a27578f13a17b -> 
  custom:video-decoder-webm-vp8: 9c59270c3fd7afecdb556c50c9e8de78 -> 
  custom:scripting/monoscript/fileName/RecordingSession.cs: f3ad08157c278a036224ca395f350890 -> 
  custom:scripting/monoscript/fileName/GameViewSize.cs: f6128a6515fcafce6db32fcdfa107254 -> 
  custom:scripting/monoscript/fileName/UnityHelpers.cs: b3e077029b574be508585124a9d839ef -> 
  custom:SearchIndexIgnoredProperties: e643bd26f0fe6173181afceb89e7c659 -> 
  custom:scripting/monoscript/fileName/GIFRecorder.cs: c00ece885699fb9084deaccd3eb27518 -> 
  custom:AudioImporter_EditorPlatform: d09bf68614088b80899f8185d706f6e7 -> 
  custom:scripting/monoscript/fileName/EXRRecorder.cs: 3f576ce8ddd959d51a4d7ba1999ecdbb -> 
  custom:scripting/monoscript/fileName/WEBMRecorder.cs: 391b6b920cfbc02401ea522620320c93 -> 
  custom:scripting/monoscript/fileName/RenderTextureSampler.cs: 1a7b9abab9548e1054dc40d6e2fa0270 -> 
  custom:scripting/monoscript/fileName/GifEncoder.cs: 40f336d5c5042a8a04556b4c5804a538 -> 
  custom:scripting/monoscript/fileName/GenericRecorder.cs: 90647cc400823b41df847a6cbfc29026 -> 
  custom:scripting/monoscript/fileName/ImageInputSelector.cs: f55822da877594150873922341be92b6 -> 
  custom:scripting/monoscript/fileName/AnimationRecorderSettingsEditor.cs: db1294bf3d48be44b6e4b2f2cc100b02 -> 
  custom:scripting/monoscript/fileName/RecorderTrack.cs: fac9638ece7eb7daaa1302fa170613fd -> 
  custom:scripting/monoscript/fileName/InputSettingsSelector.cs: 499a4ec92267406782b5c4f3472d53b9 -> 
  custom:scripting/monoscript/fileName/FileNameGenerator.cs: 5c8b6eb5291c3311189e0dfadac99363 -> 
  custom:scripting/monoscript/fileName/RecorderItem.cs: b62d2fcb9547a248575727d8a1646db8 -> 
  custom:scripting/monoscript/fileName/TextureFlipper.cs: 825b503b2ddab9cbd8ebbf3038075092 -> 
  custom:scripting/monoscript/fileName/AccumulationSettings.cs: fb962f0c2333934b681b167574f5e1cd -> 
  custom:scripting/monoscript/fileName/Camera360InputPropertyDrawer.cs: af647a2fe91bec98139246321cac865d -> 
  custom:scripting/monoscript/fileName/RecorderClipEditor.cs: 947ad5ff1f968d7fc40767d187070964 -> 
  custom:scripting/monoscript/fileName/EXRRecorderSettingsEditor.cs: c520a04c5f01331f2c8800e289ef6d6f -> 
  custom:scripting/monoscript/fileName/CoreEncoder.cs: dfaed86e82ad12e6a2b6740a0fb35820 -> 
  custom:scripting/monoscript/fileName/PNGRecorderSettings.cs: 79a421225358808ff14dd88c0355d1b6 -> 
  custom:scripting/monoscript/fileName/AspectRatioPropertyDrawer.cs: 9f18568574138839573389bde3e660a7 -> 
  custom:scripting/monoscript/fileName/ProResEncoder.cs: b375bf2d41e3d89081c3f2d1a0823bf3 -> 
  custom:scripting/monoscript/fileName/CameraInput.cs: bf7e0df3caf9e500f6d1c98c99e165ba -> 
  custom:scripting/monoscript/fileName/RecorderSettings.cs: bc3ef26ac157af28e5460886c0d5ef2e -> 
  custom:scripting/monoscript/fileName/RecorderClipTimelineEditor.cs: 2995d9f50ebc9245c6e9bd75c56415fb -> 
  custom:scripting/monoscript/fileName/EncoderSettingsAttribute.cs: 8352396dc11cff58c65c429fdb4fc67e -> 
  custom:scripting/monoscript/fileName/MP4Recorder.cs: af531c4e1f6d23547da08837eb16b729 -> 
  custom:scripting/monoscript/fileName/EncoderTypeUtilities.cs: a12c4c78a6cd4fb6b93180d59ad77be8 -> 
  custom:scripting/monoscript/fileName/PooledBufferAsyncGPUReadback.cs: 2a4e50c5dda177306c9ec935763c4378 -> 
  custom:scripting/monoscript/fileName/AnimationRecorder.cs: f749a4250195b5467bbf05e3a976b59f -> 
  custom:scripting/precompiled-assembly-types:Unity.Recorder.Base: 3fec19fdf10e3518c41e41a932f2042f -> 
  custom:scripting/monoscript/fileName/AnimationRecorderSettings.cs: 5cfb1544a40f93fe0ea879bb1361c877 -> 
  custom:scripting/monoscript/fileName/RenderTextureSamplerSettings.cs: 68adab84706346f2ecbdfd649ca9cf61 -> 
  custom:scripting/monoscript/fileName/RecordingContext.cs: af9af1e8b283703482ba133924b5585a -> 
  custom:scripting/monoscript/fileName/RecorderSelector.cs: c3cd2caacd181d6eff54dc260c4a1ffb -> 
  custom:video-encoder-webm-vp8: eb34c28f22e8b96e1ab97ce403110664 -> 
  custom:scripting/monoscript/fileName/RecorderInput.cs: 88fd8d8fd71b34ed7298a01f6c2d2e40 -> 
  custom:scripting/monoscript/fileName/RenderTextureSamplerPropertyDrawer.cs: b541817d9cc9b1341d2ddfa8823b718d -> 
  custom:scripting/monoscript/fileName/RecorderSettingsAttribute.cs: ddd228b25da7ba2ac10d13e1efacc875 -> 
  custom:audio-decoder-ogg-vorbis: bf7c407c2cedff20999df2af8eb42d56 -> 
  custom:scripting/monoscript/fileName/OutputPathDrawer.cs: cffc34c1be094e6caeb13ff3b26ca679 -> 
  custom:scripting/monoscript/fileName/EditorVersionsHelper.cs: 3ad9098caeeff0295dba8c0911f5333a -> 
  custom:scripting/monoscript/fileName/SettingAsset.cs: 7c3790954696ae83d71055079b387931 -> 
  custom:scripting/monoscript/fileName/OutputResolution.cs: 31c632d97e9a69bcc2ef10f6feb5bf62 -> 
  custom:scripting/monoscript/fileName/AccumulationSettingsPropertyDrawer.cs: bfc920db0de3c29c2967e88aac1c1027 -> 
  custom:scripting/monoscript/fileName/AnimationInputSettingsPropertyDrawer.cs: ebe1771fecebe7a93badf6354f59c990 -> 
  custom:scripting/monoscript/fileName/CoreEncoderSettings.cs: 2b5db1db3c1fa7de4175a7e143de3ce5 -> 
  custom:scripting/monoscript/fileName/VisualListItem.cs: 90647cc400823b41df847a6cbfc29026 -> 
  custom:scripting/monoscript/fileName/FrameRateProperyDrawer.cs: c478c798f5354f66af45b380be0629f9 -> 
  custom:scripting/monoscript/fileName/InputSettingsSelectorDrawer.cs: bca46dd5b59e2f574c94bef4cdb878fb -> 
  custom:scripting/monoscript/fileName/RecorderWindow.cs: 553a30d64d5ef1dcad6b00b4eeeb3829 -> 
  custom:scripting/monoscript/fileName/AOVCameraInputSettings.cs: 4d2fdf1142ce53d73cb43d39944ba516 -> 
  custom:scripting/monoscript/fileName/EnumProperyDrawer.cs: 90647cc400823b41df847a6cbfc29026 -> 
  custom:scripting/monoscript/fileName/AOVImageInputSelector.cs: b741d8d3a7cbb503c5bdf23d7e6792db -> 
  custom:scripting/monoscript/fileName/CoreEncoderSettingsPropertyDrawer.cs: c8bdf3420d844fd4604c0d0cf3815355 -> 
  custom:scripting/monoscript/fileName/GifEncoderSettings.cs: 812ca6afdf48b830953d76adab9d4030 -> 
  custom:scripting/monoscript/fileName/GIFRecorderSettingsEditor.cs: 4d0f46bcf58d188895fabae5334995ae -> 
  custom:scripting/monoscript/fileName/IEncoder.cs: 007c2ef621b0d92b5a7a6bae91d26090 -> 
  custom:scripting/monoscript/fileName/RecorderOptions.cs: 74782d297e80d8f56c0e05a7cde4e51d -> 
  custom:scripting/precompiled-assembly-types:Unity.Recorder.Editor: cd22b836ef1ca10e7d8c91c9be46b4bf -> 
  custom:scripting/monoscript/fileName/ProResEncoderSettingsPropertyDrawer.cs: 68c25e6d4459336217d4b9e22eb707b4 -> 
  custom:scripting/monoscript/fileName/ImageRecorder.cs: b804c29bfc59a61db184c1d275fe4101 -> 
  custom:scripting/monoscript/fileName/EditableLabel.cs: 4f8fa2c6092744ed6607a411e3f617c0 -> 
  custom:scripting/monoscript/fileName/GameViewInput.cs: 596e7ffa2d11b2002176644af3247ea6 -> 
  custom:audio-encoder-webm-vorbis: bf7c407c2cedff20999df2af8eb42d56 -> 
  custom:scripting/monoscript/fileName/SerializedDictionnary.cs: 90647cc400823b41df847a6cbfc29026 -> 
  custom:scripting/monoscript/fileName/HammersleySequence.cs: b06601f044912976f668045b7d4c79a8 -> 
  custom:scripting/monoscript/fileName/_RecorderComponent.cs: 8c268d1df4e18643d83ea9c6eeba2d9f -> 
  custom:scripting/monoscript/fileName/IAccumulation.cs: 38dee62d444423165276e3254554d005 -> 
  custom:scripting/monoscript/fileName/RecorderController.cs: 5760bd2995080b8d0d9d9e88ab8933c6 -> 
  custom:scripting/monoscript/fileName/EXRRecorderSettings.cs: bf113df492cb5b25e11ec144a73c2f74 -> 
========================================================================
Received Prepare
Caller must complete domain reload
Begin MonoManager ReloadAssembly
- Loaded All Assemblies, in  0.421 seconds
Native extension for WindowsStandalone target not found
Native extension for iOS target not found
Native extension for Android target not found
Mono: successfully reloaded assembly
- Finished resetting the current domain, in  0.953 seconds
Domain Reload Profiling: 1371ms
	BeginReloadAssembly (129ms)
		ExecutionOrderSort (0ms)
		DisableScriptedObjects (4ms)
		BackupInstance (0ms)
		ReleaseScriptingObjects (0ms)
		CreateAndSetChildDomain (24ms)
	RebuildCommonClasses (25ms)
	RebuildNativeTypeToScriptingClass (8ms)
	initialDomainReloadingComplete (27ms)
	LoadAllAssembliesAndSetupDomain (228ms)
		LoadAssemblies (284ms)
		RebuildTransferFunctionScriptingTraits (0ms)
		AnalyzeDomain (17ms)
			TypeCache.Refresh (6ms)
				TypeCache.ScanAssembly (0ms)
			ScanForSourceGeneratedMonoScriptInfo (5ms)
			ResolveRequiredComponents (5ms)
	FinalizeReload (953ms)
		ReleaseScriptCaches (0ms)
		RebuildScriptCaches (0ms)
		SetupLoadedEditorAssemblies (470ms)
			LogAssemblyErrors (0ms)
			InitializePlatformSupportModulesInManaged (27ms)
			SetLoadedEditorAssemblies (3ms)
			RefreshPlugins (0ms)
			BeforeProcessingInitializeOnLoad (86ms)
			ProcessInitializeOnLoadAttributes (328ms)
			ProcessInitializeOnLoadMethodAttributes (17ms)
			AfterProcessingInitializeOnLoad (9ms)
			EditorAssembliesLoaded (0ms)
		ExecutionOrderSort2 (0ms)
		AwakeInstancesAfterBackupRestoration (5ms)
Refreshing native plugins compatible for Editor in 5.08 ms, found 6 plugins.
Preloading 0 native plugins for Editor in 0.00 ms.
Unloading 3256 Unused Serialized files (Serialized files now loaded: 0)
Unloading 22 unused Assets / (337.1 KB). Loaded Objects now: 3786.
Memory consumption went from 123.2 MB to 122.9 MB.
Total: 2.413600 ms (FindLiveObjects: 0.191100 ms CreateObjectMapping: 0.076300 ms MarkObjects: 1.907600 ms  DeleteObjects: 0.238100 ms)

Prepare: number of updated asset objects reloaded= 0
AssetImportParameters requested are different than current active one (requested -> active):
  custom:scripting/monoscript/fileName/WEBMRecorderSettingsEditor.cs: 5559c87f45d3b65fac8d5ac4ef5e81c8 -> 
  custom:scripting/monoscript/fileName/UIElementHelper.cs: 9f9438adfe3361012ea6280d4cdb2df4 -> 
  custom:scripting/monoscript/fileName/AOVCameraInput.cs: c23c8ce885672bc57e25263b3efd067a -> 
  custom:scripting/monoscript/fileName/BaseTextureRecorder.cs: 90647cc400823b41df847a6cbfc29026 -> 
  custom:scripting/monoscript/fileName/Recorder.cs: a7e319d512627774f8215ba0b76f0bcb -> 
  custom:scripting/monoscript/fileName/AudioRecorder.cs: 89550121570f22445b4a1b28daea3cf9 -> 
  custom:scripting/monoscript/fileName/PanelSplitter.cs: 5ff6c6e385b6b12ca322a9c92ac6f371 -> 
  custom:scripting/monoscript/fileName/ImageRecorderSettings.cs: a7ab05fac9382c03607c40fe73956ed6 -> 
  custom:scripting/monoscript/fileName/RecorderClip.cs: 897017f45cb3c30f306724d1fa17a8fe -> 
  custom:scripting/monoscript/fileName/GIFRecorderSettings.cs: 979f88ae1e7731daed242ab2fdebbc0e -> 
  custom:container-demuxer-ogg: 62fdf1f143b41e24485cea50d1cbac27 -> 
  custom:scripting/monoscript/fileName/MovieRecorder.cs: 024785cf83e1399f425b2aa115d22e2b -> 
  custom:scripting/monoscript/fileName/RecorderControllerSettingsPresetEditor.cs: 49aed206ae65ed5ac6b420f7104cd52d -> 
  custom:scripting/monoscript/fileName/AudioInput.cs: 499e96d8f0b35d362bd956c0975bb873 -> 
  custom:scripting/monoscript/fileName/WEBMRecorderSettings.cs: c176c43abbe456aeea55c2aef862801b -> 
  custom:scripting/monoscript/fileName/RecorderControllerSettingsPreset.cs: 78b391c1384ac60213ef58d50e78d553 -> 
  custom:scripting/monoscript/fileName/GameViewInputSettings.cs: a7ae22123f532f5bbcb39c654c998b57 -> 
  custom:scripting/monoscript/fileName/GameViewInputPropertyDrawer.cs: ae2c8a99c5e33d3d1ffc8232415130e8 -> 
  custom:scripting/monoscript/fileName/Camera360Input.cs: dc473b118c57e0734b0cd3476e333c06 -> 
  custom:scripting/monoscript/fileName/RecorderPreferencesSettingsProvider.cs: d92d314b87f7c2170e267636ebf38224 -> 
  custom:scripting/monoscript/fileName/RecorderBindings.cs: ac25db5b587307cfea909607f62e5641 -> 
  custom:video-decoder-ogg-theora: a1e56fd34408186e4bbccfd4996cb3dc -> 
  custom:scripting/monoscript/fileName/GIFWrapper.cs: 6ef8898a12699129e8f81f06a649cad1 -> 
  custom:scripting/monoscript/fileName/SceneHook.cs: 80fa8928b499d44515dd60e0bc895128 -> 
  custom:scripting/monoscript/fileName/AnimationInput.cs: e810137278708a698c5ccddaeb1a1e64 -> 
  custom:scripting/monoscript/fileName/OutputResolutionPropertyDrawer.cs: 0e33ffdf424417a2e685685cfc04d4b1 -> 
  custom:scripting/monoscript/fileName/EnumHelper.cs: 117b5609cc2a1ae41785cd0c8767815f -> 
  custom:scripting/monoscript/fileName/OutputPath.cs: ee51fcffcd8929d224a5e3fb152d5f62 -> 
  custom:scripting/monoscript/fileName/FileNameGeneratorDrawer.cs: a3ea71dec141084df9b7ffa19c11e2cb -> 
  custom:framework-win-MediaFoundation: 216162199b28c13a410421893ffa2e32 -> 
  custom:scripting/monoscript/fileName/RecorderPreferencesWindowGUIScope.cs: 7a2eba6fcb6829ea8b200991a02c9c06 -> 
  custom:scripting/monoscript/fileName/AspectRatio.cs: 18e3efa554f8258b676d4de53e38b642 -> 
  custom:scripting/monoscript/fileName/CameraInputSettings.cs: 6738f6dd994f658d2cbf6f5f3ba05a0e -> 
  custom:scripting/monoscript/fileName/RefHandle.cs: 90647cc400823b41df847a6cbfc29026 -> 
  custom:scripting/monoscript/fileName/CameraCapture.cs: c6dcba1380d9a4fa09f4e36182a45a73 -> 
  custom:scripting/monoscript/fileName/RecorderControllerSettings.cs: 989e0caa64af9b76551d4ff6bd15f598 -> 
  custom:scripting/monoscript/fileName/TargetedPropertyDrawer.cs: 90647cc400823b41df847a6cbfc29026 -> 
  custom:scripting/monoscript/fileName/MovieRecorderSettings.cs: 02a667a67b113b1f65e3fcadcc882513 -> 
  custom:scripting/monoscript/fileName/RenderTextureInputSettings.cs: ebca820667a63031a7597db85d26451a -> 
  custom:scripting/monoscript/fileName/ImageRecorderEditor.cs: d3134ae4c1dfd8e056bace11130b7692 -> 
  custom:scripting/monoscript/fileName/ProResEncoderSettings.cs: 4aca03881946a7fe9acacf199434009e -> 
  custom:scripting/monoscript/fileName/_FrameRequestComponent.cs: b34f171daaafc65da55ea68e2ed89f2b -> 
  custom:scripting/monoscript/fileName/RenderTextureInput.cs: 5dea77837ae3c82bb14643cd82dc06dc -> 
  custom:scripting/monoscript/fileName/RecorderAnalytics.cs: 0fa40093f6ac3fe75e92d746d563e5ee -> 
  custom:scripting/monoscript/fileName/MP4RecorderSettingsEditor.cs: 68a64b16a7961d71fa7286fd1f782e9b -> 
  custom:scripting/monoscript/fileName/RecorderBindingsEditor.cs: f7451a0e1cea6404b2976d2b2c42e273 -> 
  custom:scripting/monoscript/fileName/BaseRenderTextureInput.cs: 5dc13661a5a0dca5d09ca211933a44e2 -> 
  custom:scripting/monoscript/fileName/StatusBarHelper.cs: da04a6ed046f8a62f416d5d3ea415bef -> 
  custom:scripting/precompiled-assembly-types:Unity.Recorder: bd5378c99f6216e06dd6e2c2a60a86a4 -> 
  custom:CustomObjectIndexerAttribute: 9a22284fe3817be447336de3de66b15e -> 
  custom:scripting/monoscript/fileName/Camera360InputSettings.cs: 3d5eaf1cb3a9df6f9d1d52f3c3018c46 -> 
  custom:scripting/monoscript/fileName/PNGRecorderSettingsEditor.cs: 4970e6657bb34f7efc2c7d8168c7358b -> 
  custom:scripting/monoscript/fileName/ImageHeightSelector.cs: d1a7972bf1d79d90f09ab23c718afe39 -> 
  custom:scripting/monoscript/fileName/AnimationInputSettings.cs: d64a99ebbd13660e9264cb4111ab9832 -> 
  custom:scripting/monoscript/fileName/MP4RecorderSettings.cs: 551f5535c05b86d6ee91684eced14987 -> 
  custom:scripting/monoscript/fileName/RecorderPreferencesSettings.cs: 761b0a55fc5e50239a1d0c4bfc968274 -> 
  custom:container-demuxer-webm: 4f35f7cbe854078d1ac9338744f61a02 -> 
  custom:scripting/monoscript/fileName/RecorderSettingsPrefsEditor.cs: ba9e697f1d269c2c960a41bc543fa408 -> 
  custom:scripting/monoscript/fileName/ProResWrapper.cs: 712515ef615766c98115c6a20d85d6c8 -> 
  custom:scripting/monoscript/fileName/RecordModePropertyDrawer.cs: 165332db07362bbcab2d8dc6d1e1dfda -> 
  custom:scripting/monoscript/fileName/ImageInputSettings.cs: 98a2aedd167d40f01804b04845eeaf15 -> 
  custom:scripting/monoscript/fileName/SerializableObjHelper.cs: f19f181f3f05e8e393225dd7030fb66a -> 
  custom:scripting/monoscript/fileName/InputPropertyDrawer.cs: 90647cc400823b41df847a6cbfc29026 -> 
  custom:scripting/monoscript/fileName/AudioInputSettings.cs: a2c930fca1dd5e27705fbacf39727bb4 -> 
  custom:scripting/monoscript/fileName/InputSettings.cs: 35c56ce5488c6b464726305dcbd33b3d -> 
  custom:scripting/monoscript/fileName/RecorderEditor.cs: 736e59ba52eea987abc47f36a836e575 -> 
  custom:scripting/monoscript/fileName/AudioRecorderSettings.cs: 0b00f2c93558486cc61a06f270f43fea -> 
  custom:scripting/monoscript/fileName/RecordersInventory.cs: fb714c8df18f9b7fc7f3361f604ae3dc -> 
  custom:scripting/monoscript/fileName/BaseFCRecorderSettings.cs: fab928553cedb8703ac192d6cf7b6294 -> 
  custom:scripting/monoscript/fileName/AOVRecorderSettings.cs: cdc731153cd2f1f739300a28ea6a6608 -> 
  custom:scripting/monoscript/fileName/EXRCompressionTypeDrawer.cs: 301cb614ecf84a4dab346c5f76ea2016 -> 
  custom:scripting/monoscript/fileName/AOVRecorder.cs: c53e83f1863b3ea80b6df3885cdb8c82 -> 
  custom:scripting/monoscript/fileName/IEncoderSettings.cs: c7d04fadacf538db841606cc656ae724 -> 
  custom:scripting/monoscript/fileName/ShutterProfileTypePropertyDrawer.cs: 18a32c647eca27716eabcb5a44f00e32 -> 
  custom:scripting/monoscript/fileName/MovieRecorderEditor.cs: eb00ddb8a76b8dfb7c88b7826a49d38b -> 
  custom:scripting/monoscript/fileName/RenderTextureInputSettingsPropertyDrawer.cs: 809602b52454cd1e6229756218a8f453 -> 
  custom:scripting/monoscript/fileName/RecorderPlayableBehaviour.cs: 80165a21f4cd0dda690f708a19d389bd -> 
  custom:scripting/monoscript/fileName/GifEncoderSettingsPropertyDrawer.cs: b36c9a7eaaefccda514b23d7e14761ca -> 
  custom:scripting/monoscript/fileName/PNGRecorder.cs: 08fd40f88cb6b18c96882f263639f57d -> 
  custom:scripting/monoscript/fileName/CameraInputSettingsPropertyDrawer.cs: 91928abf1abf88be098cb088d896aec5 -> 
  custom:scripting/monoscript/fileName/AudioRecorderEditor.cs: 565168dec291afe3fa470657cfc2c123 -> 
  custom:scripting/monoscript/fileName/AOVRecorderEditor.cs: 5ca53ccd6d7645709639507726114395 -> 
  custom:container-muxer-webm: aa71ff27fc2769a1b78a27578f13a17b -> 
  custom:video-decoder-webm-vp8: 9c59270c3fd7afecdb556c50c9e8de78 -> 
  custom:scripting/monoscript/fileName/RecordingSession.cs: f3ad08157c278a036224ca395f350890 -> 
  custom:scripting/monoscript/fileName/GameViewSize.cs: f6128a6515fcafce6db32fcdfa107254 -> 
  custom:scripting/monoscript/fileName/UnityHelpers.cs: b3e077029b574be508585124a9d839ef -> 
  custom:SearchIndexIgnoredProperties: e643bd26f0fe6173181afceb89e7c659 -> 
  custom:scripting/monoscript/fileName/GIFRecorder.cs: c00ece885699fb9084deaccd3eb27518 -> 
  custom:AudioImporter_EditorPlatform: d09bf68614088b80899f8185d706f6e7 -> 
  custom:scripting/monoscript/fileName/EXRRecorder.cs: 3f576ce8ddd959d51a4d7ba1999ecdbb -> 
  custom:scripting/monoscript/fileName/WEBMRecorder.cs: 391b6b920cfbc02401ea522620320c93 -> 
  custom:scripting/monoscript/fileName/RenderTextureSampler.cs: 1a7b9abab9548e1054dc40d6e2fa0270 -> 
  custom:scripting/monoscript/fileName/GifEncoder.cs: 40f336d5c5042a8a04556b4c5804a538 -> 
  custom:scripting/monoscript/fileName/GenericRecorder.cs: 90647cc400823b41df847a6cbfc29026 -> 
  custom:scripting/monoscript/fileName/ImageInputSelector.cs: f55822da877594150873922341be92b6 -> 
  custom:scripting/monoscript/fileName/AnimationRecorderSettingsEditor.cs: db1294bf3d48be44b6e4b2f2cc100b02 -> 
  custom:scripting/monoscript/fileName/RecorderTrack.cs: fac9638ece7eb7daaa1302fa170613fd -> 
  custom:scripting/monoscript/fileName/InputSettingsSelector.cs: 499a4ec92267406782b5c4f3472d53b9 -> 
  custom:scripting/monoscript/fileName/FileNameGenerator.cs: 5c8b6eb5291c3311189e0dfadac99363 -> 
  custom:scripting/monoscript/fileName/RecorderItem.cs: b62d2fcb9547a248575727d8a1646db8 -> 
  custom:scripting/monoscript/fileName/TextureFlipper.cs: 825b503b2ddab9cbd8ebbf3038075092 -> 
  custom:scripting/monoscript/fileName/AccumulationSettings.cs: fb962f0c2333934b681b167574f5e1cd -> 
  custom:scripting/monoscript/fileName/Camera360InputPropertyDrawer.cs: af647a2fe91bec98139246321cac865d -> 
  custom:scripting/monoscript/fileName/RecorderClipEditor.cs: 947ad5ff1f968d7fc40767d187070964 -> 
  custom:scripting/monoscript/fileName/EXRRecorderSettingsEditor.cs: c520a04c5f01331f2c8800e289ef6d6f -> 
  custom:scripting/monoscript/fileName/CoreEncoder.cs: dfaed86e82ad12e6a2b6740a0fb35820 -> 
  custom:scripting/monoscript/fileName/PNGRecorderSettings.cs: 79a421225358808ff14dd88c0355d1b6 -> 
  custom:scripting/monoscript/fileName/AspectRatioPropertyDrawer.cs: 9f18568574138839573389bde3e660a7 -> 
  custom:scripting/monoscript/fileName/ProResEncoder.cs: b375bf2d41e3d89081c3f2d1a0823bf3 -> 
  custom:scripting/monoscript/fileName/CameraInput.cs: bf7e0df3caf9e500f6d1c98c99e165ba -> 
  custom:scripting/monoscript/fileName/RecorderSettings.cs: bc3ef26ac157af28e5460886c0d5ef2e -> 
  custom:scripting/monoscript/fileName/RecorderClipTimelineEditor.cs: 2995d9f50ebc9245c6e9bd75c56415fb -> 
  custom:scripting/monoscript/fileName/EncoderSettingsAttribute.cs: 8352396dc11cff58c65c429fdb4fc67e -> 
  custom:scripting/monoscript/fileName/MP4Recorder.cs: af531c4e1f6d23547da08837eb16b729 -> 
  custom:scripting/monoscript/fileName/EncoderTypeUtilities.cs: a12c4c78a6cd4fb6b93180d59ad77be8 -> 
  custom:scripting/monoscript/fileName/PooledBufferAsyncGPUReadback.cs: 2a4e50c5dda177306c9ec935763c4378 -> 
  custom:scripting/monoscript/fileName/AnimationRecorder.cs: f749a4250195b5467bbf05e3a976b59f -> 
  custom:scripting/precompiled-assembly-types:Unity.Recorder.Base: 3fec19fdf10e3518c41e41a932f2042f -> 
  custom:scripting/monoscript/fileName/AnimationRecorderSettings.cs: 5cfb1544a40f93fe0ea879bb1361c877 -> 
  custom:scripting/monoscript/fileName/RenderTextureSamplerSettings.cs: 68adab84706346f2ecbdfd649ca9cf61 -> 
  custom:scripting/monoscript/fileName/RecordingContext.cs: af9af1e8b283703482ba133924b5585a -> 
  custom:scripting/monoscript/fileName/RecorderSelector.cs: c3cd2caacd181d6eff54dc260c4a1ffb -> 
  custom:video-encoder-webm-vp8: eb34c28f22e8b96e1ab97ce403110664 -> 
  custom:scripting/monoscript/fileName/RecorderInput.cs: 88fd8d8fd71b34ed7298a01f6c2d2e40 -> 
  custom:scripting/monoscript/fileName/RenderTextureSamplerPropertyDrawer.cs: b541817d9cc9b1341d2ddfa8823b718d -> 
  custom:scripting/monoscript/fileName/RecorderSettingsAttribute.cs: ddd228b25da7ba2ac10d13e1efacc875 -> 
  custom:audio-decoder-ogg-vorbis: bf7c407c2cedff20999df2af8eb42d56 -> 
  custom:scripting/monoscript/fileName/OutputPathDrawer.cs: cffc34c1be094e6caeb13ff3b26ca679 -> 
  custom:scripting/monoscript/fileName/EditorVersionsHelper.cs: 3ad9098caeeff0295dba8c0911f5333a -> 
  custom:scripting/monoscript/fileName/SettingAsset.cs: 7c3790954696ae83d71055079b387931 -> 
  custom:scripting/monoscript/fileName/OutputResolution.cs: 31c632d97e9a69bcc2ef10f6feb5bf62 -> 
  custom:scripting/monoscript/fileName/AccumulationSettingsPropertyDrawer.cs: bfc920db0de3c29c2967e88aac1c1027 -> 
  custom:scripting/monoscript/fileName/AnimationInputSettingsPropertyDrawer.cs: ebe1771fecebe7a93badf6354f59c990 -> 
  custom:scripting/monoscript/fileName/CoreEncoderSettings.cs: 2b5db1db3c1fa7de4175a7e143de3ce5 -> 
  custom:scripting/monoscript/fileName/VisualListItem.cs: 90647cc400823b41df847a6cbfc29026 -> 
  custom:scripting/monoscript/fileName/FrameRateProperyDrawer.cs: c478c798f5354f66af45b380be0629f9 -> 
  custom:scripting/monoscript/fileName/InputSettingsSelectorDrawer.cs: bca46dd5b59e2f574c94bef4cdb878fb -> 
  custom:scripting/monoscript/fileName/RecorderWindow.cs: 553a30d64d5ef1dcad6b00b4eeeb3829 -> 
  custom:scripting/monoscript/fileName/AOVCameraInputSettings.cs: 4d2fdf1142ce53d73cb43d39944ba516 -> 
  custom:scripting/monoscript/fileName/EnumProperyDrawer.cs: 90647cc400823b41df847a6cbfc29026 -> 
  custom:scripting/monoscript/fileName/AOVImageInputSelector.cs: b741d8d3a7cbb503c5bdf23d7e6792db -> 
  custom:scripting/monoscript/fileName/CoreEncoderSettingsPropertyDrawer.cs: c8bdf3420d844fd4604c0d0cf3815355 -> 
  custom:scripting/monoscript/fileName/GifEncoderSettings.cs: 812ca6afdf48b830953d76adab9d4030 -> 
  custom:scripting/monoscript/fileName/GIFRecorderSettingsEditor.cs: 4d0f46bcf58d188895fabae5334995ae -> 
  custom:scripting/monoscript/fileName/IEncoder.cs: 007c2ef621b0d92b5a7a6bae91d26090 -> 
  custom:scripting/monoscript/fileName/RecorderOptions.cs: 74782d297e80d8f56c0e05a7cde4e51d -> 
  custom:scripting/precompiled-assembly-types:Unity.Recorder.Editor: cd22b836ef1ca10e7d8c91c9be46b4bf -> 
  custom:scripting/monoscript/fileName/ProResEncoderSettingsPropertyDrawer.cs: 68c25e6d4459336217d4b9e22eb707b4 -> 
  custom:scripting/monoscript/fileName/ImageRecorder.cs: b804c29bfc59a61db184c1d275fe4101 -> 
  custom:scripting/monoscript/fileName/EditableLabel.cs: 4f8fa2c6092744ed6607a411e3f617c0 -> 
  custom:scripting/monoscript/fileName/GameViewInput.cs: 596e7ffa2d11b2002176644af3247ea6 -> 
  custom:audio-encoder-webm-vorbis: bf7c407c2cedff20999df2af8eb42d56 -> 
  custom:scripting/monoscript/fileName/SerializedDictionnary.cs: 90647cc400823b41df847a6cbfc29026 -> 
  custom:scripting/monoscript/fileName/HammersleySequence.cs: b06601f044912976f668045b7d4c79a8 -> 
  custom:scripting/monoscript/fileName/_RecorderComponent.cs: 8c268d1df4e18643d83ea9c6eeba2d9f -> 
  custom:scripting/monoscript/fileName/IAccumulation.cs: 38dee62d444423165276e3254554d005 -> 
  custom:scripting/monoscript/fileName/RecorderController.cs: 5760bd2995080b8d0d9d9e88ab8933c6 -> 
  custom:scripting/monoscript/fileName/EXRRecorderSettings.cs: bf113df492cb5b25e11ec144a73c2f74 -> 
========================================================================
Received Prepare
Caller must complete domain reload
Begin MonoManager ReloadAssembly
- Loaded All Assemblies, in  0.406 seconds
Native extension for WindowsStandalone target not found
Native extension for iOS target not found
Native extension for Android target not found
Mono: successfully reloaded assembly
- Finished resetting the current domain, in  0.964 seconds
Domain Reload Profiling: 1367ms
	BeginReloadAssembly (124ms)
		ExecutionOrderSort (0ms)
		DisableScriptedObjects (4ms)
		BackupInstance (0ms)
		ReleaseScriptingObjects (0ms)
		CreateAndSetChildDomain (24ms)
	RebuildCommonClasses (25ms)
	RebuildNativeTypeToScriptingClass (8ms)
	initialDomainReloadingComplete (27ms)
	LoadAllAssembliesAndSetupDomain (218ms)
		LoadAssemblies (276ms)
		RebuildTransferFunctionScriptingTraits (0ms)
		AnalyzeDomain (11ms)
			TypeCache.Refresh (4ms)
				TypeCache.ScanAssembly (0ms)
			ScanForSourceGeneratedMonoScriptInfo (0ms)
			ResolveRequiredComponents (5ms)
	FinalizeReload (965ms)
		ReleaseScriptCaches (0ms)
		RebuildScriptCaches (0ms)
		SetupLoadedEditorAssemblies (484ms)
			LogAssemblyErrors (0ms)
			InitializePlatformSupportModulesInManaged (29ms)
			SetLoadedEditorAssemblies (5ms)
			RefreshPlugins (0ms)
			BeforeProcessingInitializeOnLoad (90ms)
			ProcessInitializeOnLoadAttributes (332ms)
			ProcessInitializeOnLoadMethodAttributes (17ms)
			AfterProcessingInitializeOnLoad (10ms)
			EditorAssembliesLoaded (0ms)
		ExecutionOrderSort2 (0ms)
		AwakeInstancesAfterBackupRestoration (5ms)
Refreshing native plugins compatible for Editor in 5.50 ms, found 6 plugins.
Preloading 0 native plugins for Editor in 0.00 ms.
Unloading 3256 Unused Serialized files (Serialized files now loaded: 0)
Unloading 22 unused Assets / (337.4 KB). Loaded Objects now: 3789.
Memory consumption went from 123.2 MB to 122.9 MB.
Total: 2.332900 ms (FindLiveObjects: 0.189500 ms CreateObjectMapping: 0.075600 ms MarkObjects: 1.900900 ms  DeleteObjects: 0.166200 ms)

Prepare: number of updated asset objects reloaded= 0
AssetImportParameters requested are different than current active one (requested -> active):
  custom:scripting/monoscript/fileName/WEBMRecorderSettingsEditor.cs: 5559c87f45d3b65fac8d5ac4ef5e81c8 -> 
  custom:scripting/monoscript/fileName/UIElementHelper.cs: 9f9438adfe3361012ea6280d4cdb2df4 -> 
  custom:scripting/monoscript/fileName/AOVCameraInput.cs: c23c8ce885672bc57e25263b3efd067a -> 
  custom:scripting/monoscript/fileName/BaseTextureRecorder.cs: 90647cc400823b41df847a6cbfc29026 -> 
  custom:scripting/monoscript/fileName/Recorder.cs: a7e319d512627774f8215ba0b76f0bcb -> 
  custom:scripting/monoscript/fileName/AudioRecorder.cs: 89550121570f22445b4a1b28daea3cf9 -> 
  custom:scripting/monoscript/fileName/PanelSplitter.cs: 5ff6c6e385b6b12ca322a9c92ac6f371 -> 
  custom:scripting/monoscript/fileName/ImageRecorderSettings.cs: a7ab05fac9382c03607c40fe73956ed6 -> 
  custom:scripting/monoscript/fileName/RecorderClip.cs: 897017f45cb3c30f306724d1fa17a8fe -> 
  custom:scripting/monoscript/fileName/GIFRecorderSettings.cs: 979f88ae1e7731daed242ab2fdebbc0e -> 
  custom:container-demuxer-ogg: 62fdf1f143b41e24485cea50d1cbac27 -> 
  custom:scripting/monoscript/fileName/MovieRecorder.cs: 024785cf83e1399f425b2aa115d22e2b -> 
  custom:scripting/monoscript/fileName/RecorderControllerSettingsPresetEditor.cs: 49aed206ae65ed5ac6b420f7104cd52d -> 
  custom:scripting/monoscript/fileName/AudioInput.cs: 499e96d8f0b35d362bd956c0975bb873 -> 
  custom:scripting/monoscript/fileName/WEBMRecorderSettings.cs: c176c43abbe456aeea55c2aef862801b -> 
  custom:scripting/monoscript/fileName/RecorderControllerSettingsPreset.cs: 78b391c1384ac60213ef58d50e78d553 -> 
  custom:scripting/monoscript/fileName/GameViewInputSettings.cs: a7ae22123f532f5bbcb39c654c998b57 -> 
  custom:scripting/monoscript/fileName/GameViewInputPropertyDrawer.cs: ae2c8a99c5e33d3d1ffc8232415130e8 -> 
  custom:scripting/monoscript/fileName/Camera360Input.cs: dc473b118c57e0734b0cd3476e333c06 -> 
  custom:scripting/monoscript/fileName/RecorderPreferencesSettingsProvider.cs: d92d314b87f7c2170e267636ebf38224 -> 
  custom:scripting/monoscript/fileName/RecorderBindings.cs: ac25db5b587307cfea909607f62e5641 -> 
  custom:video-decoder-ogg-theora: a1e56fd34408186e4bbccfd4996cb3dc -> 
  custom:scripting/monoscript/fileName/GIFWrapper.cs: 6ef8898a12699129e8f81f06a649cad1 -> 
  custom:scripting/monoscript/fileName/SceneHook.cs: 80fa8928b499d44515dd60e0bc895128 -> 
  custom:scripting/monoscript/fileName/AnimationInput.cs: e810137278708a698c5ccddaeb1a1e64 -> 
  custom:scripting/monoscript/fileName/OutputResolutionPropertyDrawer.cs: 0e33ffdf424417a2e685685cfc04d4b1 -> 
  custom:scripting/monoscript/fileName/EnumHelper.cs: 117b5609cc2a1ae41785cd0c8767815f -> 
  custom:scripting/monoscript/fileName/OutputPath.cs: ee51fcffcd8929d224a5e3fb152d5f62 -> 
  custom:scripting/monoscript/fileName/FileNameGeneratorDrawer.cs: a3ea71dec141084df9b7ffa19c11e2cb -> 
  custom:framework-win-MediaFoundation: 216162199b28c13a410421893ffa2e32 -> 
  custom:scripting/monoscript/fileName/RecorderPreferencesWindowGUIScope.cs: 7a2eba6fcb6829ea8b200991a02c9c06 -> 
  custom:scripting/monoscript/fileName/AspectRatio.cs: 18e3efa554f8258b676d4de53e38b642 -> 
  custom:scripting/monoscript/fileName/CameraInputSettings.cs: 6738f6dd994f658d2cbf6f5f3ba05a0e -> 
  custom:scripting/monoscript/fileName/RefHandle.cs: 90647cc400823b41df847a6cbfc29026 -> 
  custom:scripting/monoscript/fileName/CameraCapture.cs: c6dcba1380d9a4fa09f4e36182a45a73 -> 
  custom:scripting/monoscript/fileName/RecorderControllerSettings.cs: 989e0caa64af9b76551d4ff6bd15f598 -> 
  custom:scripting/monoscript/fileName/TargetedPropertyDrawer.cs: 90647cc400823b41df847a6cbfc29026 -> 
  custom:scripting/monoscript/fileName/MovieRecorderSettings.cs: 02a667a67b113b1f65e3fcadcc882513 -> 
  custom:scripting/monoscript/fileName/RenderTextureInputSettings.cs: ebca820667a63031a7597db85d26451a -> 
  custom:scripting/monoscript/fileName/ImageRecorderEditor.cs: d3134ae4c1dfd8e056bace11130b7692 -> 
  custom:scripting/monoscript/fileName/ProResEncoderSettings.cs: 4aca03881946a7fe9acacf199434009e -> 
  custom:scripting/monoscript/fileName/_FrameRequestComponent.cs: b34f171daaafc65da55ea68e2ed89f2b -> 
  custom:scripting/monoscript/fileName/RenderTextureInput.cs: 5dea77837ae3c82bb14643cd82dc06dc -> 
  custom:scripting/monoscript/fileName/RecorderAnalytics.cs: 0fa40093f6ac3fe75e92d746d563e5ee -> 
  custom:scripting/monoscript/fileName/MP4RecorderSettingsEditor.cs: 68a64b16a7961d71fa7286fd1f782e9b -> 
  custom:scripting/monoscript/fileName/RecorderBindingsEditor.cs: f7451a0e1cea6404b2976d2b2c42e273 -> 
  custom:scripting/monoscript/fileName/BaseRenderTextureInput.cs: 5dc13661a5a0dca5d09ca211933a44e2 -> 
  custom:scripting/monoscript/fileName/StatusBarHelper.cs: da04a6ed046f8a62f416d5d3ea415bef -> 
  custom:scripting/precompiled-assembly-types:Unity.Recorder: bd5378c99f6216e06dd6e2c2a60a86a4 -> 
  custom:CustomObjectIndexerAttribute: 9a22284fe3817be447336de3de66b15e -> 
  custom:scripting/monoscript/fileName/Camera360InputSettings.cs: 3d5eaf1cb3a9df6f9d1d52f3c3018c46 -> 
  custom:scripting/monoscript/fileName/PNGRecorderSettingsEditor.cs: 4970e6657bb34f7efc2c7d8168c7358b -> 
  custom:scripting/monoscript/fileName/ImageHeightSelector.cs: d1a7972bf1d79d90f09ab23c718afe39 -> 
  custom:scripting/monoscript/fileName/AnimationInputSettings.cs: d64a99ebbd13660e9264cb4111ab9832 -> 
  custom:scripting/monoscript/fileName/MP4RecorderSettings.cs: 551f5535c05b86d6ee91684eced14987 -> 
  custom:scripting/monoscript/fileName/RecorderPreferencesSettings.cs: 761b0a55fc5e50239a1d0c4bfc968274 -> 
  custom:container-demuxer-webm: 4f35f7cbe854078d1ac9338744f61a02 -> 
  custom:scripting/monoscript/fileName/RecorderSettingsPrefsEditor.cs: ba9e697f1d269c2c960a41bc543fa408 -> 
  custom:scripting/monoscript/fileName/ProResWrapper.cs: 712515ef615766c98115c6a20d85d6c8 -> 
  custom:scripting/monoscript/fileName/RecordModePropertyDrawer.cs: 165332db07362bbcab2d8dc6d1e1dfda -> 
  custom:scripting/monoscript/fileName/ImageInputSettings.cs: 98a2aedd167d40f01804b04845eeaf15 -> 
  custom:scripting/monoscript/fileName/SerializableObjHelper.cs: f19f181f3f05e8e393225dd7030fb66a -> 
  custom:scripting/monoscript/fileName/InputPropertyDrawer.cs: 90647cc400823b41df847a6cbfc29026 -> 
  custom:scripting/monoscript/fileName/AudioInputSettings.cs: a2c930fca1dd5e27705fbacf39727bb4 -> 
  custom:scripting/monoscript/fileName/InputSettings.cs: 35c56ce5488c6b464726305dcbd33b3d -> 
  custom:scripting/monoscript/fileName/RecorderEditor.cs: 736e59ba52eea987abc47f36a836e575 -> 
  custom:scripting/monoscript/fileName/AudioRecorderSettings.cs: 0b00f2c93558486cc61a06f270f43fea -> 
  custom:scripting/monoscript/fileName/RecordersInventory.cs: fb714c8df18f9b7fc7f3361f604ae3dc -> 
  custom:scripting/monoscript/fileName/BaseFCRecorderSettings.cs: fab928553cedb8703ac192d6cf7b6294 -> 
  custom:scripting/monoscript/fileName/AOVRecorderSettings.cs: cdc731153cd2f1f739300a28ea6a6608 -> 
  custom:scripting/monoscript/fileName/EXRCompressionTypeDrawer.cs: 301cb614ecf84a4dab346c5f76ea2016 -> 
  custom:scripting/monoscript/fileName/AOVRecorder.cs: c53e83f1863b3ea80b6df3885cdb8c82 -> 
  custom:scripting/monoscript/fileName/IEncoderSettings.cs: c7d04fadacf538db841606cc656ae724 -> 
  custom:scripting/monoscript/fileName/ShutterProfileTypePropertyDrawer.cs: 18a32c647eca27716eabcb5a44f00e32 -> 
  custom:scripting/monoscript/fileName/MovieRecorderEditor.cs: eb00ddb8a76b8dfb7c88b7826a49d38b -> 
  custom:scripting/monoscript/fileName/RenderTextureInputSettingsPropertyDrawer.cs: 809602b52454cd1e6229756218a8f453 -> 
  custom:scripting/monoscript/fileName/RecorderPlayableBehaviour.cs: 80165a21f4cd0dda690f708a19d389bd -> 
  custom:scripting/monoscript/fileName/GifEncoderSettingsPropertyDrawer.cs: b36c9a7eaaefccda514b23d7e14761ca -> 
  custom:scripting/monoscript/fileName/PNGRecorder.cs: 08fd40f88cb6b18c96882f263639f57d -> 
  custom:scripting/monoscript/fileName/CameraInputSettingsPropertyDrawer.cs: 91928abf1abf88be098cb088d896aec5 -> 
  custom:scripting/monoscript/fileName/AudioRecorderEditor.cs: 565168dec291afe3fa470657cfc2c123 -> 
  custom:scripting/monoscript/fileName/AOVRecorderEditor.cs: 5ca53ccd6d7645709639507726114395 -> 
  custom:container-muxer-webm: aa71ff27fc2769a1b78a27578f13a17b -> 
  custom:video-decoder-webm-vp8: 9c59270c3fd7afecdb556c50c9e8de78 -> 
  custom:scripting/monoscript/fileName/RecordingSession.cs: f3ad08157c278a036224ca395f350890 -> 
  custom:scripting/monoscript/fileName/GameViewSize.cs: f6128a6515fcafce6db32fcdfa107254 -> 
  custom:scripting/monoscript/fileName/UnityHelpers.cs: b3e077029b574be508585124a9d839ef -> 
  custom:SearchIndexIgnoredProperties: e643bd26f0fe6173181afceb89e7c659 -> 
  custom:scripting/monoscript/fileName/GIFRecorder.cs: c00ece885699fb9084deaccd3eb27518 -> 
  custom:AudioImporter_EditorPlatform: d09bf68614088b80899f8185d706f6e7 -> 
  custom:scripting/monoscript/fileName/EXRRecorder.cs: 3f576ce8ddd959d51a4d7ba1999ecdbb -> 
  custom:scripting/monoscript/fileName/WEBMRecorder.cs: 391b6b920cfbc02401ea522620320c93 -> 
  custom:scripting/monoscript/fileName/RenderTextureSampler.cs: 1a7b9abab9548e1054dc40d6e2fa0270 -> 
  custom:scripting/monoscript/fileName/GifEncoder.cs: 40f336d5c5042a8a04556b4c5804a538 -> 
  custom:scripting/monoscript/fileName/GenericRecorder.cs: 90647cc400823b41df847a6cbfc29026 -> 
  custom:scripting/monoscript/fileName/ImageInputSelector.cs: f55822da877594150873922341be92b6 -> 
  custom:scripting/monoscript/fileName/AnimationRecorderSettingsEditor.cs: db1294bf3d48be44b6e4b2f2cc100b02 -> 
  custom:scripting/monoscript/fileName/RecorderTrack.cs: fac9638ece7eb7daaa1302fa170613fd -> 
  custom:scripting/monoscript/fileName/InputSettingsSelector.cs: 499a4ec92267406782b5c4f3472d53b9 -> 
  custom:scripting/monoscript/fileName/FileNameGenerator.cs: 5c8b6eb5291c3311189e0dfadac99363 -> 
  custom:scripting/monoscript/fileName/RecorderItem.cs: b62d2fcb9547a248575727d8a1646db8 -> 
  custom:scripting/monoscript/fileName/TextureFlipper.cs: 825b503b2ddab9cbd8ebbf3038075092 -> 
  custom:scripting/monoscript/fileName/AccumulationSettings.cs: fb962f0c2333934b681b167574f5e1cd -> 
  custom:scripting/monoscript/fileName/Camera360InputPropertyDrawer.cs: af647a2fe91bec98139246321cac865d -> 
  custom:scripting/monoscript/fileName/RecorderClipEditor.cs: 947ad5ff1f968d7fc40767d187070964 -> 
  custom:scripting/monoscript/fileName/EXRRecorderSettingsEditor.cs: c520a04c5f01331f2c8800e289ef6d6f -> 
  custom:scripting/monoscript/fileName/CoreEncoder.cs: dfaed86e82ad12e6a2b6740a0fb35820 -> 
  custom:scripting/monoscript/fileName/PNGRecorderSettings.cs: 79a421225358808ff14dd88c0355d1b6 -> 
  custom:scripting/monoscript/fileName/AspectRatioPropertyDrawer.cs: 9f18568574138839573389bde3e660a7 -> 
  custom:scripting/monoscript/fileName/ProResEncoder.cs: b375bf2d41e3d89081c3f2d1a0823bf3 -> 
  custom:scripting/monoscript/fileName/CameraInput.cs: bf7e0df3caf9e500f6d1c98c99e165ba -> 
  custom:scripting/monoscript/fileName/RecorderSettings.cs: bc3ef26ac157af28e5460886c0d5ef2e -> 
  custom:scripting/monoscript/fileName/RecorderClipTimelineEditor.cs: 2995d9f50ebc9245c6e9bd75c56415fb -> 
  custom:scripting/monoscript/fileName/EncoderSettingsAttribute.cs: 8352396dc11cff58c65c429fdb4fc67e -> 
  custom:scripting/monoscript/fileName/MP4Recorder.cs: af531c4e1f6d23547da08837eb16b729 -> 
  custom:scripting/monoscript/fileName/EncoderTypeUtilities.cs: a12c4c78a6cd4fb6b93180d59ad77be8 -> 
  custom:scripting/monoscript/fileName/PooledBufferAsyncGPUReadback.cs: 2a4e50c5dda177306c9ec935763c4378 -> 
  custom:scripting/monoscript/fileName/AnimationRecorder.cs: f749a4250195b5467bbf05e3a976b59f -> 
  custom:scripting/precompiled-assembly-types:Unity.Recorder.Base: 3fec19fdf10e3518c41e41a932f2042f -> 
  custom:scripting/monoscript/fileName/AnimationRecorderSettings.cs: 5cfb1544a40f93fe0ea879bb1361c877 -> 
  custom:scripting/monoscript/fileName/RenderTextureSamplerSettings.cs: 68adab84706346f2ecbdfd649ca9cf61 -> 
  custom:scripting/monoscript/fileName/RecordingContext.cs: af9af1e8b283703482ba133924b5585a -> 
  custom:scripting/monoscript/fileName/RecorderSelector.cs: c3cd2caacd181d6eff54dc260c4a1ffb -> 
  custom:video-encoder-webm-vp8: eb34c28f22e8b96e1ab97ce403110664 -> 
  custom:scripting/monoscript/fileName/RecorderInput.cs: 88fd8d8fd71b34ed7298a01f6c2d2e40 -> 
  custom:scripting/monoscript/fileName/RenderTextureSamplerPropertyDrawer.cs: b541817d9cc9b1341d2ddfa8823b718d -> 
  custom:scripting/monoscript/fileName/RecorderSettingsAttribute.cs: ddd228b25da7ba2ac10d13e1efacc875 -> 
  custom:audio-decoder-ogg-vorbis: bf7c407c2cedff20999df2af8eb42d56 -> 
  custom:scripting/monoscript/fileName/OutputPathDrawer.cs: cffc34c1be094e6caeb13ff3b26ca679 -> 
  custom:scripting/monoscript/fileName/EditorVersionsHelper.cs: 3ad9098caeeff0295dba8c0911f5333a -> 
  custom:scripting/monoscript/fileName/SettingAsset.cs: 7c3790954696ae83d71055079b387931 -> 
  custom:scripting/monoscript/fileName/OutputResolution.cs: 31c632d97e9a69bcc2ef10f6feb5bf62 -> 
  custom:scripting/monoscript/fileName/AccumulationSettingsPropertyDrawer.cs: bfc920db0de3c29c2967e88aac1c1027 -> 
  custom:scripting/monoscript/fileName/AnimationInputSettingsPropertyDrawer.cs: ebe1771fecebe7a93badf6354f59c990 -> 
  custom:scripting/monoscript/fileName/CoreEncoderSettings.cs: 2b5db1db3c1fa7de4175a7e143de3ce5 -> 
  custom:scripting/monoscript/fileName/VisualListItem.cs: 90647cc400823b41df847a6cbfc29026 -> 
  custom:scripting/monoscript/fileName/FrameRateProperyDrawer.cs: c478c798f5354f66af45b380be0629f9 -> 
  custom:scripting/monoscript/fileName/InputSettingsSelectorDrawer.cs: bca46dd5b59e2f574c94bef4cdb878fb -> 
  custom:scripting/monoscript/fileName/RecorderWindow.cs: 553a30d64d5ef1dcad6b00b4eeeb3829 -> 
  custom:scripting/monoscript/fileName/AOVCameraInputSettings.cs: 4d2fdf1142ce53d73cb43d39944ba516 -> 
  custom:scripting/monoscript/fileName/EnumProperyDrawer.cs: 90647cc400823b41df847a6cbfc29026 -> 
  custom:scripting/monoscript/fileName/AOVImageInputSelector.cs: b741d8d3a7cbb503c5bdf23d7e6792db -> 
  custom:scripting/monoscript/fileName/CoreEncoderSettingsPropertyDrawer.cs: c8bdf3420d844fd4604c0d0cf3815355 -> 
  custom:scripting/monoscript/fileName/GifEncoderSettings.cs: 812ca6afdf48b830953d76adab9d4030 -> 
  custom:scripting/monoscript/fileName/GIFRecorderSettingsEditor.cs: 4d0f46bcf58d188895fabae5334995ae -> 
  custom:scripting/monoscript/fileName/IEncoder.cs: 007c2ef621b0d92b5a7a6bae91d26090 -> 
  custom:scripting/monoscript/fileName/RecorderOptions.cs: 74782d297e80d8f56c0e05a7cde4e51d -> 
  custom:scripting/precompiled-assembly-types:Unity.Recorder.Editor: cd22b836ef1ca10e7d8c91c9be46b4bf -> 
  custom:scripting/monoscript/fileName/ProResEncoderSettingsPropertyDrawer.cs: 68c25e6d4459336217d4b9e22eb707b4 -> 
  custom:scripting/monoscript/fileName/ImageRecorder.cs: b804c29bfc59a61db184c1d275fe4101 -> 
  custom:scripting/monoscript/fileName/EditableLabel.cs: 4f8fa2c6092744ed6607a411e3f617c0 -> 
  custom:scripting/monoscript/fileName/GameViewInput.cs: 596e7ffa2d11b2002176644af3247ea6 -> 
  custom:audio-encoder-webm-vorbis: bf7c407c2cedff20999df2af8eb42d56 -> 
  custom:scripting/monoscript/fileName/SerializedDictionnary.cs: 90647cc400823b41df847a6cbfc29026 -> 
  custom:scripting/monoscript/fileName/HammersleySequence.cs: b06601f044912976f668045b7d4c79a8 -> 
  custom:scripting/monoscript/fileName/_RecorderComponent.cs: 8c268d1df4e18643d83ea9c6eeba2d9f -> 
  custom:scripting/monoscript/fileName/IAccumulation.cs: 38dee62d444423165276e3254554d005 -> 
  custom:scripting/monoscript/fileName/RecorderController.cs: 5760bd2995080b8d0d9d9e88ab8933c6 -> 
  custom:scripting/monoscript/fileName/EXRRecorderSettings.cs: bf113df492cb5b25e11ec144a73c2f74 -> 
========================================================================
Received Prepare
Caller must complete domain reload
Begin MonoManager ReloadAssembly
- Loaded All Assemblies, in  0.406 seconds
Native extension for WindowsStandalone target not found
Native extension for iOS target not found
Native extension for Android target not found
Mono: successfully reloaded assembly
- Finished resetting the current domain, in  0.985 seconds
Domain Reload Profiling: 1387ms
	BeginReloadAssembly (124ms)
		ExecutionOrderSort (0ms)
		DisableScriptedObjects (4ms)
		BackupInstance (0ms)
		ReleaseScriptingObjects (0ms)
		CreateAndSetChildDomain (24ms)
	RebuildCommonClasses (25ms)
	RebuildNativeTypeToScriptingClass (8ms)
	initialDomainReloadingComplete (27ms)
	LoadAllAssembliesAndSetupDomain (217ms)
		LoadAssemblies (274ms)
		RebuildTransferFunctionScriptingTraits (0ms)
		AnalyzeDomain (13ms)
			TypeCache.Refresh (4ms)
				TypeCache.ScanAssembly (0ms)
			ScanForSourceGeneratedMonoScriptInfo (0ms)
			ResolveRequiredComponents (7ms)
	FinalizeReload (985ms)
		ReleaseScriptCaches (0ms)
		RebuildScriptCaches (0ms)
		SetupLoadedEditorAssemblies (493ms)
			LogAssemblyErrors (0ms)
			InitializePlatformSupportModulesInManaged (33ms)
			SetLoadedEditorAssemblies (4ms)
			RefreshPlugins (0ms)
			BeforeProcessingInitializeOnLoad (88ms)
			ProcessInitializeOnLoadAttributes (340ms)
			ProcessInitializeOnLoadMethodAttributes (18ms)
			AfterProcessingInitializeOnLoad (9ms)
			EditorAssembliesLoaded (0ms)
		ExecutionOrderSort2 (0ms)
		AwakeInstancesAfterBackupRestoration (6ms)
Refreshing native plugins compatible for Editor in 5.19 ms, found 6 plugins.
Preloading 0 native plugins for Editor in 0.00 ms.
Unloading 3256 Unused Serialized files (Serialized files now loaded: 0)
Unloading 22 unused Assets / (337.2 KB). Loaded Objects now: 3792.
Memory consumption went from 123.2 MB to 122.9 MB.
Total: 2.442700 ms (FindLiveObjects: 0.201700 ms CreateObjectMapping: 0.077900 ms MarkObjects: 1.996200 ms  DeleteObjects: 0.166400 ms)

Prepare: number of updated asset objects reloaded= 0
AssetImportParameters requested are different than current active one (requested -> active):
  custom:scripting/monoscript/fileName/WEBMRecorderSettingsEditor.cs: 5559c87f45d3b65fac8d5ac4ef5e81c8 -> 
  custom:scripting/monoscript/fileName/UIElementHelper.cs: 9f9438adfe3361012ea6280d4cdb2df4 -> 
  custom:scripting/monoscript/fileName/AOVCameraInput.cs: c23c8ce885672bc57e25263b3efd067a -> 
  custom:scripting/monoscript/fileName/BaseTextureRecorder.cs: 90647cc400823b41df847a6cbfc29026 -> 
  custom:scripting/monoscript/fileName/Recorder.cs: a7e319d512627774f8215ba0b76f0bcb -> 
  custom:scripting/monoscript/fileName/AudioRecorder.cs: 89550121570f22445b4a1b28daea3cf9 -> 
  custom:scripting/monoscript/fileName/PanelSplitter.cs: 5ff6c6e385b6b12ca322a9c92ac6f371 -> 
  custom:scripting/monoscript/fileName/ImageRecorderSettings.cs: a7ab05fac9382c03607c40fe73956ed6 -> 
  custom:scripting/monoscript/fileName/RecorderClip.cs: 897017f45cb3c30f306724d1fa17a8fe -> 
  custom:scripting/monoscript/fileName/GIFRecorderSettings.cs: 979f88ae1e7731daed242ab2fdebbc0e -> 
  custom:container-demuxer-ogg: 62fdf1f143b41e24485cea50d1cbac27 -> 
  custom:scripting/monoscript/fileName/MovieRecorder.cs: 024785cf83e1399f425b2aa115d22e2b -> 
  custom:scripting/monoscript/fileName/RecorderControllerSettingsPresetEditor.cs: 49aed206ae65ed5ac6b420f7104cd52d -> 
  custom:scripting/monoscript/fileName/AudioInput.cs: 499e96d8f0b35d362bd956c0975bb873 -> 
  custom:scripting/monoscript/fileName/WEBMRecorderSettings.cs: c176c43abbe456aeea55c2aef862801b -> 
  custom:scripting/monoscript/fileName/RecorderControllerSettingsPreset.cs: 78b391c1384ac60213ef58d50e78d553 -> 
  custom:scripting/monoscript/fileName/GameViewInputSettings.cs: a7ae22123f532f5bbcb39c654c998b57 -> 
  custom:scripting/monoscript/fileName/GameViewInputPropertyDrawer.cs: ae2c8a99c5e33d3d1ffc8232415130e8 -> 
  custom:scripting/monoscript/fileName/Camera360Input.cs: dc473b118c57e0734b0cd3476e333c06 -> 
  custom:scripting/monoscript/fileName/RecorderPreferencesSettingsProvider.cs: d92d314b87f7c2170e267636ebf38224 -> 
  custom:scripting/monoscript/fileName/RecorderBindings.cs: ac25db5b587307cfea909607f62e5641 -> 
  custom:video-decoder-ogg-theora: a1e56fd34408186e4bbccfd4996cb3dc -> 
  custom:scripting/monoscript/fileName/GIFWrapper.cs: 6ef8898a12699129e8f81f06a649cad1 -> 
  custom:scripting/monoscript/fileName/SceneHook.cs: 80fa8928b499d44515dd60e0bc895128 -> 
  custom:scripting/monoscript/fileName/AnimationInput.cs: e810137278708a698c5ccddaeb1a1e64 -> 
  custom:scripting/monoscript/fileName/OutputResolutionPropertyDrawer.cs: 0e33ffdf424417a2e685685cfc04d4b1 -> 
  custom:scripting/monoscript/fileName/EnumHelper.cs: 117b5609cc2a1ae41785cd0c8767815f -> 
  custom:scripting/monoscript/fileName/OutputPath.cs: ee51fcffcd8929d224a5e3fb152d5f62 -> 
  custom:scripting/monoscript/fileName/FileNameGeneratorDrawer.cs: a3ea71dec141084df9b7ffa19c11e2cb -> 
  custom:framework-win-MediaFoundation: 216162199b28c13a410421893ffa2e32 -> 
  custom:scripting/monoscript/fileName/RecorderPreferencesWindowGUIScope.cs: 7a2eba6fcb6829ea8b200991a02c9c06 -> 
  custom:scripting/monoscript/fileName/AspectRatio.cs: 18e3efa554f8258b676d4de53e38b642 -> 
  custom:scripting/monoscript/fileName/CameraInputSettings.cs: 6738f6dd994f658d2cbf6f5f3ba05a0e -> 
  custom:scripting/monoscript/fileName/RefHandle.cs: 90647cc400823b41df847a6cbfc29026 -> 
  custom:scripting/monoscript/fileName/CameraCapture.cs: c6dcba1380d9a4fa09f4e36182a45a73 -> 
  custom:scripting/monoscript/fileName/RecorderControllerSettings.cs: 989e0caa64af9b76551d4ff6bd15f598 -> 
  custom:scripting/monoscript/fileName/TargetedPropertyDrawer.cs: 90647cc400823b41df847a6cbfc29026 -> 
  custom:scripting/monoscript/fileName/MovieRecorderSettings.cs: 02a667a67b113b1f65e3fcadcc882513 -> 
  custom:scripting/monoscript/fileName/RenderTextureInputSettings.cs: ebca820667a63031a7597db85d26451a -> 
  custom:scripting/monoscript/fileName/ImageRecorderEditor.cs: d3134ae4c1dfd8e056bace11130b7692 -> 
  custom:scripting/monoscript/fileName/ProResEncoderSettings.cs: 4aca03881946a7fe9acacf199434009e -> 
  custom:scripting/monoscript/fileName/_FrameRequestComponent.cs: b34f171daaafc65da55ea68e2ed89f2b -> 
  custom:scripting/monoscript/fileName/RenderTextureInput.cs: 5dea77837ae3c82bb14643cd82dc06dc -> 
  custom:scripting/monoscript/fileName/RecorderAnalytics.cs: 0fa40093f6ac3fe75e92d746d563e5ee -> 
  custom:scripting/monoscript/fileName/MP4RecorderSettingsEditor.cs: 68a64b16a7961d71fa7286fd1f782e9b -> 
  custom:scripting/monoscript/fileName/RecorderBindingsEditor.cs: f7451a0e1cea6404b2976d2b2c42e273 -> 
  custom:scripting/monoscript/fileName/BaseRenderTextureInput.cs: 5dc13661a5a0dca5d09ca211933a44e2 -> 
  custom:scripting/monoscript/fileName/StatusBarHelper.cs: da04a6ed046f8a62f416d5d3ea415bef -> 
  custom:scripting/precompiled-assembly-types:Unity.Recorder: bd5378c99f6216e06dd6e2c2a60a86a4 -> 
  custom:CustomObjectIndexerAttribute: 9a22284fe3817be447336de3de66b15e -> 
  custom:scripting/monoscript/fileName/Camera360InputSettings.cs: 3d5eaf1cb3a9df6f9d1d52f3c3018c46 -> 
  custom:scripting/monoscript/fileName/PNGRecorderSettingsEditor.cs: 4970e6657bb34f7efc2c7d8168c7358b -> 
  custom:scripting/monoscript/fileName/ImageHeightSelector.cs: d1a7972bf1d79d90f09ab23c718afe39 -> 
  custom:scripting/monoscript/fileName/AnimationInputSettings.cs: d64a99ebbd13660e9264cb4111ab9832 -> 
  custom:scripting/monoscript/fileName/MP4RecorderSettings.cs: 551f5535c05b86d6ee91684eced14987 -> 
  custom:scripting/monoscript/fileName/RecorderPreferencesSettings.cs: 761b0a55fc5e50239a1d0c4bfc968274 -> 
  custom:container-demuxer-webm: 4f35f7cbe854078d1ac9338744f61a02 -> 
  custom:scripting/monoscript/fileName/RecorderSettingsPrefsEditor.cs: ba9e697f1d269c2c960a41bc543fa408 -> 
  custom:scripting/monoscript/fileName/ProResWrapper.cs: 712515ef615766c98115c6a20d85d6c8 -> 
  custom:scripting/monoscript/fileName/RecordModePropertyDrawer.cs: 165332db07362bbcab2d8dc6d1e1dfda -> 
  custom:scripting/monoscript/fileName/ImageInputSettings.cs: 98a2aedd167d40f01804b04845eeaf15 -> 
  custom:scripting/monoscript/fileName/SerializableObjHelper.cs: f19f181f3f05e8e393225dd7030fb66a -> 
  custom:scripting/monoscript/fileName/InputPropertyDrawer.cs: 90647cc400823b41df847a6cbfc29026 -> 
  custom:scripting/monoscript/fileName/AudioInputSettings.cs: a2c930fca1dd5e27705fbacf39727bb4 -> 
  custom:scripting/monoscript/fileName/InputSettings.cs: 35c56ce5488c6b464726305dcbd33b3d -> 
  custom:scripting/monoscript/fileName/RecorderEditor.cs: 736e59ba52eea987abc47f36a836e575 -> 
  custom:scripting/monoscript/fileName/AudioRecorderSettings.cs: 0b00f2c93558486cc61a06f270f43fea -> 
  custom:scripting/monoscript/fileName/RecordersInventory.cs: fb714c8df18f9b7fc7f3361f604ae3dc -> 
  custom:scripting/monoscript/fileName/BaseFCRecorderSettings.cs: fab928553cedb8703ac192d6cf7b6294 -> 
  custom:scripting/monoscript/fileName/AOVRecorderSettings.cs: cdc731153cd2f1f739300a28ea6a6608 -> 
  custom:scripting/monoscript/fileName/EXRCompressionTypeDrawer.cs: 301cb614ecf84a4dab346c5f76ea2016 -> 
  custom:scripting/monoscript/fileName/AOVRecorder.cs: c53e83f1863b3ea80b6df3885cdb8c82 -> 
  custom:scripting/monoscript/fileName/IEncoderSettings.cs: c7d04fadacf538db841606cc656ae724 -> 
  custom:scripting/monoscript/fileName/ShutterProfileTypePropertyDrawer.cs: 18a32c647eca27716eabcb5a44f00e32 -> 
  custom:scripting/monoscript/fileName/MovieRecorderEditor.cs: eb00ddb8a76b8dfb7c88b7826a49d38b -> 
  custom:scripting/monoscript/fileName/RenderTextureInputSettingsPropertyDrawer.cs: 809602b52454cd1e6229756218a8f453 -> 
  custom:scripting/monoscript/fileName/RecorderPlayableBehaviour.cs: 80165a21f4cd0dda690f708a19d389bd -> 
  custom:scripting/monoscript/fileName/GifEncoderSettingsPropertyDrawer.cs: b36c9a7eaaefccda514b23d7e14761ca -> 
  custom:scripting/monoscript/fileName/PNGRecorder.cs: 08fd40f88cb6b18c96882f263639f57d -> 
  custom:scripting/monoscript/fileName/CameraInputSettingsPropertyDrawer.cs: 91928abf1abf88be098cb088d896aec5 -> 
  custom:scripting/monoscript/fileName/AudioRecorderEditor.cs: 565168dec291afe3fa470657cfc2c123 -> 
  custom:scripting/monoscript/fileName/AOVRecorderEditor.cs: 5ca53ccd6d7645709639507726114395 -> 
  custom:container-muxer-webm: aa71ff27fc2769a1b78a27578f13a17b -> 
  custom:video-decoder-webm-vp8: 9c59270c3fd7afecdb556c50c9e8de78 -> 
  custom:scripting/monoscript/fileName/RecordingSession.cs: f3ad08157c278a036224ca395f350890 -> 
  custom:scripting/monoscript/fileName/GameViewSize.cs: f6128a6515fcafce6db32fcdfa107254 -> 
  custom:scripting/monoscript/fileName/UnityHelpers.cs: b3e077029b574be508585124a9d839ef -> 
  custom:SearchIndexIgnoredProperties: e643bd26f0fe6173181afceb89e7c659 -> 
  custom:scripting/monoscript/fileName/GIFRecorder.cs: c00ece885699fb9084deaccd3eb27518 -> 
  custom:AudioImporter_EditorPlatform: d09bf68614088b80899f8185d706f6e7 -> 
  custom:scripting/monoscript/fileName/EXRRecorder.cs: 3f576ce8ddd959d51a4d7ba1999ecdbb -> 
  custom:scripting/monoscript/fileName/WEBMRecorder.cs: 391b6b920cfbc02401ea522620320c93 -> 
  custom:scripting/monoscript/fileName/RenderTextureSampler.cs: 1a7b9abab9548e1054dc40d6e2fa0270 -> 
  custom:scripting/monoscript/fileName/GifEncoder.cs: 40f336d5c5042a8a04556b4c5804a538 -> 
  custom:scripting/monoscript/fileName/GenericRecorder.cs: 90647cc400823b41df847a6cbfc29026 -> 
  custom:scripting/monoscript/fileName/ImageInputSelector.cs: f55822da877594150873922341be92b6 -> 
  custom:scripting/monoscript/fileName/AnimationRecorderSettingsEditor.cs: db1294bf3d48be44b6e4b2f2cc100b02 -> 
  custom:scripting/monoscript/fileName/RecorderTrack.cs: fac9638ece7eb7daaa1302fa170613fd -> 
  custom:scripting/monoscript/fileName/InputSettingsSelector.cs: 499a4ec92267406782b5c4f3472d53b9 -> 
  custom:scripting/monoscript/fileName/FileNameGenerator.cs: 5c8b6eb5291c3311189e0dfadac99363 -> 
  custom:scripting/monoscript/fileName/RecorderItem.cs: b62d2fcb9547a248575727d8a1646db8 -> 
  custom:scripting/monoscript/fileName/TextureFlipper.cs: 825b503b2ddab9cbd8ebbf3038075092 -> 
  custom:scripting/monoscript/fileName/AccumulationSettings.cs: fb962f0c2333934b681b167574f5e1cd -> 
  custom:scripting/monoscript/fileName/Camera360InputPropertyDrawer.cs: af647a2fe91bec98139246321cac865d -> 
  custom:scripting/monoscript/fileName/RecorderClipEditor.cs: 947ad5ff1f968d7fc40767d187070964 -> 
  custom:scripting/monoscript/fileName/EXRRecorderSettingsEditor.cs: c520a04c5f01331f2c8800e289ef6d6f -> 
  custom:scripting/monoscript/fileName/CoreEncoder.cs: dfaed86e82ad12e6a2b6740a0fb35820 -> 
  custom:scripting/monoscript/fileName/PNGRecorderSettings.cs: 79a421225358808ff14dd88c0355d1b6 -> 
  custom:scripting/monoscript/fileName/AspectRatioPropertyDrawer.cs: 9f18568574138839573389bde3e660a7 -> 
  custom:scripting/monoscript/fileName/ProResEncoder.cs: b375bf2d41e3d89081c3f2d1a0823bf3 -> 
  custom:scripting/monoscript/fileName/CameraInput.cs: bf7e0df3caf9e500f6d1c98c99e165ba -> 
  custom:scripting/monoscript/fileName/RecorderSettings.cs: bc3ef26ac157af28e5460886c0d5ef2e -> 
  custom:scripting/monoscript/fileName/RecorderClipTimelineEditor.cs: 2995d9f50ebc9245c6e9bd75c56415fb -> 
  custom:scripting/monoscript/fileName/EncoderSettingsAttribute.cs: 8352396dc11cff58c65c429fdb4fc67e -> 
  custom:scripting/monoscript/fileName/MP4Recorder.cs: af531c4e1f6d23547da08837eb16b729 -> 
  custom:scripting/monoscript/fileName/EncoderTypeUtilities.cs: a12c4c78a6cd4fb6b93180d59ad77be8 -> 
  custom:scripting/monoscript/fileName/PooledBufferAsyncGPUReadback.cs: 2a4e50c5dda177306c9ec935763c4378 -> 
  custom:scripting/monoscript/fileName/AnimationRecorder.cs: f749a4250195b5467bbf05e3a976b59f -> 
  custom:scripting/precompiled-assembly-types:Unity.Recorder.Base: 3fec19fdf10e3518c41e41a932f2042f -> 
  custom:scripting/monoscript/fileName/AnimationRecorderSettings.cs: 5cfb1544a40f93fe0ea879bb1361c877 -> 
  custom:scripting/monoscript/fileName/RenderTextureSamplerSettings.cs: 68adab84706346f2ecbdfd649ca9cf61 -> 
  custom:scripting/monoscript/fileName/RecordingContext.cs: af9af1e8b283703482ba133924b5585a -> 
  custom:scripting/monoscript/fileName/RecorderSelector.cs: c3cd2caacd181d6eff54dc260c4a1ffb -> 
  custom:video-encoder-webm-vp8: eb34c28f22e8b96e1ab97ce403110664 -> 
  custom:scripting/monoscript/fileName/RecorderInput.cs: 88fd8d8fd71b34ed7298a01f6c2d2e40 -> 
  custom:scripting/monoscript/fileName/RenderTextureSamplerPropertyDrawer.cs: b541817d9cc9b1341d2ddfa8823b718d -> 
  custom:scripting/monoscript/fileName/RecorderSettingsAttribute.cs: ddd228b25da7ba2ac10d13e1efacc875 -> 
  custom:audio-decoder-ogg-vorbis: bf7c407c2cedff20999df2af8eb42d56 -> 
  custom:scripting/monoscript/fileName/OutputPathDrawer.cs: cffc34c1be094e6caeb13ff3b26ca679 -> 
  custom:scripting/monoscript/fileName/EditorVersionsHelper.cs: 3ad9098caeeff0295dba8c0911f5333a -> 
  custom:scripting/monoscript/fileName/SettingAsset.cs: 7c3790954696ae83d71055079b387931 -> 
  custom:scripting/monoscript/fileName/OutputResolution.cs: 31c632d97e9a69bcc2ef10f6feb5bf62 -> 
  custom:scripting/monoscript/fileName/AccumulationSettingsPropertyDrawer.cs: bfc920db0de3c29c2967e88aac1c1027 -> 
  custom:scripting/monoscript/fileName/AnimationInputSettingsPropertyDrawer.cs: ebe1771fecebe7a93badf6354f59c990 -> 
  custom:scripting/monoscript/fileName/CoreEncoderSettings.cs: 2b5db1db3c1fa7de4175a7e143de3ce5 -> 
  custom:scripting/monoscript/fileName/VisualListItem.cs: 90647cc400823b41df847a6cbfc29026 -> 
  custom:scripting/monoscript/fileName/FrameRateProperyDrawer.cs: c478c798f5354f66af45b380be0629f9 -> 
  custom:scripting/monoscript/fileName/InputSettingsSelectorDrawer.cs: bca46dd5b59e2f574c94bef4cdb878fb -> 
  custom:scripting/monoscript/fileName/RecorderWindow.cs: 553a30d64d5ef1dcad6b00b4eeeb3829 -> 
  custom:scripting/monoscript/fileName/AOVCameraInputSettings.cs: 4d2fdf1142ce53d73cb43d39944ba516 -> 
  custom:scripting/monoscript/fileName/EnumProperyDrawer.cs: 90647cc400823b41df847a6cbfc29026 -> 
  custom:scripting/monoscript/fileName/AOVImageInputSelector.cs: b741d8d3a7cbb503c5bdf23d7e6792db -> 
  custom:scripting/monoscript/fileName/CoreEncoderSettingsPropertyDrawer.cs: c8bdf3420d844fd4604c0d0cf3815355 -> 
  custom:scripting/monoscript/fileName/GifEncoderSettings.cs: 812ca6afdf48b830953d76adab9d4030 -> 
  custom:scripting/monoscript/fileName/GIFRecorderSettingsEditor.cs: 4d0f46bcf58d188895fabae5334995ae -> 
  custom:scripting/monoscript/fileName/IEncoder.cs: 007c2ef621b0d92b5a7a6bae91d26090 -> 
  custom:scripting/monoscript/fileName/RecorderOptions.cs: 74782d297e80d8f56c0e05a7cde4e51d -> 
  custom:scripting/precompiled-assembly-types:Unity.Recorder.Editor: cd22b836ef1ca10e7d8c91c9be46b4bf -> 
  custom:scripting/monoscript/fileName/ProResEncoderSettingsPropertyDrawer.cs: 68c25e6d4459336217d4b9e22eb707b4 -> 
  custom:scripting/monoscript/fileName/ImageRecorder.cs: b804c29bfc59a61db184c1d275fe4101 -> 
  custom:scripting/monoscript/fileName/EditableLabel.cs: 4f8fa2c6092744ed6607a411e3f617c0 -> 
  custom:scripting/monoscript/fileName/GameViewInput.cs: 596e7ffa2d11b2002176644af3247ea6 -> 
  custom:audio-encoder-webm-vorbis: bf7c407c2cedff20999df2af8eb42d56 -> 
  custom:scripting/monoscript/fileName/SerializedDictionnary.cs: 90647cc400823b41df847a6cbfc29026 -> 
  custom:scripting/monoscript/fileName/HammersleySequence.cs: b06601f044912976f668045b7d4c79a8 -> 
  custom:scripting/monoscript/fileName/_RecorderComponent.cs: 8c268d1df4e18643d83ea9c6eeba2d9f -> 
  custom:scripting/monoscript/fileName/IAccumulation.cs: 38dee62d444423165276e3254554d005 -> 
  custom:scripting/monoscript/fileName/RecorderController.cs: 5760bd2995080b8d0d9d9e88ab8933c6 -> 
  custom:scripting/monoscript/fileName/EXRRecorderSettings.cs: bf113df492cb5b25e11ec144a73c2f74 -> 
========================================================================
Received Import Request.
  Time since last request: 100.630649 seconds.
  path: Assets/Prefabs/Cube.prefab
  artifactKey: Guid(6f465dab9e6bdbc40b292aa1082e7dd9) Importer(815301076,1909f56bfc062723c751e8b465ee728b)
Start importing Assets/Prefabs/Cube.prefab using Guid(6f465dab9e6bdbc40b292aa1082e7dd9) Importer(815301076,1909f56bfc062723c751e8b465ee728b) [PhysX] Initialized MultithreadedTaskDispatcher with 12 workers.
 -> (artifact id: '9d04fdfc94419e9d414e421f41762208') in 0.001473 seconds
Number of updated asset objects reloaded before import = 0
Number of asset objects unloaded after import = 0
========================================================================
Received Prepare
Caller must complete domain reload
Begin MonoManager ReloadAssembly
- Loaded All Assemblies, in  0.424 seconds
Native extension for WindowsStandalone target not found
Native extension for iOS target not found
Native extension for Android target not found
Mono: successfully reloaded assembly
- Finished resetting the current domain, in  0.950 seconds
Domain Reload Profiling: 1370ms
	BeginReloadAssembly (129ms)
		ExecutionOrderSort (0ms)
		DisableScriptedObjects (4ms)
		BackupInstance (0ms)
		ReleaseScriptingObjects (0ms)
		CreateAndSetChildDomain (25ms)
	RebuildCommonClasses (25ms)
	RebuildNativeTypeToScriptingClass (9ms)
	initialDomainReloadingComplete (27ms)
	LoadAllAssembliesAndSetupDomain (231ms)
		LoadAssemblies (281ms)
		RebuildTransferFunctionScriptingTraits (0ms)
		AnalyzeDomain (21ms)
			TypeCache.Refresh (6ms)
				TypeCache.ScanAssembly (0ms)
			ScanForSourceGeneratedMonoScriptInfo (6ms)
			ResolveRequiredComponents (7ms)
	FinalizeReload (950ms)
		ReleaseScriptCaches (0ms)
		RebuildScriptCaches (0ms)
		SetupLoadedEditorAssemblies (466ms)
			LogAssemblyErrors (0ms)
			InitializePlatformSupportModulesInManaged (28ms)
			SetLoadedEditorAssemblies (3ms)
			RefreshPlugins (0ms)
			BeforeProcessingInitializeOnLoad (87ms)
			ProcessInitializeOnLoadAttributes (321ms)
			ProcessInitializeOnLoadMethodAttributes (17ms)
			AfterProcessingInitializeOnLoad (9ms)
			EditorAssembliesLoaded (0ms)
		ExecutionOrderSort2 (0ms)
		AwakeInstancesAfterBackupRestoration (5ms)
Refreshing native plugins compatible for Editor in 6.05 ms, found 6 plugins.
Preloading 0 native plugins for Editor in 0.00 ms.
Unloading 3255 Unused Serialized files (Serialized files now loaded: 0)
Unloading 22 unused Assets / (337.3 KB). Loaded Objects now: 3795.
Memory consumption went from 122.9 MB to 122.6 MB.
Total: 2.350700 ms (FindLiveObjects: 0.184400 ms CreateObjectMapping: 0.074700 ms MarkObjects: 1.920400 ms  DeleteObjects: 0.170500 ms)

Prepare: number of updated asset objects reloaded= 0
AssetImportParameters requested are different than current active one (requested -> active):
  custom:scripting/monoscript/fileName/WEBMRecorderSettingsEditor.cs: 5559c87f45d3b65fac8d5ac4ef5e81c8 -> 
  custom:scripting/monoscript/fileName/UIElementHelper.cs: 9f9438adfe3361012ea6280d4cdb2df4 -> 
  custom:scripting/monoscript/fileName/AOVCameraInput.cs: c23c8ce885672bc57e25263b3efd067a -> 
  custom:scripting/monoscript/fileName/BaseTextureRecorder.cs: 90647cc400823b41df847a6cbfc29026 -> 
  custom:scripting/monoscript/fileName/Recorder.cs: a7e319d512627774f8215ba0b76f0bcb -> 
  custom:scripting/monoscript/fileName/AudioRecorder.cs: 89550121570f22445b4a1b28daea3cf9 -> 
  custom:scripting/monoscript/fileName/PanelSplitter.cs: 5ff6c6e385b6b12ca322a9c92ac6f371 -> 
  custom:scripting/monoscript/fileName/ImageRecorderSettings.cs: a7ab05fac9382c03607c40fe73956ed6 -> 
  custom:scripting/monoscript/fileName/RecorderClip.cs: 897017f45cb3c30f306724d1fa17a8fe -> 
  custom:scripting/monoscript/fileName/GIFRecorderSettings.cs: 979f88ae1e7731daed242ab2fdebbc0e -> 
  custom:container-demuxer-ogg: 62fdf1f143b41e24485cea50d1cbac27 -> 
  custom:scripting/monoscript/fileName/MovieRecorder.cs: 024785cf83e1399f425b2aa115d22e2b -> 
  custom:scripting/monoscript/fileName/RecorderControllerSettingsPresetEditor.cs: 49aed206ae65ed5ac6b420f7104cd52d -> 
  custom:scripting/monoscript/fileName/AudioInput.cs: 499e96d8f0b35d362bd956c0975bb873 -> 
  custom:scripting/monoscript/fileName/WEBMRecorderSettings.cs: c176c43abbe456aeea55c2aef862801b -> 
  custom:scripting/monoscript/fileName/RecorderControllerSettingsPreset.cs: 78b391c1384ac60213ef58d50e78d553 -> 
  custom:scripting/monoscript/fileName/GameViewInputSettings.cs: a7ae22123f532f5bbcb39c654c998b57 -> 
  custom:scripting/monoscript/fileName/GameViewInputPropertyDrawer.cs: ae2c8a99c5e33d3d1ffc8232415130e8 -> 
  custom:scripting/monoscript/fileName/Camera360Input.cs: dc473b118c57e0734b0cd3476e333c06 -> 
  custom:scripting/monoscript/fileName/RecorderPreferencesSettingsProvider.cs: d92d314b87f7c2170e267636ebf38224 -> 
  custom:scripting/monoscript/fileName/RecorderBindings.cs: ac25db5b587307cfea909607f62e5641 -> 
  custom:video-decoder-ogg-theora: a1e56fd34408186e4bbccfd4996cb3dc -> 
  custom:scripting/monoscript/fileName/GIFWrapper.cs: 6ef8898a12699129e8f81f06a649cad1 -> 
  custom:scripting/monoscript/fileName/SceneHook.cs: 80fa8928b499d44515dd60e0bc895128 -> 
  custom:scripting/monoscript/fileName/AnimationInput.cs: e810137278708a698c5ccddaeb1a1e64 -> 
  custom:scripting/monoscript/fileName/OutputResolutionPropertyDrawer.cs: 0e33ffdf424417a2e685685cfc04d4b1 -> 
  custom:scripting/monoscript/fileName/EnumHelper.cs: 117b5609cc2a1ae41785cd0c8767815f -> 
  custom:scripting/monoscript/fileName/OutputPath.cs: ee51fcffcd8929d224a5e3fb152d5f62 -> 
  custom:scripting/monoscript/fileName/FileNameGeneratorDrawer.cs: a3ea71dec141084df9b7ffa19c11e2cb -> 
  custom:framework-win-MediaFoundation: 216162199b28c13a410421893ffa2e32 -> 
  custom:scripting/monoscript/fileName/RecorderPreferencesWindowGUIScope.cs: 7a2eba6fcb6829ea8b200991a02c9c06 -> 
  custom:scripting/monoscript/fileName/AspectRatio.cs: 18e3efa554f8258b676d4de53e38b642 -> 
  custom:scripting/monoscript/fileName/CameraInputSettings.cs: 6738f6dd994f658d2cbf6f5f3ba05a0e -> 
  custom:scripting/monoscript/fileName/RefHandle.cs: 90647cc400823b41df847a6cbfc29026 -> 
  custom:scripting/monoscript/fileName/CameraCapture.cs: c6dcba1380d9a4fa09f4e36182a45a73 -> 
  custom:scripting/monoscript/fileName/RecorderControllerSettings.cs: 989e0caa64af9b76551d4ff6bd15f598 -> 
  custom:scripting/monoscript/fileName/TargetedPropertyDrawer.cs: 90647cc400823b41df847a6cbfc29026 -> 
  custom:scripting/monoscript/fileName/MovieRecorderSettings.cs: 02a667a67b113b1f65e3fcadcc882513 -> 
  custom:scripting/monoscript/fileName/RenderTextureInputSettings.cs: ebca820667a63031a7597db85d26451a -> 
  custom:scripting/monoscript/fileName/ImageRecorderEditor.cs: d3134ae4c1dfd8e056bace11130b7692 -> 
  custom:scripting/monoscript/fileName/ProResEncoderSettings.cs: 4aca03881946a7fe9acacf199434009e -> 
  custom:scripting/monoscript/fileName/_FrameRequestComponent.cs: b34f171daaafc65da55ea68e2ed89f2b -> 
  custom:scripting/monoscript/fileName/RenderTextureInput.cs: 5dea77837ae3c82bb14643cd82dc06dc -> 
  custom:scripting/monoscript/fileName/RecorderAnalytics.cs: 0fa40093f6ac3fe75e92d746d563e5ee -> 
  custom:scripting/monoscript/fileName/MP4RecorderSettingsEditor.cs: 68a64b16a7961d71fa7286fd1f782e9b -> 
  custom:scripting/monoscript/fileName/RecorderBindingsEditor.cs: f7451a0e1cea6404b2976d2b2c42e273 -> 
  custom:scripting/monoscript/fileName/BaseRenderTextureInput.cs: 5dc13661a5a0dca5d09ca211933a44e2 -> 
  custom:scripting/monoscript/fileName/StatusBarHelper.cs: da04a6ed046f8a62f416d5d3ea415bef -> 
  custom:scripting/precompiled-assembly-types:Unity.Recorder: bd5378c99f6216e06dd6e2c2a60a86a4 -> 
  custom:CustomObjectIndexerAttribute: 9a22284fe3817be447336de3de66b15e -> 
  custom:scripting/monoscript/fileName/Camera360InputSettings.cs: 3d5eaf1cb3a9df6f9d1d52f3c3018c46 -> 
  custom:scripting/monoscript/fileName/PNGRecorderSettingsEditor.cs: 4970e6657bb34f7efc2c7d8168c7358b -> 
  custom:scripting/monoscript/fileName/ImageHeightSelector.cs: d1a7972bf1d79d90f09ab23c718afe39 -> 
  custom:scripting/monoscript/fileName/AnimationInputSettings.cs: d64a99ebbd13660e9264cb4111ab9832 -> 
  custom:scripting/monoscript/fileName/MP4RecorderSettings.cs: 551f5535c05b86d6ee91684eced14987 -> 
  custom:scripting/monoscript/fileName/RecorderPreferencesSettings.cs: 761b0a55fc5e50239a1d0c4bfc968274 -> 
  custom:container-demuxer-webm: 4f35f7cbe854078d1ac9338744f61a02 -> 
  custom:scripting/monoscript/fileName/RecorderSettingsPrefsEditor.cs: ba9e697f1d269c2c960a41bc543fa408 -> 
  custom:scripting/monoscript/fileName/ProResWrapper.cs: 712515ef615766c98115c6a20d85d6c8 -> 
  custom:scripting/monoscript/fileName/RecordModePropertyDrawer.cs: 165332db07362bbcab2d8dc6d1e1dfda -> 
  custom:scripting/monoscript/fileName/ImageInputSettings.cs: 98a2aedd167d40f01804b04845eeaf15 -> 
  custom:scripting/monoscript/fileName/SerializableObjHelper.cs: f19f181f3f05e8e393225dd7030fb66a -> 
  custom:scripting/monoscript/fileName/InputPropertyDrawer.cs: 90647cc400823b41df847a6cbfc29026 -> 
  custom:scripting/monoscript/fileName/AudioInputSettings.cs: a2c930fca1dd5e27705fbacf39727bb4 -> 
  custom:scripting/monoscript/fileName/InputSettings.cs: 35c56ce5488c6b464726305dcbd33b3d -> 
  custom:scripting/monoscript/fileName/RecorderEditor.cs: 736e59ba52eea987abc47f36a836e575 -> 
  custom:scripting/monoscript/fileName/AudioRecorderSettings.cs: 0b00f2c93558486cc61a06f270f43fea -> 
  custom:scripting/monoscript/fileName/RecordersInventory.cs: fb714c8df18f9b7fc7f3361f604ae3dc -> 
  custom:scripting/monoscript/fileName/BaseFCRecorderSettings.cs: fab928553cedb8703ac192d6cf7b6294 -> 
  custom:scripting/monoscript/fileName/AOVRecorderSettings.cs: cdc731153cd2f1f739300a28ea6a6608 -> 
  custom:scripting/monoscript/fileName/EXRCompressionTypeDrawer.cs: 301cb614ecf84a4dab346c5f76ea2016 -> 
  custom:scripting/monoscript/fileName/AOVRecorder.cs: c53e83f1863b3ea80b6df3885cdb8c82 -> 
  custom:scripting/monoscript/fileName/IEncoderSettings.cs: c7d04fadacf538db841606cc656ae724 -> 
  custom:scripting/monoscript/fileName/ShutterProfileTypePropertyDrawer.cs: 18a32c647eca27716eabcb5a44f00e32 -> 
  custom:scripting/monoscript/fileName/MovieRecorderEditor.cs: eb00ddb8a76b8dfb7c88b7826a49d38b -> 
  custom:scripting/monoscript/fileName/RenderTextureInputSettingsPropertyDrawer.cs: 809602b52454cd1e6229756218a8f453 -> 
  custom:scripting/monoscript/fileName/RecorderPlayableBehaviour.cs: 80165a21f4cd0dda690f708a19d389bd -> 
  custom:scripting/monoscript/fileName/GifEncoderSettingsPropertyDrawer.cs: b36c9a7eaaefccda514b23d7e14761ca -> 
  custom:scripting/monoscript/fileName/PNGRecorder.cs: 08fd40f88cb6b18c96882f263639f57d -> 
  custom:scripting/monoscript/fileName/CameraInputSettingsPropertyDrawer.cs: 91928abf1abf88be098cb088d896aec5 -> 
  custom:scripting/monoscript/fileName/AudioRecorderEditor.cs: 565168dec291afe3fa470657cfc2c123 -> 
  custom:scripting/monoscript/fileName/AOVRecorderEditor.cs: 5ca53ccd6d7645709639507726114395 -> 
  custom:container-muxer-webm: aa71ff27fc2769a1b78a27578f13a17b -> 
  custom:video-decoder-webm-vp8: 9c59270c3fd7afecdb556c50c9e8de78 -> 
  custom:scripting/monoscript/fileName/RecordingSession.cs: f3ad08157c278a036224ca395f350890 -> 
  custom:scripting/monoscript/fileName/GameViewSize.cs: f6128a6515fcafce6db32fcdfa107254 -> 
  custom:scripting/monoscript/fileName/UnityHelpers.cs: b3e077029b574be508585124a9d839ef -> 
  custom:SearchIndexIgnoredProperties: e643bd26f0fe6173181afceb89e7c659 -> 
  custom:scripting/monoscript/fileName/GIFRecorder.cs: c00ece885699fb9084deaccd3eb27518 -> 
  custom:AudioImporter_EditorPlatform: d09bf68614088b80899f8185d706f6e7 -> 
  custom:scripting/monoscript/fileName/EXRRecorder.cs: 3f576ce8ddd959d51a4d7ba1999ecdbb -> 
  custom:scripting/monoscript/fileName/WEBMRecorder.cs: 391b6b920cfbc02401ea522620320c93 -> 
  custom:scripting/monoscript/fileName/RenderTextureSampler.cs: 1a7b9abab9548e1054dc40d6e2fa0270 -> 
  custom:scripting/monoscript/fileName/GifEncoder.cs: 40f336d5c5042a8a04556b4c5804a538 -> 
  custom:scripting/monoscript/fileName/GenericRecorder.cs: 90647cc400823b41df847a6cbfc29026 -> 
  custom:scripting/monoscript/fileName/ImageInputSelector.cs: f55822da877594150873922341be92b6 -> 
  custom:scripting/monoscript/fileName/AnimationRecorderSettingsEditor.cs: db1294bf3d48be44b6e4b2f2cc100b02 -> 
  custom:scripting/monoscript/fileName/RecorderTrack.cs: fac9638ece7eb7daaa1302fa170613fd -> 
  custom:scripting/monoscript/fileName/InputSettingsSelector.cs: 499a4ec92267406782b5c4f3472d53b9 -> 
  custom:scripting/monoscript/fileName/FileNameGenerator.cs: 5c8b6eb5291c3311189e0dfadac99363 -> 
  custom:scripting/monoscript/fileName/RecorderItem.cs: b62d2fcb9547a248575727d8a1646db8 -> 
  custom:scripting/monoscript/fileName/TextureFlipper.cs: 825b503b2ddab9cbd8ebbf3038075092 -> 
  custom:scripting/monoscript/fileName/AccumulationSettings.cs: fb962f0c2333934b681b167574f5e1cd -> 
  custom:scripting/monoscript/fileName/Camera360InputPropertyDrawer.cs: af647a2fe91bec98139246321cac865d -> 
  custom:scripting/monoscript/fileName/RecorderClipEditor.cs: 947ad5ff1f968d7fc40767d187070964 -> 
  custom:scripting/monoscript/fileName/EXRRecorderSettingsEditor.cs: c520a04c5f01331f2c8800e289ef6d6f -> 
  custom:scripting/monoscript/fileName/CoreEncoder.cs: dfaed86e82ad12e6a2b6740a0fb35820 -> 
  custom:scripting/monoscript/fileName/PNGRecorderSettings.cs: 79a421225358808ff14dd88c0355d1b6 -> 
  custom:scripting/monoscript/fileName/AspectRatioPropertyDrawer.cs: 9f18568574138839573389bde3e660a7 -> 
  custom:scripting/monoscript/fileName/ProResEncoder.cs: b375bf2d41e3d89081c3f2d1a0823bf3 -> 
  custom:scripting/monoscript/fileName/CameraInput.cs: bf7e0df3caf9e500f6d1c98c99e165ba -> 
  custom:scripting/monoscript/fileName/RecorderSettings.cs: bc3ef26ac157af28e5460886c0d5ef2e -> 
  custom:scripting/monoscript/fileName/RecorderClipTimelineEditor.cs: 2995d9f50ebc9245c6e9bd75c56415fb -> 
  custom:scripting/monoscript/fileName/EncoderSettingsAttribute.cs: 8352396dc11cff58c65c429fdb4fc67e -> 
  custom:scripting/monoscript/fileName/MP4Recorder.cs: af531c4e1f6d23547da08837eb16b729 -> 
  custom:scripting/monoscript/fileName/EncoderTypeUtilities.cs: a12c4c78a6cd4fb6b93180d59ad77be8 -> 
  custom:scripting/monoscript/fileName/PooledBufferAsyncGPUReadback.cs: 2a4e50c5dda177306c9ec935763c4378 -> 
  custom:scripting/monoscript/fileName/AnimationRecorder.cs: f749a4250195b5467bbf05e3a976b59f -> 
  custom:scripting/precompiled-assembly-types:Unity.Recorder.Base: 3fec19fdf10e3518c41e41a932f2042f -> 
  custom:scripting/monoscript/fileName/AnimationRecorderSettings.cs: 5cfb1544a40f93fe0ea879bb1361c877 -> 
  custom:scripting/monoscript/fileName/RenderTextureSamplerSettings.cs: 68adab84706346f2ecbdfd649ca9cf61 -> 
  custom:scripting/monoscript/fileName/RecordingContext.cs: af9af1e8b283703482ba133924b5585a -> 
  custom:scripting/monoscript/fileName/RecorderSelector.cs: c3cd2caacd181d6eff54dc260c4a1ffb -> 
  custom:video-encoder-webm-vp8: eb34c28f22e8b96e1ab97ce403110664 -> 
  custom:scripting/monoscript/fileName/RecorderInput.cs: 88fd8d8fd71b34ed7298a01f6c2d2e40 -> 
  custom:scripting/monoscript/fileName/RenderTextureSamplerPropertyDrawer.cs: b541817d9cc9b1341d2ddfa8823b718d -> 
  custom:scripting/monoscript/fileName/RecorderSettingsAttribute.cs: ddd228b25da7ba2ac10d13e1efacc875 -> 
  custom:audio-decoder-ogg-vorbis: bf7c407c2cedff20999df2af8eb42d56 -> 
  custom:scripting/monoscript/fileName/OutputPathDrawer.cs: cffc34c1be094e6caeb13ff3b26ca679 -> 
  custom:scripting/monoscript/fileName/EditorVersionsHelper.cs: 3ad9098caeeff0295dba8c0911f5333a -> 
  custom:scripting/monoscript/fileName/SettingAsset.cs: 7c3790954696ae83d71055079b387931 -> 
  custom:scripting/monoscript/fileName/OutputResolution.cs: 31c632d97e9a69bcc2ef10f6feb5bf62 -> 
  custom:scripting/monoscript/fileName/AccumulationSettingsPropertyDrawer.cs: bfc920db0de3c29c2967e88aac1c1027 -> 
  custom:scripting/monoscript/fileName/AnimationInputSettingsPropertyDrawer.cs: ebe1771fecebe7a93badf6354f59c990 -> 
  custom:scripting/monoscript/fileName/CoreEncoderSettings.cs: 2b5db1db3c1fa7de4175a7e143de3ce5 -> 
  custom:scripting/monoscript/fileName/VisualListItem.cs: 90647cc400823b41df847a6cbfc29026 -> 
  custom:scripting/monoscript/fileName/FrameRateProperyDrawer.cs: c478c798f5354f66af45b380be0629f9 -> 
  custom:scripting/monoscript/fileName/InputSettingsSelectorDrawer.cs: bca46dd5b59e2f574c94bef4cdb878fb -> 
  custom:scripting/monoscript/fileName/RecorderWindow.cs: 553a30d64d5ef1dcad6b00b4eeeb3829 -> 
  custom:scripting/monoscript/fileName/AOVCameraInputSettings.cs: 4d2fdf1142ce53d73cb43d39944ba516 -> 
  custom:scripting/monoscript/fileName/EnumProperyDrawer.cs: 90647cc400823b41df847a6cbfc29026 -> 
  custom:scripting/monoscript/fileName/AOVImageInputSelector.cs: b741d8d3a7cbb503c5bdf23d7e6792db -> 
  custom:scripting/monoscript/fileName/CoreEncoderSettingsPropertyDrawer.cs: c8bdf3420d844fd4604c0d0cf3815355 -> 
  custom:scripting/monoscript/fileName/GifEncoderSettings.cs: 812ca6afdf48b830953d76adab9d4030 -> 
  custom:scripting/monoscript/fileName/GIFRecorderSettingsEditor.cs: 4d0f46bcf58d188895fabae5334995ae -> 
  custom:scripting/monoscript/fileName/IEncoder.cs: 007c2ef621b0d92b5a7a6bae91d26090 -> 
  custom:scripting/monoscript/fileName/RecorderOptions.cs: 74782d297e80d8f56c0e05a7cde4e51d -> 
  custom:scripting/precompiled-assembly-types:Unity.Recorder.Editor: cd22b836ef1ca10e7d8c91c9be46b4bf -> 
  custom:scripting/monoscript/fileName/ProResEncoderSettingsPropertyDrawer.cs: 68c25e6d4459336217d4b9e22eb707b4 -> 
  custom:scripting/monoscript/fileName/ImageRecorder.cs: b804c29bfc59a61db184c1d275fe4101 -> 
  custom:scripting/monoscript/fileName/EditableLabel.cs: 4f8fa2c6092744ed6607a411e3f617c0 -> 
  custom:scripting/monoscript/fileName/GameViewInput.cs: 596e7ffa2d11b2002176644af3247ea6 -> 
  custom:audio-encoder-webm-vorbis: bf7c407c2cedff20999df2af8eb42d56 -> 
  custom:scripting/monoscript/fileName/SerializedDictionnary.cs: 90647cc400823b41df847a6cbfc29026 -> 
  custom:scripting/monoscript/fileName/HammersleySequence.cs: b06601f044912976f668045b7d4c79a8 -> 
  custom:scripting/monoscript/fileName/_RecorderComponent.cs: 8c268d1df4e18643d83ea9c6eeba2d9f -> 
  custom:scripting/monoscript/fileName/IAccumulation.cs: 38dee62d444423165276e3254554d005 -> 
  custom:scripting/monoscript/fileName/RecorderController.cs: 5760bd2995080b8d0d9d9e88ab8933c6 -> 
  custom:scripting/monoscript/fileName/EXRRecorderSettings.cs: bf113df492cb5b25e11ec144a73c2f74 -> 
========================================================================
Received Prepare
Caller must complete domain reload
Begin MonoManager ReloadAssembly
- Loaded All Assemblies, in  0.425 seconds
Native extension for WindowsStandalone target not found
Native extension for iOS target not found
Native extension for Android target not found
Mono: successfully reloaded assembly
- Finished resetting the current domain, in  0.943 seconds
Domain Reload Profiling: 1365ms
	BeginReloadAssembly (130ms)
		ExecutionOrderSort (0ms)
		DisableScriptedObjects (4ms)
		BackupInstance (0ms)
		ReleaseScriptingObjects (0ms)
		CreateAndSetChildDomain (24ms)
	RebuildCommonClasses (25ms)
	RebuildNativeTypeToScriptingClass (9ms)
	initialDomainReloadingComplete (27ms)
	LoadAllAssembliesAndSetupDomain (231ms)
		LoadAssemblies (286ms)
		RebuildTransferFunctionScriptingTraits (0ms)
		AnalyzeDomain (17ms)
			TypeCache.Refresh (6ms)
				TypeCache.ScanAssembly (0ms)
			ScanForSourceGeneratedMonoScriptInfo (5ms)
			ResolveRequiredComponents (5ms)
	FinalizeReload (943ms)
		ReleaseScriptCaches (0ms)
		RebuildScriptCaches (0ms)
		SetupLoadedEditorAssemblies (465ms)
			LogAssemblyErrors (0ms)
			InitializePlatformSupportModulesInManaged (28ms)
			SetLoadedEditorAssemblies (4ms)
			RefreshPlugins (0ms)
			BeforeProcessingInitializeOnLoad (90ms)
			ProcessInitializeOnLoadAttributes (318ms)
			ProcessInitializeOnLoadMethodAttributes (17ms)
			AfterProcessingInitializeOnLoad (9ms)
			EditorAssembliesLoaded (0ms)
		ExecutionOrderSort2 (0ms)
		AwakeInstancesAfterBackupRestoration (5ms)
Refreshing native plugins compatible for Editor in 5.16 ms, found 6 plugins.
Preloading 0 native plugins for Editor in 0.00 ms.
Unloading 3256 Unused Serialized files (Serialized files now loaded: 0)
Unloading 22 unused Assets / (337.3 KB). Loaded Objects now: 3798.
Memory consumption went from 123.2 MB to 122.9 MB.
Total: 2.557000 ms (FindLiveObjects: 0.197800 ms CreateObjectMapping: 0.122500 ms MarkObjects: 2.061300 ms  DeleteObjects: 0.174800 ms)

Prepare: number of updated asset objects reloaded= 0
AssetImportParameters requested are different than current active one (requested -> active):
  custom:scripting/monoscript/fileName/WEBMRecorderSettingsEditor.cs: 5559c87f45d3b65fac8d5ac4ef5e81c8 -> 
  custom:scripting/monoscript/fileName/UIElementHelper.cs: 9f9438adfe3361012ea6280d4cdb2df4 -> 
  custom:scripting/monoscript/fileName/AOVCameraInput.cs: c23c8ce885672bc57e25263b3efd067a -> 
  custom:scripting/monoscript/fileName/BaseTextureRecorder.cs: 90647cc400823b41df847a6cbfc29026 -> 
  custom:scripting/monoscript/fileName/Recorder.cs: a7e319d512627774f8215ba0b76f0bcb -> 
  custom:scripting/monoscript/fileName/AudioRecorder.cs: 89550121570f22445b4a1b28daea3cf9 -> 
  custom:scripting/monoscript/fileName/PanelSplitter.cs: 5ff6c6e385b6b12ca322a9c92ac6f371 -> 
  custom:scripting/monoscript/fileName/ImageRecorderSettings.cs: a7ab05fac9382c03607c40fe73956ed6 -> 
  custom:scripting/monoscript/fileName/RecorderClip.cs: 897017f45cb3c30f306724d1fa17a8fe -> 
  custom:scripting/monoscript/fileName/GIFRecorderSettings.cs: 979f88ae1e7731daed242ab2fdebbc0e -> 
  custom:container-demuxer-ogg: 62fdf1f143b41e24485cea50d1cbac27 -> 
  custom:scripting/monoscript/fileName/MovieRecorder.cs: 024785cf83e1399f425b2aa115d22e2b -> 
  custom:scripting/monoscript/fileName/RecorderControllerSettingsPresetEditor.cs: 49aed206ae65ed5ac6b420f7104cd52d -> 
  custom:scripting/monoscript/fileName/AudioInput.cs: 499e96d8f0b35d362bd956c0975bb873 -> 
  custom:scripting/monoscript/fileName/WEBMRecorderSettings.cs: c176c43abbe456aeea55c2aef862801b -> 
  custom:scripting/monoscript/fileName/RecorderControllerSettingsPreset.cs: 78b391c1384ac60213ef58d50e78d553 -> 
  custom:scripting/monoscript/fileName/GameViewInputSettings.cs: a7ae22123f532f5bbcb39c654c998b57 -> 
  custom:scripting/monoscript/fileName/GameViewInputPropertyDrawer.cs: ae2c8a99c5e33d3d1ffc8232415130e8 -> 
  custom:scripting/monoscript/fileName/Camera360Input.cs: dc473b118c57e0734b0cd3476e333c06 -> 
  custom:scripting/monoscript/fileName/RecorderPreferencesSettingsProvider.cs: d92d314b87f7c2170e267636ebf38224 -> 
  custom:scripting/monoscript/fileName/RecorderBindings.cs: ac25db5b587307cfea909607f62e5641 -> 
  custom:video-decoder-ogg-theora: a1e56fd34408186e4bbccfd4996cb3dc -> 
  custom:scripting/monoscript/fileName/GIFWrapper.cs: 6ef8898a12699129e8f81f06a649cad1 -> 
  custom:scripting/monoscript/fileName/SceneHook.cs: 80fa8928b499d44515dd60e0bc895128 -> 
  custom:scripting/monoscript/fileName/AnimationInput.cs: e810137278708a698c5ccddaeb1a1e64 -> 
  custom:scripting/monoscript/fileName/OutputResolutionPropertyDrawer.cs: 0e33ffdf424417a2e685685cfc04d4b1 -> 
  custom:scripting/monoscript/fileName/EnumHelper.cs: 117b5609cc2a1ae41785cd0c8767815f -> 
  custom:scripting/monoscript/fileName/OutputPath.cs: ee51fcffcd8929d224a5e3fb152d5f62 -> 
  custom:scripting/monoscript/fileName/FileNameGeneratorDrawer.cs: a3ea71dec141084df9b7ffa19c11e2cb -> 
  custom:framework-win-MediaFoundation: 216162199b28c13a410421893ffa2e32 -> 
  custom:scripting/monoscript/fileName/RecorderPreferencesWindowGUIScope.cs: 7a2eba6fcb6829ea8b200991a02c9c06 -> 
  custom:scripting/monoscript/fileName/AspectRatio.cs: 18e3efa554f8258b676d4de53e38b642 -> 
  custom:scripting/monoscript/fileName/CameraInputSettings.cs: 6738f6dd994f658d2cbf6f5f3ba05a0e -> 
  custom:scripting/monoscript/fileName/RefHandle.cs: 90647cc400823b41df847a6cbfc29026 -> 
  custom:scripting/monoscript/fileName/CameraCapture.cs: c6dcba1380d9a4fa09f4e36182a45a73 -> 
  custom:scripting/monoscript/fileName/RecorderControllerSettings.cs: 989e0caa64af9b76551d4ff6bd15f598 -> 
  custom:scripting/monoscript/fileName/TargetedPropertyDrawer.cs: 90647cc400823b41df847a6cbfc29026 -> 
  custom:scripting/monoscript/fileName/MovieRecorderSettings.cs: 02a667a67b113b1f65e3fcadcc882513 -> 
  custom:scripting/monoscript/fileName/RenderTextureInputSettings.cs: ebca820667a63031a7597db85d26451a -> 
  custom:scripting/monoscript/fileName/ImageRecorderEditor.cs: d3134ae4c1dfd8e056bace11130b7692 -> 
  custom:scripting/monoscript/fileName/ProResEncoderSettings.cs: 4aca03881946a7fe9acacf199434009e -> 
  custom:scripting/monoscript/fileName/_FrameRequestComponent.cs: b34f171daaafc65da55ea68e2ed89f2b -> 
  custom:scripting/monoscript/fileName/RenderTextureInput.cs: 5dea77837ae3c82bb14643cd82dc06dc -> 
  custom:scripting/monoscript/fileName/RecorderAnalytics.cs: 0fa40093f6ac3fe75e92d746d563e5ee -> 
  custom:scripting/monoscript/fileName/MP4RecorderSettingsEditor.cs: 68a64b16a7961d71fa7286fd1f782e9b -> 
  custom:scripting/monoscript/fileName/RecorderBindingsEditor.cs: f7451a0e1cea6404b2976d2b2c42e273 -> 
  custom:scripting/monoscript/fileName/BaseRenderTextureInput.cs: 5dc13661a5a0dca5d09ca211933a44e2 -> 
  custom:scripting/monoscript/fileName/StatusBarHelper.cs: da04a6ed046f8a62f416d5d3ea415bef -> 
  custom:scripting/precompiled-assembly-types:Unity.Recorder: bd5378c99f6216e06dd6e2c2a60a86a4 -> 
  custom:CustomObjectIndexerAttribute: 9a22284fe3817be447336de3de66b15e -> 
  custom:scripting/monoscript/fileName/Camera360InputSettings.cs: 3d5eaf1cb3a9df6f9d1d52f3c3018c46 -> 
  custom:scripting/monoscript/fileName/PNGRecorderSettingsEditor.cs: 4970e6657bb34f7efc2c7d8168c7358b -> 
  custom:scripting/monoscript/fileName/ImageHeightSelector.cs: d1a7972bf1d79d90f09ab23c718afe39 -> 
  custom:scripting/monoscript/fileName/AnimationInputSettings.cs: d64a99ebbd13660e9264cb4111ab9832 -> 
  custom:scripting/monoscript/fileName/MP4RecorderSettings.cs: 551f5535c05b86d6ee91684eced14987 -> 
  custom:scripting/monoscript/fileName/RecorderPreferencesSettings.cs: 761b0a55fc5e50239a1d0c4bfc968274 -> 
  custom:container-demuxer-webm: 4f35f7cbe854078d1ac9338744f61a02 -> 
  custom:scripting/monoscript/fileName/RecorderSettingsPrefsEditor.cs: ba9e697f1d269c2c960a41bc543fa408 -> 
  custom:scripting/monoscript/fileName/ProResWrapper.cs: 712515ef615766c98115c6a20d85d6c8 -> 
  custom:scripting/monoscript/fileName/RecordModePropertyDrawer.cs: 165332db07362bbcab2d8dc6d1e1dfda -> 
  custom:scripting/monoscript/fileName/ImageInputSettings.cs: 98a2aedd167d40f01804b04845eeaf15 -> 
  custom:scripting/monoscript/fileName/SerializableObjHelper.cs: f19f181f3f05e8e393225dd7030fb66a -> 
  custom:scripting/monoscript/fileName/InputPropertyDrawer.cs: 90647cc400823b41df847a6cbfc29026 -> 
  custom:scripting/monoscript/fileName/AudioInputSettings.cs: a2c930fca1dd5e27705fbacf39727bb4 -> 
  custom:scripting/monoscript/fileName/InputSettings.cs: 35c56ce5488c6b464726305dcbd33b3d -> 
  custom:scripting/monoscript/fileName/RecorderEditor.cs: 736e59ba52eea987abc47f36a836e575 -> 
  custom:scripting/monoscript/fileName/AudioRecorderSettings.cs: 0b00f2c93558486cc61a06f270f43fea -> 
  custom:scripting/monoscript/fileName/RecordersInventory.cs: fb714c8df18f9b7fc7f3361f604ae3dc -> 
  custom:scripting/monoscript/fileName/BaseFCRecorderSettings.cs: fab928553cedb8703ac192d6cf7b6294 -> 
  custom:scripting/monoscript/fileName/AOVRecorderSettings.cs: cdc731153cd2f1f739300a28ea6a6608 -> 
  custom:scripting/monoscript/fileName/EXRCompressionTypeDrawer.cs: 301cb614ecf84a4dab346c5f76ea2016 -> 
  custom:scripting/monoscript/fileName/AOVRecorder.cs: c53e83f1863b3ea80b6df3885cdb8c82 -> 
  custom:scripting/monoscript/fileName/IEncoderSettings.cs: c7d04fadacf538db841606cc656ae724 -> 
  custom:scripting/monoscript/fileName/ShutterProfileTypePropertyDrawer.cs: 18a32c647eca27716eabcb5a44f00e32 -> 
  custom:scripting/monoscript/fileName/MovieRecorderEditor.cs: eb00ddb8a76b8dfb7c88b7826a49d38b -> 
  custom:scripting/monoscript/fileName/RenderTextureInputSettingsPropertyDrawer.cs: 809602b52454cd1e6229756218a8f453 -> 
  custom:scripting/monoscript/fileName/RecorderPlayableBehaviour.cs: 80165a21f4cd0dda690f708a19d389bd -> 
  custom:scripting/monoscript/fileName/GifEncoderSettingsPropertyDrawer.cs: b36c9a7eaaefccda514b23d7e14761ca -> 
  custom:scripting/monoscript/fileName/PNGRecorder.cs: 08fd40f88cb6b18c96882f263639f57d -> 
  custom:scripting/monoscript/fileName/CameraInputSettingsPropertyDrawer.cs: 91928abf1abf88be098cb088d896aec5 -> 
  custom:scripting/monoscript/fileName/AudioRecorderEditor.cs: 565168dec291afe3fa470657cfc2c123 -> 
  custom:scripting/monoscript/fileName/AOVRecorderEditor.cs: 5ca53ccd6d7645709639507726114395 -> 
  custom:container-muxer-webm: aa71ff27fc2769a1b78a27578f13a17b -> 
  custom:video-decoder-webm-vp8: 9c59270c3fd7afecdb556c50c9e8de78 -> 
  custom:scripting/monoscript/fileName/RecordingSession.cs: f3ad08157c278a036224ca395f350890 -> 
  custom:scripting/monoscript/fileName/GameViewSize.cs: f6128a6515fcafce6db32fcdfa107254 -> 
  custom:scripting/monoscript/fileName/UnityHelpers.cs: b3e077029b574be508585124a9d839ef -> 
  custom:SearchIndexIgnoredProperties: e643bd26f0fe6173181afceb89e7c659 -> 
  custom:scripting/monoscript/fileName/GIFRecorder.cs: c00ece885699fb9084deaccd3eb27518 -> 
  custom:AudioImporter_EditorPlatform: d09bf68614088b80899f8185d706f6e7 -> 
  custom:scripting/monoscript/fileName/EXRRecorder.cs: 3f576ce8ddd959d51a4d7ba1999ecdbb -> 
  custom:scripting/monoscript/fileName/WEBMRecorder.cs: 391b6b920cfbc02401ea522620320c93 -> 
  custom:scripting/monoscript/fileName/RenderTextureSampler.cs: 1a7b9abab9548e1054dc40d6e2fa0270 -> 
  custom:scripting/monoscript/fileName/GifEncoder.cs: 40f336d5c5042a8a04556b4c5804a538 -> 
  custom:scripting/monoscript/fileName/GenericRecorder.cs: 90647cc400823b41df847a6cbfc29026 -> 
  custom:scripting/monoscript/fileName/ImageInputSelector.cs: f55822da877594150873922341be92b6 -> 
  custom:scripting/monoscript/fileName/AnimationRecorderSettingsEditor.cs: db1294bf3d48be44b6e4b2f2cc100b02 -> 
  custom:scripting/monoscript/fileName/RecorderTrack.cs: fac9638ece7eb7daaa1302fa170613fd -> 
  custom:scripting/monoscript/fileName/InputSettingsSelector.cs: 499a4ec92267406782b5c4f3472d53b9 -> 
  custom:scripting/monoscript/fileName/FileNameGenerator.cs: 5c8b6eb5291c3311189e0dfadac99363 -> 
  custom:scripting/monoscript/fileName/RecorderItem.cs: b62d2fcb9547a248575727d8a1646db8 -> 
  custom:scripting/monoscript/fileName/TextureFlipper.cs: 825b503b2ddab9cbd8ebbf3038075092 -> 
  custom:scripting/monoscript/fileName/AccumulationSettings.cs: fb962f0c2333934b681b167574f5e1cd -> 
  custom:scripting/monoscript/fileName/Camera360InputPropertyDrawer.cs: af647a2fe91bec98139246321cac865d -> 
  custom:scripting/monoscript/fileName/RecorderClipEditor.cs: 947ad5ff1f968d7fc40767d187070964 -> 
  custom:scripting/monoscript/fileName/EXRRecorderSettingsEditor.cs: c520a04c5f01331f2c8800e289ef6d6f -> 
  custom:scripting/monoscript/fileName/CoreEncoder.cs: dfaed86e82ad12e6a2b6740a0fb35820 -> 
  custom:scripting/monoscript/fileName/PNGRecorderSettings.cs: 79a421225358808ff14dd88c0355d1b6 -> 
  custom:scripting/monoscript/fileName/AspectRatioPropertyDrawer.cs: 9f18568574138839573389bde3e660a7 -> 
  custom:scripting/monoscript/fileName/ProResEncoder.cs: b375bf2d41e3d89081c3f2d1a0823bf3 -> 
  custom:scripting/monoscript/fileName/CameraInput.cs: bf7e0df3caf9e500f6d1c98c99e165ba -> 
  custom:scripting/monoscript/fileName/RecorderSettings.cs: bc3ef26ac157af28e5460886c0d5ef2e -> 
  custom:scripting/monoscript/fileName/RecorderClipTimelineEditor.cs: 2995d9f50ebc9245c6e9bd75c56415fb -> 
  custom:scripting/monoscript/fileName/EncoderSettingsAttribute.cs: 8352396dc11cff58c65c429fdb4fc67e -> 
  custom:scripting/monoscript/fileName/MP4Recorder.cs: af531c4e1f6d23547da08837eb16b729 -> 
  custom:scripting/monoscript/fileName/EncoderTypeUtilities.cs: a12c4c78a6cd4fb6b93180d59ad77be8 -> 
  custom:scripting/monoscript/fileName/PooledBufferAsyncGPUReadback.cs: 2a4e50c5dda177306c9ec935763c4378 -> 
  custom:scripting/monoscript/fileName/AnimationRecorder.cs: f749a4250195b5467bbf05e3a976b59f -> 
  custom:scripting/precompiled-assembly-types:Unity.Recorder.Base: 3fec19fdf10e3518c41e41a932f2042f -> 
  custom:scripting/monoscript/fileName/AnimationRecorderSettings.cs: 5cfb1544a40f93fe0ea879bb1361c877 -> 
  custom:scripting/monoscript/fileName/RenderTextureSamplerSettings.cs: 68adab84706346f2ecbdfd649ca9cf61 -> 
  custom:scripting/monoscript/fileName/RecordingContext.cs: af9af1e8b283703482ba133924b5585a -> 
  custom:scripting/monoscript/fileName/RecorderSelector.cs: c3cd2caacd181d6eff54dc260c4a1ffb -> 
  custom:video-encoder-webm-vp8: eb34c28f22e8b96e1ab97ce403110664 -> 
  custom:scripting/monoscript/fileName/RecorderInput.cs: 88fd8d8fd71b34ed7298a01f6c2d2e40 -> 
  custom:scripting/monoscript/fileName/RenderTextureSamplerPropertyDrawer.cs: b541817d9cc9b1341d2ddfa8823b718d -> 
  custom:scripting/monoscript/fileName/RecorderSettingsAttribute.cs: ddd228b25da7ba2ac10d13e1efacc875 -> 
  custom:audio-decoder-ogg-vorbis: bf7c407c2cedff20999df2af8eb42d56 -> 
  custom:scripting/monoscript/fileName/OutputPathDrawer.cs: cffc34c1be094e6caeb13ff3b26ca679 -> 
  custom:scripting/monoscript/fileName/EditorVersionsHelper.cs: 3ad9098caeeff0295dba8c0911f5333a -> 
  custom:scripting/monoscript/fileName/SettingAsset.cs: 7c3790954696ae83d71055079b387931 -> 
  custom:scripting/monoscript/fileName/OutputResolution.cs: 31c632d97e9a69bcc2ef10f6feb5bf62 -> 
  custom:scripting/monoscript/fileName/AccumulationSettingsPropertyDrawer.cs: bfc920db0de3c29c2967e88aac1c1027 -> 
  custom:scripting/monoscript/fileName/AnimationInputSettingsPropertyDrawer.cs: ebe1771fecebe7a93badf6354f59c990 -> 
  custom:scripting/monoscript/fileName/CoreEncoderSettings.cs: 2b5db1db3c1fa7de4175a7e143de3ce5 -> 
  custom:scripting/monoscript/fileName/VisualListItem.cs: 90647cc400823b41df847a6cbfc29026 -> 
  custom:scripting/monoscript/fileName/FrameRateProperyDrawer.cs: c478c798f5354f66af45b380be0629f9 -> 
  custom:scripting/monoscript/fileName/InputSettingsSelectorDrawer.cs: bca46dd5b59e2f574c94bef4cdb878fb -> 
  custom:scripting/monoscript/fileName/RecorderWindow.cs: 553a30d64d5ef1dcad6b00b4eeeb3829 -> 
  custom:scripting/monoscript/fileName/AOVCameraInputSettings.cs: 4d2fdf1142ce53d73cb43d39944ba516 -> 
  custom:scripting/monoscript/fileName/EnumProperyDrawer.cs: 90647cc400823b41df847a6cbfc29026 -> 
  custom:scripting/monoscript/fileName/AOVImageInputSelector.cs: b741d8d3a7cbb503c5bdf23d7e6792db -> 
  custom:scripting/monoscript/fileName/CoreEncoderSettingsPropertyDrawer.cs: c8bdf3420d844fd4604c0d0cf3815355 -> 
  custom:scripting/monoscript/fileName/GifEncoderSettings.cs: 812ca6afdf48b830953d76adab9d4030 -> 
  custom:scripting/monoscript/fileName/GIFRecorderSettingsEditor.cs: 4d0f46bcf58d188895fabae5334995ae -> 
  custom:scripting/monoscript/fileName/IEncoder.cs: 007c2ef621b0d92b5a7a6bae91d26090 -> 
  custom:scripting/monoscript/fileName/RecorderOptions.cs: 74782d297e80d8f56c0e05a7cde4e51d -> 
  custom:scripting/precompiled-assembly-types:Unity.Recorder.Editor: cd22b836ef1ca10e7d8c91c9be46b4bf -> 
  custom:scripting/monoscript/fileName/ProResEncoderSettingsPropertyDrawer.cs: 68c25e6d4459336217d4b9e22eb707b4 -> 
  custom:scripting/monoscript/fileName/ImageRecorder.cs: b804c29bfc59a61db184c1d275fe4101 -> 
  custom:scripting/monoscript/fileName/EditableLabel.cs: 4f8fa2c6092744ed6607a411e3f617c0 -> 
  custom:scripting/monoscript/fileName/GameViewInput.cs: 596e7ffa2d11b2002176644af3247ea6 -> 
  custom:audio-encoder-webm-vorbis: bf7c407c2cedff20999df2af8eb42d56 -> 
  custom:scripting/monoscript/fileName/SerializedDictionnary.cs: 90647cc400823b41df847a6cbfc29026 -> 
  custom:scripting/monoscript/fileName/HammersleySequence.cs: b06601f044912976f668045b7d4c79a8 -> 
  custom:scripting/monoscript/fileName/_RecorderComponent.cs: 8c268d1df4e18643d83ea9c6eeba2d9f -> 
  custom:scripting/monoscript/fileName/IAccumulation.cs: 38dee62d444423165276e3254554d005 -> 
  custom:scripting/monoscript/fileName/RecorderController.cs: 5760bd2995080b8d0d9d9e88ab8933c6 -> 
  custom:scripting/monoscript/fileName/EXRRecorderSettings.cs: bf113df492cb5b25e11ec144a73c2f74 -> 
========================================================================
Received Prepare
Caller must complete domain reload
Begin MonoManager ReloadAssembly
- Loaded All Assemblies, in  0.411 seconds
Native extension for WindowsStandalone target not found
Native extension for iOS target not found
Native extension for Android target not found
Mono: successfully reloaded assembly
- Finished resetting the current domain, in  0.979 seconds
Domain Reload Profiling: 1386ms
	BeginReloadAssembly (125ms)
		ExecutionOrderSort (0ms)
		DisableScriptedObjects (4ms)
		BackupInstance (0ms)
		ReleaseScriptingObjects (0ms)
		CreateAndSetChildDomain (24ms)
	RebuildCommonClasses (24ms)
	RebuildNativeTypeToScriptingClass (8ms)
	initialDomainReloadingComplete (32ms)
	LoadAllAssembliesAndSetupDomain (218ms)
		LoadAssemblies (277ms)
		RebuildTransferFunctionScriptingTraits (0ms)
		AnalyzeDomain (10ms)
			TypeCache.Refresh (4ms)
				TypeCache.ScanAssembly (0ms)
			ScanForSourceGeneratedMonoScriptInfo (0ms)
			ResolveRequiredComponents (5ms)
	FinalizeReload (979ms)
		ReleaseScriptCaches (0ms)
		RebuildScriptCaches (0ms)
		SetupLoadedEditorAssemblies (497ms)
			LogAssemblyErrors (0ms)
			InitializePlatformSupportModulesInManaged (29ms)
			SetLoadedEditorAssemblies (3ms)
			RefreshPlugins (0ms)
			BeforeProcessingInitializeOnLoad (91ms)
			ProcessInitializeOnLoadAttributes (346ms)
			ProcessInitializeOnLoadMethodAttributes (18ms)
			AfterProcessingInitializeOnLoad (10ms)
			EditorAssembliesLoaded (0ms)
		ExecutionOrderSort2 (0ms)
		AwakeInstancesAfterBackupRestoration (5ms)
Refreshing native plugins compatible for Editor in 5.18 ms, found 6 plugins.
Preloading 0 native plugins for Editor in 0.00 ms.
Unloading 3256 Unused Serialized files (Serialized files now loaded: 0)
Unloading 22 unused Assets / (337.2 KB). Loaded Objects now: 3801.
Memory consumption went from 123.2 MB to 122.9 MB.
Total: 2.483900 ms (FindLiveObjects: 0.190200 ms CreateObjectMapping: 0.076000 ms MarkObjects: 2.043500 ms  DeleteObjects: 0.173500 ms)

Prepare: number of updated asset objects reloaded= 0
AssetImportParameters requested are different than current active one (requested -> active):
  custom:scripting/monoscript/fileName/WEBMRecorderSettingsEditor.cs: 5559c87f45d3b65fac8d5ac4ef5e81c8 -> 
  custom:scripting/monoscript/fileName/UIElementHelper.cs: 9f9438adfe3361012ea6280d4cdb2df4 -> 
  custom:scripting/monoscript/fileName/AOVCameraInput.cs: c23c8ce885672bc57e25263b3efd067a -> 
  custom:scripting/monoscript/fileName/BaseTextureRecorder.cs: 90647cc400823b41df847a6cbfc29026 -> 
  custom:scripting/monoscript/fileName/Recorder.cs: a7e319d512627774f8215ba0b76f0bcb -> 
  custom:scripting/monoscript/fileName/AudioRecorder.cs: 89550121570f22445b4a1b28daea3cf9 -> 
  custom:scripting/monoscript/fileName/PanelSplitter.cs: 5ff6c6e385b6b12ca322a9c92ac6f371 -> 
  custom:scripting/monoscript/fileName/ImageRecorderSettings.cs: a7ab05fac9382c03607c40fe73956ed6 -> 
  custom:scripting/monoscript/fileName/RecorderClip.cs: 897017f45cb3c30f306724d1fa17a8fe -> 
  custom:scripting/monoscript/fileName/GIFRecorderSettings.cs: 979f88ae1e7731daed242ab2fdebbc0e -> 
  custom:container-demuxer-ogg: 62fdf1f143b41e24485cea50d1cbac27 -> 
  custom:scripting/monoscript/fileName/MovieRecorder.cs: 024785cf83e1399f425b2aa115d22e2b -> 
  custom:scripting/monoscript/fileName/RecorderControllerSettingsPresetEditor.cs: 49aed206ae65ed5ac6b420f7104cd52d -> 
  custom:scripting/monoscript/fileName/AudioInput.cs: 499e96d8f0b35d362bd956c0975bb873 -> 
  custom:scripting/monoscript/fileName/WEBMRecorderSettings.cs: c176c43abbe456aeea55c2aef862801b -> 
  custom:scripting/monoscript/fileName/RecorderControllerSettingsPreset.cs: 78b391c1384ac60213ef58d50e78d553 -> 
  custom:scripting/monoscript/fileName/GameViewInputSettings.cs: a7ae22123f532f5bbcb39c654c998b57 -> 
  custom:scripting/monoscript/fileName/GameViewInputPropertyDrawer.cs: ae2c8a99c5e33d3d1ffc8232415130e8 -> 
  custom:scripting/monoscript/fileName/Camera360Input.cs: dc473b118c57e0734b0cd3476e333c06 -> 
  custom:scripting/monoscript/fileName/RecorderPreferencesSettingsProvider.cs: d92d314b87f7c2170e267636ebf38224 -> 
  custom:scripting/monoscript/fileName/RecorderBindings.cs: ac25db5b587307cfea909607f62e5641 -> 
  custom:video-decoder-ogg-theora: a1e56fd34408186e4bbccfd4996cb3dc -> 
  custom:scripting/monoscript/fileName/GIFWrapper.cs: 6ef8898a12699129e8f81f06a649cad1 -> 
  custom:scripting/monoscript/fileName/SceneHook.cs: 80fa8928b499d44515dd60e0bc895128 -> 
  custom:scripting/monoscript/fileName/AnimationInput.cs: e810137278708a698c5ccddaeb1a1e64 -> 
  custom:scripting/monoscript/fileName/OutputResolutionPropertyDrawer.cs: 0e33ffdf424417a2e685685cfc04d4b1 -> 
  custom:scripting/monoscript/fileName/EnumHelper.cs: 117b5609cc2a1ae41785cd0c8767815f -> 
  custom:scripting/monoscript/fileName/OutputPath.cs: ee51fcffcd8929d224a5e3fb152d5f62 -> 
  custom:scripting/monoscript/fileName/FileNameGeneratorDrawer.cs: a3ea71dec141084df9b7ffa19c11e2cb -> 
  custom:framework-win-MediaFoundation: 216162199b28c13a410421893ffa2e32 -> 
  custom:scripting/monoscript/fileName/RecorderPreferencesWindowGUIScope.cs: 7a2eba6fcb6829ea8b200991a02c9c06 -> 
  custom:scripting/monoscript/fileName/AspectRatio.cs: 18e3efa554f8258b676d4de53e38b642 -> 
  custom:scripting/monoscript/fileName/CameraInputSettings.cs: 6738f6dd994f658d2cbf6f5f3ba05a0e -> 
  custom:scripting/monoscript/fileName/RefHandle.cs: 90647cc400823b41df847a6cbfc29026 -> 
  custom:scripting/monoscript/fileName/CameraCapture.cs: c6dcba1380d9a4fa09f4e36182a45a73 -> 
  custom:scripting/monoscript/fileName/RecorderControllerSettings.cs: 989e0caa64af9b76551d4ff6bd15f598 -> 
  custom:scripting/monoscript/fileName/TargetedPropertyDrawer.cs: 90647cc400823b41df847a6cbfc29026 -> 
  custom:scripting/monoscript/fileName/MovieRecorderSettings.cs: 02a667a67b113b1f65e3fcadcc882513 -> 
  custom:scripting/monoscript/fileName/RenderTextureInputSettings.cs: ebca820667a63031a7597db85d26451a -> 
  custom:scripting/monoscript/fileName/ImageRecorderEditor.cs: d3134ae4c1dfd8e056bace11130b7692 -> 
  custom:scripting/monoscript/fileName/ProResEncoderSettings.cs: 4aca03881946a7fe9acacf199434009e -> 
  custom:scripting/monoscript/fileName/_FrameRequestComponent.cs: b34f171daaafc65da55ea68e2ed89f2b -> 
  custom:scripting/monoscript/fileName/RenderTextureInput.cs: 5dea77837ae3c82bb14643cd82dc06dc -> 
  custom:scripting/monoscript/fileName/RecorderAnalytics.cs: 0fa40093f6ac3fe75e92d746d563e5ee -> 
  custom:scripting/monoscript/fileName/MP4RecorderSettingsEditor.cs: 68a64b16a7961d71fa7286fd1f782e9b -> 
  custom:scripting/monoscript/fileName/RecorderBindingsEditor.cs: f7451a0e1cea6404b2976d2b2c42e273 -> 
  custom:scripting/monoscript/fileName/BaseRenderTextureInput.cs: 5dc13661a5a0dca5d09ca211933a44e2 -> 
  custom:scripting/monoscript/fileName/StatusBarHelper.cs: da04a6ed046f8a62f416d5d3ea415bef -> 
  custom:scripting/precompiled-assembly-types:Unity.Recorder: bd5378c99f6216e06dd6e2c2a60a86a4 -> 
  custom:CustomObjectIndexerAttribute: 9a22284fe3817be447336de3de66b15e -> 
  custom:scripting/monoscript/fileName/Camera360InputSettings.cs: 3d5eaf1cb3a9df6f9d1d52f3c3018c46 -> 
  custom:scripting/monoscript/fileName/PNGRecorderSettingsEditor.cs: 4970e6657bb34f7efc2c7d8168c7358b -> 
  custom:scripting/monoscript/fileName/ImageHeightSelector.cs: d1a7972bf1d79d90f09ab23c718afe39 -> 
  custom:scripting/monoscript/fileName/AnimationInputSettings.cs: d64a99ebbd13660e9264cb4111ab9832 -> 
  custom:scripting/monoscript/fileName/MP4RecorderSettings.cs: 551f5535c05b86d6ee91684eced14987 -> 
  custom:scripting/monoscript/fileName/RecorderPreferencesSettings.cs: 761b0a55fc5e50239a1d0c4bfc968274 -> 
  custom:container-demuxer-webm: 4f35f7cbe854078d1ac9338744f61a02 -> 
  custom:scripting/monoscript/fileName/RecorderSettingsPrefsEditor.cs: ba9e697f1d269c2c960a41bc543fa408 -> 
  custom:scripting/monoscript/fileName/ProResWrapper.cs: 712515ef615766c98115c6a20d85d6c8 -> 
  custom:scripting/monoscript/fileName/RecordModePropertyDrawer.cs: 165332db07362bbcab2d8dc6d1e1dfda -> 
  custom:scripting/monoscript/fileName/ImageInputSettings.cs: 98a2aedd167d40f01804b04845eeaf15 -> 
  custom:scripting/monoscript/fileName/SerializableObjHelper.cs: f19f181f3f05e8e393225dd7030fb66a -> 
  custom:scripting/monoscript/fileName/InputPropertyDrawer.cs: 90647cc400823b41df847a6cbfc29026 -> 
  custom:scripting/monoscript/fileName/AudioInputSettings.cs: a2c930fca1dd5e27705fbacf39727bb4 -> 
  custom:scripting/monoscript/fileName/InputSettings.cs: 35c56ce5488c6b464726305dcbd33b3d -> 
  custom:scripting/monoscript/fileName/RecorderEditor.cs: 736e59ba52eea987abc47f36a836e575 -> 
  custom:scripting/monoscript/fileName/AudioRecorderSettings.cs: 0b00f2c93558486cc61a06f270f43fea -> 
  custom:scripting/monoscript/fileName/RecordersInventory.cs: fb714c8df18f9b7fc7f3361f604ae3dc -> 
  custom:scripting/monoscript/fileName/BaseFCRecorderSettings.cs: fab928553cedb8703ac192d6cf7b6294 -> 
  custom:scripting/monoscript/fileName/AOVRecorderSettings.cs: cdc731153cd2f1f739300a28ea6a6608 -> 
  custom:scripting/monoscript/fileName/EXRCompressionTypeDrawer.cs: 301cb614ecf84a4dab346c5f76ea2016 -> 
  custom:scripting/monoscript/fileName/AOVRecorder.cs: c53e83f1863b3ea80b6df3885cdb8c82 -> 
  custom:scripting/monoscript/fileName/IEncoderSettings.cs: c7d04fadacf538db841606cc656ae724 -> 
  custom:scripting/monoscript/fileName/ShutterProfileTypePropertyDrawer.cs: 18a32c647eca27716eabcb5a44f00e32 -> 
  custom:scripting/monoscript/fileName/MovieRecorderEditor.cs: eb00ddb8a76b8dfb7c88b7826a49d38b -> 
  custom:scripting/monoscript/fileName/RenderTextureInputSettingsPropertyDrawer.cs: 809602b52454cd1e6229756218a8f453 -> 
  custom:scripting/monoscript/fileName/RecorderPlayableBehaviour.cs: 80165a21f4cd0dda690f708a19d389bd -> 
  custom:scripting/monoscript/fileName/GifEncoderSettingsPropertyDrawer.cs: b36c9a7eaaefccda514b23d7e14761ca -> 
  custom:scripting/monoscript/fileName/PNGRecorder.cs: 08fd40f88cb6b18c96882f263639f57d -> 
  custom:scripting/monoscript/fileName/CameraInputSettingsPropertyDrawer.cs: 91928abf1abf88be098cb088d896aec5 -> 
  custom:scripting/monoscript/fileName/AudioRecorderEditor.cs: 565168dec291afe3fa470657cfc2c123 -> 
  custom:scripting/monoscript/fileName/AOVRecorderEditor.cs: 5ca53ccd6d7645709639507726114395 -> 
  custom:container-muxer-webm: aa71ff27fc2769a1b78a27578f13a17b -> 
  custom:video-decoder-webm-vp8: 9c59270c3fd7afecdb556c50c9e8de78 -> 
  custom:scripting/monoscript/fileName/RecordingSession.cs: f3ad08157c278a036224ca395f350890 -> 
  custom:scripting/monoscript/fileName/GameViewSize.cs: f6128a6515fcafce6db32fcdfa107254 -> 
  custom:scripting/monoscript/fileName/UnityHelpers.cs: b3e077029b574be508585124a9d839ef -> 
  custom:SearchIndexIgnoredProperties: e643bd26f0fe6173181afceb89e7c659 -> 
  custom:scripting/monoscript/fileName/GIFRecorder.cs: c00ece885699fb9084deaccd3eb27518 -> 
  custom:AudioImporter_EditorPlatform: d09bf68614088b80899f8185d706f6e7 -> 
  custom:scripting/monoscript/fileName/EXRRecorder.cs: 3f576ce8ddd959d51a4d7ba1999ecdbb -> 
  custom:scripting/monoscript/fileName/WEBMRecorder.cs: 391b6b920cfbc02401ea522620320c93 -> 
  custom:scripting/monoscript/fileName/RenderTextureSampler.cs: 1a7b9abab9548e1054dc40d6e2fa0270 -> 
  custom:scripting/monoscript/fileName/GifEncoder.cs: 40f336d5c5042a8a04556b4c5804a538 -> 
  custom:scripting/monoscript/fileName/GenericRecorder.cs: 90647cc400823b41df847a6cbfc29026 -> 
  custom:scripting/monoscript/fileName/ImageInputSelector.cs: f55822da877594150873922341be92b6 -> 
  custom:scripting/monoscript/fileName/AnimationRecorderSettingsEditor.cs: db1294bf3d48be44b6e4b2f2cc100b02 -> 
  custom:scripting/monoscript/fileName/RecorderTrack.cs: fac9638ece7eb7daaa1302fa170613fd -> 
  custom:scripting/monoscript/fileName/InputSettingsSelector.cs: 499a4ec92267406782b5c4f3472d53b9 -> 
  custom:scripting/monoscript/fileName/FileNameGenerator.cs: 5c8b6eb5291c3311189e0dfadac99363 -> 
  custom:scripting/monoscript/fileName/RecorderItem.cs: b62d2fcb9547a248575727d8a1646db8 -> 
  custom:scripting/monoscript/fileName/TextureFlipper.cs: 825b503b2ddab9cbd8ebbf3038075092 -> 
  custom:scripting/monoscript/fileName/AccumulationSettings.cs: fb962f0c2333934b681b167574f5e1cd -> 
  custom:scripting/monoscript/fileName/Camera360InputPropertyDrawer.cs: af647a2fe91bec98139246321cac865d -> 
  custom:scripting/monoscript/fileName/RecorderClipEditor.cs: 947ad5ff1f968d7fc40767d187070964 -> 
  custom:scripting/monoscript/fileName/EXRRecorderSettingsEditor.cs: c520a04c5f01331f2c8800e289ef6d6f -> 
  custom:scripting/monoscript/fileName/CoreEncoder.cs: dfaed86e82ad12e6a2b6740a0fb35820 -> 
  custom:scripting/monoscript/fileName/PNGRecorderSettings.cs: 79a421225358808ff14dd88c0355d1b6 -> 
  custom:scripting/monoscript/fileName/AspectRatioPropertyDrawer.cs: 9f18568574138839573389bde3e660a7 -> 
  custom:scripting/monoscript/fileName/ProResEncoder.cs: b375bf2d41e3d89081c3f2d1a0823bf3 -> 
  custom:scripting/monoscript/fileName/CameraInput.cs: bf7e0df3caf9e500f6d1c98c99e165ba -> 
  custom:scripting/monoscript/fileName/RecorderSettings.cs: bc3ef26ac157af28e5460886c0d5ef2e -> 
  custom:scripting/monoscript/fileName/RecorderClipTimelineEditor.cs: 2995d9f50ebc9245c6e9bd75c56415fb -> 
  custom:scripting/monoscript/fileName/EncoderSettingsAttribute.cs: 8352396dc11cff58c65c429fdb4fc67e -> 
  custom:scripting/monoscript/fileName/MP4Recorder.cs: af531c4e1f6d23547da08837eb16b729 -> 
  custom:scripting/monoscript/fileName/EncoderTypeUtilities.cs: a12c4c78a6cd4fb6b93180d59ad77be8 -> 
  custom:scripting/monoscript/fileName/PooledBufferAsyncGPUReadback.cs: 2a4e50c5dda177306c9ec935763c4378 -> 
  custom:scripting/monoscript/fileName/AnimationRecorder.cs: f749a4250195b5467bbf05e3a976b59f -> 
  custom:scripting/precompiled-assembly-types:Unity.Recorder.Base: 3fec19fdf10e3518c41e41a932f2042f -> 
  custom:scripting/monoscript/fileName/AnimationRecorderSettings.cs: 5cfb1544a40f93fe0ea879bb1361c877 -> 
  custom:scripting/monoscript/fileName/RenderTextureSamplerSettings.cs: 68adab84706346f2ecbdfd649ca9cf61 -> 
  custom:scripting/monoscript/fileName/RecordingContext.cs: af9af1e8b283703482ba133924b5585a -> 
  custom:scripting/monoscript/fileName/RecorderSelector.cs: c3cd2caacd181d6eff54dc260c4a1ffb -> 
  custom:video-encoder-webm-vp8: eb34c28f22e8b96e1ab97ce403110664 -> 
  custom:scripting/monoscript/fileName/RecorderInput.cs: 88fd8d8fd71b34ed7298a01f6c2d2e40 -> 
  custom:scripting/monoscript/fileName/RenderTextureSamplerPropertyDrawer.cs: b541817d9cc9b1341d2ddfa8823b718d -> 
  custom:scripting/monoscript/fileName/RecorderSettingsAttribute.cs: ddd228b25da7ba2ac10d13e1efacc875 -> 
  custom:audio-decoder-ogg-vorbis: bf7c407c2cedff20999df2af8eb42d56 -> 
  custom:scripting/monoscript/fileName/OutputPathDrawer.cs: cffc34c1be094e6caeb13ff3b26ca679 -> 
  custom:scripting/monoscript/fileName/EditorVersionsHelper.cs: 3ad9098caeeff0295dba8c0911f5333a -> 
  custom:scripting/monoscript/fileName/SettingAsset.cs: 7c3790954696ae83d71055079b387931 -> 
  custom:scripting/monoscript/fileName/OutputResolution.cs: 31c632d97e9a69bcc2ef10f6feb5bf62 -> 
  custom:scripting/monoscript/fileName/AccumulationSettingsPropertyDrawer.cs: bfc920db0de3c29c2967e88aac1c1027 -> 
  custom:scripting/monoscript/fileName/AnimationInputSettingsPropertyDrawer.cs: ebe1771fecebe7a93badf6354f59c990 -> 
  custom:scripting/monoscript/fileName/CoreEncoderSettings.cs: 2b5db1db3c1fa7de4175a7e143de3ce5 -> 
  custom:scripting/monoscript/fileName/VisualListItem.cs: 90647cc400823b41df847a6cbfc29026 -> 
  custom:scripting/monoscript/fileName/FrameRateProperyDrawer.cs: c478c798f5354f66af45b380be0629f9 -> 
  custom:scripting/monoscript/fileName/InputSettingsSelectorDrawer.cs: bca46dd5b59e2f574c94bef4cdb878fb -> 
  custom:scripting/monoscript/fileName/RecorderWindow.cs: 553a30d64d5ef1dcad6b00b4eeeb3829 -> 
  custom:scripting/monoscript/fileName/AOVCameraInputSettings.cs: 4d2fdf1142ce53d73cb43d39944ba516 -> 
  custom:scripting/monoscript/fileName/EnumProperyDrawer.cs: 90647cc400823b41df847a6cbfc29026 -> 
  custom:scripting/monoscript/fileName/AOVImageInputSelector.cs: b741d8d3a7cbb503c5bdf23d7e6792db -> 
  custom:scripting/monoscript/fileName/CoreEncoderSettingsPropertyDrawer.cs: c8bdf3420d844fd4604c0d0cf3815355 -> 
  custom:scripting/monoscript/fileName/GifEncoderSettings.cs: 812ca6afdf48b830953d76adab9d4030 -> 
  custom:scripting/monoscript/fileName/GIFRecorderSettingsEditor.cs: 4d0f46bcf58d188895fabae5334995ae -> 
  custom:scripting/monoscript/fileName/IEncoder.cs: 007c2ef621b0d92b5a7a6bae91d26090 -> 
  custom:scripting/monoscript/fileName/RecorderOptions.cs: 74782d297e80d8f56c0e05a7cde4e51d -> 
  custom:scripting/precompiled-assembly-types:Unity.Recorder.Editor: cd22b836ef1ca10e7d8c91c9be46b4bf -> 
  custom:scripting/monoscript/fileName/ProResEncoderSettingsPropertyDrawer.cs: 68c25e6d4459336217d4b9e22eb707b4 -> 
  custom:scripting/monoscript/fileName/ImageRecorder.cs: b804c29bfc59a61db184c1d275fe4101 -> 
  custom:scripting/monoscript/fileName/EditableLabel.cs: 4f8fa2c6092744ed6607a411e3f617c0 -> 
  custom:scripting/monoscript/fileName/GameViewInput.cs: 596e7ffa2d11b2002176644af3247ea6 -> 
  custom:audio-encoder-webm-vorbis: bf7c407c2cedff20999df2af8eb42d56 -> 
  custom:scripting/monoscript/fileName/SerializedDictionnary.cs: 90647cc400823b41df847a6cbfc29026 -> 
  custom:scripting/monoscript/fileName/HammersleySequence.cs: b06601f044912976f668045b7d4c79a8 -> 
  custom:scripting/monoscript/fileName/_RecorderComponent.cs: 8c268d1df4e18643d83ea9c6eeba2d9f -> 
  custom:scripting/monoscript/fileName/IAccumulation.cs: 38dee62d444423165276e3254554d005 -> 
  custom:scripting/monoscript/fileName/RecorderController.cs: 5760bd2995080b8d0d9d9e88ab8933c6 -> 
  custom:scripting/monoscript/fileName/EXRRecorderSettings.cs: bf113df492cb5b25e11ec144a73c2f74 -> 
========================================================================
Received Prepare
Caller must complete domain reload
Begin MonoManager ReloadAssembly
- Loaded All Assemblies, in  0.428 seconds
Native extension for WindowsStandalone target not found
Native extension for iOS target not found
Native extension for Android target not found
Mono: successfully reloaded assembly
- Finished resetting the current domain, in  1.008 seconds
Domain Reload Profiling: 1433ms
	BeginReloadAssembly (132ms)
		ExecutionOrderSort (0ms)
		DisableScriptedObjects (4ms)
		BackupInstance (0ms)
		ReleaseScriptingObjects (0ms)
		CreateAndSetChildDomain (26ms)
	RebuildCommonClasses (26ms)
	RebuildNativeTypeToScriptingClass (8ms)
	initialDomainReloadingComplete (29ms)
	LoadAllAssembliesAndSetupDomain (228ms)
		LoadAssemblies (279ms)
		RebuildTransferFunctionScriptingTraits (0ms)
		AnalyzeDomain (19ms)
			TypeCache.Refresh (8ms)
				TypeCache.ScanAssembly (0ms)
			ScanForSourceGeneratedMonoScriptInfo (5ms)
			ResolveRequiredComponents (5ms)
	FinalizeReload (1009ms)
		ReleaseScriptCaches (0ms)
		RebuildScriptCaches (0ms)
		SetupLoadedEditorAssemblies (505ms)
			LogAssemblyErrors (0ms)
			InitializePlatformSupportModulesInManaged (29ms)
			SetLoadedEditorAssemblies (4ms)
			RefreshPlugins (0ms)
			BeforeProcessingInitializeOnLoad (110ms)
			ProcessInitializeOnLoadAttributes (336ms)
			ProcessInitializeOnLoadMethodAttributes (17ms)
			AfterProcessingInitializeOnLoad (9ms)
			EditorAssembliesLoaded (0ms)
		ExecutionOrderSort2 (0ms)
		AwakeInstancesAfterBackupRestoration (5ms)
Refreshing native plugins compatible for Editor in 5.16 ms, found 6 plugins.
Preloading 0 native plugins for Editor in 0.00 ms.
Unloading 3256 Unused Serialized files (Serialized files now loaded: 0)
Unloading 22 unused Assets / (337.3 KB). Loaded Objects now: 3804.
Memory consumption went from 123.2 MB to 122.9 MB.
Total: 2.700300 ms (FindLiveObjects: 0.352300 ms CreateObjectMapping: 0.166600 ms MarkObjects: 2.000300 ms  DeleteObjects: 0.180600 ms)

Prepare: number of updated asset objects reloaded= 0
AssetImportParameters requested are different than current active one (requested -> active):
  custom:scripting/monoscript/fileName/WEBMRecorderSettingsEditor.cs: 5559c87f45d3b65fac8d5ac4ef5e81c8 -> 
  custom:scripting/monoscript/fileName/UIElementHelper.cs: 9f9438adfe3361012ea6280d4cdb2df4 -> 
  custom:scripting/monoscript/fileName/AOVCameraInput.cs: c23c8ce885672bc57e25263b3efd067a -> 
  custom:scripting/monoscript/fileName/BaseTextureRecorder.cs: 90647cc400823b41df847a6cbfc29026 -> 
  custom:scripting/monoscript/fileName/Recorder.cs: a7e319d512627774f8215ba0b76f0bcb -> 
  custom:scripting/monoscript/fileName/AudioRecorder.cs: 89550121570f22445b4a1b28daea3cf9 -> 
  custom:scripting/monoscript/fileName/PanelSplitter.cs: 5ff6c6e385b6b12ca322a9c92ac6f371 -> 
  custom:scripting/monoscript/fileName/ImageRecorderSettings.cs: a7ab05fac9382c03607c40fe73956ed6 -> 
  custom:scripting/monoscript/fileName/RecorderClip.cs: 897017f45cb3c30f306724d1fa17a8fe -> 
  custom:scripting/monoscript/fileName/GIFRecorderSettings.cs: 979f88ae1e7731daed242ab2fdebbc0e -> 
  custom:container-demuxer-ogg: 62fdf1f143b41e24485cea50d1cbac27 -> 
  custom:scripting/monoscript/fileName/MovieRecorder.cs: 024785cf83e1399f425b2aa115d22e2b -> 
  custom:scripting/monoscript/fileName/RecorderControllerSettingsPresetEditor.cs: 49aed206ae65ed5ac6b420f7104cd52d -> 
  custom:scripting/monoscript/fileName/AudioInput.cs: 499e96d8f0b35d362bd956c0975bb873 -> 
  custom:scripting/monoscript/fileName/WEBMRecorderSettings.cs: c176c43abbe456aeea55c2aef862801b -> 
  custom:scripting/monoscript/fileName/RecorderControllerSettingsPreset.cs: 78b391c1384ac60213ef58d50e78d553 -> 
  custom:scripting/monoscript/fileName/GameViewInputSettings.cs: a7ae22123f532f5bbcb39c654c998b57 -> 
  custom:scripting/monoscript/fileName/GameViewInputPropertyDrawer.cs: ae2c8a99c5e33d3d1ffc8232415130e8 -> 
  custom:scripting/monoscript/fileName/Camera360Input.cs: dc473b118c57e0734b0cd3476e333c06 -> 
  custom:scripting/monoscript/fileName/RecorderPreferencesSettingsProvider.cs: d92d314b87f7c2170e267636ebf38224 -> 
  custom:scripting/monoscript/fileName/RecorderBindings.cs: ac25db5b587307cfea909607f62e5641 -> 
  custom:video-decoder-ogg-theora: a1e56fd34408186e4bbccfd4996cb3dc -> 
  custom:scripting/monoscript/fileName/GIFWrapper.cs: 6ef8898a12699129e8f81f06a649cad1 -> 
  custom:scripting/monoscript/fileName/SceneHook.cs: 80fa8928b499d44515dd60e0bc895128 -> 
  custom:scripting/monoscript/fileName/AnimationInput.cs: e810137278708a698c5ccddaeb1a1e64 -> 
  custom:scripting/monoscript/fileName/OutputResolutionPropertyDrawer.cs: 0e33ffdf424417a2e685685cfc04d4b1 -> 
  custom:scripting/monoscript/fileName/EnumHelper.cs: 117b5609cc2a1ae41785cd0c8767815f -> 
  custom:scripting/monoscript/fileName/OutputPath.cs: ee51fcffcd8929d224a5e3fb152d5f62 -> 
  custom:scripting/monoscript/fileName/FileNameGeneratorDrawer.cs: a3ea71dec141084df9b7ffa19c11e2cb -> 
  custom:framework-win-MediaFoundation: 216162199b28c13a410421893ffa2e32 -> 
  custom:scripting/monoscript/fileName/RecorderPreferencesWindowGUIScope.cs: 7a2eba6fcb6829ea8b200991a02c9c06 -> 
  custom:scripting/monoscript/fileName/AspectRatio.cs: 18e3efa554f8258b676d4de53e38b642 -> 
  custom:scripting/monoscript/fileName/CameraInputSettings.cs: 6738f6dd994f658d2cbf6f5f3ba05a0e -> 
  custom:scripting/monoscript/fileName/RefHandle.cs: 90647cc400823b41df847a6cbfc29026 -> 
  custom:scripting/monoscript/fileName/CameraCapture.cs: c6dcba1380d9a4fa09f4e36182a45a73 -> 
  custom:scripting/monoscript/fileName/RecorderControllerSettings.cs: 989e0caa64af9b76551d4ff6bd15f598 -> 
  custom:scripting/monoscript/fileName/TargetedPropertyDrawer.cs: 90647cc400823b41df847a6cbfc29026 -> 
  custom:scripting/monoscript/fileName/MovieRecorderSettings.cs: 02a667a67b113b1f65e3fcadcc882513 -> 
  custom:scripting/monoscript/fileName/RenderTextureInputSettings.cs: ebca820667a63031a7597db85d26451a -> 
  custom:scripting/monoscript/fileName/ImageRecorderEditor.cs: d3134ae4c1dfd8e056bace11130b7692 -> 
  custom:scripting/monoscript/fileName/ProResEncoderSettings.cs: 4aca03881946a7fe9acacf199434009e -> 
  custom:scripting/monoscript/fileName/_FrameRequestComponent.cs: b34f171daaafc65da55ea68e2ed89f2b -> 
  custom:scripting/monoscript/fileName/RenderTextureInput.cs: 5dea77837ae3c82bb14643cd82dc06dc -> 
  custom:scripting/monoscript/fileName/RecorderAnalytics.cs: 0fa40093f6ac3fe75e92d746d563e5ee -> 
  custom:scripting/monoscript/fileName/MP4RecorderSettingsEditor.cs: 68a64b16a7961d71fa7286fd1f782e9b -> 
  custom:scripting/monoscript/fileName/RecorderBindingsEditor.cs: f7451a0e1cea6404b2976d2b2c42e273 -> 
  custom:scripting/monoscript/fileName/BaseRenderTextureInput.cs: 5dc13661a5a0dca5d09ca211933a44e2 -> 
  custom:scripting/monoscript/fileName/StatusBarHelper.cs: da04a6ed046f8a62f416d5d3ea415bef -> 
  custom:scripting/precompiled-assembly-types:Unity.Recorder: bd5378c99f6216e06dd6e2c2a60a86a4 -> 
  custom:CustomObjectIndexerAttribute: 9a22284fe3817be447336de3de66b15e -> 
  custom:scripting/monoscript/fileName/Camera360InputSettings.cs: 3d5eaf1cb3a9df6f9d1d52f3c3018c46 -> 
  custom:scripting/monoscript/fileName/PNGRecorderSettingsEditor.cs: 4970e6657bb34f7efc2c7d8168c7358b -> 
  custom:scripting/monoscript/fileName/ImageHeightSelector.cs: d1a7972bf1d79d90f09ab23c718afe39 -> 
  custom:scripting/monoscript/fileName/AnimationInputSettings.cs: d64a99ebbd13660e9264cb4111ab9832 -> 
  custom:scripting/monoscript/fileName/MP4RecorderSettings.cs: 551f5535c05b86d6ee91684eced14987 -> 
  custom:scripting/monoscript/fileName/RecorderPreferencesSettings.cs: 761b0a55fc5e50239a1d0c4bfc968274 -> 
  custom:container-demuxer-webm: 4f35f7cbe854078d1ac9338744f61a02 -> 
  custom:scripting/monoscript/fileName/RecorderSettingsPrefsEditor.cs: ba9e697f1d269c2c960a41bc543fa408 -> 
  custom:scripting/monoscript/fileName/ProResWrapper.cs: 712515ef615766c98115c6a20d85d6c8 -> 
  custom:scripting/monoscript/fileName/RecordModePropertyDrawer.cs: 165332db07362bbcab2d8dc6d1e1dfda -> 
  custom:scripting/monoscript/fileName/ImageInputSettings.cs: 98a2aedd167d40f01804b04845eeaf15 -> 
  custom:scripting/monoscript/fileName/SerializableObjHelper.cs: f19f181f3f05e8e393225dd7030fb66a -> 
  custom:scripting/monoscript/fileName/InputPropertyDrawer.cs: 90647cc400823b41df847a6cbfc29026 -> 
  custom:scripting/monoscript/fileName/AudioInputSettings.cs: a2c930fca1dd5e27705fbacf39727bb4 -> 
  custom:scripting/monoscript/fileName/InputSettings.cs: 35c56ce5488c6b464726305dcbd33b3d -> 
  custom:scripting/monoscript/fileName/RecorderEditor.cs: 736e59ba52eea987abc47f36a836e575 -> 
  custom:scripting/monoscript/fileName/AudioRecorderSettings.cs: 0b00f2c93558486cc61a06f270f43fea -> 
  custom:scripting/monoscript/fileName/RecordersInventory.cs: fb714c8df18f9b7fc7f3361f604ae3dc -> 
  custom:scripting/monoscript/fileName/BaseFCRecorderSettings.cs: fab928553cedb8703ac192d6cf7b6294 -> 
  custom:scripting/monoscript/fileName/AOVRecorderSettings.cs: cdc731153cd2f1f739300a28ea6a6608 -> 
  custom:scripting/monoscript/fileName/EXRCompressionTypeDrawer.cs: 301cb614ecf84a4dab346c5f76ea2016 -> 
  custom:scripting/monoscript/fileName/AOVRecorder.cs: c53e83f1863b3ea80b6df3885cdb8c82 -> 
  custom:scripting/monoscript/fileName/IEncoderSettings.cs: c7d04fadacf538db841606cc656ae724 -> 
  custom:scripting/monoscript/fileName/ShutterProfileTypePropertyDrawer.cs: 18a32c647eca27716eabcb5a44f00e32 -> 
  custom:scripting/monoscript/fileName/MovieRecorderEditor.cs: eb00ddb8a76b8dfb7c88b7826a49d38b -> 
  custom:scripting/monoscript/fileName/RenderTextureInputSettingsPropertyDrawer.cs: 809602b52454cd1e6229756218a8f453 -> 
  custom:scripting/monoscript/fileName/RecorderPlayableBehaviour.cs: 80165a21f4cd0dda690f708a19d389bd -> 
  custom:scripting/monoscript/fileName/GifEncoderSettingsPropertyDrawer.cs: b36c9a7eaaefccda514b23d7e14761ca -> 
  custom:scripting/monoscript/fileName/PNGRecorder.cs: 08fd40f88cb6b18c96882f263639f57d -> 
  custom:scripting/monoscript/fileName/CameraInputSettingsPropertyDrawer.cs: 91928abf1abf88be098cb088d896aec5 -> 
  custom:scripting/monoscript/fileName/AudioRecorderEditor.cs: 565168dec291afe3fa470657cfc2c123 -> 
  custom:scripting/monoscript/fileName/AOVRecorderEditor.cs: 5ca53ccd6d7645709639507726114395 -> 
  custom:container-muxer-webm: aa71ff27fc2769a1b78a27578f13a17b -> 
  custom:video-decoder-webm-vp8: 9c59270c3fd7afecdb556c50c9e8de78 -> 
  custom:scripting/monoscript/fileName/RecordingSession.cs: f3ad08157c278a036224ca395f350890 -> 
  custom:scripting/monoscript/fileName/GameViewSize.cs: f6128a6515fcafce6db32fcdfa107254 -> 
  custom:scripting/monoscript/fileName/UnityHelpers.cs: b3e077029b574be508585124a9d839ef -> 
  custom:SearchIndexIgnoredProperties: e643bd26f0fe6173181afceb89e7c659 -> 
  custom:scripting/monoscript/fileName/GIFRecorder.cs: c00ece885699fb9084deaccd3eb27518 -> 
  custom:AudioImporter_EditorPlatform: d09bf68614088b80899f8185d706f6e7 -> 
  custom:scripting/monoscript/fileName/EXRRecorder.cs: 3f576ce8ddd959d51a4d7ba1999ecdbb -> 
  custom:scripting/monoscript/fileName/WEBMRecorder.cs: 391b6b920cfbc02401ea522620320c93 -> 
  custom:scripting/monoscript/fileName/RenderTextureSampler.cs: 1a7b9abab9548e1054dc40d6e2fa0270 -> 
  custom:scripting/monoscript/fileName/GifEncoder.cs: 40f336d5c5042a8a04556b4c5804a538 -> 
  custom:scripting/monoscript/fileName/GenericRecorder.cs: 90647cc400823b41df847a6cbfc29026 -> 
  custom:scripting/monoscript/fileName/ImageInputSelector.cs: f55822da877594150873922341be92b6 -> 
  custom:scripting/monoscript/fileName/AnimationRecorderSettingsEditor.cs: db1294bf3d48be44b6e4b2f2cc100b02 -> 
  custom:scripting/monoscript/fileName/RecorderTrack.cs: fac9638ece7eb7daaa1302fa170613fd -> 
  custom:scripting/monoscript/fileName/InputSettingsSelector.cs: 499a4ec92267406782b5c4f3472d53b9 -> 
  custom:scripting/monoscript/fileName/FileNameGenerator.cs: 5c8b6eb5291c3311189e0dfadac99363 -> 
  custom:scripting/monoscript/fileName/RecorderItem.cs: b62d2fcb9547a248575727d8a1646db8 -> 
  custom:scripting/monoscript/fileName/TextureFlipper.cs: 825b503b2ddab9cbd8ebbf3038075092 -> 
  custom:scripting/monoscript/fileName/AccumulationSettings.cs: fb962f0c2333934b681b167574f5e1cd -> 
  custom:scripting/monoscript/fileName/Camera360InputPropertyDrawer.cs: af647a2fe91bec98139246321cac865d -> 
  custom:scripting/monoscript/fileName/RecorderClipEditor.cs: 947ad5ff1f968d7fc40767d187070964 -> 
  custom:scripting/monoscript/fileName/EXRRecorderSettingsEditor.cs: c520a04c5f01331f2c8800e289ef6d6f -> 
  custom:scripting/monoscript/fileName/CoreEncoder.cs: dfaed86e82ad12e6a2b6740a0fb35820 -> 
  custom:scripting/monoscript/fileName/PNGRecorderSettings.cs: 79a421225358808ff14dd88c0355d1b6 -> 
  custom:scripting/monoscript/fileName/AspectRatioPropertyDrawer.cs: 9f18568574138839573389bde3e660a7 -> 
  custom:scripting/monoscript/fileName/ProResEncoder.cs: b375bf2d41e3d89081c3f2d1a0823bf3 -> 
  custom:scripting/monoscript/fileName/CameraInput.cs: bf7e0df3caf9e500f6d1c98c99e165ba -> 
  custom:scripting/monoscript/fileName/RecorderSettings.cs: bc3ef26ac157af28e5460886c0d5ef2e -> 
  custom:scripting/monoscript/fileName/RecorderClipTimelineEditor.cs: 2995d9f50ebc9245c6e9bd75c56415fb -> 
  custom:scripting/monoscript/fileName/EncoderSettingsAttribute.cs: 8352396dc11cff58c65c429fdb4fc67e -> 
  custom:scripting/monoscript/fileName/MP4Recorder.cs: af531c4e1f6d23547da08837eb16b729 -> 
  custom:scripting/monoscript/fileName/EncoderTypeUtilities.cs: a12c4c78a6cd4fb6b93180d59ad77be8 -> 
  custom:scripting/monoscript/fileName/PooledBufferAsyncGPUReadback.cs: 2a4e50c5dda177306c9ec935763c4378 -> 
  custom:scripting/monoscript/fileName/AnimationRecorder.cs: f749a4250195b5467bbf05e3a976b59f -> 
  custom:scripting/precompiled-assembly-types:Unity.Recorder.Base: 3fec19fdf10e3518c41e41a932f2042f -> 
  custom:scripting/monoscript/fileName/AnimationRecorderSettings.cs: 5cfb1544a40f93fe0ea879bb1361c877 -> 
  custom:scripting/monoscript/fileName/RenderTextureSamplerSettings.cs: 68adab84706346f2ecbdfd649ca9cf61 -> 
  custom:scripting/monoscript/fileName/RecordingContext.cs: af9af1e8b283703482ba133924b5585a -> 
  custom:scripting/monoscript/fileName/RecorderSelector.cs: c3cd2caacd181d6eff54dc260c4a1ffb -> 
  custom:video-encoder-webm-vp8: eb34c28f22e8b96e1ab97ce403110664 -> 
  custom:scripting/monoscript/fileName/RecorderInput.cs: 88fd8d8fd71b34ed7298a01f6c2d2e40 -> 
  custom:scripting/monoscript/fileName/RenderTextureSamplerPropertyDrawer.cs: b541817d9cc9b1341d2ddfa8823b718d -> 
  custom:scripting/monoscript/fileName/RecorderSettingsAttribute.cs: ddd228b25da7ba2ac10d13e1efacc875 -> 
  custom:audio-decoder-ogg-vorbis: bf7c407c2cedff20999df2af8eb42d56 -> 
  custom:scripting/monoscript/fileName/OutputPathDrawer.cs: cffc34c1be094e6caeb13ff3b26ca679 -> 
  custom:scripting/monoscript/fileName/EditorVersionsHelper.cs: 3ad9098caeeff0295dba8c0911f5333a -> 
  custom:scripting/monoscript/fileName/SettingAsset.cs: 7c3790954696ae83d71055079b387931 -> 
  custom:scripting/monoscript/fileName/OutputResolution.cs: 31c632d97e9a69bcc2ef10f6feb5bf62 -> 
  custom:scripting/monoscript/fileName/AccumulationSettingsPropertyDrawer.cs: bfc920db0de3c29c2967e88aac1c1027 -> 
  custom:scripting/monoscript/fileName/AnimationInputSettingsPropertyDrawer.cs: ebe1771fecebe7a93badf6354f59c990 -> 
  custom:scripting/monoscript/fileName/CoreEncoderSettings.cs: 2b5db1db3c1fa7de4175a7e143de3ce5 -> 
  custom:scripting/monoscript/fileName/VisualListItem.cs: 90647cc400823b41df847a6cbfc29026 -> 
  custom:scripting/monoscript/fileName/FrameRateProperyDrawer.cs: c478c798f5354f66af45b380be0629f9 -> 
  custom:scripting/monoscript/fileName/InputSettingsSelectorDrawer.cs: bca46dd5b59e2f574c94bef4cdb878fb -> 
  custom:scripting/monoscript/fileName/RecorderWindow.cs: 553a30d64d5ef1dcad6b00b4eeeb3829 -> 
  custom:scripting/monoscript/fileName/AOVCameraInputSettings.cs: 4d2fdf1142ce53d73cb43d39944ba516 -> 
  custom:scripting/monoscript/fileName/EnumProperyDrawer.cs: 90647cc400823b41df847a6cbfc29026 -> 
  custom:scripting/monoscript/fileName/AOVImageInputSelector.cs: b741d8d3a7cbb503c5bdf23d7e6792db -> 
  custom:scripting/monoscript/fileName/CoreEncoderSettingsPropertyDrawer.cs: c8bdf3420d844fd4604c0d0cf3815355 -> 
  custom:scripting/monoscript/fileName/GifEncoderSettings.cs: 812ca6afdf48b830953d76adab9d4030 -> 
  custom:scripting/monoscript/fileName/GIFRecorderSettingsEditor.cs: 4d0f46bcf58d188895fabae5334995ae -> 
  custom:scripting/monoscript/fileName/IEncoder.cs: 007c2ef621b0d92b5a7a6bae91d26090 -> 
  custom:scripting/monoscript/fileName/RecorderOptions.cs: 74782d297e80d8f56c0e05a7cde4e51d -> 
  custom:scripting/precompiled-assembly-types:Unity.Recorder.Editor: cd22b836ef1ca10e7d8c91c9be46b4bf -> 
  custom:scripting/monoscript/fileName/ProResEncoderSettingsPropertyDrawer.cs: 68c25e6d4459336217d4b9e22eb707b4 -> 
  custom:scripting/monoscript/fileName/ImageRecorder.cs: b804c29bfc59a61db184c1d275fe4101 -> 
  custom:scripting/monoscript/fileName/EditableLabel.cs: 4f8fa2c6092744ed6607a411e3f617c0 -> 
  custom:scripting/monoscript/fileName/GameViewInput.cs: 596e7ffa2d11b2002176644af3247ea6 -> 
  custom:audio-encoder-webm-vorbis: bf7c407c2cedff20999df2af8eb42d56 -> 
  custom:scripting/monoscript/fileName/SerializedDictionnary.cs: 90647cc400823b41df847a6cbfc29026 -> 
  custom:scripting/monoscript/fileName/HammersleySequence.cs: b06601f044912976f668045b7d4c79a8 -> 
  custom:scripting/monoscript/fileName/_RecorderComponent.cs: 8c268d1df4e18643d83ea9c6eeba2d9f -> 
  custom:scripting/monoscript/fileName/IAccumulation.cs: 38dee62d444423165276e3254554d005 -> 
  custom:scripting/monoscript/fileName/RecorderController.cs: 5760bd2995080b8d0d9d9e88ab8933c6 -> 
  custom:scripting/monoscript/fileName/EXRRecorderSettings.cs: bf113df492cb5b25e11ec144a73c2f74 -> 
========================================================================
Received Prepare
Caller must complete domain reload
Begin MonoManager ReloadAssembly
- Loaded All Assemblies, in  0.426 seconds
Native extension for WindowsStandalone target not found
Native extension for iOS target not found
Native extension for Android target not found
Mono: successfully reloaded assembly
- Finished resetting the current domain, in  0.949 seconds
Domain Reload Profiling: 1372ms
	BeginReloadAssembly (138ms)
		ExecutionOrderSort (0ms)
		DisableScriptedObjects (4ms)
		BackupInstance (0ms)
		ReleaseScriptingObjects (0ms)
		CreateAndSetChildDomain (23ms)
	RebuildCommonClasses (31ms)
	RebuildNativeTypeToScriptingClass (9ms)
	initialDomainReloadingComplete (27ms)
	LoadAllAssembliesAndSetupDomain (216ms)
		LoadAssemblies (280ms)
		RebuildTransferFunctionScriptingTraits (0ms)
		AnalyzeDomain (18ms)
			TypeCache.Refresh (7ms)
				TypeCache.ScanAssembly (0ms)
			ScanForSourceGeneratedMonoScriptInfo (5ms)
			ResolveRequiredComponents (5ms)
	FinalizeReload (950ms)
		ReleaseScriptCaches (0ms)
		RebuildScriptCaches (0ms)
		SetupLoadedEditorAssemblies (463ms)
			LogAssemblyErrors (0ms)
			InitializePlatformSupportModulesInManaged (28ms)
			SetLoadedEditorAssemblies (3ms)
			RefreshPlugins (0ms)
			BeforeProcessingInitializeOnLoad (83ms)
			ProcessInitializeOnLoadAttributes (323ms)
			ProcessInitializeOnLoadMethodAttributes (17ms)
			AfterProcessingInitializeOnLoad (9ms)
			EditorAssembliesLoaded (0ms)
		ExecutionOrderSort2 (0ms)
		AwakeInstancesAfterBackupRestoration (6ms)
Refreshing native plugins compatible for Editor in 4.76 ms, found 6 plugins.
Preloading 0 native plugins for Editor in 0.00 ms.
Unloading 3256 Unused Serialized files (Serialized files now loaded: 0)
Unloading 22 unused Assets / (337.2 KB). Loaded Objects now: 3807.
Memory consumption went from 123.2 MB to 122.9 MB.
Total: 2.469800 ms (FindLiveObjects: 0.189200 ms CreateObjectMapping: 0.106800 ms MarkObjects: 2.029700 ms  DeleteObjects: 0.143500 ms)

Prepare: number of updated asset objects reloaded= 0
AssetImportParameters requested are different than current active one (requested -> active):
  custom:scripting/monoscript/fileName/WEBMRecorderSettingsEditor.cs: 5559c87f45d3b65fac8d5ac4ef5e81c8 -> 
  custom:scripting/monoscript/fileName/UIElementHelper.cs: 9f9438adfe3361012ea6280d4cdb2df4 -> 
  custom:scripting/monoscript/fileName/AOVCameraInput.cs: c23c8ce885672bc57e25263b3efd067a -> 
  custom:scripting/monoscript/fileName/BaseTextureRecorder.cs: 90647cc400823b41df847a6cbfc29026 -> 
  custom:scripting/monoscript/fileName/Recorder.cs: a7e319d512627774f8215ba0b76f0bcb -> 
  custom:scripting/monoscript/fileName/AudioRecorder.cs: 89550121570f22445b4a1b28daea3cf9 -> 
  custom:scripting/monoscript/fileName/PanelSplitter.cs: 5ff6c6e385b6b12ca322a9c92ac6f371 -> 
  custom:scripting/monoscript/fileName/ImageRecorderSettings.cs: a7ab05fac9382c03607c40fe73956ed6 -> 
  custom:scripting/monoscript/fileName/RecorderClip.cs: 897017f45cb3c30f306724d1fa17a8fe -> 
  custom:scripting/monoscript/fileName/GIFRecorderSettings.cs: 979f88ae1e7731daed242ab2fdebbc0e -> 
  custom:container-demuxer-ogg: 62fdf1f143b41e24485cea50d1cbac27 -> 
  custom:scripting/monoscript/fileName/MovieRecorder.cs: 024785cf83e1399f425b2aa115d22e2b -> 
  custom:scripting/monoscript/fileName/RecorderControllerSettingsPresetEditor.cs: 49aed206ae65ed5ac6b420f7104cd52d -> 
  custom:scripting/monoscript/fileName/AudioInput.cs: 499e96d8f0b35d362bd956c0975bb873 -> 
  custom:scripting/monoscript/fileName/WEBMRecorderSettings.cs: c176c43abbe456aeea55c2aef862801b -> 
  custom:scripting/monoscript/fileName/RecorderControllerSettingsPreset.cs: 78b391c1384ac60213ef58d50e78d553 -> 
  custom:scripting/monoscript/fileName/GameViewInputSettings.cs: a7ae22123f532f5bbcb39c654c998b57 -> 
  custom:scripting/monoscript/fileName/GameViewInputPropertyDrawer.cs: ae2c8a99c5e33d3d1ffc8232415130e8 -> 
  custom:scripting/monoscript/fileName/Camera360Input.cs: dc473b118c57e0734b0cd3476e333c06 -> 
  custom:scripting/monoscript/fileName/RecorderPreferencesSettingsProvider.cs: d92d314b87f7c2170e267636ebf38224 -> 
  custom:scripting/monoscript/fileName/RecorderBindings.cs: ac25db5b587307cfea909607f62e5641 -> 
  custom:video-decoder-ogg-theora: a1e56fd34408186e4bbccfd4996cb3dc -> 
  custom:scripting/monoscript/fileName/GIFWrapper.cs: 6ef8898a12699129e8f81f06a649cad1 -> 
  custom:scripting/monoscript/fileName/SceneHook.cs: 80fa8928b499d44515dd60e0bc895128 -> 
  custom:scripting/monoscript/fileName/AnimationInput.cs: e810137278708a698c5ccddaeb1a1e64 -> 
  custom:scripting/monoscript/fileName/OutputResolutionPropertyDrawer.cs: 0e33ffdf424417a2e685685cfc04d4b1 -> 
  custom:scripting/monoscript/fileName/EnumHelper.cs: 117b5609cc2a1ae41785cd0c8767815f -> 
  custom:scripting/monoscript/fileName/OutputPath.cs: ee51fcffcd8929d224a5e3fb152d5f62 -> 
  custom:scripting/monoscript/fileName/FileNameGeneratorDrawer.cs: a3ea71dec141084df9b7ffa19c11e2cb -> 
  custom:framework-win-MediaFoundation: 216162199b28c13a410421893ffa2e32 -> 
  custom:scripting/monoscript/fileName/RecorderPreferencesWindowGUIScope.cs: 7a2eba6fcb6829ea8b200991a02c9c06 -> 
  custom:scripting/monoscript/fileName/AspectRatio.cs: 18e3efa554f8258b676d4de53e38b642 -> 
  custom:scripting/monoscript/fileName/CameraInputSettings.cs: 6738f6dd994f658d2cbf6f5f3ba05a0e -> 
  custom:scripting/monoscript/fileName/RefHandle.cs: 90647cc400823b41df847a6cbfc29026 -> 
  custom:scripting/monoscript/fileName/CameraCapture.cs: c6dcba1380d9a4fa09f4e36182a45a73 -> 
  custom:scripting/monoscript/fileName/RecorderControllerSettings.cs: 989e0caa64af9b76551d4ff6bd15f598 -> 
  custom:scripting/monoscript/fileName/TargetedPropertyDrawer.cs: 90647cc400823b41df847a6cbfc29026 -> 
  custom:scripting/monoscript/fileName/MovieRecorderSettings.cs: 02a667a67b113b1f65e3fcadcc882513 -> 
  custom:scripting/monoscript/fileName/RenderTextureInputSettings.cs: ebca820667a63031a7597db85d26451a -> 
  custom:scripting/monoscript/fileName/ImageRecorderEditor.cs: d3134ae4c1dfd8e056bace11130b7692 -> 
  custom:scripting/monoscript/fileName/ProResEncoderSettings.cs: 4aca03881946a7fe9acacf199434009e -> 
  custom:scripting/monoscript/fileName/_FrameRequestComponent.cs: b34f171daaafc65da55ea68e2ed89f2b -> 
  custom:scripting/monoscript/fileName/RenderTextureInput.cs: 5dea77837ae3c82bb14643cd82dc06dc -> 
  custom:scripting/monoscript/fileName/RecorderAnalytics.cs: 0fa40093f6ac3fe75e92d746d563e5ee -> 
  custom:scripting/monoscript/fileName/MP4RecorderSettingsEditor.cs: 68a64b16a7961d71fa7286fd1f782e9b -> 
  custom:scripting/monoscript/fileName/RecorderBindingsEditor.cs: f7451a0e1cea6404b2976d2b2c42e273 -> 
  custom:scripting/monoscript/fileName/BaseRenderTextureInput.cs: 5dc13661a5a0dca5d09ca211933a44e2 -> 
  custom:scripting/monoscript/fileName/StatusBarHelper.cs: da04a6ed046f8a62f416d5d3ea415bef -> 
  custom:scripting/precompiled-assembly-types:Unity.Recorder: bd5378c99f6216e06dd6e2c2a60a86a4 -> 
  custom:CustomObjectIndexerAttribute: 9a22284fe3817be447336de3de66b15e -> 
  custom:scripting/monoscript/fileName/Camera360InputSettings.cs: 3d5eaf1cb3a9df6f9d1d52f3c3018c46 -> 
  custom:scripting/monoscript/fileName/PNGRecorderSettingsEditor.cs: 4970e6657bb34f7efc2c7d8168c7358b -> 
  custom:scripting/monoscript/fileName/ImageHeightSelector.cs: d1a7972bf1d79d90f09ab23c718afe39 -> 
  custom:scripting/monoscript/fileName/AnimationInputSettings.cs: d64a99ebbd13660e9264cb4111ab9832 -> 
  custom:scripting/monoscript/fileName/MP4RecorderSettings.cs: 551f5535c05b86d6ee91684eced14987 -> 
  custom:scripting/monoscript/fileName/RecorderPreferencesSettings.cs: 761b0a55fc5e50239a1d0c4bfc968274 -> 
  custom:container-demuxer-webm: 4f35f7cbe854078d1ac9338744f61a02 -> 
  custom:scripting/monoscript/fileName/RecorderSettingsPrefsEditor.cs: ba9e697f1d269c2c960a41bc543fa408 -> 
  custom:scripting/monoscript/fileName/ProResWrapper.cs: 712515ef615766c98115c6a20d85d6c8 -> 
  custom:scripting/monoscript/fileName/RecordModePropertyDrawer.cs: 165332db07362bbcab2d8dc6d1e1dfda -> 
  custom:scripting/monoscript/fileName/ImageInputSettings.cs: 98a2aedd167d40f01804b04845eeaf15 -> 
  custom:scripting/monoscript/fileName/SerializableObjHelper.cs: f19f181f3f05e8e393225dd7030fb66a -> 
  custom:scripting/monoscript/fileName/InputPropertyDrawer.cs: 90647cc400823b41df847a6cbfc29026 -> 
  custom:scripting/monoscript/fileName/AudioInputSettings.cs: a2c930fca1dd5e27705fbacf39727bb4 -> 
  custom:scripting/monoscript/fileName/InputSettings.cs: 35c56ce5488c6b464726305dcbd33b3d -> 
  custom:scripting/monoscript/fileName/RecorderEditor.cs: 736e59ba52eea987abc47f36a836e575 -> 
  custom:scripting/monoscript/fileName/AudioRecorderSettings.cs: 0b00f2c93558486cc61a06f270f43fea -> 
  custom:scripting/monoscript/fileName/RecordersInventory.cs: fb714c8df18f9b7fc7f3361f604ae3dc -> 
  custom:scripting/monoscript/fileName/BaseFCRecorderSettings.cs: fab928553cedb8703ac192d6cf7b6294 -> 
  custom:scripting/monoscript/fileName/AOVRecorderSettings.cs: cdc731153cd2f1f739300a28ea6a6608 -> 
  custom:scripting/monoscript/fileName/EXRCompressionTypeDrawer.cs: 301cb614ecf84a4dab346c5f76ea2016 -> 
  custom:scripting/monoscript/fileName/AOVRecorder.cs: c53e83f1863b3ea80b6df3885cdb8c82 -> 
  custom:scripting/monoscript/fileName/IEncoderSettings.cs: c7d04fadacf538db841606cc656ae724 -> 
  custom:scripting/monoscript/fileName/ShutterProfileTypePropertyDrawer.cs: 18a32c647eca27716eabcb5a44f00e32 -> 
  custom:scripting/monoscript/fileName/MovieRecorderEditor.cs: eb00ddb8a76b8dfb7c88b7826a49d38b -> 
  custom:scripting/monoscript/fileName/RenderTextureInputSettingsPropertyDrawer.cs: 809602b52454cd1e6229756218a8f453 -> 
  custom:scripting/monoscript/fileName/RecorderPlayableBehaviour.cs: 80165a21f4cd0dda690f708a19d389bd -> 
  custom:scripting/monoscript/fileName/GifEncoderSettingsPropertyDrawer.cs: b36c9a7eaaefccda514b23d7e14761ca -> 
  custom:scripting/monoscript/fileName/PNGRecorder.cs: 08fd40f88cb6b18c96882f263639f57d -> 
  custom:scripting/monoscript/fileName/CameraInputSettingsPropertyDrawer.cs: 91928abf1abf88be098cb088d896aec5 -> 
  custom:scripting/monoscript/fileName/AudioRecorderEditor.cs: 565168dec291afe3fa470657cfc2c123 -> 
  custom:scripting/monoscript/fileName/AOVRecorderEditor.cs: 5ca53ccd6d7645709639507726114395 -> 
  custom:container-muxer-webm: aa71ff27fc2769a1b78a27578f13a17b -> 
  custom:video-decoder-webm-vp8: 9c59270c3fd7afecdb556c50c9e8de78 -> 
  custom:scripting/monoscript/fileName/RecordingSession.cs: f3ad08157c278a036224ca395f350890 -> 
  custom:scripting/monoscript/fileName/GameViewSize.cs: f6128a6515fcafce6db32fcdfa107254 -> 
  custom:scripting/monoscript/fileName/UnityHelpers.cs: b3e077029b574be508585124a9d839ef -> 
  custom:SearchIndexIgnoredProperties: e643bd26f0fe6173181afceb89e7c659 -> 
  custom:scripting/monoscript/fileName/GIFRecorder.cs: c00ece885699fb9084deaccd3eb27518 -> 
  custom:AudioImporter_EditorPlatform: d09bf68614088b80899f8185d706f6e7 -> 
  custom:scripting/monoscript/fileName/EXRRecorder.cs: 3f576ce8ddd959d51a4d7ba1999ecdbb -> 
  custom:scripting/monoscript/fileName/WEBMRecorder.cs: 391b6b920cfbc02401ea522620320c93 -> 
  custom:scripting/monoscript/fileName/RenderTextureSampler.cs: 1a7b9abab9548e1054dc40d6e2fa0270 -> 
  custom:scripting/monoscript/fileName/GifEncoder.cs: 40f336d5c5042a8a04556b4c5804a538 -> 
  custom:scripting/monoscript/fileName/GenericRecorder.cs: 90647cc400823b41df847a6cbfc29026 -> 
  custom:scripting/monoscript/fileName/ImageInputSelector.cs: f55822da877594150873922341be92b6 -> 
  custom:scripting/monoscript/fileName/AnimationRecorderSettingsEditor.cs: db1294bf3d48be44b6e4b2f2cc100b02 -> 
  custom:scripting/monoscript/fileName/RecorderTrack.cs: fac9638ece7eb7daaa1302fa170613fd -> 
  custom:scripting/monoscript/fileName/InputSettingsSelector.cs: 499a4ec92267406782b5c4f3472d53b9 -> 
  custom:scripting/monoscript/fileName/FileNameGenerator.cs: 5c8b6eb5291c3311189e0dfadac99363 -> 
  custom:scripting/monoscript/fileName/RecorderItem.cs: b62d2fcb9547a248575727d8a1646db8 -> 
  custom:scripting/monoscript/fileName/TextureFlipper.cs: 825b503b2ddab9cbd8ebbf3038075092 -> 
  custom:scripting/monoscript/fileName/AccumulationSettings.cs: fb962f0c2333934b681b167574f5e1cd -> 
  custom:scripting/monoscript/fileName/Camera360InputPropertyDrawer.cs: af647a2fe91bec98139246321cac865d -> 
  custom:scripting/monoscript/fileName/RecorderClipEditor.cs: 947ad5ff1f968d7fc40767d187070964 -> 
  custom:scripting/monoscript/fileName/EXRRecorderSettingsEditor.cs: c520a04c5f01331f2c8800e289ef6d6f -> 
  custom:scripting/monoscript/fileName/CoreEncoder.cs: dfaed86e82ad12e6a2b6740a0fb35820 -> 
  custom:scripting/monoscript/fileName/PNGRecorderSettings.cs: 79a421225358808ff14dd88c0355d1b6 -> 
  custom:scripting/monoscript/fileName/AspectRatioPropertyDrawer.cs: 9f18568574138839573389bde3e660a7 -> 
  custom:scripting/monoscript/fileName/ProResEncoder.cs: b375bf2d41e3d89081c3f2d1a0823bf3 -> 
  custom:scripting/monoscript/fileName/CameraInput.cs: bf7e0df3caf9e500f6d1c98c99e165ba -> 
  custom:scripting/monoscript/fileName/RecorderSettings.cs: bc3ef26ac157af28e5460886c0d5ef2e -> 
  custom:scripting/monoscript/fileName/RecorderClipTimelineEditor.cs: 2995d9f50ebc9245c6e9bd75c56415fb -> 
  custom:scripting/monoscript/fileName/EncoderSettingsAttribute.cs: 8352396dc11cff58c65c429fdb4fc67e -> 
  custom:scripting/monoscript/fileName/MP4Recorder.cs: af531c4e1f6d23547da08837eb16b729 -> 
  custom:scripting/monoscript/fileName/EncoderTypeUtilities.cs: a12c4c78a6cd4fb6b93180d59ad77be8 -> 
  custom:scripting/monoscript/fileName/PooledBufferAsyncGPUReadback.cs: 2a4e50c5dda177306c9ec935763c4378 -> 
  custom:scripting/monoscript/fileName/AnimationRecorder.cs: f749a4250195b5467bbf05e3a976b59f -> 
  custom:scripting/precompiled-assembly-types:Unity.Recorder.Base: 3fec19fdf10e3518c41e41a932f2042f -> 
  custom:scripting/monoscript/fileName/AnimationRecorderSettings.cs: 5cfb1544a40f93fe0ea879bb1361c877 -> 
  custom:scripting/monoscript/fileName/RenderTextureSamplerSettings.cs: 68adab84706346f2ecbdfd649ca9cf61 -> 
  custom:scripting/monoscript/fileName/RecordingContext.cs: af9af1e8b283703482ba133924b5585a -> 
  custom:scripting/monoscript/fileName/RecorderSelector.cs: c3cd2caacd181d6eff54dc260c4a1ffb -> 
  custom:video-encoder-webm-vp8: eb34c28f22e8b96e1ab97ce403110664 -> 
  custom:scripting/monoscript/fileName/RecorderInput.cs: 88fd8d8fd71b34ed7298a01f6c2d2e40 -> 
  custom:scripting/monoscript/fileName/RenderTextureSamplerPropertyDrawer.cs: b541817d9cc9b1341d2ddfa8823b718d -> 
  custom:scripting/monoscript/fileName/RecorderSettingsAttribute.cs: ddd228b25da7ba2ac10d13e1efacc875 -> 
  custom:audio-decoder-ogg-vorbis: bf7c407c2cedff20999df2af8eb42d56 -> 
  custom:scripting/monoscript/fileName/OutputPathDrawer.cs: cffc34c1be094e6caeb13ff3b26ca679 -> 
  custom:scripting/monoscript/fileName/EditorVersionsHelper.cs: 3ad9098caeeff0295dba8c0911f5333a -> 
  custom:scripting/monoscript/fileName/SettingAsset.cs: 7c3790954696ae83d71055079b387931 -> 
  custom:scripting/monoscript/fileName/OutputResolution.cs: 31c632d97e9a69bcc2ef10f6feb5bf62 -> 
  custom:scripting/monoscript/fileName/AccumulationSettingsPropertyDrawer.cs: bfc920db0de3c29c2967e88aac1c1027 -> 
  custom:scripting/monoscript/fileName/AnimationInputSettingsPropertyDrawer.cs: ebe1771fecebe7a93badf6354f59c990 -> 
  custom:scripting/monoscript/fileName/CoreEncoderSettings.cs: 2b5db1db3c1fa7de4175a7e143de3ce5 -> 
  custom:scripting/monoscript/fileName/VisualListItem.cs: 90647cc400823b41df847a6cbfc29026 -> 
  custom:scripting/monoscript/fileName/FrameRateProperyDrawer.cs: c478c798f5354f66af45b380be0629f9 -> 
  custom:scripting/monoscript/fileName/InputSettingsSelectorDrawer.cs: bca46dd5b59e2f574c94bef4cdb878fb -> 
  custom:scripting/monoscript/fileName/RecorderWindow.cs: 553a30d64d5ef1dcad6b00b4eeeb3829 -> 
  custom:scripting/monoscript/fileName/AOVCameraInputSettings.cs: 4d2fdf1142ce53d73cb43d39944ba516 -> 
  custom:scripting/monoscript/fileName/EnumProperyDrawer.cs: 90647cc400823b41df847a6cbfc29026 -> 
  custom:scripting/monoscript/fileName/AOVImageInputSelector.cs: b741d8d3a7cbb503c5bdf23d7e6792db -> 
  custom:scripting/monoscript/fileName/CoreEncoderSettingsPropertyDrawer.cs: c8bdf3420d844fd4604c0d0cf3815355 -> 
  custom:scripting/monoscript/fileName/GifEncoderSettings.cs: 812ca6afdf48b830953d76adab9d4030 -> 
  custom:scripting/monoscript/fileName/GIFRecorderSettingsEditor.cs: 4d0f46bcf58d188895fabae5334995ae -> 
  custom:scripting/monoscript/fileName/IEncoder.cs: 007c2ef621b0d92b5a7a6bae91d26090 -> 
  custom:scripting/monoscript/fileName/RecorderOptions.cs: 74782d297e80d8f56c0e05a7cde4e51d -> 
  custom:scripting/precompiled-assembly-types:Unity.Recorder.Editor: cd22b836ef1ca10e7d8c91c9be46b4bf -> 
  custom:scripting/monoscript/fileName/ProResEncoderSettingsPropertyDrawer.cs: 68c25e6d4459336217d4b9e22eb707b4 -> 
  custom:scripting/monoscript/fileName/ImageRecorder.cs: b804c29bfc59a61db184c1d275fe4101 -> 
  custom:scripting/monoscript/fileName/EditableLabel.cs: 4f8fa2c6092744ed6607a411e3f617c0 -> 
  custom:scripting/monoscript/fileName/GameViewInput.cs: 596e7ffa2d11b2002176644af3247ea6 -> 
  custom:audio-encoder-webm-vorbis: bf7c407c2cedff20999df2af8eb42d56 -> 
  custom:scripting/monoscript/fileName/SerializedDictionnary.cs: 90647cc400823b41df847a6cbfc29026 -> 
  custom:scripting/monoscript/fileName/HammersleySequence.cs: b06601f044912976f668045b7d4c79a8 -> 
  custom:scripting/monoscript/fileName/_RecorderComponent.cs: 8c268d1df4e18643d83ea9c6eeba2d9f -> 
  custom:scripting/monoscript/fileName/IAccumulation.cs: 38dee62d444423165276e3254554d005 -> 
  custom:scripting/monoscript/fileName/RecorderController.cs: 5760bd2995080b8d0d9d9e88ab8933c6 -> 
  custom:scripting/monoscript/fileName/EXRRecorderSettings.cs: bf113df492cb5b25e11ec144a73c2f74 -> 
========================================================================
Received Prepare
Caller must complete domain reload
Begin MonoManager ReloadAssembly
- Loaded All Assemblies, in  0.403 seconds
Native extension for WindowsStandalone target not found
Native extension for iOS target not found
Native extension for Android target not found
Mono: successfully reloaded assembly
- Finished resetting the current domain, in  0.965 seconds
Domain Reload Profiling: 1365ms
	BeginReloadAssembly (124ms)
		ExecutionOrderSort (0ms)
		DisableScriptedObjects (4ms)
		BackupInstance (0ms)
		ReleaseScriptingObjects (0ms)
		CreateAndSetChildDomain (23ms)
	RebuildCommonClasses (25ms)
	RebuildNativeTypeToScriptingClass (9ms)
	initialDomainReloadingComplete (27ms)
	LoadAllAssembliesAndSetupDomain (215ms)
		LoadAssemblies (273ms)
		RebuildTransferFunctionScriptingTraits (0ms)
		AnalyzeDomain (11ms)
			TypeCache.Refresh (5ms)
				TypeCache.ScanAssembly (0ms)
			ScanForSourceGeneratedMonoScriptInfo (0ms)
			ResolveRequiredComponents (5ms)
	FinalizeReload (966ms)
		ReleaseScriptCaches (0ms)
		RebuildScriptCaches (0ms)
		SetupLoadedEditorAssemblies (481ms)
			LogAssemblyErrors (0ms)
			InitializePlatformSupportModulesInManaged (29ms)
			SetLoadedEditorAssemblies (4ms)
			RefreshPlugins (0ms)
			BeforeProcessingInitializeOnLoad (86ms)
			ProcessInitializeOnLoadAttributes (335ms)
			ProcessInitializeOnLoadMethodAttributes (18ms)
			AfterProcessingInitializeOnLoad (9ms)
			EditorAssembliesLoaded (0ms)
		ExecutionOrderSort2 (0ms)
		AwakeInstancesAfterBackupRestoration (5ms)
Refreshing native plugins compatible for Editor in 4.86 ms, found 6 plugins.
Preloading 0 native plugins for Editor in 0.00 ms.
Unloading 3256 Unused Serialized files (Serialized files now loaded: 0)
Unloading 22 unused Assets / (337.2 KB). Loaded Objects now: 3810.
Memory consumption went from 123.2 MB to 122.9 MB.
Total: 2.301700 ms (FindLiveObjects: 0.185900 ms CreateObjectMapping: 0.075400 ms MarkObjects: 1.871700 ms  DeleteObjects: 0.168200 ms)

Prepare: number of updated asset objects reloaded= 0
AssetImportParameters requested are different than current active one (requested -> active):
  custom:scripting/monoscript/fileName/WEBMRecorderSettingsEditor.cs: 5559c87f45d3b65fac8d5ac4ef5e81c8 -> 
  custom:scripting/monoscript/fileName/UIElementHelper.cs: 9f9438adfe3361012ea6280d4cdb2df4 -> 
  custom:scripting/monoscript/fileName/AOVCameraInput.cs: c23c8ce885672bc57e25263b3efd067a -> 
  custom:scripting/monoscript/fileName/BaseTextureRecorder.cs: 90647cc400823b41df847a6cbfc29026 -> 
  custom:scripting/monoscript/fileName/Recorder.cs: a7e319d512627774f8215ba0b76f0bcb -> 
  custom:scripting/monoscript/fileName/AudioRecorder.cs: 89550121570f22445b4a1b28daea3cf9 -> 
  custom:scripting/monoscript/fileName/PanelSplitter.cs: 5ff6c6e385b6b12ca322a9c92ac6f371 -> 
  custom:scripting/monoscript/fileName/ImageRecorderSettings.cs: a7ab05fac9382c03607c40fe73956ed6 -> 
  custom:scripting/monoscript/fileName/RecorderClip.cs: 897017f45cb3c30f306724d1fa17a8fe -> 
  custom:scripting/monoscript/fileName/GIFRecorderSettings.cs: 979f88ae1e7731daed242ab2fdebbc0e -> 
  custom:container-demuxer-ogg: 62fdf1f143b41e24485cea50d1cbac27 -> 
  custom:scripting/monoscript/fileName/MovieRecorder.cs: 024785cf83e1399f425b2aa115d22e2b -> 
  custom:scripting/monoscript/fileName/RecorderControllerSettingsPresetEditor.cs: 49aed206ae65ed5ac6b420f7104cd52d -> 
  custom:scripting/monoscript/fileName/AudioInput.cs: 499e96d8f0b35d362bd956c0975bb873 -> 
  custom:scripting/monoscript/fileName/WEBMRecorderSettings.cs: c176c43abbe456aeea55c2aef862801b -> 
  custom:scripting/monoscript/fileName/RecorderControllerSettingsPreset.cs: 78b391c1384ac60213ef58d50e78d553 -> 
  custom:scripting/monoscript/fileName/GameViewInputSettings.cs: a7ae22123f532f5bbcb39c654c998b57 -> 
  custom:scripting/monoscript/fileName/GameViewInputPropertyDrawer.cs: ae2c8a99c5e33d3d1ffc8232415130e8 -> 
  custom:scripting/monoscript/fileName/Camera360Input.cs: dc473b118c57e0734b0cd3476e333c06 -> 
  custom:scripting/monoscript/fileName/RecorderPreferencesSettingsProvider.cs: d92d314b87f7c2170e267636ebf38224 -> 
  custom:scripting/monoscript/fileName/RecorderBindings.cs: ac25db5b587307cfea909607f62e5641 -> 
  custom:video-decoder-ogg-theora: a1e56fd34408186e4bbccfd4996cb3dc -> 
  custom:scripting/monoscript/fileName/GIFWrapper.cs: 6ef8898a12699129e8f81f06a649cad1 -> 
  custom:scripting/monoscript/fileName/SceneHook.cs: 80fa8928b499d44515dd60e0bc895128 -> 
  custom:scripting/monoscript/fileName/AnimationInput.cs: e810137278708a698c5ccddaeb1a1e64 -> 
  custom:scripting/monoscript/fileName/OutputResolutionPropertyDrawer.cs: 0e33ffdf424417a2e685685cfc04d4b1 -> 
  custom:scripting/monoscript/fileName/EnumHelper.cs: 117b5609cc2a1ae41785cd0c8767815f -> 
  custom:scripting/monoscript/fileName/OutputPath.cs: ee51fcffcd8929d224a5e3fb152d5f62 -> 
  custom:scripting/monoscript/fileName/FileNameGeneratorDrawer.cs: a3ea71dec141084df9b7ffa19c11e2cb -> 
  custom:framework-win-MediaFoundation: 216162199b28c13a410421893ffa2e32 -> 
  custom:scripting/monoscript/fileName/RecorderPreferencesWindowGUIScope.cs: 7a2eba6fcb6829ea8b200991a02c9c06 -> 
  custom:scripting/monoscript/fileName/AspectRatio.cs: 18e3efa554f8258b676d4de53e38b642 -> 
  custom:scripting/monoscript/fileName/CameraInputSettings.cs: 6738f6dd994f658d2cbf6f5f3ba05a0e -> 
  custom:scripting/monoscript/fileName/RefHandle.cs: 90647cc400823b41df847a6cbfc29026 -> 
  custom:scripting/monoscript/fileName/CameraCapture.cs: c6dcba1380d9a4fa09f4e36182a45a73 -> 
  custom:scripting/monoscript/fileName/RecorderControllerSettings.cs: 989e0caa64af9b76551d4ff6bd15f598 -> 
  custom:scripting/monoscript/fileName/TargetedPropertyDrawer.cs: 90647cc400823b41df847a6cbfc29026 -> 
  custom:scripting/monoscript/fileName/MovieRecorderSettings.cs: 02a667a67b113b1f65e3fcadcc882513 -> 
  custom:scripting/monoscript/fileName/RenderTextureInputSettings.cs: ebca820667a63031a7597db85d26451a -> 
  custom:scripting/monoscript/fileName/ImageRecorderEditor.cs: d3134ae4c1dfd8e056bace11130b7692 -> 
  custom:scripting/monoscript/fileName/ProResEncoderSettings.cs: 4aca03881946a7fe9acacf199434009e -> 
  custom:scripting/monoscript/fileName/_FrameRequestComponent.cs: b34f171daaafc65da55ea68e2ed89f2b -> 
  custom:scripting/monoscript/fileName/RenderTextureInput.cs: 5dea77837ae3c82bb14643cd82dc06dc -> 
  custom:scripting/monoscript/fileName/RecorderAnalytics.cs: 0fa40093f6ac3fe75e92d746d563e5ee -> 
  custom:scripting/monoscript/fileName/MP4RecorderSettingsEditor.cs: 68a64b16a7961d71fa7286fd1f782e9b -> 
  custom:scripting/monoscript/fileName/RecorderBindingsEditor.cs: f7451a0e1cea6404b2976d2b2c42e273 -> 
  custom:scripting/monoscript/fileName/BaseRenderTextureInput.cs: 5dc13661a5a0dca5d09ca211933a44e2 -> 
  custom:scripting/monoscript/fileName/StatusBarHelper.cs: da04a6ed046f8a62f416d5d3ea415bef -> 
  custom:scripting/precompiled-assembly-types:Unity.Recorder: bd5378c99f6216e06dd6e2c2a60a86a4 -> 
  custom:CustomObjectIndexerAttribute: 9a22284fe3817be447336de3de66b15e -> 
  custom:scripting/monoscript/fileName/Camera360InputSettings.cs: 3d5eaf1cb3a9df6f9d1d52f3c3018c46 -> 
  custom:scripting/monoscript/fileName/PNGRecorderSettingsEditor.cs: 4970e6657bb34f7efc2c7d8168c7358b -> 
  custom:scripting/monoscript/fileName/ImageHeightSelector.cs: d1a7972bf1d79d90f09ab23c718afe39 -> 
  custom:scripting/monoscript/fileName/AnimationInputSettings.cs: d64a99ebbd13660e9264cb4111ab9832 -> 
  custom:scripting/monoscript/fileName/MP4RecorderSettings.cs: 551f5535c05b86d6ee91684eced14987 -> 
  custom:scripting/monoscript/fileName/RecorderPreferencesSettings.cs: 761b0a55fc5e50239a1d0c4bfc968274 -> 
  custom:container-demuxer-webm: 4f35f7cbe854078d1ac9338744f61a02 -> 
  custom:scripting/monoscript/fileName/RecorderSettingsPrefsEditor.cs: ba9e697f1d269c2c960a41bc543fa408 -> 
  custom:scripting/monoscript/fileName/ProResWrapper.cs: 712515ef615766c98115c6a20d85d6c8 -> 
  custom:scripting/monoscript/fileName/RecordModePropertyDrawer.cs: 165332db07362bbcab2d8dc6d1e1dfda -> 
  custom:scripting/monoscript/fileName/ImageInputSettings.cs: 98a2aedd167d40f01804b04845eeaf15 -> 
  custom:scripting/monoscript/fileName/SerializableObjHelper.cs: f19f181f3f05e8e393225dd7030fb66a -> 
  custom:scripting/monoscript/fileName/InputPropertyDrawer.cs: 90647cc400823b41df847a6cbfc29026 -> 
  custom:scripting/monoscript/fileName/AudioInputSettings.cs: a2c930fca1dd5e27705fbacf39727bb4 -> 
  custom:scripting/monoscript/fileName/InputSettings.cs: 35c56ce5488c6b464726305dcbd33b3d -> 
  custom:scripting/monoscript/fileName/RecorderEditor.cs: 736e59ba52eea987abc47f36a836e575 -> 
  custom:scripting/monoscript/fileName/AudioRecorderSettings.cs: 0b00f2c93558486cc61a06f270f43fea -> 
  custom:scripting/monoscript/fileName/RecordersInventory.cs: fb714c8df18f9b7fc7f3361f604ae3dc -> 
  custom:scripting/monoscript/fileName/BaseFCRecorderSettings.cs: fab928553cedb8703ac192d6cf7b6294 -> 
  custom:scripting/monoscript/fileName/AOVRecorderSettings.cs: cdc731153cd2f1f739300a28ea6a6608 -> 
  custom:scripting/monoscript/fileName/EXRCompressionTypeDrawer.cs: 301cb614ecf84a4dab346c5f76ea2016 -> 
  custom:scripting/monoscript/fileName/AOVRecorder.cs: c53e83f1863b3ea80b6df3885cdb8c82 -> 
  custom:scripting/monoscript/fileName/IEncoderSettings.cs: c7d04fadacf538db841606cc656ae724 -> 
  custom:scripting/monoscript/fileName/ShutterProfileTypePropertyDrawer.cs: 18a32c647eca27716eabcb5a44f00e32 -> 
  custom:scripting/monoscript/fileName/MovieRecorderEditor.cs: eb00ddb8a76b8dfb7c88b7826a49d38b -> 
  custom:scripting/monoscript/fileName/RenderTextureInputSettingsPropertyDrawer.cs: 809602b52454cd1e6229756218a8f453 -> 
  custom:scripting/monoscript/fileName/RecorderPlayableBehaviour.cs: 80165a21f4cd0dda690f708a19d389bd -> 
  custom:scripting/monoscript/fileName/GifEncoderSettingsPropertyDrawer.cs: b36c9a7eaaefccda514b23d7e14761ca -> 
  custom:scripting/monoscript/fileName/PNGRecorder.cs: 08fd40f88cb6b18c96882f263639f57d -> 
  custom:scripting/monoscript/fileName/CameraInputSettingsPropertyDrawer.cs: 91928abf1abf88be098cb088d896aec5 -> 
  custom:scripting/monoscript/fileName/AudioRecorderEditor.cs: 565168dec291afe3fa470657cfc2c123 -> 
  custom:scripting/monoscript/fileName/AOVRecorderEditor.cs: 5ca53ccd6d7645709639507726114395 -> 
  custom:container-muxer-webm: aa71ff27fc2769a1b78a27578f13a17b -> 
  custom:video-decoder-webm-vp8: 9c59270c3fd7afecdb556c50c9e8de78 -> 
  custom:scripting/monoscript/fileName/RecordingSession.cs: f3ad08157c278a036224ca395f350890 -> 
  custom:scripting/monoscript/fileName/GameViewSize.cs: f6128a6515fcafce6db32fcdfa107254 -> 
  custom:scripting/monoscript/fileName/UnityHelpers.cs: b3e077029b574be508585124a9d839ef -> 
  custom:SearchIndexIgnoredProperties: e643bd26f0fe6173181afceb89e7c659 -> 
  custom:scripting/monoscript/fileName/GIFRecorder.cs: c00ece885699fb9084deaccd3eb27518 -> 
  custom:AudioImporter_EditorPlatform: d09bf68614088b80899f8185d706f6e7 -> 
  custom:scripting/monoscript/fileName/EXRRecorder.cs: 3f576ce8ddd959d51a4d7ba1999ecdbb -> 
  custom:scripting/monoscript/fileName/WEBMRecorder.cs: 391b6b920cfbc02401ea522620320c93 -> 
  custom:scripting/monoscript/fileName/RenderTextureSampler.cs: 1a7b9abab9548e1054dc40d6e2fa0270 -> 
  custom:scripting/monoscript/fileName/GifEncoder.cs: 40f336d5c5042a8a04556b4c5804a538 -> 
  custom:scripting/monoscript/fileName/GenericRecorder.cs: 90647cc400823b41df847a6cbfc29026 -> 
  custom:scripting/monoscript/fileName/ImageInputSelector.cs: f55822da877594150873922341be92b6 -> 
  custom:scripting/monoscript/fileName/AnimationRecorderSettingsEditor.cs: db1294bf3d48be44b6e4b2f2cc100b02 -> 
  custom:scripting/monoscript/fileName/RecorderTrack.cs: fac9638ece7eb7daaa1302fa170613fd -> 
  custom:scripting/monoscript/fileName/InputSettingsSelector.cs: 499a4ec92267406782b5c4f3472d53b9 -> 
  custom:scripting/monoscript/fileName/FileNameGenerator.cs: 5c8b6eb5291c3311189e0dfadac99363 -> 
  custom:scripting/monoscript/fileName/RecorderItem.cs: b62d2fcb9547a248575727d8a1646db8 -> 
  custom:scripting/monoscript/fileName/TextureFlipper.cs: 825b503b2ddab9cbd8ebbf3038075092 -> 
  custom:scripting/monoscript/fileName/AccumulationSettings.cs: fb962f0c2333934b681b167574f5e1cd -> 
  custom:scripting/monoscript/fileName/Camera360InputPropertyDrawer.cs: af647a2fe91bec98139246321cac865d -> 
  custom:scripting/monoscript/fileName/RecorderClipEditor.cs: 947ad5ff1f968d7fc40767d187070964 -> 
  custom:scripting/monoscript/fileName/EXRRecorderSettingsEditor.cs: c520a04c5f01331f2c8800e289ef6d6f -> 
  custom:scripting/monoscript/fileName/CoreEncoder.cs: dfaed86e82ad12e6a2b6740a0fb35820 -> 
  custom:scripting/monoscript/fileName/PNGRecorderSettings.cs: 79a421225358808ff14dd88c0355d1b6 -> 
  custom:scripting/monoscript/fileName/AspectRatioPropertyDrawer.cs: 9f18568574138839573389bde3e660a7 -> 
  custom:scripting/monoscript/fileName/ProResEncoder.cs: b375bf2d41e3d89081c3f2d1a0823bf3 -> 
  custom:scripting/monoscript/fileName/CameraInput.cs: bf7e0df3caf9e500f6d1c98c99e165ba -> 
  custom:scripting/monoscript/fileName/RecorderSettings.cs: bc3ef26ac157af28e5460886c0d5ef2e -> 
  custom:scripting/monoscript/fileName/RecorderClipTimelineEditor.cs: 2995d9f50ebc9245c6e9bd75c56415fb -> 
  custom:scripting/monoscript/fileName/EncoderSettingsAttribute.cs: 8352396dc11cff58c65c429fdb4fc67e -> 
  custom:scripting/monoscript/fileName/MP4Recorder.cs: af531c4e1f6d23547da08837eb16b729 -> 
  custom:scripting/monoscript/fileName/EncoderTypeUtilities.cs: a12c4c78a6cd4fb6b93180d59ad77be8 -> 
  custom:scripting/monoscript/fileName/PooledBufferAsyncGPUReadback.cs: 2a4e50c5dda177306c9ec935763c4378 -> 
  custom:scripting/monoscript/fileName/AnimationRecorder.cs: f749a4250195b5467bbf05e3a976b59f -> 
  custom:scripting/precompiled-assembly-types:Unity.Recorder.Base: 3fec19fdf10e3518c41e41a932f2042f -> 
  custom:scripting/monoscript/fileName/AnimationRecorderSettings.cs: 5cfb1544a40f93fe0ea879bb1361c877 -> 
  custom:scripting/monoscript/fileName/RenderTextureSamplerSettings.cs: 68adab84706346f2ecbdfd649ca9cf61 -> 
  custom:scripting/monoscript/fileName/RecordingContext.cs: af9af1e8b283703482ba133924b5585a -> 
  custom:scripting/monoscript/fileName/RecorderSelector.cs: c3cd2caacd181d6eff54dc260c4a1ffb -> 
  custom:video-encoder-webm-vp8: eb34c28f22e8b96e1ab97ce403110664 -> 
  custom:scripting/monoscript/fileName/RecorderInput.cs: 88fd8d8fd71b34ed7298a01f6c2d2e40 -> 
  custom:scripting/monoscript/fileName/RenderTextureSamplerPropertyDrawer.cs: b541817d9cc9b1341d2ddfa8823b718d -> 
  custom:scripting/monoscript/fileName/RecorderSettingsAttribute.cs: ddd228b25da7ba2ac10d13e1efacc875 -> 
  custom:audio-decoder-ogg-vorbis: bf7c407c2cedff20999df2af8eb42d56 -> 
  custom:scripting/monoscript/fileName/OutputPathDrawer.cs: cffc34c1be094e6caeb13ff3b26ca679 -> 
  custom:scripting/monoscript/fileName/EditorVersionsHelper.cs: 3ad9098caeeff0295dba8c0911f5333a -> 
  custom:scripting/monoscript/fileName/SettingAsset.cs: 7c3790954696ae83d71055079b387931 -> 
  custom:scripting/monoscript/fileName/OutputResolution.cs: 31c632d97e9a69bcc2ef10f6feb5bf62 -> 
  custom:scripting/monoscript/fileName/AccumulationSettingsPropertyDrawer.cs: bfc920db0de3c29c2967e88aac1c1027 -> 
  custom:scripting/monoscript/fileName/AnimationInputSettingsPropertyDrawer.cs: ebe1771fecebe7a93badf6354f59c990 -> 
  custom:scripting/monoscript/fileName/CoreEncoderSettings.cs: 2b5db1db3c1fa7de4175a7e143de3ce5 -> 
  custom:scripting/monoscript/fileName/VisualListItem.cs: 90647cc400823b41df847a6cbfc29026 -> 
  custom:scripting/monoscript/fileName/FrameRateProperyDrawer.cs: c478c798f5354f66af45b380be0629f9 -> 
  custom:scripting/monoscript/fileName/InputSettingsSelectorDrawer.cs: bca46dd5b59e2f574c94bef4cdb878fb -> 
  custom:scripting/monoscript/fileName/RecorderWindow.cs: 553a30d64d5ef1dcad6b00b4eeeb3829 -> 
  custom:scripting/monoscript/fileName/AOVCameraInputSettings.cs: 4d2fdf1142ce53d73cb43d39944ba516 -> 
  custom:scripting/monoscript/fileName/EnumProperyDrawer.cs: 90647cc400823b41df847a6cbfc29026 -> 
  custom:scripting/monoscript/fileName/AOVImageInputSelector.cs: b741d8d3a7cbb503c5bdf23d7e6792db -> 
  custom:scripting/monoscript/fileName/CoreEncoderSettingsPropertyDrawer.cs: c8bdf3420d844fd4604c0d0cf3815355 -> 
  custom:scripting/monoscript/fileName/GifEncoderSettings.cs: 812ca6afdf48b830953d76adab9d4030 -> 
  custom:scripting/monoscript/fileName/GIFRecorderSettingsEditor.cs: 4d0f46bcf58d188895fabae5334995ae -> 
  custom:scripting/monoscript/fileName/IEncoder.cs: 007c2ef621b0d92b5a7a6bae91d26090 -> 
  custom:scripting/monoscript/fileName/RecorderOptions.cs: 74782d297e80d8f56c0e05a7cde4e51d -> 
  custom:scripting/precompiled-assembly-types:Unity.Recorder.Editor: cd22b836ef1ca10e7d8c91c9be46b4bf -> 
  custom:scripting/monoscript/fileName/ProResEncoderSettingsPropertyDrawer.cs: 68c25e6d4459336217d4b9e22eb707b4 -> 
  custom:scripting/monoscript/fileName/ImageRecorder.cs: b804c29bfc59a61db184c1d275fe4101 -> 
  custom:scripting/monoscript/fileName/EditableLabel.cs: 4f8fa2c6092744ed6607a411e3f617c0 -> 
  custom:scripting/monoscript/fileName/GameViewInput.cs: 596e7ffa2d11b2002176644af3247ea6 -> 
  custom:audio-encoder-webm-vorbis: bf7c407c2cedff20999df2af8eb42d56 -> 
  custom:scripting/monoscript/fileName/SerializedDictionnary.cs: 90647cc400823b41df847a6cbfc29026 -> 
  custom:scripting/monoscript/fileName/HammersleySequence.cs: b06601f044912976f668045b7d4c79a8 -> 
  custom:scripting/monoscript/fileName/_RecorderComponent.cs: 8c268d1df4e18643d83ea9c6eeba2d9f -> 
  custom:scripting/monoscript/fileName/IAccumulation.cs: 38dee62d444423165276e3254554d005 -> 
  custom:scripting/monoscript/fileName/RecorderController.cs: 5760bd2995080b8d0d9d9e88ab8933c6 -> 
  custom:scripting/monoscript/fileName/EXRRecorderSettings.cs: bf113df492cb5b25e11ec144a73c2f74 -> 
========================================================================
Received Prepare
Caller must complete domain reload
Begin MonoManager ReloadAssembly
- Loaded All Assemblies, in  0.405 seconds
Native extension for WindowsStandalone target not found
Native extension for iOS target not found
Native extension for Android target not found
Mono: successfully reloaded assembly
- Finished resetting the current domain, in  0.969 seconds
Domain Reload Profiling: 1370ms
	BeginReloadAssembly (123ms)
		ExecutionOrderSort (0ms)
		DisableScriptedObjects (4ms)
		BackupInstance (0ms)
		ReleaseScriptingObjects (0ms)
		CreateAndSetChildDomain (23ms)
	RebuildCommonClasses (24ms)
	RebuildNativeTypeToScriptingClass (8ms)
	initialDomainReloadingComplete (27ms)
	LoadAllAssembliesAndSetupDomain (219ms)
		LoadAssemblies (275ms)
		RebuildTransferFunctionScriptingTraits (0ms)
		AnalyzeDomain (11ms)
			TypeCache.Refresh (5ms)
				TypeCache.ScanAssembly (0ms)
			ScanForSourceGeneratedMonoScriptInfo (0ms)
			ResolveRequiredComponents (5ms)
	FinalizeReload (969ms)
		ReleaseScriptCaches (0ms)
		RebuildScriptCaches (0ms)
		SetupLoadedEditorAssemblies (490ms)
			LogAssemblyErrors (0ms)
			InitializePlatformSupportModulesInManaged (28ms)
			SetLoadedEditorAssemblies (3ms)
			RefreshPlugins (0ms)
			BeforeProcessingInitializeOnLoad (93ms)
			ProcessInitializeOnLoadAttributes (339ms)
			ProcessInitializeOnLoadMethodAttributes (18ms)
			AfterProcessingInitializeOnLoad (9ms)
			EditorAssembliesLoaded (0ms)
		ExecutionOrderSort2 (0ms)
		AwakeInstancesAfterBackupRestoration (5ms)
Refreshing native plugins compatible for Editor in 5.20 ms, found 6 plugins.
Preloading 0 native plugins for Editor in 0.00 ms.
Unloading 3256 Unused Serialized files (Serialized files now loaded: 0)
Unloading 22 unused Assets / (337.0 KB). Loaded Objects now: 3813.
Memory consumption went from 123.2 MB to 122.9 MB.
Total: 2.418500 ms (FindLiveObjects: 0.204700 ms CreateObjectMapping: 0.076200 ms MarkObjects: 1.966800 ms  DeleteObjects: 0.169800 ms)

Prepare: number of updated asset objects reloaded= 0
AssetImportParameters requested are different than current active one (requested -> active):
  custom:scripting/monoscript/fileName/WEBMRecorderSettingsEditor.cs: 5559c87f45d3b65fac8d5ac4ef5e81c8 -> 
  custom:scripting/monoscript/fileName/UIElementHelper.cs: 9f9438adfe3361012ea6280d4cdb2df4 -> 
  custom:scripting/monoscript/fileName/AOVCameraInput.cs: c23c8ce885672bc57e25263b3efd067a -> 
  custom:scripting/monoscript/fileName/BaseTextureRecorder.cs: 90647cc400823b41df847a6cbfc29026 -> 
  custom:scripting/monoscript/fileName/Recorder.cs: a7e319d512627774f8215ba0b76f0bcb -> 
  custom:scripting/monoscript/fileName/AudioRecorder.cs: 89550121570f22445b4a1b28daea3cf9 -> 
  custom:scripting/monoscript/fileName/PanelSplitter.cs: 5ff6c6e385b6b12ca322a9c92ac6f371 -> 
  custom:scripting/monoscript/fileName/ImageRecorderSettings.cs: a7ab05fac9382c03607c40fe73956ed6 -> 
  custom:scripting/monoscript/fileName/RecorderClip.cs: 897017f45cb3c30f306724d1fa17a8fe -> 
  custom:scripting/monoscript/fileName/GIFRecorderSettings.cs: 979f88ae1e7731daed242ab2fdebbc0e -> 
  custom:container-demuxer-ogg: 62fdf1f143b41e24485cea50d1cbac27 -> 
  custom:scripting/monoscript/fileName/MovieRecorder.cs: 024785cf83e1399f425b2aa115d22e2b -> 
  custom:scripting/monoscript/fileName/RecorderControllerSettingsPresetEditor.cs: 49aed206ae65ed5ac6b420f7104cd52d -> 
  custom:scripting/monoscript/fileName/AudioInput.cs: 499e96d8f0b35d362bd956c0975bb873 -> 
  custom:scripting/monoscript/fileName/WEBMRecorderSettings.cs: c176c43abbe456aeea55c2aef862801b -> 
  custom:scripting/monoscript/fileName/RecorderControllerSettingsPreset.cs: 78b391c1384ac60213ef58d50e78d553 -> 
  custom:scripting/monoscript/fileName/GameViewInputSettings.cs: a7ae22123f532f5bbcb39c654c998b57 -> 
  custom:scripting/monoscript/fileName/GameViewInputPropertyDrawer.cs: ae2c8a99c5e33d3d1ffc8232415130e8 -> 
  custom:scripting/monoscript/fileName/Camera360Input.cs: dc473b118c57e0734b0cd3476e333c06 -> 
  custom:scripting/monoscript/fileName/RecorderPreferencesSettingsProvider.cs: d92d314b87f7c2170e267636ebf38224 -> 
  custom:scripting/monoscript/fileName/RecorderBindings.cs: ac25db5b587307cfea909607f62e5641 -> 
  custom:video-decoder-ogg-theora: a1e56fd34408186e4bbccfd4996cb3dc -> 
  custom:scripting/monoscript/fileName/GIFWrapper.cs: 6ef8898a12699129e8f81f06a649cad1 -> 
  custom:scripting/monoscript/fileName/SceneHook.cs: 80fa8928b499d44515dd60e0bc895128 -> 
  custom:scripting/monoscript/fileName/AnimationInput.cs: e810137278708a698c5ccddaeb1a1e64 -> 
  custom:scripting/monoscript/fileName/OutputResolutionPropertyDrawer.cs: 0e33ffdf424417a2e685685cfc04d4b1 -> 
  custom:scripting/monoscript/fileName/EnumHelper.cs: 117b5609cc2a1ae41785cd0c8767815f -> 
  custom:scripting/monoscript/fileName/OutputPath.cs: ee51fcffcd8929d224a5e3fb152d5f62 -> 
  custom:scripting/monoscript/fileName/FileNameGeneratorDrawer.cs: a3ea71dec141084df9b7ffa19c11e2cb -> 
  custom:framework-win-MediaFoundation: 216162199b28c13a410421893ffa2e32 -> 
  custom:scripting/monoscript/fileName/RecorderPreferencesWindowGUIScope.cs: 7a2eba6fcb6829ea8b200991a02c9c06 -> 
  custom:scripting/monoscript/fileName/AspectRatio.cs: 18e3efa554f8258b676d4de53e38b642 -> 
  custom:scripting/monoscript/fileName/CameraInputSettings.cs: 6738f6dd994f658d2cbf6f5f3ba05a0e -> 
  custom:scripting/monoscript/fileName/RefHandle.cs: 90647cc400823b41df847a6cbfc29026 -> 
  custom:scripting/monoscript/fileName/CameraCapture.cs: c6dcba1380d9a4fa09f4e36182a45a73 -> 
  custom:scripting/monoscript/fileName/RecorderControllerSettings.cs: 989e0caa64af9b76551d4ff6bd15f598 -> 
  custom:scripting/monoscript/fileName/TargetedPropertyDrawer.cs: 90647cc400823b41df847a6cbfc29026 -> 
  custom:scripting/monoscript/fileName/MovieRecorderSettings.cs: 02a667a67b113b1f65e3fcadcc882513 -> 
  custom:scripting/monoscript/fileName/RenderTextureInputSettings.cs: ebca820667a63031a7597db85d26451a -> 
  custom:scripting/monoscript/fileName/ImageRecorderEditor.cs: d3134ae4c1dfd8e056bace11130b7692 -> 
  custom:scripting/monoscript/fileName/ProResEncoderSettings.cs: 4aca03881946a7fe9acacf199434009e -> 
  custom:scripting/monoscript/fileName/_FrameRequestComponent.cs: b34f171daaafc65da55ea68e2ed89f2b -> 
  custom:scripting/monoscript/fileName/RenderTextureInput.cs: 5dea77837ae3c82bb14643cd82dc06dc -> 
  custom:scripting/monoscript/fileName/RecorderAnalytics.cs: 0fa40093f6ac3fe75e92d746d563e5ee -> 
  custom:scripting/monoscript/fileName/MP4RecorderSettingsEditor.cs: 68a64b16a7961d71fa7286fd1f782e9b -> 
  custom:scripting/monoscript/fileName/RecorderBindingsEditor.cs: f7451a0e1cea6404b2976d2b2c42e273 -> 
  custom:scripting/monoscript/fileName/BaseRenderTextureInput.cs: 5dc13661a5a0dca5d09ca211933a44e2 -> 
  custom:scripting/monoscript/fileName/StatusBarHelper.cs: da04a6ed046f8a62f416d5d3ea415bef -> 
  custom:scripting/precompiled-assembly-types:Unity.Recorder: bd5378c99f6216e06dd6e2c2a60a86a4 -> 
  custom:CustomObjectIndexerAttribute: 9a22284fe3817be447336de3de66b15e -> 
  custom:scripting/monoscript/fileName/Camera360InputSettings.cs: 3d5eaf1cb3a9df6f9d1d52f3c3018c46 -> 
  custom:scripting/monoscript/fileName/PNGRecorderSettingsEditor.cs: 4970e6657bb34f7efc2c7d8168c7358b -> 
  custom:scripting/monoscript/fileName/ImageHeightSelector.cs: d1a7972bf1d79d90f09ab23c718afe39 -> 
  custom:scripting/monoscript/fileName/AnimationInputSettings.cs: d64a99ebbd13660e9264cb4111ab9832 -> 
  custom:scripting/monoscript/fileName/MP4RecorderSettings.cs: 551f5535c05b86d6ee91684eced14987 -> 
  custom:scripting/monoscript/fileName/RecorderPreferencesSettings.cs: 761b0a55fc5e50239a1d0c4bfc968274 -> 
  custom:container-demuxer-webm: 4f35f7cbe854078d1ac9338744f61a02 -> 
  custom:scripting/monoscript/fileName/RecorderSettingsPrefsEditor.cs: ba9e697f1d269c2c960a41bc543fa408 -> 
  custom:scripting/monoscript/fileName/ProResWrapper.cs: 712515ef615766c98115c6a20d85d6c8 -> 
  custom:scripting/monoscript/fileName/RecordModePropertyDrawer.cs: 165332db07362bbcab2d8dc6d1e1dfda -> 
  custom:scripting/monoscript/fileName/ImageInputSettings.cs: 98a2aedd167d40f01804b04845eeaf15 -> 
  custom:scripting/monoscript/fileName/SerializableObjHelper.cs: f19f181f3f05e8e393225dd7030fb66a -> 
  custom:scripting/monoscript/fileName/InputPropertyDrawer.cs: 90647cc400823b41df847a6cbfc29026 -> 
  custom:scripting/monoscript/fileName/AudioInputSettings.cs: a2c930fca1dd5e27705fbacf39727bb4 -> 
  custom:scripting/monoscript/fileName/InputSettings.cs: 35c56ce5488c6b464726305dcbd33b3d -> 
  custom:scripting/monoscript/fileName/RecorderEditor.cs: 736e59ba52eea987abc47f36a836e575 -> 
  custom:scripting/monoscript/fileName/AudioRecorderSettings.cs: 0b00f2c93558486cc61a06f270f43fea -> 
  custom:scripting/monoscript/fileName/RecordersInventory.cs: fb714c8df18f9b7fc7f3361f604ae3dc -> 
  custom:scripting/monoscript/fileName/BaseFCRecorderSettings.cs: fab928553cedb8703ac192d6cf7b6294 -> 
  custom:scripting/monoscript/fileName/AOVRecorderSettings.cs: cdc731153cd2f1f739300a28ea6a6608 -> 
  custom:scripting/monoscript/fileName/EXRCompressionTypeDrawer.cs: 301cb614ecf84a4dab346c5f76ea2016 -> 
  custom:scripting/monoscript/fileName/AOVRecorder.cs: c53e83f1863b3ea80b6df3885cdb8c82 -> 
  custom:scripting/monoscript/fileName/IEncoderSettings.cs: c7d04fadacf538db841606cc656ae724 -> 
  custom:scripting/monoscript/fileName/ShutterProfileTypePropertyDrawer.cs: 18a32c647eca27716eabcb5a44f00e32 -> 
  custom:scripting/monoscript/fileName/MovieRecorderEditor.cs: eb00ddb8a76b8dfb7c88b7826a49d38b -> 
  custom:scripting/monoscript/fileName/RenderTextureInputSettingsPropertyDrawer.cs: 809602b52454cd1e6229756218a8f453 -> 
  custom:scripting/monoscript/fileName/RecorderPlayableBehaviour.cs: 80165a21f4cd0dda690f708a19d389bd -> 
  custom:scripting/monoscript/fileName/GifEncoderSettingsPropertyDrawer.cs: b36c9a7eaaefccda514b23d7e14761ca -> 
  custom:scripting/monoscript/fileName/PNGRecorder.cs: 08fd40f88cb6b18c96882f263639f57d -> 
  custom:scripting/monoscript/fileName/CameraInputSettingsPropertyDrawer.cs: 91928abf1abf88be098cb088d896aec5 -> 
  custom:scripting/monoscript/fileName/AudioRecorderEditor.cs: 565168dec291afe3fa470657cfc2c123 -> 
  custom:scripting/monoscript/fileName/AOVRecorderEditor.cs: 5ca53ccd6d7645709639507726114395 -> 
  custom:container-muxer-webm: aa71ff27fc2769a1b78a27578f13a17b -> 
  custom:video-decoder-webm-vp8: 9c59270c3fd7afecdb556c50c9e8de78 -> 
  custom:scripting/monoscript/fileName/RecordingSession.cs: f3ad08157c278a036224ca395f350890 -> 
  custom:scripting/monoscript/fileName/GameViewSize.cs: f6128a6515fcafce6db32fcdfa107254 -> 
  custom:scripting/monoscript/fileName/UnityHelpers.cs: b3e077029b574be508585124a9d839ef -> 
  custom:SearchIndexIgnoredProperties: e643bd26f0fe6173181afceb89e7c659 -> 
  custom:scripting/monoscript/fileName/GIFRecorder.cs: c00ece885699fb9084deaccd3eb27518 -> 
  custom:AudioImporter_EditorPlatform: d09bf68614088b80899f8185d706f6e7 -> 
  custom:scripting/monoscript/fileName/EXRRecorder.cs: 3f576ce8ddd959d51a4d7ba1999ecdbb -> 
  custom:scripting/monoscript/fileName/WEBMRecorder.cs: 391b6b920cfbc02401ea522620320c93 -> 
  custom:scripting/monoscript/fileName/RenderTextureSampler.cs: 1a7b9abab9548e1054dc40d6e2fa0270 -> 
  custom:scripting/monoscript/fileName/GifEncoder.cs: 40f336d5c5042a8a04556b4c5804a538 -> 
  custom:scripting/monoscript/fileName/GenericRecorder.cs: 90647cc400823b41df847a6cbfc29026 -> 
  custom:scripting/monoscript/fileName/ImageInputSelector.cs: f55822da877594150873922341be92b6 -> 
  custom:scripting/monoscript/fileName/AnimationRecorderSettingsEditor.cs: db1294bf3d48be44b6e4b2f2cc100b02 -> 
  custom:scripting/monoscript/fileName/RecorderTrack.cs: fac9638ece7eb7daaa1302fa170613fd -> 
  custom:scripting/monoscript/fileName/InputSettingsSelector.cs: 499a4ec92267406782b5c4f3472d53b9 -> 
  custom:scripting/monoscript/fileName/FileNameGenerator.cs: 5c8b6eb5291c3311189e0dfadac99363 -> 
  custom:scripting/monoscript/fileName/RecorderItem.cs: b62d2fcb9547a248575727d8a1646db8 -> 
  custom:scripting/monoscript/fileName/TextureFlipper.cs: 825b503b2ddab9cbd8ebbf3038075092 -> 
  custom:scripting/monoscript/fileName/AccumulationSettings.cs: fb962f0c2333934b681b167574f5e1cd -> 
  custom:scripting/monoscript/fileName/Camera360InputPropertyDrawer.cs: af647a2fe91bec98139246321cac865d -> 
  custom:scripting/monoscript/fileName/RecorderClipEditor.cs: 947ad5ff1f968d7fc40767d187070964 -> 
  custom:scripting/monoscript/fileName/EXRRecorderSettingsEditor.cs: c520a04c5f01331f2c8800e289ef6d6f -> 
  custom:scripting/monoscript/fileName/CoreEncoder.cs: dfaed86e82ad12e6a2b6740a0fb35820 -> 
  custom:scripting/monoscript/fileName/PNGRecorderSettings.cs: 79a421225358808ff14dd88c0355d1b6 -> 
  custom:scripting/monoscript/fileName/AspectRatioPropertyDrawer.cs: 9f18568574138839573389bde3e660a7 -> 
  custom:scripting/monoscript/fileName/ProResEncoder.cs: b375bf2d41e3d89081c3f2d1a0823bf3 -> 
  custom:scripting/monoscript/fileName/CameraInput.cs: bf7e0df3caf9e500f6d1c98c99e165ba -> 
  custom:scripting/monoscript/fileName/RecorderSettings.cs: bc3ef26ac157af28e5460886c0d5ef2e -> 
  custom:scripting/monoscript/fileName/RecorderClipTimelineEditor.cs: 2995d9f50ebc9245c6e9bd75c56415fb -> 
  custom:scripting/monoscript/fileName/EncoderSettingsAttribute.cs: 8352396dc11cff58c65c429fdb4fc67e -> 
  custom:scripting/monoscript/fileName/MP4Recorder.cs: af531c4e1f6d23547da08837eb16b729 -> 
  custom:scripting/monoscript/fileName/EncoderTypeUtilities.cs: a12c4c78a6cd4fb6b93180d59ad77be8 -> 
  custom:scripting/monoscript/fileName/PooledBufferAsyncGPUReadback.cs: 2a4e50c5dda177306c9ec935763c4378 -> 
  custom:scripting/monoscript/fileName/AnimationRecorder.cs: f749a4250195b5467bbf05e3a976b59f -> 
  custom:scripting/precompiled-assembly-types:Unity.Recorder.Base: 3fec19fdf10e3518c41e41a932f2042f -> 
  custom:scripting/monoscript/fileName/AnimationRecorderSettings.cs: 5cfb1544a40f93fe0ea879bb1361c877 -> 
  custom:scripting/monoscript/fileName/RenderTextureSamplerSettings.cs: 68adab84706346f2ecbdfd649ca9cf61 -> 
  custom:scripting/monoscript/fileName/RecordingContext.cs: af9af1e8b283703482ba133924b5585a -> 
  custom:scripting/monoscript/fileName/RecorderSelector.cs: c3cd2caacd181d6eff54dc260c4a1ffb -> 
  custom:video-encoder-webm-vp8: eb34c28f22e8b96e1ab97ce403110664 -> 
  custom:scripting/monoscript/fileName/RecorderInput.cs: 88fd8d8fd71b34ed7298a01f6c2d2e40 -> 
  custom:scripting/monoscript/fileName/RenderTextureSamplerPropertyDrawer.cs: b541817d9cc9b1341d2ddfa8823b718d -> 
  custom:scripting/monoscript/fileName/RecorderSettingsAttribute.cs: ddd228b25da7ba2ac10d13e1efacc875 -> 
  custom:audio-decoder-ogg-vorbis: bf7c407c2cedff20999df2af8eb42d56 -> 
  custom:scripting/monoscript/fileName/OutputPathDrawer.cs: cffc34c1be094e6caeb13ff3b26ca679 -> 
  custom:scripting/monoscript/fileName/EditorVersionsHelper.cs: 3ad9098caeeff0295dba8c0911f5333a -> 
  custom:scripting/monoscript/fileName/SettingAsset.cs: 7c3790954696ae83d71055079b387931 -> 
  custom:scripting/monoscript/fileName/OutputResolution.cs: 31c632d97e9a69bcc2ef10f6feb5bf62 -> 
  custom:scripting/monoscript/fileName/AccumulationSettingsPropertyDrawer.cs: bfc920db0de3c29c2967e88aac1c1027 -> 
  custom:scripting/monoscript/fileName/AnimationInputSettingsPropertyDrawer.cs: ebe1771fecebe7a93badf6354f59c990 -> 
  custom:scripting/monoscript/fileName/CoreEncoderSettings.cs: 2b5db1db3c1fa7de4175a7e143de3ce5 -> 
  custom:scripting/monoscript/fileName/VisualListItem.cs: 90647cc400823b41df847a6cbfc29026 -> 
  custom:scripting/monoscript/fileName/FrameRateProperyDrawer.cs: c478c798f5354f66af45b380be0629f9 -> 
  custom:scripting/monoscript/fileName/InputSettingsSelectorDrawer.cs: bca46dd5b59e2f574c94bef4cdb878fb -> 
  custom:scripting/monoscript/fileName/RecorderWindow.cs: 553a30d64d5ef1dcad6b00b4eeeb3829 -> 
  custom:scripting/monoscript/fileName/AOVCameraInputSettings.cs: 4d2fdf1142ce53d73cb43d39944ba516 -> 
  custom:scripting/monoscript/fileName/EnumProperyDrawer.cs: 90647cc400823b41df847a6cbfc29026 -> 
  custom:scripting/monoscript/fileName/AOVImageInputSelector.cs: b741d8d3a7cbb503c5bdf23d7e6792db -> 
  custom:scripting/monoscript/fileName/CoreEncoderSettingsPropertyDrawer.cs: c8bdf3420d844fd4604c0d0cf3815355 -> 
  custom:scripting/monoscript/fileName/GifEncoderSettings.cs: 812ca6afdf48b830953d76adab9d4030 -> 
  custom:scripting/monoscript/fileName/GIFRecorderSettingsEditor.cs: 4d0f46bcf58d188895fabae5334995ae -> 
  custom:scripting/monoscript/fileName/IEncoder.cs: 007c2ef621b0d92b5a7a6bae91d26090 -> 
  custom:scripting/monoscript/fileName/RecorderOptions.cs: 74782d297e80d8f56c0e05a7cde4e51d -> 
  custom:scripting/precompiled-assembly-types:Unity.Recorder.Editor: cd22b836ef1ca10e7d8c91c9be46b4bf -> 
  custom:scripting/monoscript/fileName/ProResEncoderSettingsPropertyDrawer.cs: 68c25e6d4459336217d4b9e22eb707b4 -> 
  custom:scripting/monoscript/fileName/ImageRecorder.cs: b804c29bfc59a61db184c1d275fe4101 -> 
  custom:scripting/monoscript/fileName/EditableLabel.cs: 4f8fa2c6092744ed6607a411e3f617c0 -> 
  custom:scripting/monoscript/fileName/GameViewInput.cs: 596e7ffa2d11b2002176644af3247ea6 -> 
  custom:audio-encoder-webm-vorbis: bf7c407c2cedff20999df2af8eb42d56 -> 
  custom:scripting/monoscript/fileName/SerializedDictionnary.cs: 90647cc400823b41df847a6cbfc29026 -> 
  custom:scripting/monoscript/fileName/HammersleySequence.cs: b06601f044912976f668045b7d4c79a8 -> 
  custom:scripting/monoscript/fileName/_RecorderComponent.cs: 8c268d1df4e18643d83ea9c6eeba2d9f -> 
  custom:scripting/monoscript/fileName/IAccumulation.cs: 38dee62d444423165276e3254554d005 -> 
  custom:scripting/monoscript/fileName/RecorderController.cs: 5760bd2995080b8d0d9d9e88ab8933c6 -> 
  custom:scripting/monoscript/fileName/EXRRecorderSettings.cs: bf113df492cb5b25e11ec144a73c2f74 -> 
========================================================================
Received Prepare
Caller must complete domain reload
Begin MonoManager ReloadAssembly
- Loaded All Assemblies, in  0.421 seconds
Native extension for WindowsStandalone target not found
Native extension for iOS target not found
Native extension for Android target not found
Mono: successfully reloaded assembly
- Finished resetting the current domain, in  0.955 seconds
Domain Reload Profiling: 1373ms
	BeginReloadAssembly (130ms)
		ExecutionOrderSort (0ms)
		DisableScriptedObjects (4ms)
		BackupInstance (0ms)
		ReleaseScriptingObjects (0ms)
		CreateAndSetChildDomain (26ms)
	RebuildCommonClasses (25ms)
	RebuildNativeTypeToScriptingClass (9ms)
	initialDomainReloadingComplete (27ms)
	LoadAllAssembliesAndSetupDomain (226ms)
		LoadAssemblies (280ms)
		RebuildTransferFunctionScriptingTraits (0ms)
		AnalyzeDomain (17ms)
			TypeCache.Refresh (7ms)
				TypeCache.ScanAssembly (0ms)
			ScanForSourceGeneratedMonoScriptInfo (5ms)
			ResolveRequiredComponents (5ms)
	FinalizeReload (956ms)
		ReleaseScriptCaches (0ms)
		RebuildScriptCaches (0ms)
		SetupLoadedEditorAssemblies (469ms)
			LogAssemblyErrors (0ms)
			InitializePlatformSupportModulesInManaged (27ms)
			SetLoadedEditorAssemblies (3ms)
			RefreshPlugins (0ms)
			BeforeProcessingInitializeOnLoad (86ms)
			ProcessInitializeOnLoadAttributes (326ms)
			ProcessInitializeOnLoadMethodAttributes (17ms)
			AfterProcessingInitializeOnLoad (9ms)
			EditorAssembliesLoaded (0ms)
		ExecutionOrderSort2 (0ms)
		AwakeInstancesAfterBackupRestoration (5ms)
Refreshing native plugins compatible for Editor in 5.13 ms, found 6 plugins.
Preloading 0 native plugins for Editor in 0.00 ms.
Unloading 3256 Unused Serialized files (Serialized files now loaded: 0)
Unloading 22 unused Assets / (337.0 KB). Loaded Objects now: 3816.
Memory consumption went from 123.2 MB to 122.9 MB.
Total: 2.456400 ms (FindLiveObjects: 0.196500 ms CreateObjectMapping: 0.082900 ms MarkObjects: 2.008200 ms  DeleteObjects: 0.168200 ms)

Prepare: number of updated asset objects reloaded= 0
AssetImportParameters requested are different than current active one (requested -> active):
  custom:scripting/monoscript/fileName/WEBMRecorderSettingsEditor.cs: 5559c87f45d3b65fac8d5ac4ef5e81c8 -> 
  custom:scripting/monoscript/fileName/UIElementHelper.cs: 9f9438adfe3361012ea6280d4cdb2df4 -> 
  custom:scripting/monoscript/fileName/AOVCameraInput.cs: c23c8ce885672bc57e25263b3efd067a -> 
  custom:scripting/monoscript/fileName/BaseTextureRecorder.cs: 90647cc400823b41df847a6cbfc29026 -> 
  custom:scripting/monoscript/fileName/Recorder.cs: a7e319d512627774f8215ba0b76f0bcb -> 
  custom:scripting/monoscript/fileName/AudioRecorder.cs: 89550121570f22445b4a1b28daea3cf9 -> 
  custom:scripting/monoscript/fileName/PanelSplitter.cs: 5ff6c6e385b6b12ca322a9c92ac6f371 -> 
  custom:scripting/monoscript/fileName/ImageRecorderSettings.cs: a7ab05fac9382c03607c40fe73956ed6 -> 
  custom:scripting/monoscript/fileName/RecorderClip.cs: 897017f45cb3c30f306724d1fa17a8fe -> 
  custom:scripting/monoscript/fileName/GIFRecorderSettings.cs: 979f88ae1e7731daed242ab2fdebbc0e -> 
  custom:container-demuxer-ogg: 62fdf1f143b41e24485cea50d1cbac27 -> 
  custom:scripting/monoscript/fileName/MovieRecorder.cs: 024785cf83e1399f425b2aa115d22e2b -> 
  custom:scripting/monoscript/fileName/RecorderControllerSettingsPresetEditor.cs: 49aed206ae65ed5ac6b420f7104cd52d -> 
  custom:scripting/monoscript/fileName/AudioInput.cs: 499e96d8f0b35d362bd956c0975bb873 -> 
  custom:scripting/monoscript/fileName/WEBMRecorderSettings.cs: c176c43abbe456aeea55c2aef862801b -> 
  custom:scripting/monoscript/fileName/RecorderControllerSettingsPreset.cs: 78b391c1384ac60213ef58d50e78d553 -> 
  custom:scripting/monoscript/fileName/GameViewInputSettings.cs: a7ae22123f532f5bbcb39c654c998b57 -> 
  custom:scripting/monoscript/fileName/GameViewInputPropertyDrawer.cs: ae2c8a99c5e33d3d1ffc8232415130e8 -> 
  custom:scripting/monoscript/fileName/Camera360Input.cs: dc473b118c57e0734b0cd3476e333c06 -> 
  custom:scripting/monoscript/fileName/RecorderPreferencesSettingsProvider.cs: d92d314b87f7c2170e267636ebf38224 -> 
  custom:scripting/monoscript/fileName/RecorderBindings.cs: ac25db5b587307cfea909607f62e5641 -> 
  custom:video-decoder-ogg-theora: a1e56fd34408186e4bbccfd4996cb3dc -> 
  custom:scripting/monoscript/fileName/GIFWrapper.cs: 6ef8898a12699129e8f81f06a649cad1 -> 
  custom:scripting/monoscript/fileName/SceneHook.cs: 80fa8928b499d44515dd60e0bc895128 -> 
  custom:scripting/monoscript/fileName/AnimationInput.cs: e810137278708a698c5ccddaeb1a1e64 -> 
  custom:scripting/monoscript/fileName/OutputResolutionPropertyDrawer.cs: 0e33ffdf424417a2e685685cfc04d4b1 -> 
  custom:scripting/monoscript/fileName/EnumHelper.cs: 117b5609cc2a1ae41785cd0c8767815f -> 
  custom:scripting/monoscript/fileName/OutputPath.cs: ee51fcffcd8929d224a5e3fb152d5f62 -> 
  custom:scripting/monoscript/fileName/FileNameGeneratorDrawer.cs: a3ea71dec141084df9b7ffa19c11e2cb -> 
  custom:framework-win-MediaFoundation: 216162199b28c13a410421893ffa2e32 -> 
  custom:scripting/monoscript/fileName/RecorderPreferencesWindowGUIScope.cs: 7a2eba6fcb6829ea8b200991a02c9c06 -> 
  custom:scripting/monoscript/fileName/AspectRatio.cs: 18e3efa554f8258b676d4de53e38b642 -> 
  custom:scripting/monoscript/fileName/CameraInputSettings.cs: 6738f6dd994f658d2cbf6f5f3ba05a0e -> 
  custom:scripting/monoscript/fileName/RefHandle.cs: 90647cc400823b41df847a6cbfc29026 -> 
  custom:scripting/monoscript/fileName/CameraCapture.cs: c6dcba1380d9a4fa09f4e36182a45a73 -> 
  custom:scripting/monoscript/fileName/RecorderControllerSettings.cs: 989e0caa64af9b76551d4ff6bd15f598 -> 
  custom:scripting/monoscript/fileName/TargetedPropertyDrawer.cs: 90647cc400823b41df847a6cbfc29026 -> 
  custom:scripting/monoscript/fileName/MovieRecorderSettings.cs: 02a667a67b113b1f65e3fcadcc882513 -> 
  custom:scripting/monoscript/fileName/RenderTextureInputSettings.cs: ebca820667a63031a7597db85d26451a -> 
  custom:scripting/monoscript/fileName/ImageRecorderEditor.cs: d3134ae4c1dfd8e056bace11130b7692 -> 
  custom:scripting/monoscript/fileName/ProResEncoderSettings.cs: 4aca03881946a7fe9acacf199434009e -> 
  custom:scripting/monoscript/fileName/_FrameRequestComponent.cs: b34f171daaafc65da55ea68e2ed89f2b -> 
  custom:scripting/monoscript/fileName/RenderTextureInput.cs: 5dea77837ae3c82bb14643cd82dc06dc -> 
  custom:scripting/monoscript/fileName/RecorderAnalytics.cs: 0fa40093f6ac3fe75e92d746d563e5ee -> 
  custom:scripting/monoscript/fileName/MP4RecorderSettingsEditor.cs: 68a64b16a7961d71fa7286fd1f782e9b -> 
  custom:scripting/monoscript/fileName/RecorderBindingsEditor.cs: f7451a0e1cea6404b2976d2b2c42e273 -> 
  custom:scripting/monoscript/fileName/BaseRenderTextureInput.cs: 5dc13661a5a0dca5d09ca211933a44e2 -> 
  custom:scripting/monoscript/fileName/StatusBarHelper.cs: da04a6ed046f8a62f416d5d3ea415bef -> 
  custom:scripting/precompiled-assembly-types:Unity.Recorder: bd5378c99f6216e06dd6e2c2a60a86a4 -> 
  custom:CustomObjectIndexerAttribute: 9a22284fe3817be447336de3de66b15e -> 
  custom:scripting/monoscript/fileName/Camera360InputSettings.cs: 3d5eaf1cb3a9df6f9d1d52f3c3018c46 -> 
  custom:scripting/monoscript/fileName/PNGRecorderSettingsEditor.cs: 4970e6657bb34f7efc2c7d8168c7358b -> 
  custom:scripting/monoscript/fileName/ImageHeightSelector.cs: d1a7972bf1d79d90f09ab23c718afe39 -> 
  custom:scripting/monoscript/fileName/AnimationInputSettings.cs: d64a99ebbd13660e9264cb4111ab9832 -> 
  custom:scripting/monoscript/fileName/MP4RecorderSettings.cs: 551f5535c05b86d6ee91684eced14987 -> 
  custom:scripting/monoscript/fileName/RecorderPreferencesSettings.cs: 761b0a55fc5e50239a1d0c4bfc968274 -> 
  custom:container-demuxer-webm: 4f35f7cbe854078d1ac9338744f61a02 -> 
  custom:scripting/monoscript/fileName/RecorderSettingsPrefsEditor.cs: ba9e697f1d269c2c960a41bc543fa408 -> 
  custom:scripting/monoscript/fileName/ProResWrapper.cs: 712515ef615766c98115c6a20d85d6c8 -> 
  custom:scripting/monoscript/fileName/RecordModePropertyDrawer.cs: 165332db07362bbcab2d8dc6d1e1dfda -> 
  custom:scripting/monoscript/fileName/ImageInputSettings.cs: 98a2aedd167d40f01804b04845eeaf15 -> 
  custom:scripting/monoscript/fileName/SerializableObjHelper.cs: f19f181f3f05e8e393225dd7030fb66a -> 
  custom:scripting/monoscript/fileName/InputPropertyDrawer.cs: 90647cc400823b41df847a6cbfc29026 -> 
  custom:scripting/monoscript/fileName/AudioInputSettings.cs: a2c930fca1dd5e27705fbacf39727bb4 -> 
  custom:scripting/monoscript/fileName/InputSettings.cs: 35c56ce5488c6b464726305dcbd33b3d -> 
  custom:scripting/monoscript/fileName/RecorderEditor.cs: 736e59ba52eea987abc47f36a836e575 -> 
  custom:scripting/monoscript/fileName/AudioRecorderSettings.cs: 0b00f2c93558486cc61a06f270f43fea -> 
  custom:scripting/monoscript/fileName/RecordersInventory.cs: fb714c8df18f9b7fc7f3361f604ae3dc -> 
  custom:scripting/monoscript/fileName/BaseFCRecorderSettings.cs: fab928553cedb8703ac192d6cf7b6294 -> 
  custom:scripting/monoscript/fileName/AOVRecorderSettings.cs: cdc731153cd2f1f739300a28ea6a6608 -> 
  custom:scripting/monoscript/fileName/EXRCompressionTypeDrawer.cs: 301cb614ecf84a4dab346c5f76ea2016 -> 
  custom:scripting/monoscript/fileName/AOVRecorder.cs: c53e83f1863b3ea80b6df3885cdb8c82 -> 
  custom:scripting/monoscript/fileName/IEncoderSettings.cs: c7d04fadacf538db841606cc656ae724 -> 
  custom:scripting/monoscript/fileName/ShutterProfileTypePropertyDrawer.cs: 18a32c647eca27716eabcb5a44f00e32 -> 
  custom:scripting/monoscript/fileName/MovieRecorderEditor.cs: eb00ddb8a76b8dfb7c88b7826a49d38b -> 
  custom:scripting/monoscript/fileName/RenderTextureInputSettingsPropertyDrawer.cs: 809602b52454cd1e6229756218a8f453 -> 
  custom:scripting/monoscript/fileName/RecorderPlayableBehaviour.cs: 80165a21f4cd0dda690f708a19d389bd -> 
  custom:scripting/monoscript/fileName/GifEncoderSettingsPropertyDrawer.cs: b36c9a7eaaefccda514b23d7e14761ca -> 
  custom:scripting/monoscript/fileName/PNGRecorder.cs: 08fd40f88cb6b18c96882f263639f57d -> 
  custom:scripting/monoscript/fileName/CameraInputSettingsPropertyDrawer.cs: 91928abf1abf88be098cb088d896aec5 -> 
  custom:scripting/monoscript/fileName/AudioRecorderEditor.cs: 565168dec291afe3fa470657cfc2c123 -> 
  custom:scripting/monoscript/fileName/AOVRecorderEditor.cs: 5ca53ccd6d7645709639507726114395 -> 
  custom:container-muxer-webm: aa71ff27fc2769a1b78a27578f13a17b -> 
  custom:video-decoder-webm-vp8: 9c59270c3fd7afecdb556c50c9e8de78 -> 
  custom:scripting/monoscript/fileName/RecordingSession.cs: f3ad08157c278a036224ca395f350890 -> 
  custom:scripting/monoscript/fileName/GameViewSize.cs: f6128a6515fcafce6db32fcdfa107254 -> 
  custom:scripting/monoscript/fileName/UnityHelpers.cs: b3e077029b574be508585124a9d839ef -> 
  custom:SearchIndexIgnoredProperties: e643bd26f0fe6173181afceb89e7c659 -> 
  custom:scripting/monoscript/fileName/GIFRecorder.cs: c00ece885699fb9084deaccd3eb27518 -> 
  custom:AudioImporter_EditorPlatform: d09bf68614088b80899f8185d706f6e7 -> 
  custom:scripting/monoscript/fileName/EXRRecorder.cs: 3f576ce8ddd959d51a4d7ba1999ecdbb -> 
  custom:scripting/monoscript/fileName/WEBMRecorder.cs: 391b6b920cfbc02401ea522620320c93 -> 
  custom:scripting/monoscript/fileName/RenderTextureSampler.cs: 1a7b9abab9548e1054dc40d6e2fa0270 -> 
  custom:scripting/monoscript/fileName/GifEncoder.cs: 40f336d5c5042a8a04556b4c5804a538 -> 
  custom:scripting/monoscript/fileName/GenericRecorder.cs: 90647cc400823b41df847a6cbfc29026 -> 
  custom:scripting/monoscript/fileName/ImageInputSelector.cs: f55822da877594150873922341be92b6 -> 
  custom:scripting/monoscript/fileName/AnimationRecorderSettingsEditor.cs: db1294bf3d48be44b6e4b2f2cc100b02 -> 
  custom:scripting/monoscript/fileName/RecorderTrack.cs: fac9638ece7eb7daaa1302fa170613fd -> 
  custom:scripting/monoscript/fileName/InputSettingsSelector.cs: 499a4ec92267406782b5c4f3472d53b9 -> 
  custom:scripting/monoscript/fileName/FileNameGenerator.cs: 5c8b6eb5291c3311189e0dfadac99363 -> 
  custom:scripting/monoscript/fileName/RecorderItem.cs: b62d2fcb9547a248575727d8a1646db8 -> 
  custom:scripting/monoscript/fileName/TextureFlipper.cs: 825b503b2ddab9cbd8ebbf3038075092 -> 
  custom:scripting/monoscript/fileName/AccumulationSettings.cs: fb962f0c2333934b681b167574f5e1cd -> 
  custom:scripting/monoscript/fileName/Camera360InputPropertyDrawer.cs: af647a2fe91bec98139246321cac865d -> 
  custom:scripting/monoscript/fileName/RecorderClipEditor.cs: 947ad5ff1f968d7fc40767d187070964 -> 
  custom:scripting/monoscript/fileName/EXRRecorderSettingsEditor.cs: c520a04c5f01331f2c8800e289ef6d6f -> 
  custom:scripting/monoscript/fileName/CoreEncoder.cs: dfaed86e82ad12e6a2b6740a0fb35820 -> 
  custom:scripting/monoscript/fileName/PNGRecorderSettings.cs: 79a421225358808ff14dd88c0355d1b6 -> 
  custom:scripting/monoscript/fileName/AspectRatioPropertyDrawer.cs: 9f18568574138839573389bde3e660a7 -> 
  custom:scripting/monoscript/fileName/ProResEncoder.cs: b375bf2d41e3d89081c3f2d1a0823bf3 -> 
  custom:scripting/monoscript/fileName/CameraInput.cs: bf7e0df3caf9e500f6d1c98c99e165ba -> 
  custom:scripting/monoscript/fileName/RecorderSettings.cs: bc3ef26ac157af28e5460886c0d5ef2e -> 
  custom:scripting/monoscript/fileName/RecorderClipTimelineEditor.cs: 2995d9f50ebc9245c6e9bd75c56415fb -> 
  custom:scripting/monoscript/fileName/EncoderSettingsAttribute.cs: 8352396dc11cff58c65c429fdb4fc67e -> 
  custom:scripting/monoscript/fileName/MP4Recorder.cs: af531c4e1f6d23547da08837eb16b729 -> 
  custom:scripting/monoscript/fileName/EncoderTypeUtilities.cs: a12c4c78a6cd4fb6b93180d59ad77be8 -> 
  custom:scripting/monoscript/fileName/PooledBufferAsyncGPUReadback.cs: 2a4e50c5dda177306c9ec935763c4378 -> 
  custom:scripting/monoscript/fileName/AnimationRecorder.cs: f749a4250195b5467bbf05e3a976b59f -> 
  custom:scripting/precompiled-assembly-types:Unity.Recorder.Base: 3fec19fdf10e3518c41e41a932f2042f -> 
  custom:scripting/monoscript/fileName/AnimationRecorderSettings.cs: 5cfb1544a40f93fe0ea879bb1361c877 -> 
  custom:scripting/monoscript/fileName/RenderTextureSamplerSettings.cs: 68adab84706346f2ecbdfd649ca9cf61 -> 
  custom:scripting/monoscript/fileName/RecordingContext.cs: af9af1e8b283703482ba133924b5585a -> 
  custom:scripting/monoscript/fileName/RecorderSelector.cs: c3cd2caacd181d6eff54dc260c4a1ffb -> 
  custom:video-encoder-webm-vp8: eb34c28f22e8b96e1ab97ce403110664 -> 
  custom:scripting/monoscript/fileName/RecorderInput.cs: 88fd8d8fd71b34ed7298a01f6c2d2e40 -> 
  custom:scripting/monoscript/fileName/RenderTextureSamplerPropertyDrawer.cs: b541817d9cc9b1341d2ddfa8823b718d -> 
  custom:scripting/monoscript/fileName/RecorderSettingsAttribute.cs: ddd228b25da7ba2ac10d13e1efacc875 -> 
  custom:audio-decoder-ogg-vorbis: bf7c407c2cedff20999df2af8eb42d56 -> 
  custom:scripting/monoscript/fileName/OutputPathDrawer.cs: cffc34c1be094e6caeb13ff3b26ca679 -> 
  custom:scripting/monoscript/fileName/EditorVersionsHelper.cs: 3ad9098caeeff0295dba8c0911f5333a -> 
  custom:scripting/monoscript/fileName/SettingAsset.cs: 7c3790954696ae83d71055079b387931 -> 
  custom:scripting/monoscript/fileName/OutputResolution.cs: 31c632d97e9a69bcc2ef10f6feb5bf62 -> 
  custom:scripting/monoscript/fileName/AccumulationSettingsPropertyDrawer.cs: bfc920db0de3c29c2967e88aac1c1027 -> 
  custom:scripting/monoscript/fileName/AnimationInputSettingsPropertyDrawer.cs: ebe1771fecebe7a93badf6354f59c990 -> 
  custom:scripting/monoscript/fileName/CoreEncoderSettings.cs: 2b5db1db3c1fa7de4175a7e143de3ce5 -> 
  custom:scripting/monoscript/fileName/VisualListItem.cs: 90647cc400823b41df847a6cbfc29026 -> 
  custom:scripting/monoscript/fileName/FrameRateProperyDrawer.cs: c478c798f5354f66af45b380be0629f9 -> 
  custom:scripting/monoscript/fileName/InputSettingsSelectorDrawer.cs: bca46dd5b59e2f574c94bef4cdb878fb -> 
  custom:scripting/monoscript/fileName/RecorderWindow.cs: 553a30d64d5ef1dcad6b00b4eeeb3829 -> 
  custom:scripting/monoscript/fileName/AOVCameraInputSettings.cs: 4d2fdf1142ce53d73cb43d39944ba516 -> 
  custom:scripting/monoscript/fileName/EnumProperyDrawer.cs: 90647cc400823b41df847a6cbfc29026 -> 
  custom:scripting/monoscript/fileName/AOVImageInputSelector.cs: b741d8d3a7cbb503c5bdf23d7e6792db -> 
  custom:scripting/monoscript/fileName/CoreEncoderSettingsPropertyDrawer.cs: c8bdf3420d844fd4604c0d0cf3815355 -> 
  custom:scripting/monoscript/fileName/GifEncoderSettings.cs: 812ca6afdf48b830953d76adab9d4030 -> 
  custom:scripting/monoscript/fileName/GIFRecorderSettingsEditor.cs: 4d0f46bcf58d188895fabae5334995ae -> 
  custom:scripting/monoscript/fileName/IEncoder.cs: 007c2ef621b0d92b5a7a6bae91d26090 -> 
  custom:scripting/monoscript/fileName/RecorderOptions.cs: 74782d297e80d8f56c0e05a7cde4e51d -> 
  custom:scripting/precompiled-assembly-types:Unity.Recorder.Editor: cd22b836ef1ca10e7d8c91c9be46b4bf -> 
  custom:scripting/monoscript/fileName/ProResEncoderSettingsPropertyDrawer.cs: 68c25e6d4459336217d4b9e22eb707b4 -> 
  custom:scripting/monoscript/fileName/ImageRecorder.cs: b804c29bfc59a61db184c1d275fe4101 -> 
  custom:scripting/monoscript/fileName/EditableLabel.cs: 4f8fa2c6092744ed6607a411e3f617c0 -> 
  custom:scripting/monoscript/fileName/GameViewInput.cs: 596e7ffa2d11b2002176644af3247ea6 -> 
  custom:audio-encoder-webm-vorbis: bf7c407c2cedff20999df2af8eb42d56 -> 
  custom:scripting/monoscript/fileName/SerializedDictionnary.cs: 90647cc400823b41df847a6cbfc29026 -> 
  custom:scripting/monoscript/fileName/HammersleySequence.cs: b06601f044912976f668045b7d4c79a8 -> 
  custom:scripting/monoscript/fileName/_RecorderComponent.cs: 8c268d1df4e18643d83ea9c6eeba2d9f -> 
  custom:scripting/monoscript/fileName/IAccumulation.cs: 38dee62d444423165276e3254554d005 -> 
  custom:scripting/monoscript/fileName/RecorderController.cs: 5760bd2995080b8d0d9d9e88ab8933c6 -> 
  custom:scripting/monoscript/fileName/EXRRecorderSettings.cs: bf113df492cb5b25e11ec144a73c2f74 -> 
========================================================================
Received Import Request.
  Time since last request: 297.478099 seconds.
  path: Assets/Prefabs/Cube.prefab
  artifactKey: Guid(6f465dab9e6bdbc40b292aa1082e7dd9) Importer(815301076,1909f56bfc062723c751e8b465ee728b)
Start importing Assets/Prefabs/Cube.prefab using Guid(6f465dab9e6bdbc40b292aa1082e7dd9) Importer(815301076,1909f56bfc062723c751e8b465ee728b) [PhysX] Initialized MultithreadedTaskDispatcher with 12 workers.
 -> (artifact id: '9d04fdfc94419e9d414e421f41762208') in 0.001503 seconds
Number of updated asset objects reloaded before import = 0
Number of asset objects unloaded after import = 0
========================================================================
Received Prepare
Caller must complete domain reload
Begin MonoManager ReloadAssembly
- Loaded All Assemblies, in  0.407 seconds
Native extension for WindowsStandalone target not found
Native extension for iOS target not found
Native extension for Android target not found
Mono: successfully reloaded assembly
- Finished resetting the current domain, in  0.939 seconds
Domain Reload Profiling: 1342ms
	BeginReloadAssembly (122ms)
		ExecutionOrderSort (0ms)
		DisableScriptedObjects (4ms)
		BackupInstance (0ms)
		ReleaseScriptingObjects (0ms)
		CreateAndSetChildDomain (24ms)
	RebuildCommonClasses (25ms)
	RebuildNativeTypeToScriptingClass (9ms)
	initialDomainReloadingComplete (27ms)
	LoadAllAssembliesAndSetupDomain (221ms)
		LoadAssemblies (268ms)
		RebuildTransferFunctionScriptingTraits (0ms)
		AnalyzeDomain (19ms)
			TypeCache.Refresh (8ms)
				TypeCache.ScanAssembly (0ms)
			ScanForSourceGeneratedMonoScriptInfo (5ms)
			ResolveRequiredComponents (5ms)
	FinalizeReload (939ms)
		ReleaseScriptCaches (0ms)
		RebuildScriptCaches (0ms)
		SetupLoadedEditorAssemblies (456ms)
			LogAssemblyErrors (0ms)
			InitializePlatformSupportModulesInManaged (27ms)
			SetLoadedEditorAssemblies (3ms)
			RefreshPlugins (0ms)
			BeforeProcessingInitializeOnLoad (85ms)
			ProcessInitializeOnLoadAttributes (315ms)
			ProcessInitializeOnLoadMethodAttributes (17ms)
			AfterProcessingInitializeOnLoad (9ms)
			EditorAssembliesLoaded (0ms)
		ExecutionOrderSort2 (0ms)
		AwakeInstancesAfterBackupRestoration (5ms)
Refreshing native plugins compatible for Editor in 6.22 ms, found 6 plugins.
Preloading 0 native plugins for Editor in 0.00 ms.
Unloading 3255 Unused Serialized files (Serialized files now loaded: 0)
Unloading 22 unused Assets / (337.1 KB). Loaded Objects now: 3819.
Memory consumption went from 122.9 MB to 122.6 MB.
Total: 2.433500 ms (FindLiveObjects: 0.191800 ms CreateObjectMapping: 0.078700 ms MarkObjects: 1.996400 ms  DeleteObjects: 0.166200 ms)

Prepare: number of updated asset objects reloaded= 0
AssetImportParameters requested are different than current active one (requested -> active):
  custom:scripting/monoscript/fileName/WEBMRecorderSettingsEditor.cs: 5559c87f45d3b65fac8d5ac4ef5e81c8 -> 
  custom:scripting/monoscript/fileName/UIElementHelper.cs: 9f9438adfe3361012ea6280d4cdb2df4 -> 
  custom:scripting/monoscript/fileName/AOVCameraInput.cs: c23c8ce885672bc57e25263b3efd067a -> 
  custom:scripting/monoscript/fileName/BaseTextureRecorder.cs: 90647cc400823b41df847a6cbfc29026 -> 
  custom:scripting/monoscript/fileName/Recorder.cs: a7e319d512627774f8215ba0b76f0bcb -> 
  custom:scripting/monoscript/fileName/AudioRecorder.cs: 89550121570f22445b4a1b28daea3cf9 -> 
  custom:scripting/monoscript/fileName/PanelSplitter.cs: 5ff6c6e385b6b12ca322a9c92ac6f371 -> 
  custom:scripting/monoscript/fileName/ImageRecorderSettings.cs: a7ab05fac9382c03607c40fe73956ed6 -> 
  custom:scripting/monoscript/fileName/RecorderClip.cs: 897017f45cb3c30f306724d1fa17a8fe -> 
  custom:scripting/monoscript/fileName/GIFRecorderSettings.cs: 979f88ae1e7731daed242ab2fdebbc0e -> 
  custom:container-demuxer-ogg: 62fdf1f143b41e24485cea50d1cbac27 -> 
  custom:scripting/monoscript/fileName/MovieRecorder.cs: 024785cf83e1399f425b2aa115d22e2b -> 
  custom:scripting/monoscript/fileName/RecorderControllerSettingsPresetEditor.cs: 49aed206ae65ed5ac6b420f7104cd52d -> 
  custom:scripting/monoscript/fileName/AudioInput.cs: 499e96d8f0b35d362bd956c0975bb873 -> 
  custom:scripting/monoscript/fileName/WEBMRecorderSettings.cs: c176c43abbe456aeea55c2aef862801b -> 
  custom:scripting/monoscript/fileName/RecorderControllerSettingsPreset.cs: 78b391c1384ac60213ef58d50e78d553 -> 
  custom:scripting/monoscript/fileName/GameViewInputSettings.cs: a7ae22123f532f5bbcb39c654c998b57 -> 
  custom:scripting/monoscript/fileName/GameViewInputPropertyDrawer.cs: ae2c8a99c5e33d3d1ffc8232415130e8 -> 
  custom:scripting/monoscript/fileName/Camera360Input.cs: dc473b118c57e0734b0cd3476e333c06 -> 
  custom:scripting/monoscript/fileName/RecorderPreferencesSettingsProvider.cs: d92d314b87f7c2170e267636ebf38224 -> 
  custom:scripting/monoscript/fileName/RecorderBindings.cs: ac25db5b587307cfea909607f62e5641 -> 
  custom:video-decoder-ogg-theora: a1e56fd34408186e4bbccfd4996cb3dc -> 
  custom:scripting/monoscript/fileName/GIFWrapper.cs: 6ef8898a12699129e8f81f06a649cad1 -> 
  custom:scripting/monoscript/fileName/SceneHook.cs: 80fa8928b499d44515dd60e0bc895128 -> 
  custom:scripting/monoscript/fileName/AnimationInput.cs: e810137278708a698c5ccddaeb1a1e64 -> 
  custom:scripting/monoscript/fileName/OutputResolutionPropertyDrawer.cs: 0e33ffdf424417a2e685685cfc04d4b1 -> 
  custom:scripting/monoscript/fileName/EnumHelper.cs: 117b5609cc2a1ae41785cd0c8767815f -> 
  custom:scripting/monoscript/fileName/OutputPath.cs: ee51fcffcd8929d224a5e3fb152d5f62 -> 
  custom:scripting/monoscript/fileName/FileNameGeneratorDrawer.cs: a3ea71dec141084df9b7ffa19c11e2cb -> 
  custom:framework-win-MediaFoundation: 216162199b28c13a410421893ffa2e32 -> 
  custom:scripting/monoscript/fileName/RecorderPreferencesWindowGUIScope.cs: 7a2eba6fcb6829ea8b200991a02c9c06 -> 
  custom:scripting/monoscript/fileName/AspectRatio.cs: 18e3efa554f8258b676d4de53e38b642 -> 
  custom:scripting/monoscript/fileName/CameraInputSettings.cs: 6738f6dd994f658d2cbf6f5f3ba05a0e -> 
  custom:scripting/monoscript/fileName/RefHandle.cs: 90647cc400823b41df847a6cbfc29026 -> 
  custom:scripting/monoscript/fileName/CameraCapture.cs: c6dcba1380d9a4fa09f4e36182a45a73 -> 
  custom:scripting/monoscript/fileName/RecorderControllerSettings.cs: 989e0caa64af9b76551d4ff6bd15f598 -> 
  custom:scripting/monoscript/fileName/TargetedPropertyDrawer.cs: 90647cc400823b41df847a6cbfc29026 -> 
  custom:scripting/monoscript/fileName/MovieRecorderSettings.cs: 02a667a67b113b1f65e3fcadcc882513 -> 
  custom:scripting/monoscript/fileName/RenderTextureInputSettings.cs: ebca820667a63031a7597db85d26451a -> 
  custom:scripting/monoscript/fileName/ImageRecorderEditor.cs: d3134ae4c1dfd8e056bace11130b7692 -> 
  custom:scripting/monoscript/fileName/ProResEncoderSettings.cs: 4aca03881946a7fe9acacf199434009e -> 
  custom:scripting/monoscript/fileName/_FrameRequestComponent.cs: b34f171daaafc65da55ea68e2ed89f2b -> 
  custom:scripting/monoscript/fileName/RenderTextureInput.cs: 5dea77837ae3c82bb14643cd82dc06dc -> 
  custom:scripting/monoscript/fileName/RecorderAnalytics.cs: 0fa40093f6ac3fe75e92d746d563e5ee -> 
  custom:scripting/monoscript/fileName/MP4RecorderSettingsEditor.cs: 68a64b16a7961d71fa7286fd1f782e9b -> 
  custom:scripting/monoscript/fileName/RecorderBindingsEditor.cs: f7451a0e1cea6404b2976d2b2c42e273 -> 
  custom:scripting/monoscript/fileName/BaseRenderTextureInput.cs: 5dc13661a5a0dca5d09ca211933a44e2 -> 
  custom:scripting/monoscript/fileName/StatusBarHelper.cs: da04a6ed046f8a62f416d5d3ea415bef -> 
  custom:scripting/precompiled-assembly-types:Unity.Recorder: bd5378c99f6216e06dd6e2c2a60a86a4 -> 
  custom:CustomObjectIndexerAttribute: 9a22284fe3817be447336de3de66b15e -> 
  custom:scripting/monoscript/fileName/Camera360InputSettings.cs: 3d5eaf1cb3a9df6f9d1d52f3c3018c46 -> 
  custom:scripting/monoscript/fileName/PNGRecorderSettingsEditor.cs: 4970e6657bb34f7efc2c7d8168c7358b -> 
  custom:scripting/monoscript/fileName/ImageHeightSelector.cs: d1a7972bf1d79d90f09ab23c718afe39 -> 
  custom:scripting/monoscript/fileName/AnimationInputSettings.cs: d64a99ebbd13660e9264cb4111ab9832 -> 
  custom:scripting/monoscript/fileName/MP4RecorderSettings.cs: 551f5535c05b86d6ee91684eced14987 -> 
  custom:scripting/monoscript/fileName/RecorderPreferencesSettings.cs: 761b0a55fc5e50239a1d0c4bfc968274 -> 
  custom:container-demuxer-webm: 4f35f7cbe854078d1ac9338744f61a02 -> 
  custom:scripting/monoscript/fileName/RecorderSettingsPrefsEditor.cs: ba9e697f1d269c2c960a41bc543fa408 -> 
  custom:scripting/monoscript/fileName/ProResWrapper.cs: 712515ef615766c98115c6a20d85d6c8 -> 
  custom:scripting/monoscript/fileName/RecordModePropertyDrawer.cs: 165332db07362bbcab2d8dc6d1e1dfda -> 
  custom:scripting/monoscript/fileName/ImageInputSettings.cs: 98a2aedd167d40f01804b04845eeaf15 -> 
  custom:scripting/monoscript/fileName/SerializableObjHelper.cs: f19f181f3f05e8e393225dd7030fb66a -> 
  custom:scripting/monoscript/fileName/InputPropertyDrawer.cs: 90647cc400823b41df847a6cbfc29026 -> 
  custom:scripting/monoscript/fileName/AudioInputSettings.cs: a2c930fca1dd5e27705fbacf39727bb4 -> 
  custom:scripting/monoscript/fileName/InputSettings.cs: 35c56ce5488c6b464726305dcbd33b3d -> 
  custom:scripting/monoscript/fileName/RecorderEditor.cs: 736e59ba52eea987abc47f36a836e575 -> 
  custom:scripting/monoscript/fileName/AudioRecorderSettings.cs: 0b00f2c93558486cc61a06f270f43fea -> 
  custom:scripting/monoscript/fileName/RecordersInventory.cs: fb714c8df18f9b7fc7f3361f604ae3dc -> 
  custom:scripting/monoscript/fileName/BaseFCRecorderSettings.cs: fab928553cedb8703ac192d6cf7b6294 -> 
  custom:scripting/monoscript/fileName/AOVRecorderSettings.cs: cdc731153cd2f1f739300a28ea6a6608 -> 
  custom:scripting/monoscript/fileName/EXRCompressionTypeDrawer.cs: 301cb614ecf84a4dab346c5f76ea2016 -> 
  custom:scripting/monoscript/fileName/AOVRecorder.cs: c53e83f1863b3ea80b6df3885cdb8c82 -> 
  custom:scripting/monoscript/fileName/IEncoderSettings.cs: c7d04fadacf538db841606cc656ae724 -> 
  custom:scripting/monoscript/fileName/ShutterProfileTypePropertyDrawer.cs: 18a32c647eca27716eabcb5a44f00e32 -> 
  custom:scripting/monoscript/fileName/MovieRecorderEditor.cs: eb00ddb8a76b8dfb7c88b7826a49d38b -> 
  custom:scripting/monoscript/fileName/RenderTextureInputSettingsPropertyDrawer.cs: 809602b52454cd1e6229756218a8f453 -> 
  custom:scripting/monoscript/fileName/RecorderPlayableBehaviour.cs: 80165a21f4cd0dda690f708a19d389bd -> 
  custom:scripting/monoscript/fileName/GifEncoderSettingsPropertyDrawer.cs: b36c9a7eaaefccda514b23d7e14761ca -> 
  custom:scripting/monoscript/fileName/PNGRecorder.cs: 08fd40f88cb6b18c96882f263639f57d -> 
  custom:scripting/monoscript/fileName/CameraInputSettingsPropertyDrawer.cs: 91928abf1abf88be098cb088d896aec5 -> 
  custom:scripting/monoscript/fileName/AudioRecorderEditor.cs: 565168dec291afe3fa470657cfc2c123 -> 
  custom:scripting/monoscript/fileName/AOVRecorderEditor.cs: 5ca53ccd6d7645709639507726114395 -> 
  custom:container-muxer-webm: aa71ff27fc2769a1b78a27578f13a17b -> 
  custom:video-decoder-webm-vp8: 9c59270c3fd7afecdb556c50c9e8de78 -> 
  custom:scripting/monoscript/fileName/RecordingSession.cs: f3ad08157c278a036224ca395f350890 -> 
  custom:scripting/monoscript/fileName/GameViewSize.cs: f6128a6515fcafce6db32fcdfa107254 -> 
  custom:scripting/monoscript/fileName/UnityHelpers.cs: b3e077029b574be508585124a9d839ef -> 
  custom:SearchIndexIgnoredProperties: e643bd26f0fe6173181afceb89e7c659 -> 
  custom:scripting/monoscript/fileName/GIFRecorder.cs: c00ece885699fb9084deaccd3eb27518 -> 
  custom:AudioImporter_EditorPlatform: d09bf68614088b80899f8185d706f6e7 -> 
  custom:scripting/monoscript/fileName/EXRRecorder.cs: 3f576ce8ddd959d51a4d7ba1999ecdbb -> 
  custom:scripting/monoscript/fileName/WEBMRecorder.cs: 391b6b920cfbc02401ea522620320c93 -> 
  custom:scripting/monoscript/fileName/RenderTextureSampler.cs: 1a7b9abab9548e1054dc40d6e2fa0270 -> 
  custom:scripting/monoscript/fileName/GifEncoder.cs: 40f336d5c5042a8a04556b4c5804a538 -> 
  custom:scripting/monoscript/fileName/GenericRecorder.cs: 90647cc400823b41df847a6cbfc29026 -> 
  custom:scripting/monoscript/fileName/ImageInputSelector.cs: f55822da877594150873922341be92b6 -> 
  custom:scripting/monoscript/fileName/AnimationRecorderSettingsEditor.cs: db1294bf3d48be44b6e4b2f2cc100b02 -> 
  custom:scripting/monoscript/fileName/RecorderTrack.cs: fac9638ece7eb7daaa1302fa170613fd -> 
  custom:scripting/monoscript/fileName/InputSettingsSelector.cs: 499a4ec92267406782b5c4f3472d53b9 -> 
  custom:scripting/monoscript/fileName/FileNameGenerator.cs: 5c8b6eb5291c3311189e0dfadac99363 -> 
  custom:scripting/monoscript/fileName/RecorderItem.cs: b62d2fcb9547a248575727d8a1646db8 -> 
  custom:scripting/monoscript/fileName/TextureFlipper.cs: 825b503b2ddab9cbd8ebbf3038075092 -> 
  custom:scripting/monoscript/fileName/AccumulationSettings.cs: fb962f0c2333934b681b167574f5e1cd -> 
  custom:scripting/monoscript/fileName/Camera360InputPropertyDrawer.cs: af647a2fe91bec98139246321cac865d -> 
  custom:scripting/monoscript/fileName/RecorderClipEditor.cs: 947ad5ff1f968d7fc40767d187070964 -> 
  custom:scripting/monoscript/fileName/EXRRecorderSettingsEditor.cs: c520a04c5f01331f2c8800e289ef6d6f -> 
  custom:scripting/monoscript/fileName/CoreEncoder.cs: dfaed86e82ad12e6a2b6740a0fb35820 -> 
  custom:scripting/monoscript/fileName/PNGRecorderSettings.cs: 79a421225358808ff14dd88c0355d1b6 -> 
  custom:scripting/monoscript/fileName/AspectRatioPropertyDrawer.cs: 9f18568574138839573389bde3e660a7 -> 
  custom:scripting/monoscript/fileName/ProResEncoder.cs: b375bf2d41e3d89081c3f2d1a0823bf3 -> 
  custom:scripting/monoscript/fileName/CameraInput.cs: bf7e0df3caf9e500f6d1c98c99e165ba -> 
  custom:scripting/monoscript/fileName/RecorderSettings.cs: bc3ef26ac157af28e5460886c0d5ef2e -> 
  custom:scripting/monoscript/fileName/RecorderClipTimelineEditor.cs: 2995d9f50ebc9245c6e9bd75c56415fb -> 
  custom:scripting/monoscript/fileName/EncoderSettingsAttribute.cs: 8352396dc11cff58c65c429fdb4fc67e -> 
  custom:scripting/monoscript/fileName/MP4Recorder.cs: af531c4e1f6d23547da08837eb16b729 -> 
  custom:scripting/monoscript/fileName/EncoderTypeUtilities.cs: a12c4c78a6cd4fb6b93180d59ad77be8 -> 
  custom:scripting/monoscript/fileName/PooledBufferAsyncGPUReadback.cs: 2a4e50c5dda177306c9ec935763c4378 -> 
  custom:scripting/monoscript/fileName/AnimationRecorder.cs: f749a4250195b5467bbf05e3a976b59f -> 
  custom:scripting/precompiled-assembly-types:Unity.Recorder.Base: 3fec19fdf10e3518c41e41a932f2042f -> 
  custom:scripting/monoscript/fileName/AnimationRecorderSettings.cs: 5cfb1544a40f93fe0ea879bb1361c877 -> 
  custom:scripting/monoscript/fileName/RenderTextureSamplerSettings.cs: 68adab84706346f2ecbdfd649ca9cf61 -> 
  custom:scripting/monoscript/fileName/RecordingContext.cs: af9af1e8b283703482ba133924b5585a -> 
  custom:scripting/monoscript/fileName/RecorderSelector.cs: c3cd2caacd181d6eff54dc260c4a1ffb -> 
  custom:video-encoder-webm-vp8: eb34c28f22e8b96e1ab97ce403110664 -> 
  custom:scripting/monoscript/fileName/RecorderInput.cs: 88fd8d8fd71b34ed7298a01f6c2d2e40 -> 
  custom:scripting/monoscript/fileName/RenderTextureSamplerPropertyDrawer.cs: b541817d9cc9b1341d2ddfa8823b718d -> 
  custom:scripting/monoscript/fileName/RecorderSettingsAttribute.cs: ddd228b25da7ba2ac10d13e1efacc875 -> 
  custom:audio-decoder-ogg-vorbis: bf7c407c2cedff20999df2af8eb42d56 -> 
  custom:scripting/monoscript/fileName/OutputPathDrawer.cs: cffc34c1be094e6caeb13ff3b26ca679 -> 
  custom:scripting/monoscript/fileName/EditorVersionsHelper.cs: 3ad9098caeeff0295dba8c0911f5333a -> 
  custom:scripting/monoscript/fileName/SettingAsset.cs: 7c3790954696ae83d71055079b387931 -> 
  custom:scripting/monoscript/fileName/OutputResolution.cs: 31c632d97e9a69bcc2ef10f6feb5bf62 -> 
  custom:scripting/monoscript/fileName/AccumulationSettingsPropertyDrawer.cs: bfc920db0de3c29c2967e88aac1c1027 -> 
  custom:scripting/monoscript/fileName/AnimationInputSettingsPropertyDrawer.cs: ebe1771fecebe7a93badf6354f59c990 -> 
  custom:scripting/monoscript/fileName/CoreEncoderSettings.cs: 2b5db1db3c1fa7de4175a7e143de3ce5 -> 
  custom:scripting/monoscript/fileName/VisualListItem.cs: 90647cc400823b41df847a6cbfc29026 -> 
  custom:scripting/monoscript/fileName/FrameRateProperyDrawer.cs: c478c798f5354f66af45b380be0629f9 -> 
  custom:scripting/monoscript/fileName/InputSettingsSelectorDrawer.cs: bca46dd5b59e2f574c94bef4cdb878fb -> 
  custom:scripting/monoscript/fileName/RecorderWindow.cs: 553a30d64d5ef1dcad6b00b4eeeb3829 -> 
  custom:scripting/monoscript/fileName/AOVCameraInputSettings.cs: 4d2fdf1142ce53d73cb43d39944ba516 -> 
  custom:scripting/monoscript/fileName/EnumProperyDrawer.cs: 90647cc400823b41df847a6cbfc29026 -> 
  custom:scripting/monoscript/fileName/AOVImageInputSelector.cs: b741d8d3a7cbb503c5bdf23d7e6792db -> 
  custom:scripting/monoscript/fileName/CoreEncoderSettingsPropertyDrawer.cs: c8bdf3420d844fd4604c0d0cf3815355 -> 
  custom:scripting/monoscript/fileName/GifEncoderSettings.cs: 812ca6afdf48b830953d76adab9d4030 -> 
  custom:scripting/monoscript/fileName/GIFRecorderSettingsEditor.cs: 4d0f46bcf58d188895fabae5334995ae -> 
  custom:scripting/monoscript/fileName/IEncoder.cs: 007c2ef621b0d92b5a7a6bae91d26090 -> 
  custom:scripting/monoscript/fileName/RecorderOptions.cs: 74782d297e80d8f56c0e05a7cde4e51d -> 
  custom:scripting/precompiled-assembly-types:Unity.Recorder.Editor: cd22b836ef1ca10e7d8c91c9be46b4bf -> 
  custom:scripting/monoscript/fileName/ProResEncoderSettingsPropertyDrawer.cs: 68c25e6d4459336217d4b9e22eb707b4 -> 
  custom:scripting/monoscript/fileName/ImageRecorder.cs: b804c29bfc59a61db184c1d275fe4101 -> 
  custom:scripting/monoscript/fileName/EditableLabel.cs: 4f8fa2c6092744ed6607a411e3f617c0 -> 
  custom:scripting/monoscript/fileName/GameViewInput.cs: 596e7ffa2d11b2002176644af3247ea6 -> 
  custom:audio-encoder-webm-vorbis: bf7c407c2cedff20999df2af8eb42d56 -> 
  custom:scripting/monoscript/fileName/SerializedDictionnary.cs: 90647cc400823b41df847a6cbfc29026 -> 
  custom:scripting/monoscript/fileName/HammersleySequence.cs: b06601f044912976f668045b7d4c79a8 -> 
  custom:scripting/monoscript/fileName/_RecorderComponent.cs: 8c268d1df4e18643d83ea9c6eeba2d9f -> 
  custom:scripting/monoscript/fileName/IAccumulation.cs: 38dee62d444423165276e3254554d005 -> 
  custom:scripting/monoscript/fileName/RecorderController.cs: 5760bd2995080b8d0d9d9e88ab8933c6 -> 
  custom:scripting/monoscript/fileName/EXRRecorderSettings.cs: bf113df492cb5b25e11ec144a73c2f74 -> 
========================================================================
Received Import Request.
  Time since last request: 40.970702 seconds.
  path: Assets/Prefabs/Cube.prefab
  artifactKey: Guid(6f465dab9e6bdbc40b292aa1082e7dd9) Importer(815301076,1909f56bfc062723c751e8b465ee728b)
Start importing Assets/Prefabs/Cube.prefab using Guid(6f465dab9e6bdbc40b292aa1082e7dd9) Importer(815301076,1909f56bfc062723c751e8b465ee728b) [PhysX] Initialized MultithreadedTaskDispatcher with 12 workers.
 -> (artifact id: '9d04fdfc94419e9d414e421f41762208') in 0.001436 seconds
Number of updated asset objects reloaded before import = 0
Number of asset objects unloaded after import = 0
========================================================================
Received Prepare
Caller must complete domain reload
Begin MonoManager ReloadAssembly
- Loaded All Assemblies, in  0.419 seconds
Native extension for WindowsStandalone target not found
Native extension for iOS target not found
Native extension for Android target not found
Mono: successfully reloaded assembly
- Finished resetting the current domain, in  0.987 seconds
Domain Reload Profiling: 1402ms
	BeginReloadAssembly (130ms)
		ExecutionOrderSort (0ms)
		DisableScriptedObjects (4ms)
		BackupInstance (0ms)
		ReleaseScriptingObjects (0ms)
		CreateAndSetChildDomain (24ms)
	RebuildCommonClasses (25ms)
	RebuildNativeTypeToScriptingClass (8ms)
	initialDomainReloadingComplete (31ms)
	LoadAllAssembliesAndSetupDomain (222ms)
		LoadAssemblies (285ms)
		RebuildTransferFunctionScriptingTraits (0ms)
		AnalyzeDomain (10ms)
			TypeCache.Refresh (4ms)
				TypeCache.ScanAssembly (0ms)
			ScanForSourceGeneratedMonoScriptInfo (0ms)
			ResolveRequiredComponents (5ms)
	FinalizeReload (987ms)
		ReleaseScriptCaches (0ms)
		RebuildScriptCaches (0ms)
		SetupLoadedEditorAssemblies (482ms)
			LogAssemblyErrors (0ms)
			InitializePlatformSupportModulesInManaged (28ms)
			SetLoadedEditorAssemblies (3ms)
			RefreshPlugins (0ms)
			BeforeProcessingInitializeOnLoad (95ms)
			ProcessInitializeOnLoadAttributes (328ms)
			ProcessInitializeOnLoadMethodAttributes (17ms)
			AfterProcessingInitializeOnLoad (10ms)
			EditorAssembliesLoaded (0ms)
		ExecutionOrderSort2 (0ms)
		AwakeInstancesAfterBackupRestoration (5ms)
Refreshing native plugins compatible for Editor in 5.03 ms, found 6 plugins.
Preloading 0 native plugins for Editor in 0.00 ms.
Unloading 3255 Unused Serialized files (Serialized files now loaded: 0)
Unloading 22 unused Assets / (337.5 KB). Loaded Objects now: 3822.
Memory consumption went from 123.0 MB to 122.6 MB.
Total: 2.632800 ms (FindLiveObjects: 0.197300 ms CreateObjectMapping: 0.077700 ms MarkObjects: 2.183100 ms  DeleteObjects: 0.174100 ms)

Prepare: number of updated asset objects reloaded= 0
AssetImportParameters requested are different than current active one (requested -> active):
  custom:scripting/monoscript/fileName/WEBMRecorderSettingsEditor.cs: 5559c87f45d3b65fac8d5ac4ef5e81c8 -> 
  custom:scripting/monoscript/fileName/UIElementHelper.cs: 9f9438adfe3361012ea6280d4cdb2df4 -> 
  custom:scripting/monoscript/fileName/AOVCameraInput.cs: c23c8ce885672bc57e25263b3efd067a -> 
  custom:scripting/monoscript/fileName/BaseTextureRecorder.cs: 90647cc400823b41df847a6cbfc29026 -> 
  custom:scripting/monoscript/fileName/Recorder.cs: a7e319d512627774f8215ba0b76f0bcb -> 
  custom:scripting/monoscript/fileName/AudioRecorder.cs: 89550121570f22445b4a1b28daea3cf9 -> 
  custom:scripting/monoscript/fileName/PanelSplitter.cs: 5ff6c6e385b6b12ca322a9c92ac6f371 -> 
  custom:scripting/monoscript/fileName/ImageRecorderSettings.cs: a7ab05fac9382c03607c40fe73956ed6 -> 
  custom:scripting/monoscript/fileName/RecorderClip.cs: 897017f45cb3c30f306724d1fa17a8fe -> 
  custom:scripting/monoscript/fileName/GIFRecorderSettings.cs: 979f88ae1e7731daed242ab2fdebbc0e -> 
  custom:container-demuxer-ogg: 62fdf1f143b41e24485cea50d1cbac27 -> 
  custom:scripting/monoscript/fileName/MovieRecorder.cs: 024785cf83e1399f425b2aa115d22e2b -> 
  custom:scripting/monoscript/fileName/RecorderControllerSettingsPresetEditor.cs: 49aed206ae65ed5ac6b420f7104cd52d -> 
  custom:scripting/monoscript/fileName/AudioInput.cs: 499e96d8f0b35d362bd956c0975bb873 -> 
  custom:scripting/monoscript/fileName/WEBMRecorderSettings.cs: c176c43abbe456aeea55c2aef862801b -> 
  custom:scripting/monoscript/fileName/RecorderControllerSettingsPreset.cs: 78b391c1384ac60213ef58d50e78d553 -> 
  custom:scripting/monoscript/fileName/GameViewInputSettings.cs: a7ae22123f532f5bbcb39c654c998b57 -> 
  custom:scripting/monoscript/fileName/GameViewInputPropertyDrawer.cs: ae2c8a99c5e33d3d1ffc8232415130e8 -> 
  custom:scripting/monoscript/fileName/Camera360Input.cs: dc473b118c57e0734b0cd3476e333c06 -> 
  custom:scripting/monoscript/fileName/RecorderPreferencesSettingsProvider.cs: d92d314b87f7c2170e267636ebf38224 -> 
  custom:scripting/monoscript/fileName/RecorderBindings.cs: ac25db5b587307cfea909607f62e5641 -> 
  custom:video-decoder-ogg-theora: a1e56fd34408186e4bbccfd4996cb3dc -> 
  custom:scripting/monoscript/fileName/GIFWrapper.cs: 6ef8898a12699129e8f81f06a649cad1 -> 
  custom:scripting/monoscript/fileName/SceneHook.cs: 80fa8928b499d44515dd60e0bc895128 -> 
  custom:scripting/monoscript/fileName/AnimationInput.cs: e810137278708a698c5ccddaeb1a1e64 -> 
  custom:scripting/monoscript/fileName/OutputResolutionPropertyDrawer.cs: 0e33ffdf424417a2e685685cfc04d4b1 -> 
  custom:scripting/monoscript/fileName/EnumHelper.cs: 117b5609cc2a1ae41785cd0c8767815f -> 
  custom:scripting/monoscript/fileName/OutputPath.cs: ee51fcffcd8929d224a5e3fb152d5f62 -> 
  custom:scripting/monoscript/fileName/FileNameGeneratorDrawer.cs: a3ea71dec141084df9b7ffa19c11e2cb -> 
  custom:framework-win-MediaFoundation: 216162199b28c13a410421893ffa2e32 -> 
  custom:scripting/monoscript/fileName/RecorderPreferencesWindowGUIScope.cs: 7a2eba6fcb6829ea8b200991a02c9c06 -> 
  custom:scripting/monoscript/fileName/AspectRatio.cs: 18e3efa554f8258b676d4de53e38b642 -> 
  custom:scripting/monoscript/fileName/CameraInputSettings.cs: 6738f6dd994f658d2cbf6f5f3ba05a0e -> 
  custom:scripting/monoscript/fileName/RefHandle.cs: 90647cc400823b41df847a6cbfc29026 -> 
  custom:scripting/monoscript/fileName/CameraCapture.cs: c6dcba1380d9a4fa09f4e36182a45a73 -> 
  custom:scripting/monoscript/fileName/RecorderControllerSettings.cs: 989e0caa64af9b76551d4ff6bd15f598 -> 
  custom:scripting/monoscript/fileName/TargetedPropertyDrawer.cs: 90647cc400823b41df847a6cbfc29026 -> 
  custom:scripting/monoscript/fileName/MovieRecorderSettings.cs: 02a667a67b113b1f65e3fcadcc882513 -> 
  custom:scripting/monoscript/fileName/RenderTextureInputSettings.cs: ebca820667a63031a7597db85d26451a -> 
  custom:scripting/monoscript/fileName/ImageRecorderEditor.cs: d3134ae4c1dfd8e056bace11130b7692 -> 
  custom:scripting/monoscript/fileName/ProResEncoderSettings.cs: 4aca03881946a7fe9acacf199434009e -> 
  custom:scripting/monoscript/fileName/_FrameRequestComponent.cs: b34f171daaafc65da55ea68e2ed89f2b -> 
  custom:scripting/monoscript/fileName/RenderTextureInput.cs: 5dea77837ae3c82bb14643cd82dc06dc -> 
  custom:scripting/monoscript/fileName/RecorderAnalytics.cs: 0fa40093f6ac3fe75e92d746d563e5ee -> 
  custom:scripting/monoscript/fileName/MP4RecorderSettingsEditor.cs: 68a64b16a7961d71fa7286fd1f782e9b -> 
  custom:scripting/monoscript/fileName/RecorderBindingsEditor.cs: f7451a0e1cea6404b2976d2b2c42e273 -> 
  custom:scripting/monoscript/fileName/BaseRenderTextureInput.cs: 5dc13661a5a0dca5d09ca211933a44e2 -> 
  custom:scripting/monoscript/fileName/StatusBarHelper.cs: da04a6ed046f8a62f416d5d3ea415bef -> 
  custom:scripting/precompiled-assembly-types:Unity.Recorder: bd5378c99f6216e06dd6e2c2a60a86a4 -> 
  custom:CustomObjectIndexerAttribute: 9a22284fe3817be447336de3de66b15e -> 
  custom:scripting/monoscript/fileName/Camera360InputSettings.cs: 3d5eaf1cb3a9df6f9d1d52f3c3018c46 -> 
  custom:scripting/monoscript/fileName/PNGRecorderSettingsEditor.cs: 4970e6657bb34f7efc2c7d8168c7358b -> 
  custom:scripting/monoscript/fileName/ImageHeightSelector.cs: d1a7972bf1d79d90f09ab23c718afe39 -> 
  custom:scripting/monoscript/fileName/AnimationInputSettings.cs: d64a99ebbd13660e9264cb4111ab9832 -> 
  custom:scripting/monoscript/fileName/MP4RecorderSettings.cs: 551f5535c05b86d6ee91684eced14987 -> 
  custom:scripting/monoscript/fileName/RecorderPreferencesSettings.cs: 761b0a55fc5e50239a1d0c4bfc968274 -> 
  custom:container-demuxer-webm: 4f35f7cbe854078d1ac9338744f61a02 -> 
  custom:scripting/monoscript/fileName/RecorderSettingsPrefsEditor.cs: ba9e697f1d269c2c960a41bc543fa408 -> 
  custom:scripting/monoscript/fileName/ProResWrapper.cs: 712515ef615766c98115c6a20d85d6c8 -> 
  custom:scripting/monoscript/fileName/RecordModePropertyDrawer.cs: 165332db07362bbcab2d8dc6d1e1dfda -> 
  custom:scripting/monoscript/fileName/ImageInputSettings.cs: 98a2aedd167d40f01804b04845eeaf15 -> 
  custom:scripting/monoscript/fileName/SerializableObjHelper.cs: f19f181f3f05e8e393225dd7030fb66a -> 
  custom:scripting/monoscript/fileName/InputPropertyDrawer.cs: 90647cc400823b41df847a6cbfc29026 -> 
  custom:scripting/monoscript/fileName/AudioInputSettings.cs: a2c930fca1dd5e27705fbacf39727bb4 -> 
  custom:scripting/monoscript/fileName/InputSettings.cs: 35c56ce5488c6b464726305dcbd33b3d -> 
  custom:scripting/monoscript/fileName/RecorderEditor.cs: 736e59ba52eea987abc47f36a836e575 -> 
  custom:scripting/monoscript/fileName/AudioRecorderSettings.cs: 0b00f2c93558486cc61a06f270f43fea -> 
  custom:scripting/monoscript/fileName/RecordersInventory.cs: fb714c8df18f9b7fc7f3361f604ae3dc -> 
  custom:scripting/monoscript/fileName/BaseFCRecorderSettings.cs: fab928553cedb8703ac192d6cf7b6294 -> 
  custom:scripting/monoscript/fileName/AOVRecorderSettings.cs: cdc731153cd2f1f739300a28ea6a6608 -> 
  custom:scripting/monoscript/fileName/EXRCompressionTypeDrawer.cs: 301cb614ecf84a4dab346c5f76ea2016 -> 
  custom:scripting/monoscript/fileName/AOVRecorder.cs: c53e83f1863b3ea80b6df3885cdb8c82 -> 
  custom:scripting/monoscript/fileName/IEncoderSettings.cs: c7d04fadacf538db841606cc656ae724 -> 
  custom:scripting/monoscript/fileName/ShutterProfileTypePropertyDrawer.cs: 18a32c647eca27716eabcb5a44f00e32 -> 
  custom:scripting/monoscript/fileName/MovieRecorderEditor.cs: eb00ddb8a76b8dfb7c88b7826a49d38b -> 
  custom:scripting/monoscript/fileName/RenderTextureInputSettingsPropertyDrawer.cs: 809602b52454cd1e6229756218a8f453 -> 
  custom:scripting/monoscript/fileName/RecorderPlayableBehaviour.cs: 80165a21f4cd0dda690f708a19d389bd -> 
  custom:scripting/monoscript/fileName/GifEncoderSettingsPropertyDrawer.cs: b36c9a7eaaefccda514b23d7e14761ca -> 
  custom:scripting/monoscript/fileName/PNGRecorder.cs: 08fd40f88cb6b18c96882f263639f57d -> 
  custom:scripting/monoscript/fileName/CameraInputSettingsPropertyDrawer.cs: 91928abf1abf88be098cb088d896aec5 -> 
  custom:scripting/monoscript/fileName/AudioRecorderEditor.cs: 565168dec291afe3fa470657cfc2c123 -> 
  custom:scripting/monoscript/fileName/AOVRecorderEditor.cs: 5ca53ccd6d7645709639507726114395 -> 
  custom:container-muxer-webm: aa71ff27fc2769a1b78a27578f13a17b -> 
  custom:video-decoder-webm-vp8: 9c59270c3fd7afecdb556c50c9e8de78 -> 
  custom:scripting/monoscript/fileName/RecordingSession.cs: f3ad08157c278a036224ca395f350890 -> 
  custom:scripting/monoscript/fileName/GameViewSize.cs: f6128a6515fcafce6db32fcdfa107254 -> 
  custom:scripting/monoscript/fileName/UnityHelpers.cs: b3e077029b574be508585124a9d839ef -> 
  custom:SearchIndexIgnoredProperties: e643bd26f0fe6173181afceb89e7c659 -> 
  custom:scripting/monoscript/fileName/GIFRecorder.cs: c00ece885699fb9084deaccd3eb27518 -> 
  custom:AudioImporter_EditorPlatform: d09bf68614088b80899f8185d706f6e7 -> 
  custom:scripting/monoscript/fileName/EXRRecorder.cs: 3f576ce8ddd959d51a4d7ba1999ecdbb -> 
  custom:scripting/monoscript/fileName/WEBMRecorder.cs: 391b6b920cfbc02401ea522620320c93 -> 
  custom:scripting/monoscript/fileName/RenderTextureSampler.cs: 1a7b9abab9548e1054dc40d6e2fa0270 -> 
  custom:scripting/monoscript/fileName/GifEncoder.cs: 40f336d5c5042a8a04556b4c5804a538 -> 
  custom:scripting/monoscript/fileName/GenericRecorder.cs: 90647cc400823b41df847a6cbfc29026 -> 
  custom:scripting/monoscript/fileName/ImageInputSelector.cs: f55822da877594150873922341be92b6 -> 
  custom:scripting/monoscript/fileName/AnimationRecorderSettingsEditor.cs: db1294bf3d48be44b6e4b2f2cc100b02 -> 
  custom:scripting/monoscript/fileName/RecorderTrack.cs: fac9638ece7eb7daaa1302fa170613fd -> 
  custom:scripting/monoscript/fileName/InputSettingsSelector.cs: 499a4ec92267406782b5c4f3472d53b9 -> 
  custom:scripting/monoscript/fileName/FileNameGenerator.cs: 5c8b6eb5291c3311189e0dfadac99363 -> 
  custom:scripting/monoscript/fileName/RecorderItem.cs: b62d2fcb9547a248575727d8a1646db8 -> 
  custom:scripting/monoscript/fileName/TextureFlipper.cs: 825b503b2ddab9cbd8ebbf3038075092 -> 
  custom:scripting/monoscript/fileName/AccumulationSettings.cs: fb962f0c2333934b681b167574f5e1cd -> 
  custom:scripting/monoscript/fileName/Camera360InputPropertyDrawer.cs: af647a2fe91bec98139246321cac865d -> 
  custom:scripting/monoscript/fileName/RecorderClipEditor.cs: 947ad5ff1f968d7fc40767d187070964 -> 
  custom:scripting/monoscript/fileName/EXRRecorderSettingsEditor.cs: c520a04c5f01331f2c8800e289ef6d6f -> 
  custom:scripting/monoscript/fileName/CoreEncoder.cs: dfaed86e82ad12e6a2b6740a0fb35820 -> 
  custom:scripting/monoscript/fileName/PNGRecorderSettings.cs: 79a421225358808ff14dd88c0355d1b6 -> 
  custom:scripting/monoscript/fileName/AspectRatioPropertyDrawer.cs: 9f18568574138839573389bde3e660a7 -> 
  custom:scripting/monoscript/fileName/ProResEncoder.cs: b375bf2d41e3d89081c3f2d1a0823bf3 -> 
  custom:scripting/monoscript/fileName/CameraInput.cs: bf7e0df3caf9e500f6d1c98c99e165ba -> 
  custom:scripting/monoscript/fileName/RecorderSettings.cs: bc3ef26ac157af28e5460886c0d5ef2e -> 
  custom:scripting/monoscript/fileName/RecorderClipTimelineEditor.cs: 2995d9f50ebc9245c6e9bd75c56415fb -> 
  custom:scripting/monoscript/fileName/EncoderSettingsAttribute.cs: 8352396dc11cff58c65c429fdb4fc67e -> 
  custom:scripting/monoscript/fileName/MP4Recorder.cs: af531c4e1f6d23547da08837eb16b729 -> 
  custom:scripting/monoscript/fileName/EncoderTypeUtilities.cs: a12c4c78a6cd4fb6b93180d59ad77be8 -> 
  custom:scripting/monoscript/fileName/PooledBufferAsyncGPUReadback.cs: 2a4e50c5dda177306c9ec935763c4378 -> 
  custom:scripting/monoscript/fileName/AnimationRecorder.cs: f749a4250195b5467bbf05e3a976b59f -> 
  custom:scripting/precompiled-assembly-types:Unity.Recorder.Base: 3fec19fdf10e3518c41e41a932f2042f -> 
  custom:scripting/monoscript/fileName/AnimationRecorderSettings.cs: 5cfb1544a40f93fe0ea879bb1361c877 -> 
  custom:scripting/monoscript/fileName/RenderTextureSamplerSettings.cs: 68adab84706346f2ecbdfd649ca9cf61 -> 
  custom:scripting/monoscript/fileName/RecordingContext.cs: af9af1e8b283703482ba133924b5585a -> 
  custom:scripting/monoscript/fileName/RecorderSelector.cs: c3cd2caacd181d6eff54dc260c4a1ffb -> 
  custom:video-encoder-webm-vp8: eb34c28f22e8b96e1ab97ce403110664 -> 
  custom:scripting/monoscript/fileName/RecorderInput.cs: 88fd8d8fd71b34ed7298a01f6c2d2e40 -> 
  custom:scripting/monoscript/fileName/RenderTextureSamplerPropertyDrawer.cs: b541817d9cc9b1341d2ddfa8823b718d -> 
  custom:scripting/monoscript/fileName/RecorderSettingsAttribute.cs: ddd228b25da7ba2ac10d13e1efacc875 -> 
  custom:audio-decoder-ogg-vorbis: bf7c407c2cedff20999df2af8eb42d56 -> 
  custom:scripting/monoscript/fileName/OutputPathDrawer.cs: cffc34c1be094e6caeb13ff3b26ca679 -> 
  custom:scripting/monoscript/fileName/EditorVersionsHelper.cs: 3ad9098caeeff0295dba8c0911f5333a -> 
  custom:scripting/monoscript/fileName/SettingAsset.cs: 7c3790954696ae83d71055079b387931 -> 
  custom:scripting/monoscript/fileName/OutputResolution.cs: 31c632d97e9a69bcc2ef10f6feb5bf62 -> 
  custom:scripting/monoscript/fileName/AccumulationSettingsPropertyDrawer.cs: bfc920db0de3c29c2967e88aac1c1027 -> 
  custom:scripting/monoscript/fileName/AnimationInputSettingsPropertyDrawer.cs: ebe1771fecebe7a93badf6354f59c990 -> 
  custom:scripting/monoscript/fileName/CoreEncoderSettings.cs: 2b5db1db3c1fa7de4175a7e143de3ce5 -> 
  custom:scripting/monoscript/fileName/VisualListItem.cs: 90647cc400823b41df847a6cbfc29026 -> 
  custom:scripting/monoscript/fileName/FrameRateProperyDrawer.cs: c478c798f5354f66af45b380be0629f9 -> 
  custom:scripting/monoscript/fileName/InputSettingsSelectorDrawer.cs: bca46dd5b59e2f574c94bef4cdb878fb -> 
  custom:scripting/monoscript/fileName/RecorderWindow.cs: 553a30d64d5ef1dcad6b00b4eeeb3829 -> 
  custom:scripting/monoscript/fileName/AOVCameraInputSettings.cs: 4d2fdf1142ce53d73cb43d39944ba516 -> 
  custom:scripting/monoscript/fileName/EnumProperyDrawer.cs: 90647cc400823b41df847a6cbfc29026 -> 
  custom:scripting/monoscript/fileName/AOVImageInputSelector.cs: b741d8d3a7cbb503c5bdf23d7e6792db -> 
  custom:scripting/monoscript/fileName/CoreEncoderSettingsPropertyDrawer.cs: c8bdf3420d844fd4604c0d0cf3815355 -> 
  custom:scripting/monoscript/fileName/GifEncoderSettings.cs: 812ca6afdf48b830953d76adab9d4030 -> 
  custom:scripting/monoscript/fileName/GIFRecorderSettingsEditor.cs: 4d0f46bcf58d188895fabae5334995ae -> 
  custom:scripting/monoscript/fileName/IEncoder.cs: 007c2ef621b0d92b5a7a6bae91d26090 -> 
  custom:scripting/monoscript/fileName/RecorderOptions.cs: 74782d297e80d8f56c0e05a7cde4e51d -> 
  custom:scripting/precompiled-assembly-types:Unity.Recorder.Editor: cd22b836ef1ca10e7d8c91c9be46b4bf -> 
  custom:scripting/monoscript/fileName/ProResEncoderSettingsPropertyDrawer.cs: 68c25e6d4459336217d4b9e22eb707b4 -> 
  custom:scripting/monoscript/fileName/ImageRecorder.cs: b804c29bfc59a61db184c1d275fe4101 -> 
  custom:scripting/monoscript/fileName/EditableLabel.cs: 4f8fa2c6092744ed6607a411e3f617c0 -> 
  custom:scripting/monoscript/fileName/GameViewInput.cs: 596e7ffa2d11b2002176644af3247ea6 -> 
  custom:audio-encoder-webm-vorbis: bf7c407c2cedff20999df2af8eb42d56 -> 
  custom:scripting/monoscript/fileName/SerializedDictionnary.cs: 90647cc400823b41df847a6cbfc29026 -> 
  custom:scripting/monoscript/fileName/HammersleySequence.cs: b06601f044912976f668045b7d4c79a8 -> 
  custom:scripting/monoscript/fileName/_RecorderComponent.cs: 8c268d1df4e18643d83ea9c6eeba2d9f -> 
  custom:scripting/monoscript/fileName/IAccumulation.cs: 38dee62d444423165276e3254554d005 -> 
  custom:scripting/monoscript/fileName/RecorderController.cs: 5760bd2995080b8d0d9d9e88ab8933c6 -> 
  custom:scripting/monoscript/fileName/EXRRecorderSettings.cs: bf113df492cb5b25e11ec144a73c2f74 -> 
========================================================================
Received Prepare
Caller must complete domain reload
Begin MonoManager ReloadAssembly
- Loaded All Assemblies, in  0.417 seconds
Native extension for WindowsStandalone target not found
Native extension for iOS target not found
Native extension for Android target not found
Mono: successfully reloaded assembly
- Finished resetting the current domain, in  0.938 seconds
Domain Reload Profiling: 1351ms
	BeginReloadAssembly (135ms)
		ExecutionOrderSort (0ms)
		DisableScriptedObjects (4ms)
		BackupInstance (0ms)
		ReleaseScriptingObjects (0ms)
		CreateAndSetChildDomain (23ms)
	RebuildCommonClasses (25ms)
	RebuildNativeTypeToScriptingClass (8ms)
	initialDomainReloadingComplete (30ms)
	LoadAllAssembliesAndSetupDomain (215ms)
		LoadAssemblies (277ms)
		RebuildTransferFunctionScriptingTraits (0ms)
		AnalyzeDomain (16ms)
			TypeCache.Refresh (6ms)
				TypeCache.ScanAssembly (0ms)
			ScanForSourceGeneratedMonoScriptInfo (5ms)
			ResolveRequiredComponents (5ms)
	FinalizeReload (938ms)
		ReleaseScriptCaches (0ms)
		RebuildScriptCaches (0ms)
		SetupLoadedEditorAssemblies (471ms)
			LogAssemblyErrors (0ms)
			InitializePlatformSupportModulesInManaged (29ms)
			SetLoadedEditorAssemblies (3ms)
			RefreshPlugins (0ms)
			BeforeProcessingInitializeOnLoad (87ms)
			ProcessInitializeOnLoadAttributes (327ms)
			ProcessInitializeOnLoadMethodAttributes (16ms)
			AfterProcessingInitializeOnLoad (9ms)
			EditorAssembliesLoaded (0ms)
		ExecutionOrderSort2 (0ms)
		AwakeInstancesAfterBackupRestoration (5ms)
Refreshing native plugins compatible for Editor in 4.99 ms, found 6 plugins.
Preloading 0 native plugins for Editor in 0.00 ms.
Unloading 3256 Unused Serialized files (Serialized files now loaded: 0)
Unloading 22 unused Assets / (337.3 KB). Loaded Objects now: 3825.
Memory consumption went from 123.2 MB to 122.9 MB.
Total: 2.313900 ms (FindLiveObjects: 0.187800 ms CreateObjectMapping: 0.081300 ms MarkObjects: 1.866700 ms  DeleteObjects: 0.177400 ms)

Prepare: number of updated asset objects reloaded= 0
AssetImportParameters requested are different than current active one (requested -> active):
  custom:scripting/monoscript/fileName/WEBMRecorderSettingsEditor.cs: 5559c87f45d3b65fac8d5ac4ef5e81c8 -> 
  custom:scripting/monoscript/fileName/UIElementHelper.cs: 9f9438adfe3361012ea6280d4cdb2df4 -> 
  custom:scripting/monoscript/fileName/AOVCameraInput.cs: c23c8ce885672bc57e25263b3efd067a -> 
  custom:scripting/monoscript/fileName/BaseTextureRecorder.cs: 90647cc400823b41df847a6cbfc29026 -> 
  custom:scripting/monoscript/fileName/Recorder.cs: a7e319d512627774f8215ba0b76f0bcb -> 
  custom:scripting/monoscript/fileName/AudioRecorder.cs: 89550121570f22445b4a1b28daea3cf9 -> 
  custom:scripting/monoscript/fileName/PanelSplitter.cs: 5ff6c6e385b6b12ca322a9c92ac6f371 -> 
  custom:scripting/monoscript/fileName/ImageRecorderSettings.cs: a7ab05fac9382c03607c40fe73956ed6 -> 
  custom:scripting/monoscript/fileName/RecorderClip.cs: 897017f45cb3c30f306724d1fa17a8fe -> 
  custom:scripting/monoscript/fileName/GIFRecorderSettings.cs: 979f88ae1e7731daed242ab2fdebbc0e -> 
  custom:container-demuxer-ogg: 62fdf1f143b41e24485cea50d1cbac27 -> 
  custom:scripting/monoscript/fileName/MovieRecorder.cs: 024785cf83e1399f425b2aa115d22e2b -> 
  custom:scripting/monoscript/fileName/RecorderControllerSettingsPresetEditor.cs: 49aed206ae65ed5ac6b420f7104cd52d -> 
  custom:scripting/monoscript/fileName/AudioInput.cs: 499e96d8f0b35d362bd956c0975bb873 -> 
  custom:scripting/monoscript/fileName/WEBMRecorderSettings.cs: c176c43abbe456aeea55c2aef862801b -> 
  custom:scripting/monoscript/fileName/RecorderControllerSettingsPreset.cs: 78b391c1384ac60213ef58d50e78d553 -> 
  custom:scripting/monoscript/fileName/GameViewInputSettings.cs: a7ae22123f532f5bbcb39c654c998b57 -> 
  custom:scripting/monoscript/fileName/GameViewInputPropertyDrawer.cs: ae2c8a99c5e33d3d1ffc8232415130e8 -> 
  custom:scripting/monoscript/fileName/Camera360Input.cs: dc473b118c57e0734b0cd3476e333c06 -> 
  custom:scripting/monoscript/fileName/RecorderPreferencesSettingsProvider.cs: d92d314b87f7c2170e267636ebf38224 -> 
  custom:scripting/monoscript/fileName/RecorderBindings.cs: ac25db5b587307cfea909607f62e5641 -> 
  custom:video-decoder-ogg-theora: a1e56fd34408186e4bbccfd4996cb3dc -> 
  custom:scripting/monoscript/fileName/GIFWrapper.cs: 6ef8898a12699129e8f81f06a649cad1 -> 
  custom:scripting/monoscript/fileName/SceneHook.cs: 80fa8928b499d44515dd60e0bc895128 -> 
  custom:scripting/monoscript/fileName/AnimationInput.cs: e810137278708a698c5ccddaeb1a1e64 -> 
  custom:scripting/monoscript/fileName/OutputResolutionPropertyDrawer.cs: 0e33ffdf424417a2e685685cfc04d4b1 -> 
  custom:scripting/monoscript/fileName/EnumHelper.cs: 117b5609cc2a1ae41785cd0c8767815f -> 
  custom:scripting/monoscript/fileName/OutputPath.cs: ee51fcffcd8929d224a5e3fb152d5f62 -> 
  custom:scripting/monoscript/fileName/FileNameGeneratorDrawer.cs: a3ea71dec141084df9b7ffa19c11e2cb -> 
  custom:framework-win-MediaFoundation: 216162199b28c13a410421893ffa2e32 -> 
  custom:scripting/monoscript/fileName/RecorderPreferencesWindowGUIScope.cs: 7a2eba6fcb6829ea8b200991a02c9c06 -> 
  custom:scripting/monoscript/fileName/AspectRatio.cs: 18e3efa554f8258b676d4de53e38b642 -> 
  custom:scripting/monoscript/fileName/CameraInputSettings.cs: 6738f6dd994f658d2cbf6f5f3ba05a0e -> 
  custom:scripting/monoscript/fileName/RefHandle.cs: 90647cc400823b41df847a6cbfc29026 -> 
  custom:scripting/monoscript/fileName/CameraCapture.cs: c6dcba1380d9a4fa09f4e36182a45a73 -> 
  custom:scripting/monoscript/fileName/RecorderControllerSettings.cs: 989e0caa64af9b76551d4ff6bd15f598 -> 
  custom:scripting/monoscript/fileName/TargetedPropertyDrawer.cs: 90647cc400823b41df847a6cbfc29026 -> 
  custom:scripting/monoscript/fileName/MovieRecorderSettings.cs: 02a667a67b113b1f65e3fcadcc882513 -> 
  custom:scripting/monoscript/fileName/RenderTextureInputSettings.cs: ebca820667a63031a7597db85d26451a -> 
  custom:scripting/monoscript/fileName/ImageRecorderEditor.cs: d3134ae4c1dfd8e056bace11130b7692 -> 
  custom:scripting/monoscript/fileName/ProResEncoderSettings.cs: 4aca03881946a7fe9acacf199434009e -> 
  custom:scripting/monoscript/fileName/_FrameRequestComponent.cs: b34f171daaafc65da55ea68e2ed89f2b -> 
  custom:scripting/monoscript/fileName/RenderTextureInput.cs: 5dea77837ae3c82bb14643cd82dc06dc -> 
  custom:scripting/monoscript/fileName/RecorderAnalytics.cs: 0fa40093f6ac3fe75e92d746d563e5ee -> 
  custom:scripting/monoscript/fileName/MP4RecorderSettingsEditor.cs: 68a64b16a7961d71fa7286fd1f782e9b -> 
  custom:scripting/monoscript/fileName/RecorderBindingsEditor.cs: f7451a0e1cea6404b2976d2b2c42e273 -> 
  custom:scripting/monoscript/fileName/BaseRenderTextureInput.cs: 5dc13661a5a0dca5d09ca211933a44e2 -> 
  custom:scripting/monoscript/fileName/StatusBarHelper.cs: da04a6ed046f8a62f416d5d3ea415bef -> 
  custom:scripting/precompiled-assembly-types:Unity.Recorder: bd5378c99f6216e06dd6e2c2a60a86a4 -> 
  custom:CustomObjectIndexerAttribute: 9a22284fe3817be447336de3de66b15e -> 
  custom:scripting/monoscript/fileName/Camera360InputSettings.cs: 3d5eaf1cb3a9df6f9d1d52f3c3018c46 -> 
  custom:scripting/monoscript/fileName/PNGRecorderSettingsEditor.cs: 4970e6657bb34f7efc2c7d8168c7358b -> 
  custom:scripting/monoscript/fileName/ImageHeightSelector.cs: d1a7972bf1d79d90f09ab23c718afe39 -> 
  custom:scripting/monoscript/fileName/AnimationInputSettings.cs: d64a99ebbd13660e9264cb4111ab9832 -> 
  custom:scripting/monoscript/fileName/MP4RecorderSettings.cs: 551f5535c05b86d6ee91684eced14987 -> 
  custom:scripting/monoscript/fileName/RecorderPreferencesSettings.cs: 761b0a55fc5e50239a1d0c4bfc968274 -> 
  custom:container-demuxer-webm: 4f35f7cbe854078d1ac9338744f61a02 -> 
  custom:scripting/monoscript/fileName/RecorderSettingsPrefsEditor.cs: ba9e697f1d269c2c960a41bc543fa408 -> 
  custom:scripting/monoscript/fileName/ProResWrapper.cs: 712515ef615766c98115c6a20d85d6c8 -> 
  custom:scripting/monoscript/fileName/RecordModePropertyDrawer.cs: 165332db07362bbcab2d8dc6d1e1dfda -> 
  custom:scripting/monoscript/fileName/ImageInputSettings.cs: 98a2aedd167d40f01804b04845eeaf15 -> 
  custom:scripting/monoscript/fileName/SerializableObjHelper.cs: f19f181f3f05e8e393225dd7030fb66a -> 
  custom:scripting/monoscript/fileName/InputPropertyDrawer.cs: 90647cc400823b41df847a6cbfc29026 -> 
  custom:scripting/monoscript/fileName/AudioInputSettings.cs: a2c930fca1dd5e27705fbacf39727bb4 -> 
  custom:scripting/monoscript/fileName/InputSettings.cs: 35c56ce5488c6b464726305dcbd33b3d -> 
  custom:scripting/monoscript/fileName/RecorderEditor.cs: 736e59ba52eea987abc47f36a836e575 -> 
  custom:scripting/monoscript/fileName/AudioRecorderSettings.cs: 0b00f2c93558486cc61a06f270f43fea -> 
  custom:scripting/monoscript/fileName/RecordersInventory.cs: fb714c8df18f9b7fc7f3361f604ae3dc -> 
  custom:scripting/monoscript/fileName/BaseFCRecorderSettings.cs: fab928553cedb8703ac192d6cf7b6294 -> 
  custom:scripting/monoscript/fileName/AOVRecorderSettings.cs: cdc731153cd2f1f739300a28ea6a6608 -> 
  custom:scripting/monoscript/fileName/EXRCompressionTypeDrawer.cs: 301cb614ecf84a4dab346c5f76ea2016 -> 
  custom:scripting/monoscript/fileName/AOVRecorder.cs: c53e83f1863b3ea80b6df3885cdb8c82 -> 
  custom:scripting/monoscript/fileName/IEncoderSettings.cs: c7d04fadacf538db841606cc656ae724 -> 
  custom:scripting/monoscript/fileName/ShutterProfileTypePropertyDrawer.cs: 18a32c647eca27716eabcb5a44f00e32 -> 
  custom:scripting/monoscript/fileName/MovieRecorderEditor.cs: eb00ddb8a76b8dfb7c88b7826a49d38b -> 
  custom:scripting/monoscript/fileName/RenderTextureInputSettingsPropertyDrawer.cs: 809602b52454cd1e6229756218a8f453 -> 
  custom:scripting/monoscript/fileName/RecorderPlayableBehaviour.cs: 80165a21f4cd0dda690f708a19d389bd -> 
  custom:scripting/monoscript/fileName/GifEncoderSettingsPropertyDrawer.cs: b36c9a7eaaefccda514b23d7e14761ca -> 
  custom:scripting/monoscript/fileName/PNGRecorder.cs: 08fd40f88cb6b18c96882f263639f57d -> 
  custom:scripting/monoscript/fileName/CameraInputSettingsPropertyDrawer.cs: 91928abf1abf88be098cb088d896aec5 -> 
  custom:scripting/monoscript/fileName/AudioRecorderEditor.cs: 565168dec291afe3fa470657cfc2c123 -> 
  custom:scripting/monoscript/fileName/AOVRecorderEditor.cs: 5ca53ccd6d7645709639507726114395 -> 
  custom:container-muxer-webm: aa71ff27fc2769a1b78a27578f13a17b -> 
  custom:video-decoder-webm-vp8: 9c59270c3fd7afecdb556c50c9e8de78 -> 
  custom:scripting/monoscript/fileName/RecordingSession.cs: f3ad08157c278a036224ca395f350890 -> 
  custom:scripting/monoscript/fileName/GameViewSize.cs: f6128a6515fcafce6db32fcdfa107254 -> 
  custom:scripting/monoscript/fileName/UnityHelpers.cs: b3e077029b574be508585124a9d839ef -> 
  custom:SearchIndexIgnoredProperties: e643bd26f0fe6173181afceb89e7c659 -> 
  custom:scripting/monoscript/fileName/GIFRecorder.cs: c00ece885699fb9084deaccd3eb27518 -> 
  custom:AudioImporter_EditorPlatform: d09bf68614088b80899f8185d706f6e7 -> 
  custom:scripting/monoscript/fileName/EXRRecorder.cs: 3f576ce8ddd959d51a4d7ba1999ecdbb -> 
  custom:scripting/monoscript/fileName/WEBMRecorder.cs: 391b6b920cfbc02401ea522620320c93 -> 
  custom:scripting/monoscript/fileName/RenderTextureSampler.cs: 1a7b9abab9548e1054dc40d6e2fa0270 -> 
  custom:scripting/monoscript/fileName/GifEncoder.cs: 40f336d5c5042a8a04556b4c5804a538 -> 
  custom:scripting/monoscript/fileName/GenericRecorder.cs: 90647cc400823b41df847a6cbfc29026 -> 
  custom:scripting/monoscript/fileName/ImageInputSelector.cs: f55822da877594150873922341be92b6 -> 
  custom:scripting/monoscript/fileName/AnimationRecorderSettingsEditor.cs: db1294bf3d48be44b6e4b2f2cc100b02 -> 
  custom:scripting/monoscript/fileName/RecorderTrack.cs: fac9638ece7eb7daaa1302fa170613fd -> 
  custom:scripting/monoscript/fileName/InputSettingsSelector.cs: 499a4ec92267406782b5c4f3472d53b9 -> 
  custom:scripting/monoscript/fileName/FileNameGenerator.cs: 5c8b6eb5291c3311189e0dfadac99363 -> 
  custom:scripting/monoscript/fileName/RecorderItem.cs: b62d2fcb9547a248575727d8a1646db8 -> 
  custom:scripting/monoscript/fileName/TextureFlipper.cs: 825b503b2ddab9cbd8ebbf3038075092 -> 
  custom:scripting/monoscript/fileName/AccumulationSettings.cs: fb962f0c2333934b681b167574f5e1cd -> 
  custom:scripting/monoscript/fileName/Camera360InputPropertyDrawer.cs: af647a2fe91bec98139246321cac865d -> 
  custom:scripting/monoscript/fileName/RecorderClipEditor.cs: 947ad5ff1f968d7fc40767d187070964 -> 
  custom:scripting/monoscript/fileName/EXRRecorderSettingsEditor.cs: c520a04c5f01331f2c8800e289ef6d6f -> 
  custom:scripting/monoscript/fileName/CoreEncoder.cs: dfaed86e82ad12e6a2b6740a0fb35820 -> 
  custom:scripting/monoscript/fileName/PNGRecorderSettings.cs: 79a421225358808ff14dd88c0355d1b6 -> 
  custom:scripting/monoscript/fileName/AspectRatioPropertyDrawer.cs: 9f18568574138839573389bde3e660a7 -> 
  custom:scripting/monoscript/fileName/ProResEncoder.cs: b375bf2d41e3d89081c3f2d1a0823bf3 -> 
  custom:scripting/monoscript/fileName/CameraInput.cs: bf7e0df3caf9e500f6d1c98c99e165ba -> 
  custom:scripting/monoscript/fileName/RecorderSettings.cs: bc3ef26ac157af28e5460886c0d5ef2e -> 
  custom:scripting/monoscript/fileName/RecorderClipTimelineEditor.cs: 2995d9f50ebc9245c6e9bd75c56415fb -> 
  custom:scripting/monoscript/fileName/EncoderSettingsAttribute.cs: 8352396dc11cff58c65c429fdb4fc67e -> 
  custom:scripting/monoscript/fileName/MP4Recorder.cs: af531c4e1f6d23547da08837eb16b729 -> 
  custom:scripting/monoscript/fileName/EncoderTypeUtilities.cs: a12c4c78a6cd4fb6b93180d59ad77be8 -> 
  custom:scripting/monoscript/fileName/PooledBufferAsyncGPUReadback.cs: 2a4e50c5dda177306c9ec935763c4378 -> 
  custom:scripting/monoscript/fileName/AnimationRecorder.cs: f749a4250195b5467bbf05e3a976b59f -> 
  custom:scripting/precompiled-assembly-types:Unity.Recorder.Base: 3fec19fdf10e3518c41e41a932f2042f -> 
  custom:scripting/monoscript/fileName/AnimationRecorderSettings.cs: 5cfb1544a40f93fe0ea879bb1361c877 -> 
  custom:scripting/monoscript/fileName/RenderTextureSamplerSettings.cs: 68adab84706346f2ecbdfd649ca9cf61 -> 
  custom:scripting/monoscript/fileName/RecordingContext.cs: af9af1e8b283703482ba133924b5585a -> 
  custom:scripting/monoscript/fileName/RecorderSelector.cs: c3cd2caacd181d6eff54dc260c4a1ffb -> 
  custom:video-encoder-webm-vp8: eb34c28f22e8b96e1ab97ce403110664 -> 
  custom:scripting/monoscript/fileName/RecorderInput.cs: 88fd8d8fd71b34ed7298a01f6c2d2e40 -> 
  custom:scripting/monoscript/fileName/RenderTextureSamplerPropertyDrawer.cs: b541817d9cc9b1341d2ddfa8823b718d -> 
  custom:scripting/monoscript/fileName/RecorderSettingsAttribute.cs: ddd228b25da7ba2ac10d13e1efacc875 -> 
  custom:audio-decoder-ogg-vorbis: bf7c407c2cedff20999df2af8eb42d56 -> 
  custom:scripting/monoscript/fileName/OutputPathDrawer.cs: cffc34c1be094e6caeb13ff3b26ca679 -> 
  custom:scripting/monoscript/fileName/EditorVersionsHelper.cs: 3ad9098caeeff0295dba8c0911f5333a -> 
  custom:scripting/monoscript/fileName/SettingAsset.cs: 7c3790954696ae83d71055079b387931 -> 
  custom:scripting/monoscript/fileName/OutputResolution.cs: 31c632d97e9a69bcc2ef10f6feb5bf62 -> 
  custom:scripting/monoscript/fileName/AccumulationSettingsPropertyDrawer.cs: bfc920db0de3c29c2967e88aac1c1027 -> 
  custom:scripting/monoscript/fileName/AnimationInputSettingsPropertyDrawer.cs: ebe1771fecebe7a93badf6354f59c990 -> 
  custom:scripting/monoscript/fileName/CoreEncoderSettings.cs: 2b5db1db3c1fa7de4175a7e143de3ce5 -> 
  custom:scripting/monoscript/fileName/VisualListItem.cs: 90647cc400823b41df847a6cbfc29026 -> 
  custom:scripting/monoscript/fileName/FrameRateProperyDrawer.cs: c478c798f5354f66af45b380be0629f9 -> 
  custom:scripting/monoscript/fileName/InputSettingsSelectorDrawer.cs: bca46dd5b59e2f574c94bef4cdb878fb -> 
  custom:scripting/monoscript/fileName/RecorderWindow.cs: 553a30d64d5ef1dcad6b00b4eeeb3829 -> 
  custom:scripting/monoscript/fileName/AOVCameraInputSettings.cs: 4d2fdf1142ce53d73cb43d39944ba516 -> 
  custom:scripting/monoscript/fileName/EnumProperyDrawer.cs: 90647cc400823b41df847a6cbfc29026 -> 
  custom:scripting/monoscript/fileName/AOVImageInputSelector.cs: b741d8d3a7cbb503c5bdf23d7e6792db -> 
  custom:scripting/monoscript/fileName/CoreEncoderSettingsPropertyDrawer.cs: c8bdf3420d844fd4604c0d0cf3815355 -> 
  custom:scripting/monoscript/fileName/GifEncoderSettings.cs: 812ca6afdf48b830953d76adab9d4030 -> 
  custom:scripting/monoscript/fileName/GIFRecorderSettingsEditor.cs: 4d0f46bcf58d188895fabae5334995ae -> 
  custom:scripting/monoscript/fileName/IEncoder.cs: 007c2ef621b0d92b5a7a6bae91d26090 -> 
  custom:scripting/monoscript/fileName/RecorderOptions.cs: 74782d297e80d8f56c0e05a7cde4e51d -> 
  custom:scripting/precompiled-assembly-types:Unity.Recorder.Editor: cd22b836ef1ca10e7d8c91c9be46b4bf -> 
  custom:scripting/monoscript/fileName/ProResEncoderSettingsPropertyDrawer.cs: 68c25e6d4459336217d4b9e22eb707b4 -> 
  custom:scripting/monoscript/fileName/ImageRecorder.cs: b804c29bfc59a61db184c1d275fe4101 -> 
  custom:scripting/monoscript/fileName/EditableLabel.cs: 4f8fa2c6092744ed6607a411e3f617c0 -> 
  custom:scripting/monoscript/fileName/GameViewInput.cs: 596e7ffa2d11b2002176644af3247ea6 -> 
  custom:audio-encoder-webm-vorbis: bf7c407c2cedff20999df2af8eb42d56 -> 
  custom:scripting/monoscript/fileName/SerializedDictionnary.cs: 90647cc400823b41df847a6cbfc29026 -> 
  custom:scripting/monoscript/fileName/HammersleySequence.cs: b06601f044912976f668045b7d4c79a8 -> 
  custom:scripting/monoscript/fileName/_RecorderComponent.cs: 8c268d1df4e18643d83ea9c6eeba2d9f -> 
  custom:scripting/monoscript/fileName/IAccumulation.cs: 38dee62d444423165276e3254554d005 -> 
  custom:scripting/monoscript/fileName/RecorderController.cs: 5760bd2995080b8d0d9d9e88ab8933c6 -> 
  custom:scripting/monoscript/fileName/EXRRecorderSettings.cs: bf113df492cb5b25e11ec144a73c2f74 -> 
========================================================================
Received Prepare
Caller must complete domain reload
Begin MonoManager ReloadAssembly
- Loaded All Assemblies, in  0.409 seconds
Native extension for WindowsStandalone target not found
Native extension for iOS target not found
Native extension for Android target not found
Mono: successfully reloaded assembly
- Finished resetting the current domain, in  0.977 seconds
Domain Reload Profiling: 1382ms
	BeginReloadAssembly (126ms)
		ExecutionOrderSort (0ms)
		DisableScriptedObjects (4ms)
		BackupInstance (0ms)
		ReleaseScriptingObjects (0ms)
		CreateAndSetChildDomain (25ms)
	RebuildCommonClasses (25ms)
	RebuildNativeTypeToScriptingClass (9ms)
	initialDomainReloadingComplete (27ms)
	LoadAllAssembliesAndSetupDomain (219ms)
		LoadAssemblies (278ms)
		RebuildTransferFunctionScriptingTraits (0ms)
		AnalyzeDomain (10ms)
			TypeCache.Refresh (4ms)
				TypeCache.ScanAssembly (0ms)
			ScanForSourceGeneratedMonoScriptInfo (0ms)
			ResolveRequiredComponents (5ms)
	FinalizeReload (977ms)
		ReleaseScriptCaches (0ms)
		RebuildScriptCaches (0ms)
		SetupLoadedEditorAssemblies (491ms)
			LogAssemblyErrors (0ms)
			InitializePlatformSupportModulesInManaged (30ms)
			SetLoadedEditorAssemblies (4ms)
			RefreshPlugins (0ms)
			BeforeProcessingInitializeOnLoad (94ms)
			ProcessInitializeOnLoadAttributes (336ms)
			ProcessInitializeOnLoadMethodAttributes (18ms)
			AfterProcessingInitializeOnLoad (9ms)
			EditorAssembliesLoaded (0ms)
		ExecutionOrderSort2 (0ms)
		AwakeInstancesAfterBackupRestoration (5ms)
Refreshing native plugins compatible for Editor in 5.04 ms, found 6 plugins.
Preloading 0 native plugins for Editor in 0.00 ms.
Unloading 3256 Unused Serialized files (Serialized files now loaded: 0)
Unloading 22 unused Assets / (337.4 KB). Loaded Objects now: 3828.
Memory consumption went from 123.2 MB to 122.9 MB.
Total: 2.399500 ms (FindLiveObjects: 0.212300 ms CreateObjectMapping: 0.077500 ms MarkObjects: 1.937700 ms  DeleteObjects: 0.171100 ms)

Prepare: number of updated asset objects reloaded= 0
AssetImportParameters requested are different than current active one (requested -> active):
  custom:scripting/monoscript/fileName/WEBMRecorderSettingsEditor.cs: 5559c87f45d3b65fac8d5ac4ef5e81c8 -> 
  custom:scripting/monoscript/fileName/UIElementHelper.cs: 9f9438adfe3361012ea6280d4cdb2df4 -> 
  custom:scripting/monoscript/fileName/AOVCameraInput.cs: c23c8ce885672bc57e25263b3efd067a -> 
  custom:scripting/monoscript/fileName/BaseTextureRecorder.cs: 90647cc400823b41df847a6cbfc29026 -> 
  custom:scripting/monoscript/fileName/Recorder.cs: a7e319d512627774f8215ba0b76f0bcb -> 
  custom:scripting/monoscript/fileName/AudioRecorder.cs: 89550121570f22445b4a1b28daea3cf9 -> 
  custom:scripting/monoscript/fileName/PanelSplitter.cs: 5ff6c6e385b6b12ca322a9c92ac6f371 -> 
  custom:scripting/monoscript/fileName/ImageRecorderSettings.cs: a7ab05fac9382c03607c40fe73956ed6 -> 
  custom:scripting/monoscript/fileName/RecorderClip.cs: 897017f45cb3c30f306724d1fa17a8fe -> 
  custom:scripting/monoscript/fileName/GIFRecorderSettings.cs: 979f88ae1e7731daed242ab2fdebbc0e -> 
  custom:container-demuxer-ogg: 62fdf1f143b41e24485cea50d1cbac27 -> 
  custom:scripting/monoscript/fileName/MovieRecorder.cs: 024785cf83e1399f425b2aa115d22e2b -> 
  custom:scripting/monoscript/fileName/RecorderControllerSettingsPresetEditor.cs: 49aed206ae65ed5ac6b420f7104cd52d -> 
  custom:scripting/monoscript/fileName/AudioInput.cs: 499e96d8f0b35d362bd956c0975bb873 -> 
  custom:scripting/monoscript/fileName/WEBMRecorderSettings.cs: c176c43abbe456aeea55c2aef862801b -> 
  custom:scripting/monoscript/fileName/RecorderControllerSettingsPreset.cs: 78b391c1384ac60213ef58d50e78d553 -> 
  custom:scripting/monoscript/fileName/GameViewInputSettings.cs: a7ae22123f532f5bbcb39c654c998b57 -> 
  custom:scripting/monoscript/fileName/GameViewInputPropertyDrawer.cs: ae2c8a99c5e33d3d1ffc8232415130e8 -> 
  custom:scripting/monoscript/fileName/Camera360Input.cs: dc473b118c57e0734b0cd3476e333c06 -> 
  custom:scripting/monoscript/fileName/RecorderPreferencesSettingsProvider.cs: d92d314b87f7c2170e267636ebf38224 -> 
  custom:scripting/monoscript/fileName/RecorderBindings.cs: ac25db5b587307cfea909607f62e5641 -> 
  custom:video-decoder-ogg-theora: a1e56fd34408186e4bbccfd4996cb3dc -> 
  custom:scripting/monoscript/fileName/GIFWrapper.cs: 6ef8898a12699129e8f81f06a649cad1 -> 
  custom:scripting/monoscript/fileName/SceneHook.cs: 80fa8928b499d44515dd60e0bc895128 -> 
  custom:scripting/monoscript/fileName/AnimationInput.cs: e810137278708a698c5ccddaeb1a1e64 -> 
  custom:scripting/monoscript/fileName/OutputResolutionPropertyDrawer.cs: 0e33ffdf424417a2e685685cfc04d4b1 -> 
  custom:scripting/monoscript/fileName/EnumHelper.cs: 117b5609cc2a1ae41785cd0c8767815f -> 
  custom:scripting/monoscript/fileName/OutputPath.cs: ee51fcffcd8929d224a5e3fb152d5f62 -> 
  custom:scripting/monoscript/fileName/FileNameGeneratorDrawer.cs: a3ea71dec141084df9b7ffa19c11e2cb -> 
  custom:framework-win-MediaFoundation: 216162199b28c13a410421893ffa2e32 -> 
  custom:scripting/monoscript/fileName/RecorderPreferencesWindowGUIScope.cs: 7a2eba6fcb6829ea8b200991a02c9c06 -> 
  custom:scripting/monoscript/fileName/AspectRatio.cs: 18e3efa554f8258b676d4de53e38b642 -> 
  custom:scripting/monoscript/fileName/CameraInputSettings.cs: 6738f6dd994f658d2cbf6f5f3ba05a0e -> 
  custom:scripting/monoscript/fileName/RefHandle.cs: 90647cc400823b41df847a6cbfc29026 -> 
  custom:scripting/monoscript/fileName/CameraCapture.cs: c6dcba1380d9a4fa09f4e36182a45a73 -> 
  custom:scripting/monoscript/fileName/RecorderControllerSettings.cs: 989e0caa64af9b76551d4ff6bd15f598 -> 
  custom:scripting/monoscript/fileName/TargetedPropertyDrawer.cs: 90647cc400823b41df847a6cbfc29026 -> 
  custom:scripting/monoscript/fileName/MovieRecorderSettings.cs: 02a667a67b113b1f65e3fcadcc882513 -> 
  custom:scripting/monoscript/fileName/RenderTextureInputSettings.cs: ebca820667a63031a7597db85d26451a -> 
  custom:scripting/monoscript/fileName/ImageRecorderEditor.cs: d3134ae4c1dfd8e056bace11130b7692 -> 
  custom:scripting/monoscript/fileName/ProResEncoderSettings.cs: 4aca03881946a7fe9acacf199434009e -> 
  custom:scripting/monoscript/fileName/_FrameRequestComponent.cs: b34f171daaafc65da55ea68e2ed89f2b -> 
  custom:scripting/monoscript/fileName/RenderTextureInput.cs: 5dea77837ae3c82bb14643cd82dc06dc -> 
  custom:scripting/monoscript/fileName/RecorderAnalytics.cs: 0fa40093f6ac3fe75e92d746d563e5ee -> 
  custom:scripting/monoscript/fileName/MP4RecorderSettingsEditor.cs: 68a64b16a7961d71fa7286fd1f782e9b -> 
  custom:scripting/monoscript/fileName/RecorderBindingsEditor.cs: f7451a0e1cea6404b2976d2b2c42e273 -> 
  custom:scripting/monoscript/fileName/BaseRenderTextureInput.cs: 5dc13661a5a0dca5d09ca211933a44e2 -> 
  custom:scripting/monoscript/fileName/StatusBarHelper.cs: da04a6ed046f8a62f416d5d3ea415bef -> 
  custom:scripting/precompiled-assembly-types:Unity.Recorder: bd5378c99f6216e06dd6e2c2a60a86a4 -> 
  custom:CustomObjectIndexerAttribute: 9a22284fe3817be447336de3de66b15e -> 
  custom:scripting/monoscript/fileName/Camera360InputSettings.cs: 3d5eaf1cb3a9df6f9d1d52f3c3018c46 -> 
  custom:scripting/monoscript/fileName/PNGRecorderSettingsEditor.cs: 4970e6657bb34f7efc2c7d8168c7358b -> 
  custom:scripting/monoscript/fileName/ImageHeightSelector.cs: d1a7972bf1d79d90f09ab23c718afe39 -> 
  custom:scripting/monoscript/fileName/AnimationInputSettings.cs: d64a99ebbd13660e9264cb4111ab9832 -> 
  custom:scripting/monoscript/fileName/MP4RecorderSettings.cs: 551f5535c05b86d6ee91684eced14987 -> 
  custom:scripting/monoscript/fileName/RecorderPreferencesSettings.cs: 761b0a55fc5e50239a1d0c4bfc968274 -> 
  custom:container-demuxer-webm: 4f35f7cbe854078d1ac9338744f61a02 -> 
  custom:scripting/monoscript/fileName/RecorderSettingsPrefsEditor.cs: ba9e697f1d269c2c960a41bc543fa408 -> 
  custom:scripting/monoscript/fileName/ProResWrapper.cs: 712515ef615766c98115c6a20d85d6c8 -> 
  custom:scripting/monoscript/fileName/RecordModePropertyDrawer.cs: 165332db07362bbcab2d8dc6d1e1dfda -> 
  custom:scripting/monoscript/fileName/ImageInputSettings.cs: 98a2aedd167d40f01804b04845eeaf15 -> 
  custom:scripting/monoscript/fileName/SerializableObjHelper.cs: f19f181f3f05e8e393225dd7030fb66a -> 
  custom:scripting/monoscript/fileName/InputPropertyDrawer.cs: 90647cc400823b41df847a6cbfc29026 -> 
  custom:scripting/monoscript/fileName/AudioInputSettings.cs: a2c930fca1dd5e27705fbacf39727bb4 -> 
  custom:scripting/monoscript/fileName/InputSettings.cs: 35c56ce5488c6b464726305dcbd33b3d -> 
  custom:scripting/monoscript/fileName/RecorderEditor.cs: 736e59ba52eea987abc47f36a836e575 -> 
  custom:scripting/monoscript/fileName/AudioRecorderSettings.cs: 0b00f2c93558486cc61a06f270f43fea -> 
  custom:scripting/monoscript/fileName/RecordersInventory.cs: fb714c8df18f9b7fc7f3361f604ae3dc -> 
  custom:scripting/monoscript/fileName/BaseFCRecorderSettings.cs: fab928553cedb8703ac192d6cf7b6294 -> 
  custom:scripting/monoscript/fileName/AOVRecorderSettings.cs: cdc731153cd2f1f739300a28ea6a6608 -> 
  custom:scripting/monoscript/fileName/EXRCompressionTypeDrawer.cs: 301cb614ecf84a4dab346c5f76ea2016 -> 
  custom:scripting/monoscript/fileName/AOVRecorder.cs: c53e83f1863b3ea80b6df3885cdb8c82 -> 
  custom:scripting/monoscript/fileName/IEncoderSettings.cs: c7d04fadacf538db841606cc656ae724 -> 
  custom:scripting/monoscript/fileName/ShutterProfileTypePropertyDrawer.cs: 18a32c647eca27716eabcb5a44f00e32 -> 
  custom:scripting/monoscript/fileName/MovieRecorderEditor.cs: eb00ddb8a76b8dfb7c88b7826a49d38b -> 
  custom:scripting/monoscript/fileName/RenderTextureInputSettingsPropertyDrawer.cs: 809602b52454cd1e6229756218a8f453 -> 
  custom:scripting/monoscript/fileName/RecorderPlayableBehaviour.cs: 80165a21f4cd0dda690f708a19d389bd -> 
  custom:scripting/monoscript/fileName/GifEncoderSettingsPropertyDrawer.cs: b36c9a7eaaefccda514b23d7e14761ca -> 
  custom:scripting/monoscript/fileName/PNGRecorder.cs: 08fd40f88cb6b18c96882f263639f57d -> 
  custom:scripting/monoscript/fileName/CameraInputSettingsPropertyDrawer.cs: 91928abf1abf88be098cb088d896aec5 -> 
  custom:scripting/monoscript/fileName/AudioRecorderEditor.cs: 565168dec291afe3fa470657cfc2c123 -> 
  custom:scripting/monoscript/fileName/AOVRecorderEditor.cs: 5ca53ccd6d7645709639507726114395 -> 
  custom:container-muxer-webm: aa71ff27fc2769a1b78a27578f13a17b -> 
  custom:video-decoder-webm-vp8: 9c59270c3fd7afecdb556c50c9e8de78 -> 
  custom:scripting/monoscript/fileName/RecordingSession.cs: f3ad08157c278a036224ca395f350890 -> 
  custom:scripting/monoscript/fileName/GameViewSize.cs: f6128a6515fcafce6db32fcdfa107254 -> 
  custom:scripting/monoscript/fileName/UnityHelpers.cs: b3e077029b574be508585124a9d839ef -> 
  custom:SearchIndexIgnoredProperties: e643bd26f0fe6173181afceb89e7c659 -> 
  custom:scripting/monoscript/fileName/GIFRecorder.cs: c00ece885699fb9084deaccd3eb27518 -> 
  custom:AudioImporter_EditorPlatform: d09bf68614088b80899f8185d706f6e7 -> 
  custom:scripting/monoscript/fileName/EXRRecorder.cs: 3f576ce8ddd959d51a4d7ba1999ecdbb -> 
  custom:scripting/monoscript/fileName/WEBMRecorder.cs: 391b6b920cfbc02401ea522620320c93 -> 
  custom:scripting/monoscript/fileName/RenderTextureSampler.cs: 1a7b9abab9548e1054dc40d6e2fa0270 -> 
  custom:scripting/monoscript/fileName/GifEncoder.cs: 40f336d5c5042a8a04556b4c5804a538 -> 
  custom:scripting/monoscript/fileName/GenericRecorder.cs: 90647cc400823b41df847a6cbfc29026 -> 
  custom:scripting/monoscript/fileName/ImageInputSelector.cs: f55822da877594150873922341be92b6 -> 
  custom:scripting/monoscript/fileName/AnimationRecorderSettingsEditor.cs: db1294bf3d48be44b6e4b2f2cc100b02 -> 
  custom:scripting/monoscript/fileName/RecorderTrack.cs: fac9638ece7eb7daaa1302fa170613fd -> 
  custom:scripting/monoscript/fileName/InputSettingsSelector.cs: 499a4ec92267406782b5c4f3472d53b9 -> 
  custom:scripting/monoscript/fileName/FileNameGenerator.cs: 5c8b6eb5291c3311189e0dfadac99363 -> 
  custom:scripting/monoscript/fileName/RecorderItem.cs: b62d2fcb9547a248575727d8a1646db8 -> 
  custom:scripting/monoscript/fileName/TextureFlipper.cs: 825b503b2ddab9cbd8ebbf3038075092 -> 
  custom:scripting/monoscript/fileName/AccumulationSettings.cs: fb962f0c2333934b681b167574f5e1cd -> 
  custom:scripting/monoscript/fileName/Camera360InputPropertyDrawer.cs: af647a2fe91bec98139246321cac865d -> 
  custom:scripting/monoscript/fileName/RecorderClipEditor.cs: 947ad5ff1f968d7fc40767d187070964 -> 
  custom:scripting/monoscript/fileName/EXRRecorderSettingsEditor.cs: c520a04c5f01331f2c8800e289ef6d6f -> 
  custom:scripting/monoscript/fileName/CoreEncoder.cs: dfaed86e82ad12e6a2b6740a0fb35820 -> 
  custom:scripting/monoscript/fileName/PNGRecorderSettings.cs: 79a421225358808ff14dd88c0355d1b6 -> 
  custom:scripting/monoscript/fileName/AspectRatioPropertyDrawer.cs: 9f18568574138839573389bde3e660a7 -> 
  custom:scripting/monoscript/fileName/ProResEncoder.cs: b375bf2d41e3d89081c3f2d1a0823bf3 -> 
  custom:scripting/monoscript/fileName/CameraInput.cs: bf7e0df3caf9e500f6d1c98c99e165ba -> 
  custom:scripting/monoscript/fileName/RecorderSettings.cs: bc3ef26ac157af28e5460886c0d5ef2e -> 
  custom:scripting/monoscript/fileName/RecorderClipTimelineEditor.cs: 2995d9f50ebc9245c6e9bd75c56415fb -> 
  custom:scripting/monoscript/fileName/EncoderSettingsAttribute.cs: 8352396dc11cff58c65c429fdb4fc67e -> 
  custom:scripting/monoscript/fileName/MP4Recorder.cs: af531c4e1f6d23547da08837eb16b729 -> 
  custom:scripting/monoscript/fileName/EncoderTypeUtilities.cs: a12c4c78a6cd4fb6b93180d59ad77be8 -> 
  custom:scripting/monoscript/fileName/PooledBufferAsyncGPUReadback.cs: 2a4e50c5dda177306c9ec935763c4378 -> 
  custom:scripting/monoscript/fileName/AnimationRecorder.cs: f749a4250195b5467bbf05e3a976b59f -> 
  custom:scripting/precompiled-assembly-types:Unity.Recorder.Base: 3fec19fdf10e3518c41e41a932f2042f -> 
  custom:scripting/monoscript/fileName/AnimationRecorderSettings.cs: 5cfb1544a40f93fe0ea879bb1361c877 -> 
  custom:scripting/monoscript/fileName/RenderTextureSamplerSettings.cs: 68adab84706346f2ecbdfd649ca9cf61 -> 
  custom:scripting/monoscript/fileName/RecordingContext.cs: af9af1e8b283703482ba133924b5585a -> 
  custom:scripting/monoscript/fileName/RecorderSelector.cs: c3cd2caacd181d6eff54dc260c4a1ffb -> 
  custom:video-encoder-webm-vp8: eb34c28f22e8b96e1ab97ce403110664 -> 
  custom:scripting/monoscript/fileName/RecorderInput.cs: 88fd8d8fd71b34ed7298a01f6c2d2e40 -> 
  custom:scripting/monoscript/fileName/RenderTextureSamplerPropertyDrawer.cs: b541817d9cc9b1341d2ddfa8823b718d -> 
  custom:scripting/monoscript/fileName/RecorderSettingsAttribute.cs: ddd228b25da7ba2ac10d13e1efacc875 -> 
  custom:audio-decoder-ogg-vorbis: bf7c407c2cedff20999df2af8eb42d56 -> 
  custom:scripting/monoscript/fileName/OutputPathDrawer.cs: cffc34c1be094e6caeb13ff3b26ca679 -> 
  custom:scripting/monoscript/fileName/EditorVersionsHelper.cs: 3ad9098caeeff0295dba8c0911f5333a -> 
  custom:scripting/monoscript/fileName/SettingAsset.cs: 7c3790954696ae83d71055079b387931 -> 
  custom:scripting/monoscript/fileName/OutputResolution.cs: 31c632d97e9a69bcc2ef10f6feb5bf62 -> 
  custom:scripting/monoscript/fileName/AccumulationSettingsPropertyDrawer.cs: bfc920db0de3c29c2967e88aac1c1027 -> 
  custom:scripting/monoscript/fileName/AnimationInputSettingsPropertyDrawer.cs: ebe1771fecebe7a93badf6354f59c990 -> 
  custom:scripting/monoscript/fileName/CoreEncoderSettings.cs: 2b5db1db3c1fa7de4175a7e143de3ce5 -> 
  custom:scripting/monoscript/fileName/VisualListItem.cs: 90647cc400823b41df847a6cbfc29026 -> 
  custom:scripting/monoscript/fileName/FrameRateProperyDrawer.cs: c478c798f5354f66af45b380be0629f9 -> 
  custom:scripting/monoscript/fileName/InputSettingsSelectorDrawer.cs: bca46dd5b59e2f574c94bef4cdb878fb -> 
  custom:scripting/monoscript/fileName/RecorderWindow.cs: 553a30d64d5ef1dcad6b00b4eeeb3829 -> 
  custom:scripting/monoscript/fileName/AOVCameraInputSettings.cs: 4d2fdf1142ce53d73cb43d39944ba516 -> 
  custom:scripting/monoscript/fileName/EnumProperyDrawer.cs: 90647cc400823b41df847a6cbfc29026 -> 
  custom:scripting/monoscript/fileName/AOVImageInputSelector.cs: b741d8d3a7cbb503c5bdf23d7e6792db -> 
  custom:scripting/monoscript/fileName/CoreEncoderSettingsPropertyDrawer.cs: c8bdf3420d844fd4604c0d0cf3815355 -> 
  custom:scripting/monoscript/fileName/GifEncoderSettings.cs: 812ca6afdf48b830953d76adab9d4030 -> 
  custom:scripting/monoscript/fileName/GIFRecorderSettingsEditor.cs: 4d0f46bcf58d188895fabae5334995ae -> 
  custom:scripting/monoscript/fileName/IEncoder.cs: 007c2ef621b0d92b5a7a6bae91d26090 -> 
  custom:scripting/monoscript/fileName/RecorderOptions.cs: 74782d297e80d8f56c0e05a7cde4e51d -> 
  custom:scripting/precompiled-assembly-types:Unity.Recorder.Editor: cd22b836ef1ca10e7d8c91c9be46b4bf -> 
  custom:scripting/monoscript/fileName/ProResEncoderSettingsPropertyDrawer.cs: 68c25e6d4459336217d4b9e22eb707b4 -> 
  custom:scripting/monoscript/fileName/ImageRecorder.cs: b804c29bfc59a61db184c1d275fe4101 -> 
  custom:scripting/monoscript/fileName/EditableLabel.cs: 4f8fa2c6092744ed6607a411e3f617c0 -> 
  custom:scripting/monoscript/fileName/GameViewInput.cs: 596e7ffa2d11b2002176644af3247ea6 -> 
  custom:audio-encoder-webm-vorbis: bf7c407c2cedff20999df2af8eb42d56 -> 
  custom:scripting/monoscript/fileName/SerializedDictionnary.cs: 90647cc400823b41df847a6cbfc29026 -> 
  custom:scripting/monoscript/fileName/HammersleySequence.cs: b06601f044912976f668045b7d4c79a8 -> 
  custom:scripting/monoscript/fileName/_RecorderComponent.cs: 8c268d1df4e18643d83ea9c6eeba2d9f -> 
  custom:scripting/monoscript/fileName/IAccumulation.cs: 38dee62d444423165276e3254554d005 -> 
  custom:scripting/monoscript/fileName/RecorderController.cs: 5760bd2995080b8d0d9d9e88ab8933c6 -> 
  custom:scripting/monoscript/fileName/EXRRecorderSettings.cs: bf113df492cb5b25e11ec144a73c2f74 -> 
========================================================================
Received Prepare
Caller must complete domain reload
Begin MonoManager ReloadAssembly
- Loaded All Assemblies, in  0.411 seconds
Native extension for WindowsStandalone target not found
Native extension for iOS target not found
Native extension for Android target not found
Mono: successfully reloaded assembly
- Finished resetting the current domain, in  0.933 seconds
Domain Reload Profiling: 1340ms
	BeginReloadAssembly (125ms)
		ExecutionOrderSort (0ms)
		DisableScriptedObjects (4ms)
		BackupInstance (0ms)
		ReleaseScriptingObjects (0ms)
		CreateAndSetChildDomain (23ms)
	RebuildCommonClasses (25ms)
	RebuildNativeTypeToScriptingClass (8ms)
	initialDomainReloadingComplete (26ms)
	LoadAllAssembliesAndSetupDomain (222ms)
		LoadAssemblies (274ms)
		RebuildTransferFunctionScriptingTraits (0ms)
		AnalyzeDomain (17ms)
			TypeCache.Refresh (6ms)
				TypeCache.ScanAssembly (0ms)
			ScanForSourceGeneratedMonoScriptInfo (5ms)
			ResolveRequiredComponents (5ms)
	FinalizeReload (933ms)
		ReleaseScriptCaches (0ms)
		RebuildScriptCaches (0ms)
		SetupLoadedEditorAssemblies (459ms)
			LogAssemblyErrors (0ms)
			InitializePlatformSupportModulesInManaged (27ms)
			SetLoadedEditorAssemblies (3ms)
			RefreshPlugins (0ms)
			BeforeProcessingInitializeOnLoad (85ms)
			ProcessInitializeOnLoadAttributes (318ms)
			ProcessInitializeOnLoadMethodAttributes (17ms)
			AfterProcessingInitializeOnLoad (9ms)
			EditorAssembliesLoaded (0ms)
		ExecutionOrderSort2 (0ms)
		AwakeInstancesAfterBackupRestoration (5ms)
Refreshing native plugins compatible for Editor in 4.85 ms, found 6 plugins.
Preloading 0 native plugins for Editor in 0.00 ms.
Unloading 3256 Unused Serialized files (Serialized files now loaded: 0)
Unloading 22 unused Assets / (337.2 KB). Loaded Objects now: 3831.
Memory consumption went from 123.2 MB to 122.9 MB.
Total: 2.349700 ms (FindLiveObjects: 0.193400 ms CreateObjectMapping: 0.077600 ms MarkObjects: 1.912700 ms  DeleteObjects: 0.165500 ms)

Prepare: number of updated asset objects reloaded= 0
AssetImportParameters requested are different than current active one (requested -> active):
  custom:scripting/monoscript/fileName/WEBMRecorderSettingsEditor.cs: 5559c87f45d3b65fac8d5ac4ef5e81c8 -> 
  custom:scripting/monoscript/fileName/UIElementHelper.cs: 9f9438adfe3361012ea6280d4cdb2df4 -> 
  custom:scripting/monoscript/fileName/AOVCameraInput.cs: c23c8ce885672bc57e25263b3efd067a -> 
  custom:scripting/monoscript/fileName/BaseTextureRecorder.cs: 90647cc400823b41df847a6cbfc29026 -> 
  custom:scripting/monoscript/fileName/Recorder.cs: a7e319d512627774f8215ba0b76f0bcb -> 
  custom:scripting/monoscript/fileName/AudioRecorder.cs: 89550121570f22445b4a1b28daea3cf9 -> 
  custom:scripting/monoscript/fileName/PanelSplitter.cs: 5ff6c6e385b6b12ca322a9c92ac6f371 -> 
  custom:scripting/monoscript/fileName/ImageRecorderSettings.cs: a7ab05fac9382c03607c40fe73956ed6 -> 
  custom:scripting/monoscript/fileName/RecorderClip.cs: 897017f45cb3c30f306724d1fa17a8fe -> 
  custom:scripting/monoscript/fileName/GIFRecorderSettings.cs: 979f88ae1e7731daed242ab2fdebbc0e -> 
  custom:container-demuxer-ogg: 62fdf1f143b41e24485cea50d1cbac27 -> 
  custom:scripting/monoscript/fileName/MovieRecorder.cs: 024785cf83e1399f425b2aa115d22e2b -> 
  custom:scripting/monoscript/fileName/RecorderControllerSettingsPresetEditor.cs: 49aed206ae65ed5ac6b420f7104cd52d -> 
  custom:scripting/monoscript/fileName/AudioInput.cs: 499e96d8f0b35d362bd956c0975bb873 -> 
  custom:scripting/monoscript/fileName/WEBMRecorderSettings.cs: c176c43abbe456aeea55c2aef862801b -> 
  custom:scripting/monoscript/fileName/RecorderControllerSettingsPreset.cs: 78b391c1384ac60213ef58d50e78d553 -> 
  custom:scripting/monoscript/fileName/GameViewInputSettings.cs: a7ae22123f532f5bbcb39c654c998b57 -> 
  custom:scripting/monoscript/fileName/GameViewInputPropertyDrawer.cs: ae2c8a99c5e33d3d1ffc8232415130e8 -> 
  custom:scripting/monoscript/fileName/Camera360Input.cs: dc473b118c57e0734b0cd3476e333c06 -> 
  custom:scripting/monoscript/fileName/RecorderPreferencesSettingsProvider.cs: d92d314b87f7c2170e267636ebf38224 -> 
  custom:scripting/monoscript/fileName/RecorderBindings.cs: ac25db5b587307cfea909607f62e5641 -> 
  custom:video-decoder-ogg-theora: a1e56fd34408186e4bbccfd4996cb3dc -> 
  custom:scripting/monoscript/fileName/GIFWrapper.cs: 6ef8898a12699129e8f81f06a649cad1 -> 
  custom:scripting/monoscript/fileName/SceneHook.cs: 80fa8928b499d44515dd60e0bc895128 -> 
  custom:scripting/monoscript/fileName/AnimationInput.cs: e810137278708a698c5ccddaeb1a1e64 -> 
  custom:scripting/monoscript/fileName/OutputResolutionPropertyDrawer.cs: 0e33ffdf424417a2e685685cfc04d4b1 -> 
  custom:scripting/monoscript/fileName/EnumHelper.cs: 117b5609cc2a1ae41785cd0c8767815f -> 
  custom:scripting/monoscript/fileName/OutputPath.cs: ee51fcffcd8929d224a5e3fb152d5f62 -> 
  custom:scripting/monoscript/fileName/FileNameGeneratorDrawer.cs: a3ea71dec141084df9b7ffa19c11e2cb -> 
  custom:framework-win-MediaFoundation: 216162199b28c13a410421893ffa2e32 -> 
  custom:scripting/monoscript/fileName/RecorderPreferencesWindowGUIScope.cs: 7a2eba6fcb6829ea8b200991a02c9c06 -> 
  custom:scripting/monoscript/fileName/AspectRatio.cs: 18e3efa554f8258b676d4de53e38b642 -> 
  custom:scripting/monoscript/fileName/CameraInputSettings.cs: 6738f6dd994f658d2cbf6f5f3ba05a0e -> 
  custom:scripting/monoscript/fileName/RefHandle.cs: 90647cc400823b41df847a6cbfc29026 -> 
  custom:scripting/monoscript/fileName/CameraCapture.cs: c6dcba1380d9a4fa09f4e36182a45a73 -> 
  custom:scripting/monoscript/fileName/RecorderControllerSettings.cs: 989e0caa64af9b76551d4ff6bd15f598 -> 
  custom:scripting/monoscript/fileName/TargetedPropertyDrawer.cs: 90647cc400823b41df847a6cbfc29026 -> 
  custom:scripting/monoscript/fileName/MovieRecorderSettings.cs: 02a667a67b113b1f65e3fcadcc882513 -> 
  custom:scripting/monoscript/fileName/RenderTextureInputSettings.cs: ebca820667a63031a7597db85d26451a -> 
  custom:scripting/monoscript/fileName/ImageRecorderEditor.cs: d3134ae4c1dfd8e056bace11130b7692 -> 
  custom:scripting/monoscript/fileName/ProResEncoderSettings.cs: 4aca03881946a7fe9acacf199434009e -> 
  custom:scripting/monoscript/fileName/_FrameRequestComponent.cs: b34f171daaafc65da55ea68e2ed89f2b -> 
  custom:scripting/monoscript/fileName/RenderTextureInput.cs: 5dea77837ae3c82bb14643cd82dc06dc -> 
  custom:scripting/monoscript/fileName/RecorderAnalytics.cs: 0fa40093f6ac3fe75e92d746d563e5ee -> 
  custom:scripting/monoscript/fileName/MP4RecorderSettingsEditor.cs: 68a64b16a7961d71fa7286fd1f782e9b -> 
  custom:scripting/monoscript/fileName/RecorderBindingsEditor.cs: f7451a0e1cea6404b2976d2b2c42e273 -> 
  custom:scripting/monoscript/fileName/BaseRenderTextureInput.cs: 5dc13661a5a0dca5d09ca211933a44e2 -> 
  custom:scripting/monoscript/fileName/StatusBarHelper.cs: da04a6ed046f8a62f416d5d3ea415bef -> 
  custom:scripting/precompiled-assembly-types:Unity.Recorder: bd5378c99f6216e06dd6e2c2a60a86a4 -> 
  custom:CustomObjectIndexerAttribute: 9a22284fe3817be447336de3de66b15e -> 
  custom:scripting/monoscript/fileName/Camera360InputSettings.cs: 3d5eaf1cb3a9df6f9d1d52f3c3018c46 -> 
  custom:scripting/monoscript/fileName/PNGRecorderSettingsEditor.cs: 4970e6657bb34f7efc2c7d8168c7358b -> 
  custom:scripting/monoscript/fileName/ImageHeightSelector.cs: d1a7972bf1d79d90f09ab23c718afe39 -> 
  custom:scripting/monoscript/fileName/AnimationInputSettings.cs: d64a99ebbd13660e9264cb4111ab9832 -> 
  custom:scripting/monoscript/fileName/MP4RecorderSettings.cs: 551f5535c05b86d6ee91684eced14987 -> 
  custom:scripting/monoscript/fileName/RecorderPreferencesSettings.cs: 761b0a55fc5e50239a1d0c4bfc968274 -> 
  custom:container-demuxer-webm: 4f35f7cbe854078d1ac9338744f61a02 -> 
  custom:scripting/monoscript/fileName/RecorderSettingsPrefsEditor.cs: ba9e697f1d269c2c960a41bc543fa408 -> 
  custom:scripting/monoscript/fileName/ProResWrapper.cs: 712515ef615766c98115c6a20d85d6c8 -> 
  custom:scripting/monoscript/fileName/RecordModePropertyDrawer.cs: 165332db07362bbcab2d8dc6d1e1dfda -> 
  custom:scripting/monoscript/fileName/ImageInputSettings.cs: 98a2aedd167d40f01804b04845eeaf15 -> 
  custom:scripting/monoscript/fileName/SerializableObjHelper.cs: f19f181f3f05e8e393225dd7030fb66a -> 
  custom:scripting/monoscript/fileName/InputPropertyDrawer.cs: 90647cc400823b41df847a6cbfc29026 -> 
  custom:scripting/monoscript/fileName/AudioInputSettings.cs: a2c930fca1dd5e27705fbacf39727bb4 -> 
  custom:scripting/monoscript/fileName/InputSettings.cs: 35c56ce5488c6b464726305dcbd33b3d -> 
  custom:scripting/monoscript/fileName/RecorderEditor.cs: 736e59ba52eea987abc47f36a836e575 -> 
  custom:scripting/monoscript/fileName/AudioRecorderSettings.cs: 0b00f2c93558486cc61a06f270f43fea -> 
  custom:scripting/monoscript/fileName/RecordersInventory.cs: fb714c8df18f9b7fc7f3361f604ae3dc -> 
  custom:scripting/monoscript/fileName/BaseFCRecorderSettings.cs: fab928553cedb8703ac192d6cf7b6294 -> 
  custom:scripting/monoscript/fileName/AOVRecorderSettings.cs: cdc731153cd2f1f739300a28ea6a6608 -> 
  custom:scripting/monoscript/fileName/EXRCompressionTypeDrawer.cs: 301cb614ecf84a4dab346c5f76ea2016 -> 
  custom:scripting/monoscript/fileName/AOVRecorder.cs: c53e83f1863b3ea80b6df3885cdb8c82 -> 
  custom:scripting/monoscript/fileName/IEncoderSettings.cs: c7d04fadacf538db841606cc656ae724 -> 
  custom:scripting/monoscript/fileName/ShutterProfileTypePropertyDrawer.cs: 18a32c647eca27716eabcb5a44f00e32 -> 
  custom:scripting/monoscript/fileName/MovieRecorderEditor.cs: eb00ddb8a76b8dfb7c88b7826a49d38b -> 
  custom:scripting/monoscript/fileName/RenderTextureInputSettingsPropertyDrawer.cs: 809602b52454cd1e6229756218a8f453 -> 
  custom:scripting/monoscript/fileName/RecorderPlayableBehaviour.cs: 80165a21f4cd0dda690f708a19d389bd -> 
  custom:scripting/monoscript/fileName/GifEncoderSettingsPropertyDrawer.cs: b36c9a7eaaefccda514b23d7e14761ca -> 
  custom:scripting/monoscript/fileName/PNGRecorder.cs: 08fd40f88cb6b18c96882f263639f57d -> 
  custom:scripting/monoscript/fileName/CameraInputSettingsPropertyDrawer.cs: 91928abf1abf88be098cb088d896aec5 -> 
  custom:scripting/monoscript/fileName/AudioRecorderEditor.cs: 565168dec291afe3fa470657cfc2c123 -> 
  custom:scripting/monoscript/fileName/AOVRecorderEditor.cs: 5ca53ccd6d7645709639507726114395 -> 
  custom:container-muxer-webm: aa71ff27fc2769a1b78a27578f13a17b -> 
  custom:video-decoder-webm-vp8: 9c59270c3fd7afecdb556c50c9e8de78 -> 
  custom:scripting/monoscript/fileName/RecordingSession.cs: f3ad08157c278a036224ca395f350890 -> 
  custom:scripting/monoscript/fileName/GameViewSize.cs: f6128a6515fcafce6db32fcdfa107254 -> 
  custom:scripting/monoscript/fileName/UnityHelpers.cs: b3e077029b574be508585124a9d839ef -> 
  custom:SearchIndexIgnoredProperties: e643bd26f0fe6173181afceb89e7c659 -> 
  custom:scripting/monoscript/fileName/GIFRecorder.cs: c00ece885699fb9084deaccd3eb27518 -> 
  custom:AudioImporter_EditorPlatform: d09bf68614088b80899f8185d706f6e7 -> 
  custom:scripting/monoscript/fileName/EXRRecorder.cs: 3f576ce8ddd959d51a4d7ba1999ecdbb -> 
  custom:scripting/monoscript/fileName/WEBMRecorder.cs: 391b6b920cfbc02401ea522620320c93 -> 
  custom:scripting/monoscript/fileName/RenderTextureSampler.cs: 1a7b9abab9548e1054dc40d6e2fa0270 -> 
  custom:scripting/monoscript/fileName/GifEncoder.cs: 40f336d5c5042a8a04556b4c5804a538 -> 
  custom:scripting/monoscript/fileName/GenericRecorder.cs: 90647cc400823b41df847a6cbfc29026 -> 
  custom:scripting/monoscript/fileName/ImageInputSelector.cs: f55822da877594150873922341be92b6 -> 
  custom:scripting/monoscript/fileName/AnimationRecorderSettingsEditor.cs: db1294bf3d48be44b6e4b2f2cc100b02 -> 
  custom:scripting/monoscript/fileName/RecorderTrack.cs: fac9638ece7eb7daaa1302fa170613fd -> 
  custom:scripting/monoscript/fileName/InputSettingsSelector.cs: 499a4ec92267406782b5c4f3472d53b9 -> 
  custom:scripting/monoscript/fileName/FileNameGenerator.cs: 5c8b6eb5291c3311189e0dfadac99363 -> 
  custom:scripting/monoscript/fileName/RecorderItem.cs: b62d2fcb9547a248575727d8a1646db8 -> 
  custom:scripting/monoscript/fileName/TextureFlipper.cs: 825b503b2ddab9cbd8ebbf3038075092 -> 
  custom:scripting/monoscript/fileName/AccumulationSettings.cs: fb962f0c2333934b681b167574f5e1cd -> 
  custom:scripting/monoscript/fileName/Camera360InputPropertyDrawer.cs: af647a2fe91bec98139246321cac865d -> 
  custom:scripting/monoscript/fileName/RecorderClipEditor.cs: 947ad5ff1f968d7fc40767d187070964 -> 
  custom:scripting/monoscript/fileName/EXRRecorderSettingsEditor.cs: c520a04c5f01331f2c8800e289ef6d6f -> 
  custom:scripting/monoscript/fileName/CoreEncoder.cs: dfaed86e82ad12e6a2b6740a0fb35820 -> 
  custom:scripting/monoscript/fileName/PNGRecorderSettings.cs: 79a421225358808ff14dd88c0355d1b6 -> 
  custom:scripting/monoscript/fileName/AspectRatioPropertyDrawer.cs: 9f18568574138839573389bde3e660a7 -> 
  custom:scripting/monoscript/fileName/ProResEncoder.cs: b375bf2d41e3d89081c3f2d1a0823bf3 -> 
  custom:scripting/monoscript/fileName/CameraInput.cs: bf7e0df3caf9e500f6d1c98c99e165ba -> 
  custom:scripting/monoscript/fileName/RecorderSettings.cs: bc3ef26ac157af28e5460886c0d5ef2e -> 
  custom:scripting/monoscript/fileName/RecorderClipTimelineEditor.cs: 2995d9f50ebc9245c6e9bd75c56415fb -> 
  custom:scripting/monoscript/fileName/EncoderSettingsAttribute.cs: 8352396dc11cff58c65c429fdb4fc67e -> 
  custom:scripting/monoscript/fileName/MP4Recorder.cs: af531c4e1f6d23547da08837eb16b729 -> 
  custom:scripting/monoscript/fileName/EncoderTypeUtilities.cs: a12c4c78a6cd4fb6b93180d59ad77be8 -> 
  custom:scripting/monoscript/fileName/PooledBufferAsyncGPUReadback.cs: 2a4e50c5dda177306c9ec935763c4378 -> 
  custom:scripting/monoscript/fileName/AnimationRecorder.cs: f749a4250195b5467bbf05e3a976b59f -> 
  custom:scripting/precompiled-assembly-types:Unity.Recorder.Base: 3fec19fdf10e3518c41e41a932f2042f -> 
  custom:scripting/monoscript/fileName/AnimationRecorderSettings.cs: 5cfb1544a40f93fe0ea879bb1361c877 -> 
  custom:scripting/monoscript/fileName/RenderTextureSamplerSettings.cs: 68adab84706346f2ecbdfd649ca9cf61 -> 
  custom:scripting/monoscript/fileName/RecordingContext.cs: af9af1e8b283703482ba133924b5585a -> 
  custom:scripting/monoscript/fileName/RecorderSelector.cs: c3cd2caacd181d6eff54dc260c4a1ffb -> 
  custom:video-encoder-webm-vp8: eb34c28f22e8b96e1ab97ce403110664 -> 
  custom:scripting/monoscript/fileName/RecorderInput.cs: 88fd8d8fd71b34ed7298a01f6c2d2e40 -> 
  custom:scripting/monoscript/fileName/RenderTextureSamplerPropertyDrawer.cs: b541817d9cc9b1341d2ddfa8823b718d -> 
  custom:scripting/monoscript/fileName/RecorderSettingsAttribute.cs: ddd228b25da7ba2ac10d13e1efacc875 -> 
  custom:audio-decoder-ogg-vorbis: bf7c407c2cedff20999df2af8eb42d56 -> 
  custom:scripting/monoscript/fileName/OutputPathDrawer.cs: cffc34c1be094e6caeb13ff3b26ca679 -> 
  custom:scripting/monoscript/fileName/EditorVersionsHelper.cs: 3ad9098caeeff0295dba8c0911f5333a -> 
  custom:scripting/monoscript/fileName/SettingAsset.cs: 7c3790954696ae83d71055079b387931 -> 
  custom:scripting/monoscript/fileName/OutputResolution.cs: 31c632d97e9a69bcc2ef10f6feb5bf62 -> 
  custom:scripting/monoscript/fileName/AccumulationSettingsPropertyDrawer.cs: bfc920db0de3c29c2967e88aac1c1027 -> 
  custom:scripting/monoscript/fileName/AnimationInputSettingsPropertyDrawer.cs: ebe1771fecebe7a93badf6354f59c990 -> 
  custom:scripting/monoscript/fileName/CoreEncoderSettings.cs: 2b5db1db3c1fa7de4175a7e143de3ce5 -> 
  custom:scripting/monoscript/fileName/VisualListItem.cs: 90647cc400823b41df847a6cbfc29026 -> 
  custom:scripting/monoscript/fileName/FrameRateProperyDrawer.cs: c478c798f5354f66af45b380be0629f9 -> 
  custom:scripting/monoscript/fileName/InputSettingsSelectorDrawer.cs: bca46dd5b59e2f574c94bef4cdb878fb -> 
  custom:scripting/monoscript/fileName/RecorderWindow.cs: 553a30d64d5ef1dcad6b00b4eeeb3829 -> 
  custom:scripting/monoscript/fileName/AOVCameraInputSettings.cs: 4d2fdf1142ce53d73cb43d39944ba516 -> 
  custom:scripting/monoscript/fileName/EnumProperyDrawer.cs: 90647cc400823b41df847a6cbfc29026 -> 
  custom:scripting/monoscript/fileName/AOVImageInputSelector.cs: b741d8d3a7cbb503c5bdf23d7e6792db -> 
  custom:scripting/monoscript/fileName/CoreEncoderSettingsPropertyDrawer.cs: c8bdf3420d844fd4604c0d0cf3815355 -> 
  custom:scripting/monoscript/fileName/GifEncoderSettings.cs: 812ca6afdf48b830953d76adab9d4030 -> 
  custom:scripting/monoscript/fileName/GIFRecorderSettingsEditor.cs: 4d0f46bcf58d188895fabae5334995ae -> 
  custom:scripting/monoscript/fileName/IEncoder.cs: 007c2ef621b0d92b5a7a6bae91d26090 -> 
  custom:scripting/monoscript/fileName/RecorderOptions.cs: 74782d297e80d8f56c0e05a7cde4e51d -> 
  custom:scripting/precompiled-assembly-types:Unity.Recorder.Editor: cd22b836ef1ca10e7d8c91c9be46b4bf -> 
  custom:scripting/monoscript/fileName/ProResEncoderSettingsPropertyDrawer.cs: 68c25e6d4459336217d4b9e22eb707b4 -> 
  custom:scripting/monoscript/fileName/ImageRecorder.cs: b804c29bfc59a61db184c1d275fe4101 -> 
  custom:scripting/monoscript/fileName/EditableLabel.cs: 4f8fa2c6092744ed6607a411e3f617c0 -> 
  custom:scripting/monoscript/fileName/GameViewInput.cs: 596e7ffa2d11b2002176644af3247ea6 -> 
  custom:audio-encoder-webm-vorbis: bf7c407c2cedff20999df2af8eb42d56 -> 
  custom:scripting/monoscript/fileName/SerializedDictionnary.cs: 90647cc400823b41df847a6cbfc29026 -> 
  custom:scripting/monoscript/fileName/HammersleySequence.cs: b06601f044912976f668045b7d4c79a8 -> 
  custom:scripting/monoscript/fileName/_RecorderComponent.cs: 8c268d1df4e18643d83ea9c6eeba2d9f -> 
  custom:scripting/monoscript/fileName/IAccumulation.cs: 38dee62d444423165276e3254554d005 -> 
  custom:scripting/monoscript/fileName/RecorderController.cs: 5760bd2995080b8d0d9d9e88ab8933c6 -> 
  custom:scripting/monoscript/fileName/EXRRecorderSettings.cs: bf113df492cb5b25e11ec144a73c2f74 -> 
========================================================================
Received Prepare
Caller must complete domain reload
Begin MonoManager ReloadAssembly
- Loaded All Assemblies, in  0.407 seconds
Native extension for WindowsStandalone target not found
Native extension for iOS target not found
Native extension for Android target not found
Mono: successfully reloaded assembly
- Finished resetting the current domain, in  0.952 seconds
Domain Reload Profiling: 1355ms
	BeginReloadAssembly (123ms)
		ExecutionOrderSort (0ms)
		DisableScriptedObjects (4ms)
		BackupInstance (0ms)
		ReleaseScriptingObjects (0ms)
		CreateAndSetChildDomain (24ms)
	RebuildCommonClasses (25ms)
	RebuildNativeTypeToScriptingClass (8ms)
	initialDomainReloadingComplete (27ms)
	LoadAllAssembliesAndSetupDomain (219ms)
		LoadAssemblies (274ms)
		RebuildTransferFunctionScriptingTraits (0ms)
		AnalyzeDomain (12ms)
			TypeCache.Refresh (5ms)
				TypeCache.ScanAssembly (0ms)
			ScanForSourceGeneratedMonoScriptInfo (0ms)
			ResolveRequiredComponents (6ms)
	FinalizeReload (952ms)
		ReleaseScriptCaches (0ms)
		RebuildScriptCaches (0ms)
		SetupLoadedEditorAssemblies (480ms)
			LogAssemblyErrors (0ms)
			InitializePlatformSupportModulesInManaged (29ms)
			SetLoadedEditorAssemblies (3ms)
			RefreshPlugins (0ms)
			BeforeProcessingInitializeOnLoad (90ms)
			ProcessInitializeOnLoadAttributes (331ms)
			ProcessInitializeOnLoadMethodAttributes (17ms)
			AfterProcessingInitializeOnLoad (10ms)
			EditorAssembliesLoaded (0ms)
		ExecutionOrderSort2 (0ms)
		AwakeInstancesAfterBackupRestoration (5ms)
Refreshing native plugins compatible for Editor in 5.42 ms, found 6 plugins.
Preloading 0 native plugins for Editor in 0.00 ms.
Unloading 3256 Unused Serialized files (Serialized files now loaded: 0)
Unloading 22 unused Assets / (337.3 KB). Loaded Objects now: 3834.
Memory consumption went from 123.2 MB to 122.9 MB.
Total: 2.398500 ms (FindLiveObjects: 0.202700 ms CreateObjectMapping: 0.076400 ms MarkObjects: 1.946900 ms  DeleteObjects: 0.171700 ms)

Prepare: number of updated asset objects reloaded= 0
AssetImportParameters requested are different than current active one (requested -> active):
  custom:scripting/monoscript/fileName/WEBMRecorderSettingsEditor.cs: 5559c87f45d3b65fac8d5ac4ef5e81c8 -> 
  custom:scripting/monoscript/fileName/UIElementHelper.cs: 9f9438adfe3361012ea6280d4cdb2df4 -> 
  custom:scripting/monoscript/fileName/AOVCameraInput.cs: c23c8ce885672bc57e25263b3efd067a -> 
  custom:scripting/monoscript/fileName/BaseTextureRecorder.cs: 90647cc400823b41df847a6cbfc29026 -> 
  custom:scripting/monoscript/fileName/Recorder.cs: a7e319d512627774f8215ba0b76f0bcb -> 
  custom:scripting/monoscript/fileName/AudioRecorder.cs: 89550121570f22445b4a1b28daea3cf9 -> 
  custom:scripting/monoscript/fileName/PanelSplitter.cs: 5ff6c6e385b6b12ca322a9c92ac6f371 -> 
  custom:scripting/monoscript/fileName/ImageRecorderSettings.cs: a7ab05fac9382c03607c40fe73956ed6 -> 
  custom:scripting/monoscript/fileName/RecorderClip.cs: 897017f45cb3c30f306724d1fa17a8fe -> 
  custom:scripting/monoscript/fileName/GIFRecorderSettings.cs: 979f88ae1e7731daed242ab2fdebbc0e -> 
  custom:container-demuxer-ogg: 62fdf1f143b41e24485cea50d1cbac27 -> 
  custom:scripting/monoscript/fileName/MovieRecorder.cs: 024785cf83e1399f425b2aa115d22e2b -> 
  custom:scripting/monoscript/fileName/RecorderControllerSettingsPresetEditor.cs: 49aed206ae65ed5ac6b420f7104cd52d -> 
  custom:scripting/monoscript/fileName/AudioInput.cs: 499e96d8f0b35d362bd956c0975bb873 -> 
  custom:scripting/monoscript/fileName/WEBMRecorderSettings.cs: c176c43abbe456aeea55c2aef862801b -> 
  custom:scripting/monoscript/fileName/RecorderControllerSettingsPreset.cs: 78b391c1384ac60213ef58d50e78d553 -> 
  custom:scripting/monoscript/fileName/GameViewInputSettings.cs: a7ae22123f532f5bbcb39c654c998b57 -> 
  custom:scripting/monoscript/fileName/GameViewInputPropertyDrawer.cs: ae2c8a99c5e33d3d1ffc8232415130e8 -> 
  custom:scripting/monoscript/fileName/Camera360Input.cs: dc473b118c57e0734b0cd3476e333c06 -> 
  custom:scripting/monoscript/fileName/RecorderPreferencesSettingsProvider.cs: d92d314b87f7c2170e267636ebf38224 -> 
  custom:scripting/monoscript/fileName/RecorderBindings.cs: ac25db5b587307cfea909607f62e5641 -> 
  custom:video-decoder-ogg-theora: a1e56fd34408186e4bbccfd4996cb3dc -> 
  custom:scripting/monoscript/fileName/GIFWrapper.cs: 6ef8898a12699129e8f81f06a649cad1 -> 
  custom:scripting/monoscript/fileName/SceneHook.cs: 80fa8928b499d44515dd60e0bc895128 -> 
  custom:scripting/monoscript/fileName/AnimationInput.cs: e810137278708a698c5ccddaeb1a1e64 -> 
  custom:scripting/monoscript/fileName/OutputResolutionPropertyDrawer.cs: 0e33ffdf424417a2e685685cfc04d4b1 -> 
  custom:scripting/monoscript/fileName/EnumHelper.cs: 117b5609cc2a1ae41785cd0c8767815f -> 
  custom:scripting/monoscript/fileName/OutputPath.cs: ee51fcffcd8929d224a5e3fb152d5f62 -> 
  custom:scripting/monoscript/fileName/FileNameGeneratorDrawer.cs: a3ea71dec141084df9b7ffa19c11e2cb -> 
  custom:framework-win-MediaFoundation: 216162199b28c13a410421893ffa2e32 -> 
  custom:scripting/monoscript/fileName/RecorderPreferencesWindowGUIScope.cs: 7a2eba6fcb6829ea8b200991a02c9c06 -> 
  custom:scripting/monoscript/fileName/AspectRatio.cs: 18e3efa554f8258b676d4de53e38b642 -> 
  custom:scripting/monoscript/fileName/CameraInputSettings.cs: 6738f6dd994f658d2cbf6f5f3ba05a0e -> 
  custom:scripting/monoscript/fileName/RefHandle.cs: 90647cc400823b41df847a6cbfc29026 -> 
  custom:scripting/monoscript/fileName/CameraCapture.cs: c6dcba1380d9a4fa09f4e36182a45a73 -> 
  custom:scripting/monoscript/fileName/RecorderControllerSettings.cs: 989e0caa64af9b76551d4ff6bd15f598 -> 
  custom:scripting/monoscript/fileName/TargetedPropertyDrawer.cs: 90647cc400823b41df847a6cbfc29026 -> 
  custom:scripting/monoscript/fileName/MovieRecorderSettings.cs: 02a667a67b113b1f65e3fcadcc882513 -> 
  custom:scripting/monoscript/fileName/RenderTextureInputSettings.cs: ebca820667a63031a7597db85d26451a -> 
  custom:scripting/monoscript/fileName/ImageRecorderEditor.cs: d3134ae4c1dfd8e056bace11130b7692 -> 
  custom:scripting/monoscript/fileName/ProResEncoderSettings.cs: 4aca03881946a7fe9acacf199434009e -> 
  custom:scripting/monoscript/fileName/_FrameRequestComponent.cs: b34f171daaafc65da55ea68e2ed89f2b -> 
  custom:scripting/monoscript/fileName/RenderTextureInput.cs: 5dea77837ae3c82bb14643cd82dc06dc -> 
  custom:scripting/monoscript/fileName/RecorderAnalytics.cs: 0fa40093f6ac3fe75e92d746d563e5ee -> 
  custom:scripting/monoscript/fileName/MP4RecorderSettingsEditor.cs: 68a64b16a7961d71fa7286fd1f782e9b -> 
  custom:scripting/monoscript/fileName/RecorderBindingsEditor.cs: f7451a0e1cea6404b2976d2b2c42e273 -> 
  custom:scripting/monoscript/fileName/BaseRenderTextureInput.cs: 5dc13661a5a0dca5d09ca211933a44e2 -> 
  custom:scripting/monoscript/fileName/StatusBarHelper.cs: da04a6ed046f8a62f416d5d3ea415bef -> 
  custom:scripting/precompiled-assembly-types:Unity.Recorder: bd5378c99f6216e06dd6e2c2a60a86a4 -> 
  custom:CustomObjectIndexerAttribute: 9a22284fe3817be447336de3de66b15e -> 
  custom:scripting/monoscript/fileName/Camera360InputSettings.cs: 3d5eaf1cb3a9df6f9d1d52f3c3018c46 -> 
  custom:scripting/monoscript/fileName/PNGRecorderSettingsEditor.cs: 4970e6657bb34f7efc2c7d8168c7358b -> 
  custom:scripting/monoscript/fileName/ImageHeightSelector.cs: d1a7972bf1d79d90f09ab23c718afe39 -> 
  custom:scripting/monoscript/fileName/AnimationInputSettings.cs: d64a99ebbd13660e9264cb4111ab9832 -> 
  custom:scripting/monoscript/fileName/MP4RecorderSettings.cs: 551f5535c05b86d6ee91684eced14987 -> 
  custom:scripting/monoscript/fileName/RecorderPreferencesSettings.cs: 761b0a55fc5e50239a1d0c4bfc968274 -> 
  custom:container-demuxer-webm: 4f35f7cbe854078d1ac9338744f61a02 -> 
  custom:scripting/monoscript/fileName/RecorderSettingsPrefsEditor.cs: ba9e697f1d269c2c960a41bc543fa408 -> 
  custom:scripting/monoscript/fileName/ProResWrapper.cs: 712515ef615766c98115c6a20d85d6c8 -> 
  custom:scripting/monoscript/fileName/RecordModePropertyDrawer.cs: 165332db07362bbcab2d8dc6d1e1dfda -> 
  custom:scripting/monoscript/fileName/ImageInputSettings.cs: 98a2aedd167d40f01804b04845eeaf15 -> 
  custom:scripting/monoscript/fileName/SerializableObjHelper.cs: f19f181f3f05e8e393225dd7030fb66a -> 
  custom:scripting/monoscript/fileName/InputPropertyDrawer.cs: 90647cc400823b41df847a6cbfc29026 -> 
  custom:scripting/monoscript/fileName/AudioInputSettings.cs: a2c930fca1dd5e27705fbacf39727bb4 -> 
  custom:scripting/monoscript/fileName/InputSettings.cs: 35c56ce5488c6b464726305dcbd33b3d -> 
  custom:scripting/monoscript/fileName/RecorderEditor.cs: 736e59ba52eea987abc47f36a836e575 -> 
  custom:scripting/monoscript/fileName/AudioRecorderSettings.cs: 0b00f2c93558486cc61a06f270f43fea -> 
  custom:scripting/monoscript/fileName/RecordersInventory.cs: fb714c8df18f9b7fc7f3361f604ae3dc -> 
  custom:scripting/monoscript/fileName/BaseFCRecorderSettings.cs: fab928553cedb8703ac192d6cf7b6294 -> 
  custom:scripting/monoscript/fileName/AOVRecorderSettings.cs: cdc731153cd2f1f739300a28ea6a6608 -> 
  custom:scripting/monoscript/fileName/EXRCompressionTypeDrawer.cs: 301cb614ecf84a4dab346c5f76ea2016 -> 
  custom:scripting/monoscript/fileName/AOVRecorder.cs: c53e83f1863b3ea80b6df3885cdb8c82 -> 
  custom:scripting/monoscript/fileName/IEncoderSettings.cs: c7d04fadacf538db841606cc656ae724 -> 
  custom:scripting/monoscript/fileName/ShutterProfileTypePropertyDrawer.cs: 18a32c647eca27716eabcb5a44f00e32 -> 
  custom:scripting/monoscript/fileName/MovieRecorderEditor.cs: eb00ddb8a76b8dfb7c88b7826a49d38b -> 
  custom:scripting/monoscript/fileName/RenderTextureInputSettingsPropertyDrawer.cs: 809602b52454cd1e6229756218a8f453 -> 
  custom:scripting/monoscript/fileName/RecorderPlayableBehaviour.cs: 80165a21f4cd0dda690f708a19d389bd -> 
  custom:scripting/monoscript/fileName/GifEncoderSettingsPropertyDrawer.cs: b36c9a7eaaefccda514b23d7e14761ca -> 
  custom:scripting/monoscript/fileName/PNGRecorder.cs: 08fd40f88cb6b18c96882f263639f57d -> 
  custom:scripting/monoscript/fileName/CameraInputSettingsPropertyDrawer.cs: 91928abf1abf88be098cb088d896aec5 -> 
  custom:scripting/monoscript/fileName/AudioRecorderEditor.cs: 565168dec291afe3fa470657cfc2c123 -> 
  custom:scripting/monoscript/fileName/AOVRecorderEditor.cs: 5ca53ccd6d7645709639507726114395 -> 
  custom:container-muxer-webm: aa71ff27fc2769a1b78a27578f13a17b -> 
  custom:video-decoder-webm-vp8: 9c59270c3fd7afecdb556c50c9e8de78 -> 
  custom:scripting/monoscript/fileName/RecordingSession.cs: f3ad08157c278a036224ca395f350890 -> 
  custom:scripting/monoscript/fileName/GameViewSize.cs: f6128a6515fcafce6db32fcdfa107254 -> 
  custom:scripting/monoscript/fileName/UnityHelpers.cs: b3e077029b574be508585124a9d839ef -> 
  custom:SearchIndexIgnoredProperties: e643bd26f0fe6173181afceb89e7c659 -> 
  custom:scripting/monoscript/fileName/GIFRecorder.cs: c00ece885699fb9084deaccd3eb27518 -> 
  custom:AudioImporter_EditorPlatform: d09bf68614088b80899f8185d706f6e7 -> 
  custom:scripting/monoscript/fileName/EXRRecorder.cs: 3f576ce8ddd959d51a4d7ba1999ecdbb -> 
  custom:scripting/monoscript/fileName/WEBMRecorder.cs: 391b6b920cfbc02401ea522620320c93 -> 
  custom:scripting/monoscript/fileName/RenderTextureSampler.cs: 1a7b9abab9548e1054dc40d6e2fa0270 -> 
  custom:scripting/monoscript/fileName/GifEncoder.cs: 40f336d5c5042a8a04556b4c5804a538 -> 
  custom:scripting/monoscript/fileName/GenericRecorder.cs: 90647cc400823b41df847a6cbfc29026 -> 
  custom:scripting/monoscript/fileName/ImageInputSelector.cs: f55822da877594150873922341be92b6 -> 
  custom:scripting/monoscript/fileName/AnimationRecorderSettingsEditor.cs: db1294bf3d48be44b6e4b2f2cc100b02 -> 
  custom:scripting/monoscript/fileName/RecorderTrack.cs: fac9638ece7eb7daaa1302fa170613fd -> 
  custom:scripting/monoscript/fileName/InputSettingsSelector.cs: 499a4ec92267406782b5c4f3472d53b9 -> 
  custom:scripting/monoscript/fileName/FileNameGenerator.cs: 5c8b6eb5291c3311189e0dfadac99363 -> 
  custom:scripting/monoscript/fileName/RecorderItem.cs: b62d2fcb9547a248575727d8a1646db8 -> 
  custom:scripting/monoscript/fileName/TextureFlipper.cs: 825b503b2ddab9cbd8ebbf3038075092 -> 
  custom:scripting/monoscript/fileName/AccumulationSettings.cs: fb962f0c2333934b681b167574f5e1cd -> 
  custom:scripting/monoscript/fileName/Camera360InputPropertyDrawer.cs: af647a2fe91bec98139246321cac865d -> 
  custom:scripting/monoscript/fileName/RecorderClipEditor.cs: 947ad5ff1f968d7fc40767d187070964 -> 
  custom:scripting/monoscript/fileName/EXRRecorderSettingsEditor.cs: c520a04c5f01331f2c8800e289ef6d6f -> 
  custom:scripting/monoscript/fileName/CoreEncoder.cs: dfaed86e82ad12e6a2b6740a0fb35820 -> 
  custom:scripting/monoscript/fileName/PNGRecorderSettings.cs: 79a421225358808ff14dd88c0355d1b6 -> 
  custom:scripting/monoscript/fileName/AspectRatioPropertyDrawer.cs: 9f18568574138839573389bde3e660a7 -> 
  custom:scripting/monoscript/fileName/ProResEncoder.cs: b375bf2d41e3d89081c3f2d1a0823bf3 -> 
  custom:scripting/monoscript/fileName/CameraInput.cs: bf7e0df3caf9e500f6d1c98c99e165ba -> 
  custom:scripting/monoscript/fileName/RecorderSettings.cs: bc3ef26ac157af28e5460886c0d5ef2e -> 
  custom:scripting/monoscript/fileName/RecorderClipTimelineEditor.cs: 2995d9f50ebc9245c6e9bd75c56415fb -> 
  custom:scripting/monoscript/fileName/EncoderSettingsAttribute.cs: 8352396dc11cff58c65c429fdb4fc67e -> 
  custom:scripting/monoscript/fileName/MP4Recorder.cs: af531c4e1f6d23547da08837eb16b729 -> 
  custom:scripting/monoscript/fileName/EncoderTypeUtilities.cs: a12c4c78a6cd4fb6b93180d59ad77be8 -> 
  custom:scripting/monoscript/fileName/PooledBufferAsyncGPUReadback.cs: 2a4e50c5dda177306c9ec935763c4378 -> 
  custom:scripting/monoscript/fileName/AnimationRecorder.cs: f749a4250195b5467bbf05e3a976b59f -> 
  custom:scripting/precompiled-assembly-types:Unity.Recorder.Base: 3fec19fdf10e3518c41e41a932f2042f -> 
  custom:scripting/monoscript/fileName/AnimationRecorderSettings.cs: 5cfb1544a40f93fe0ea879bb1361c877 -> 
  custom:scripting/monoscript/fileName/RenderTextureSamplerSettings.cs: 68adab84706346f2ecbdfd649ca9cf61 -> 
  custom:scripting/monoscript/fileName/RecordingContext.cs: af9af1e8b283703482ba133924b5585a -> 
  custom:scripting/monoscript/fileName/RecorderSelector.cs: c3cd2caacd181d6eff54dc260c4a1ffb -> 
  custom:video-encoder-webm-vp8: eb34c28f22e8b96e1ab97ce403110664 -> 
  custom:scripting/monoscript/fileName/RecorderInput.cs: 88fd8d8fd71b34ed7298a01f6c2d2e40 -> 
  custom:scripting/monoscript/fileName/RenderTextureSamplerPropertyDrawer.cs: b541817d9cc9b1341d2ddfa8823b718d -> 
  custom:scripting/monoscript/fileName/RecorderSettingsAttribute.cs: ddd228b25da7ba2ac10d13e1efacc875 -> 
  custom:audio-decoder-ogg-vorbis: bf7c407c2cedff20999df2af8eb42d56 -> 
  custom:scripting/monoscript/fileName/OutputPathDrawer.cs: cffc34c1be094e6caeb13ff3b26ca679 -> 
  custom:scripting/monoscript/fileName/EditorVersionsHelper.cs: 3ad9098caeeff0295dba8c0911f5333a -> 
  custom:scripting/monoscript/fileName/SettingAsset.cs: 7c3790954696ae83d71055079b387931 -> 
  custom:scripting/monoscript/fileName/OutputResolution.cs: 31c632d97e9a69bcc2ef10f6feb5bf62 -> 
  custom:scripting/monoscript/fileName/AccumulationSettingsPropertyDrawer.cs: bfc920db0de3c29c2967e88aac1c1027 -> 
  custom:scripting/monoscript/fileName/AnimationInputSettingsPropertyDrawer.cs: ebe1771fecebe7a93badf6354f59c990 -> 
  custom:scripting/monoscript/fileName/CoreEncoderSettings.cs: 2b5db1db3c1fa7de4175a7e143de3ce5 -> 
  custom:scripting/monoscript/fileName/VisualListItem.cs: 90647cc400823b41df847a6cbfc29026 -> 
  custom:scripting/monoscript/fileName/FrameRateProperyDrawer.cs: c478c798f5354f66af45b380be0629f9 -> 
  custom:scripting/monoscript/fileName/InputSettingsSelectorDrawer.cs: bca46dd5b59e2f574c94bef4cdb878fb -> 
  custom:scripting/monoscript/fileName/RecorderWindow.cs: 553a30d64d5ef1dcad6b00b4eeeb3829 -> 
  custom:scripting/monoscript/fileName/AOVCameraInputSettings.cs: 4d2fdf1142ce53d73cb43d39944ba516 -> 
  custom:scripting/monoscript/fileName/EnumProperyDrawer.cs: 90647cc400823b41df847a6cbfc29026 -> 
  custom:scripting/monoscript/fileName/AOVImageInputSelector.cs: b741d8d3a7cbb503c5bdf23d7e6792db -> 
  custom:scripting/monoscript/fileName/CoreEncoderSettingsPropertyDrawer.cs: c8bdf3420d844fd4604c0d0cf3815355 -> 
  custom:scripting/monoscript/fileName/GifEncoderSettings.cs: 812ca6afdf48b830953d76adab9d4030 -> 
  custom:scripting/monoscript/fileName/GIFRecorderSettingsEditor.cs: 4d0f46bcf58d188895fabae5334995ae -> 
  custom:scripting/monoscript/fileName/IEncoder.cs: 007c2ef621b0d92b5a7a6bae91d26090 -> 
  custom:scripting/monoscript/fileName/RecorderOptions.cs: 74782d297e80d8f56c0e05a7cde4e51d -> 
  custom:scripting/precompiled-assembly-types:Unity.Recorder.Editor: cd22b836ef1ca10e7d8c91c9be46b4bf -> 
  custom:scripting/monoscript/fileName/ProResEncoderSettingsPropertyDrawer.cs: 68c25e6d4459336217d4b9e22eb707b4 -> 
  custom:scripting/monoscript/fileName/ImageRecorder.cs: b804c29bfc59a61db184c1d275fe4101 -> 
  custom:scripting/monoscript/fileName/EditableLabel.cs: 4f8fa2c6092744ed6607a411e3f617c0 -> 
  custom:scripting/monoscript/fileName/GameViewInput.cs: 596e7ffa2d11b2002176644af3247ea6 -> 
  custom:audio-encoder-webm-vorbis: bf7c407c2cedff20999df2af8eb42d56 -> 
  custom:scripting/monoscript/fileName/SerializedDictionnary.cs: 90647cc400823b41df847a6cbfc29026 -> 
  custom:scripting/monoscript/fileName/HammersleySequence.cs: b06601f044912976f668045b7d4c79a8 -> 
  custom:scripting/monoscript/fileName/_RecorderComponent.cs: 8c268d1df4e18643d83ea9c6eeba2d9f -> 
  custom:scripting/monoscript/fileName/IAccumulation.cs: 38dee62d444423165276e3254554d005 -> 
  custom:scripting/monoscript/fileName/RecorderController.cs: 5760bd2995080b8d0d9d9e88ab8933c6 -> 
  custom:scripting/monoscript/fileName/EXRRecorderSettings.cs: bf113df492cb5b25e11ec144a73c2f74 -> 
========================================================================
Received Prepare
Caller must complete domain reload
Begin MonoManager ReloadAssembly
- Loaded All Assemblies, in  0.432 seconds
Native extension for WindowsStandalone target not found
Native extension for iOS target not found
Native extension for Android target not found
Mono: successfully reloaded assembly
- Finished resetting the current domain, in  0.968 seconds
Domain Reload Profiling: 1397ms
	BeginReloadAssembly (136ms)
		ExecutionOrderSort (0ms)
		DisableScriptedObjects (4ms)
		BackupInstance (0ms)
		ReleaseScriptingObjects (0ms)
		CreateAndSetChildDomain (31ms)
	RebuildCommonClasses (25ms)
	RebuildNativeTypeToScriptingClass (8ms)
	initialDomainReloadingComplete (26ms)
	LoadAllAssembliesAndSetupDomain (233ms)
		LoadAssemblies (283ms)
		RebuildTransferFunctionScriptingTraits (0ms)
		AnalyzeDomain (19ms)
			TypeCache.Refresh (7ms)
				TypeCache.ScanAssembly (0ms)
			ScanForSourceGeneratedMonoScriptInfo (6ms)
			ResolveRequiredComponents (5ms)
	FinalizeReload (969ms)
		ReleaseScriptCaches (0ms)
		RebuildScriptCaches (0ms)
		SetupLoadedEditorAssemblies (482ms)
			LogAssemblyErrors (0ms)
			InitializePlatformSupportModulesInManaged (28ms)
			SetLoadedEditorAssemblies (3ms)
			RefreshPlugins (0ms)
			BeforeProcessingInitializeOnLoad (87ms)
			ProcessInitializeOnLoadAttributes (337ms)
			ProcessInitializeOnLoadMethodAttributes (18ms)
			AfterProcessingInitializeOnLoad (9ms)
			EditorAssembliesLoaded (0ms)
		ExecutionOrderSort2 (0ms)
		AwakeInstancesAfterBackupRestoration (5ms)
Refreshing native plugins compatible for Editor in 5.34 ms, found 6 plugins.
Preloading 0 native plugins for Editor in 0.00 ms.
Unloading 3256 Unused Serialized files (Serialized files now loaded: 0)
Unloading 22 unused Assets / (337.1 KB). Loaded Objects now: 3837.
Memory consumption went from 123.2 MB to 122.9 MB.
Total: 2.868300 ms (FindLiveObjects: 0.229900 ms CreateObjectMapping: 0.138500 ms MarkObjects: 2.297800 ms  DeleteObjects: 0.201000 ms)

Prepare: number of updated asset objects reloaded= 0
AssetImportParameters requested are different than current active one (requested -> active):
  custom:scripting/monoscript/fileName/WEBMRecorderSettingsEditor.cs: 5559c87f45d3b65fac8d5ac4ef5e81c8 -> 
  custom:scripting/monoscript/fileName/UIElementHelper.cs: 9f9438adfe3361012ea6280d4cdb2df4 -> 
  custom:scripting/monoscript/fileName/AOVCameraInput.cs: c23c8ce885672bc57e25263b3efd067a -> 
  custom:scripting/monoscript/fileName/BaseTextureRecorder.cs: 90647cc400823b41df847a6cbfc29026 -> 
  custom:scripting/monoscript/fileName/Recorder.cs: a7e319d512627774f8215ba0b76f0bcb -> 
  custom:scripting/monoscript/fileName/AudioRecorder.cs: 89550121570f22445b4a1b28daea3cf9 -> 
  custom:scripting/monoscript/fileName/PanelSplitter.cs: 5ff6c6e385b6b12ca322a9c92ac6f371 -> 
  custom:scripting/monoscript/fileName/ImageRecorderSettings.cs: a7ab05fac9382c03607c40fe73956ed6 -> 
  custom:scripting/monoscript/fileName/RecorderClip.cs: 897017f45cb3c30f306724d1fa17a8fe -> 
  custom:scripting/monoscript/fileName/GIFRecorderSettings.cs: 979f88ae1e7731daed242ab2fdebbc0e -> 
  custom:container-demuxer-ogg: 62fdf1f143b41e24485cea50d1cbac27 -> 
  custom:scripting/monoscript/fileName/MovieRecorder.cs: 024785cf83e1399f425b2aa115d22e2b -> 
  custom:scripting/monoscript/fileName/RecorderControllerSettingsPresetEditor.cs: 49aed206ae65ed5ac6b420f7104cd52d -> 
  custom:scripting/monoscript/fileName/AudioInput.cs: 499e96d8f0b35d362bd956c0975bb873 -> 
  custom:scripting/monoscript/fileName/WEBMRecorderSettings.cs: c176c43abbe456aeea55c2aef862801b -> 
  custom:scripting/monoscript/fileName/RecorderControllerSettingsPreset.cs: 78b391c1384ac60213ef58d50e78d553 -> 
  custom:scripting/monoscript/fileName/GameViewInputSettings.cs: a7ae22123f532f5bbcb39c654c998b57 -> 
  custom:scripting/monoscript/fileName/GameViewInputPropertyDrawer.cs: ae2c8a99c5e33d3d1ffc8232415130e8 -> 
  custom:scripting/monoscript/fileName/Camera360Input.cs: dc473b118c57e0734b0cd3476e333c06 -> 
  custom:scripting/monoscript/fileName/RecorderPreferencesSettingsProvider.cs: d92d314b87f7c2170e267636ebf38224 -> 
  custom:scripting/monoscript/fileName/RecorderBindings.cs: ac25db5b587307cfea909607f62e5641 -> 
  custom:video-decoder-ogg-theora: a1e56fd34408186e4bbccfd4996cb3dc -> 
  custom:scripting/monoscript/fileName/GIFWrapper.cs: 6ef8898a12699129e8f81f06a649cad1 -> 
  custom:scripting/monoscript/fileName/SceneHook.cs: 80fa8928b499d44515dd60e0bc895128 -> 
  custom:scripting/monoscript/fileName/AnimationInput.cs: e810137278708a698c5ccddaeb1a1e64 -> 
  custom:scripting/monoscript/fileName/OutputResolutionPropertyDrawer.cs: 0e33ffdf424417a2e685685cfc04d4b1 -> 
  custom:scripting/monoscript/fileName/EnumHelper.cs: 117b5609cc2a1ae41785cd0c8767815f -> 
  custom:scripting/monoscript/fileName/OutputPath.cs: ee51fcffcd8929d224a5e3fb152d5f62 -> 
  custom:scripting/monoscript/fileName/FileNameGeneratorDrawer.cs: a3ea71dec141084df9b7ffa19c11e2cb -> 
  custom:framework-win-MediaFoundation: 216162199b28c13a410421893ffa2e32 -> 
  custom:scripting/monoscript/fileName/RecorderPreferencesWindowGUIScope.cs: 7a2eba6fcb6829ea8b200991a02c9c06 -> 
  custom:scripting/monoscript/fileName/AspectRatio.cs: 18e3efa554f8258b676d4de53e38b642 -> 
  custom:scripting/monoscript/fileName/CameraInputSettings.cs: 6738f6dd994f658d2cbf6f5f3ba05a0e -> 
  custom:scripting/monoscript/fileName/RefHandle.cs: 90647cc400823b41df847a6cbfc29026 -> 
  custom:scripting/monoscript/fileName/CameraCapture.cs: c6dcba1380d9a4fa09f4e36182a45a73 -> 
  custom:scripting/monoscript/fileName/RecorderControllerSettings.cs: 989e0caa64af9b76551d4ff6bd15f598 -> 
  custom:scripting/monoscript/fileName/TargetedPropertyDrawer.cs: 90647cc400823b41df847a6cbfc29026 -> 
  custom:scripting/monoscript/fileName/MovieRecorderSettings.cs: 02a667a67b113b1f65e3fcadcc882513 -> 
  custom:scripting/monoscript/fileName/RenderTextureInputSettings.cs: ebca820667a63031a7597db85d26451a -> 
  custom:scripting/monoscript/fileName/ImageRecorderEditor.cs: d3134ae4c1dfd8e056bace11130b7692 -> 
  custom:scripting/monoscript/fileName/ProResEncoderSettings.cs: 4aca03881946a7fe9acacf199434009e -> 
  custom:scripting/monoscript/fileName/_FrameRequestComponent.cs: b34f171daaafc65da55ea68e2ed89f2b -> 
  custom:scripting/monoscript/fileName/RenderTextureInput.cs: 5dea77837ae3c82bb14643cd82dc06dc -> 
  custom:scripting/monoscript/fileName/RecorderAnalytics.cs: 0fa40093f6ac3fe75e92d746d563e5ee -> 
  custom:scripting/monoscript/fileName/MP4RecorderSettingsEditor.cs: 68a64b16a7961d71fa7286fd1f782e9b -> 
  custom:scripting/monoscript/fileName/RecorderBindingsEditor.cs: f7451a0e1cea6404b2976d2b2c42e273 -> 
  custom:scripting/monoscript/fileName/BaseRenderTextureInput.cs: 5dc13661a5a0dca5d09ca211933a44e2 -> 
  custom:scripting/monoscript/fileName/StatusBarHelper.cs: da04a6ed046f8a62f416d5d3ea415bef -> 
  custom:scripting/precompiled-assembly-types:Unity.Recorder: bd5378c99f6216e06dd6e2c2a60a86a4 -> 
  custom:CustomObjectIndexerAttribute: 9a22284fe3817be447336de3de66b15e -> 
  custom:scripting/monoscript/fileName/Camera360InputSettings.cs: 3d5eaf1cb3a9df6f9d1d52f3c3018c46 -> 
  custom:scripting/monoscript/fileName/PNGRecorderSettingsEditor.cs: 4970e6657bb34f7efc2c7d8168c7358b -> 
  custom:scripting/monoscript/fileName/ImageHeightSelector.cs: d1a7972bf1d79d90f09ab23c718afe39 -> 
  custom:scripting/monoscript/fileName/AnimationInputSettings.cs: d64a99ebbd13660e9264cb4111ab9832 -> 
  custom:scripting/monoscript/fileName/MP4RecorderSettings.cs: 551f5535c05b86d6ee91684eced14987 -> 
  custom:scripting/monoscript/fileName/RecorderPreferencesSettings.cs: 761b0a55fc5e50239a1d0c4bfc968274 -> 
  custom:container-demuxer-webm: 4f35f7cbe854078d1ac9338744f61a02 -> 
  custom:scripting/monoscript/fileName/RecorderSettingsPrefsEditor.cs: ba9e697f1d269c2c960a41bc543fa408 -> 
  custom:scripting/monoscript/fileName/ProResWrapper.cs: 712515ef615766c98115c6a20d85d6c8 -> 
  custom:scripting/monoscript/fileName/RecordModePropertyDrawer.cs: 165332db07362bbcab2d8dc6d1e1dfda -> 
  custom:scripting/monoscript/fileName/ImageInputSettings.cs: 98a2aedd167d40f01804b04845eeaf15 -> 
  custom:scripting/monoscript/fileName/SerializableObjHelper.cs: f19f181f3f05e8e393225dd7030fb66a -> 
  custom:scripting/monoscript/fileName/InputPropertyDrawer.cs: 90647cc400823b41df847a6cbfc29026 -> 
  custom:scripting/monoscript/fileName/AudioInputSettings.cs: a2c930fca1dd5e27705fbacf39727bb4 -> 
  custom:scripting/monoscript/fileName/InputSettings.cs: 35c56ce5488c6b464726305dcbd33b3d -> 
  custom:scripting/monoscript/fileName/RecorderEditor.cs: 736e59ba52eea987abc47f36a836e575 -> 
  custom:scripting/monoscript/fileName/AudioRecorderSettings.cs: 0b00f2c93558486cc61a06f270f43fea -> 
  custom:scripting/monoscript/fileName/RecordersInventory.cs: fb714c8df18f9b7fc7f3361f604ae3dc -> 
  custom:scripting/monoscript/fileName/BaseFCRecorderSettings.cs: fab928553cedb8703ac192d6cf7b6294 -> 
  custom:scripting/monoscript/fileName/AOVRecorderSettings.cs: cdc731153cd2f1f739300a28ea6a6608 -> 
  custom:scripting/monoscript/fileName/EXRCompressionTypeDrawer.cs: 301cb614ecf84a4dab346c5f76ea2016 -> 
  custom:scripting/monoscript/fileName/AOVRecorder.cs: c53e83f1863b3ea80b6df3885cdb8c82 -> 
  custom:scripting/monoscript/fileName/IEncoderSettings.cs: c7d04fadacf538db841606cc656ae724 -> 
  custom:scripting/monoscript/fileName/ShutterProfileTypePropertyDrawer.cs: 18a32c647eca27716eabcb5a44f00e32 -> 
  custom:scripting/monoscript/fileName/MovieRecorderEditor.cs: eb00ddb8a76b8dfb7c88b7826a49d38b -> 
  custom:scripting/monoscript/fileName/RenderTextureInputSettingsPropertyDrawer.cs: 809602b52454cd1e6229756218a8f453 -> 
  custom:scripting/monoscript/fileName/RecorderPlayableBehaviour.cs: 80165a21f4cd0dda690f708a19d389bd -> 
  custom:scripting/monoscript/fileName/GifEncoderSettingsPropertyDrawer.cs: b36c9a7eaaefccda514b23d7e14761ca -> 
  custom:scripting/monoscript/fileName/PNGRecorder.cs: 08fd40f88cb6b18c96882f263639f57d -> 
  custom:scripting/monoscript/fileName/CameraInputSettingsPropertyDrawer.cs: 91928abf1abf88be098cb088d896aec5 -> 
  custom:scripting/monoscript/fileName/AudioRecorderEditor.cs: 565168dec291afe3fa470657cfc2c123 -> 
  custom:scripting/monoscript/fileName/AOVRecorderEditor.cs: 5ca53ccd6d7645709639507726114395 -> 
  custom:container-muxer-webm: aa71ff27fc2769a1b78a27578f13a17b -> 
  custom:video-decoder-webm-vp8: 9c59270c3fd7afecdb556c50c9e8de78 -> 
  custom:scripting/monoscript/fileName/RecordingSession.cs: f3ad08157c278a036224ca395f350890 -> 
  custom:scripting/monoscript/fileName/GameViewSize.cs: f6128a6515fcafce6db32fcdfa107254 -> 
  custom:scripting/monoscript/fileName/UnityHelpers.cs: b3e077029b574be508585124a9d839ef -> 
  custom:SearchIndexIgnoredProperties: e643bd26f0fe6173181afceb89e7c659 -> 
  custom:scripting/monoscript/fileName/GIFRecorder.cs: c00ece885699fb9084deaccd3eb27518 -> 
  custom:AudioImporter_EditorPlatform: d09bf68614088b80899f8185d706f6e7 -> 
  custom:scripting/monoscript/fileName/EXRRecorder.cs: 3f576ce8ddd959d51a4d7ba1999ecdbb -> 
  custom:scripting/monoscript/fileName/WEBMRecorder.cs: 391b6b920cfbc02401ea522620320c93 -> 
  custom:scripting/monoscript/fileName/RenderTextureSampler.cs: 1a7b9abab9548e1054dc40d6e2fa0270 -> 
  custom:scripting/monoscript/fileName/GifEncoder.cs: 40f336d5c5042a8a04556b4c5804a538 -> 
  custom:scripting/monoscript/fileName/GenericRecorder.cs: 90647cc400823b41df847a6cbfc29026 -> 
  custom:scripting/monoscript/fileName/ImageInputSelector.cs: f55822da877594150873922341be92b6 -> 
  custom:scripting/monoscript/fileName/AnimationRecorderSettingsEditor.cs: db1294bf3d48be44b6e4b2f2cc100b02 -> 
  custom:scripting/monoscript/fileName/RecorderTrack.cs: fac9638ece7eb7daaa1302fa170613fd -> 
  custom:scripting/monoscript/fileName/InputSettingsSelector.cs: 499a4ec92267406782b5c4f3472d53b9 -> 
  custom:scripting/monoscript/fileName/FileNameGenerator.cs: 5c8b6eb5291c3311189e0dfadac99363 -> 
  custom:scripting/monoscript/fileName/RecorderItem.cs: b62d2fcb9547a248575727d8a1646db8 -> 
  custom:scripting/monoscript/fileName/TextureFlipper.cs: 825b503b2ddab9cbd8ebbf3038075092 -> 
  custom:scripting/monoscript/fileName/AccumulationSettings.cs: fb962f0c2333934b681b167574f5e1cd -> 
  custom:scripting/monoscript/fileName/Camera360InputPropertyDrawer.cs: af647a2fe91bec98139246321cac865d -> 
  custom:scripting/monoscript/fileName/RecorderClipEditor.cs: 947ad5ff1f968d7fc40767d187070964 -> 
  custom:scripting/monoscript/fileName/EXRRecorderSettingsEditor.cs: c520a04c5f01331f2c8800e289ef6d6f -> 
  custom:scripting/monoscript/fileName/CoreEncoder.cs: dfaed86e82ad12e6a2b6740a0fb35820 -> 
  custom:scripting/monoscript/fileName/PNGRecorderSettings.cs: 79a421225358808ff14dd88c0355d1b6 -> 
  custom:scripting/monoscript/fileName/AspectRatioPropertyDrawer.cs: 9f18568574138839573389bde3e660a7 -> 
  custom:scripting/monoscript/fileName/ProResEncoder.cs: b375bf2d41e3d89081c3f2d1a0823bf3 -> 
  custom:scripting/monoscript/fileName/CameraInput.cs: bf7e0df3caf9e500f6d1c98c99e165ba -> 
  custom:scripting/monoscript/fileName/RecorderSettings.cs: bc3ef26ac157af28e5460886c0d5ef2e -> 
  custom:scripting/monoscript/fileName/RecorderClipTimelineEditor.cs: 2995d9f50ebc9245c6e9bd75c56415fb -> 
  custom:scripting/monoscript/fileName/EncoderSettingsAttribute.cs: 8352396dc11cff58c65c429fdb4fc67e -> 
  custom:scripting/monoscript/fileName/MP4Recorder.cs: af531c4e1f6d23547da08837eb16b729 -> 
  custom:scripting/monoscript/fileName/EncoderTypeUtilities.cs: a12c4c78a6cd4fb6b93180d59ad77be8 -> 
  custom:scripting/monoscript/fileName/PooledBufferAsyncGPUReadback.cs: 2a4e50c5dda177306c9ec935763c4378 -> 
  custom:scripting/monoscript/fileName/AnimationRecorder.cs: f749a4250195b5467bbf05e3a976b59f -> 
  custom:scripting/precompiled-assembly-types:Unity.Recorder.Base: 3fec19fdf10e3518c41e41a932f2042f -> 
  custom:scripting/monoscript/fileName/AnimationRecorderSettings.cs: 5cfb1544a40f93fe0ea879bb1361c877 -> 
  custom:scripting/monoscript/fileName/RenderTextureSamplerSettings.cs: 68adab84706346f2ecbdfd649ca9cf61 -> 
  custom:scripting/monoscript/fileName/RecordingContext.cs: af9af1e8b283703482ba133924b5585a -> 
  custom:scripting/monoscript/fileName/RecorderSelector.cs: c3cd2caacd181d6eff54dc260c4a1ffb -> 
  custom:video-encoder-webm-vp8: eb34c28f22e8b96e1ab97ce403110664 -> 
  custom:scripting/monoscript/fileName/RecorderInput.cs: 88fd8d8fd71b34ed7298a01f6c2d2e40 -> 
  custom:scripting/monoscript/fileName/RenderTextureSamplerPropertyDrawer.cs: b541817d9cc9b1341d2ddfa8823b718d -> 
  custom:scripting/monoscript/fileName/RecorderSettingsAttribute.cs: ddd228b25da7ba2ac10d13e1efacc875 -> 
  custom:audio-decoder-ogg-vorbis: bf7c407c2cedff20999df2af8eb42d56 -> 
  custom:scripting/monoscript/fileName/OutputPathDrawer.cs: cffc34c1be094e6caeb13ff3b26ca679 -> 
  custom:scripting/monoscript/fileName/EditorVersionsHelper.cs: 3ad9098caeeff0295dba8c0911f5333a -> 
  custom:scripting/monoscript/fileName/SettingAsset.cs: 7c3790954696ae83d71055079b387931 -> 
  custom:scripting/monoscript/fileName/OutputResolution.cs: 31c632d97e9a69bcc2ef10f6feb5bf62 -> 
  custom:scripting/monoscript/fileName/AccumulationSettingsPropertyDrawer.cs: bfc920db0de3c29c2967e88aac1c1027 -> 
  custom:scripting/monoscript/fileName/AnimationInputSettingsPropertyDrawer.cs: ebe1771fecebe7a93badf6354f59c990 -> 
  custom:scripting/monoscript/fileName/CoreEncoderSettings.cs: 2b5db1db3c1fa7de4175a7e143de3ce5 -> 
  custom:scripting/monoscript/fileName/VisualListItem.cs: 90647cc400823b41df847a6cbfc29026 -> 
  custom:scripting/monoscript/fileName/FrameRateProperyDrawer.cs: c478c798f5354f66af45b380be0629f9 -> 
  custom:scripting/monoscript/fileName/InputSettingsSelectorDrawer.cs: bca46dd5b59e2f574c94bef4cdb878fb -> 
  custom:scripting/monoscript/fileName/RecorderWindow.cs: 553a30d64d5ef1dcad6b00b4eeeb3829 -> 
  custom:scripting/monoscript/fileName/AOVCameraInputSettings.cs: 4d2fdf1142ce53d73cb43d39944ba516 -> 
  custom:scripting/monoscript/fileName/EnumProperyDrawer.cs: 90647cc400823b41df847a6cbfc29026 -> 
  custom:scripting/monoscript/fileName/AOVImageInputSelector.cs: b741d8d3a7cbb503c5bdf23d7e6792db -> 
  custom:scripting/monoscript/fileName/CoreEncoderSettingsPropertyDrawer.cs: c8bdf3420d844fd4604c0d0cf3815355 -> 
  custom:scripting/monoscript/fileName/GifEncoderSettings.cs: 812ca6afdf48b830953d76adab9d4030 -> 
  custom:scripting/monoscript/fileName/GIFRecorderSettingsEditor.cs: 4d0f46bcf58d188895fabae5334995ae -> 
  custom:scripting/monoscript/fileName/IEncoder.cs: 007c2ef621b0d92b5a7a6bae91d26090 -> 
  custom:scripting/monoscript/fileName/RecorderOptions.cs: 74782d297e80d8f56c0e05a7cde4e51d -> 
  custom:scripting/precompiled-assembly-types:Unity.Recorder.Editor: cd22b836ef1ca10e7d8c91c9be46b4bf -> 
  custom:scripting/monoscript/fileName/ProResEncoderSettingsPropertyDrawer.cs: 68c25e6d4459336217d4b9e22eb707b4 -> 
  custom:scripting/monoscript/fileName/ImageRecorder.cs: b804c29bfc59a61db184c1d275fe4101 -> 
  custom:scripting/monoscript/fileName/EditableLabel.cs: 4f8fa2c6092744ed6607a411e3f617c0 -> 
  custom:scripting/monoscript/fileName/GameViewInput.cs: 596e7ffa2d11b2002176644af3247ea6 -> 
  custom:audio-encoder-webm-vorbis: bf7c407c2cedff20999df2af8eb42d56 -> 
  custom:scripting/monoscript/fileName/SerializedDictionnary.cs: 90647cc400823b41df847a6cbfc29026 -> 
  custom:scripting/monoscript/fileName/HammersleySequence.cs: b06601f044912976f668045b7d4c79a8 -> 
  custom:scripting/monoscript/fileName/_RecorderComponent.cs: 8c268d1df4e18643d83ea9c6eeba2d9f -> 
  custom:scripting/monoscript/fileName/IAccumulation.cs: 38dee62d444423165276e3254554d005 -> 
  custom:scripting/monoscript/fileName/RecorderController.cs: 5760bd2995080b8d0d9d9e88ab8933c6 -> 
  custom:scripting/monoscript/fileName/EXRRecorderSettings.cs: bf113df492cb5b25e11ec144a73c2f74 -> 
========================================================================
Received Prepare
Caller must complete domain reload
Begin MonoManager ReloadAssembly
- Loaded All Assemblies, in  0.425 seconds
Native extension for WindowsStandalone target not found
Native extension for iOS target not found
Native extension for Android target not found
Mono: successfully reloaded assembly
- Finished resetting the current domain, in  0.956 seconds
Domain Reload Profiling: 1379ms
	BeginReloadAssembly (132ms)
		ExecutionOrderSort (0ms)
		DisableScriptedObjects (6ms)
		BackupInstance (0ms)
		ReleaseScriptingObjects (0ms)
		CreateAndSetChildDomain (25ms)
	RebuildCommonClasses (25ms)
	RebuildNativeTypeToScriptingClass (15ms)
	initialDomainReloadingComplete (27ms)
	LoadAllAssembliesAndSetupDomain (223ms)
		LoadAssemblies (285ms)
		RebuildTransferFunctionScriptingTraits (0ms)
		AnalyzeDomain (9ms)
			TypeCache.Refresh (4ms)
				TypeCache.ScanAssembly (0ms)
			ScanForSourceGeneratedMonoScriptInfo (0ms)
			ResolveRequiredComponents (4ms)
	FinalizeReload (957ms)
		ReleaseScriptCaches (0ms)
		RebuildScriptCaches (0ms)
		SetupLoadedEditorAssemblies (487ms)
			LogAssemblyErrors (0ms)
			InitializePlatformSupportModulesInManaged (30ms)
			SetLoadedEditorAssemblies (4ms)
			RefreshPlugins (0ms)
			BeforeProcessingInitializeOnLoad (86ms)
			ProcessInitializeOnLoadAttributes (338ms)
			ProcessInitializeOnLoadMethodAttributes (19ms)
			AfterProcessingInitializeOnLoad (9ms)
			EditorAssembliesLoaded (0ms)
		ExecutionOrderSort2 (0ms)
		AwakeInstancesAfterBackupRestoration (5ms)
Refreshing native plugins compatible for Editor in 4.87 ms, found 6 plugins.
Preloading 0 native plugins for Editor in 0.00 ms.
Unloading 3256 Unused Serialized files (Serialized files now loaded: 0)
Unloading 22 unused Assets / (337.3 KB). Loaded Objects now: 3840.
Memory consumption went from 123.2 MB to 122.9 MB.
Total: 2.387100 ms (FindLiveObjects: 0.216900 ms CreateObjectMapping: 0.084400 ms MarkObjects: 1.905900 ms  DeleteObjects: 0.179200 ms)

Prepare: number of updated asset objects reloaded= 0
AssetImportParameters requested are different than current active one (requested -> active):
  custom:scripting/monoscript/fileName/WEBMRecorderSettingsEditor.cs: 5559c87f45d3b65fac8d5ac4ef5e81c8 -> 
  custom:scripting/monoscript/fileName/UIElementHelper.cs: 9f9438adfe3361012ea6280d4cdb2df4 -> 
  custom:scripting/monoscript/fileName/AOVCameraInput.cs: c23c8ce885672bc57e25263b3efd067a -> 
  custom:scripting/monoscript/fileName/BaseTextureRecorder.cs: 90647cc400823b41df847a6cbfc29026 -> 
  custom:scripting/monoscript/fileName/Recorder.cs: a7e319d512627774f8215ba0b76f0bcb -> 
  custom:scripting/monoscript/fileName/AudioRecorder.cs: 89550121570f22445b4a1b28daea3cf9 -> 
  custom:scripting/monoscript/fileName/PanelSplitter.cs: 5ff6c6e385b6b12ca322a9c92ac6f371 -> 
  custom:scripting/monoscript/fileName/ImageRecorderSettings.cs: a7ab05fac9382c03607c40fe73956ed6 -> 
  custom:scripting/monoscript/fileName/RecorderClip.cs: 897017f45cb3c30f306724d1fa17a8fe -> 
  custom:scripting/monoscript/fileName/GIFRecorderSettings.cs: 979f88ae1e7731daed242ab2fdebbc0e -> 
  custom:container-demuxer-ogg: 62fdf1f143b41e24485cea50d1cbac27 -> 
  custom:scripting/monoscript/fileName/MovieRecorder.cs: 024785cf83e1399f425b2aa115d22e2b -> 
  custom:scripting/monoscript/fileName/RecorderControllerSettingsPresetEditor.cs: 49aed206ae65ed5ac6b420f7104cd52d -> 
  custom:scripting/monoscript/fileName/AudioInput.cs: 499e96d8f0b35d362bd956c0975bb873 -> 
  custom:scripting/monoscript/fileName/WEBMRecorderSettings.cs: c176c43abbe456aeea55c2aef862801b -> 
  custom:scripting/monoscript/fileName/RecorderControllerSettingsPreset.cs: 78b391c1384ac60213ef58d50e78d553 -> 
  custom:scripting/monoscript/fileName/GameViewInputSettings.cs: a7ae22123f532f5bbcb39c654c998b57 -> 
  custom:scripting/monoscript/fileName/GameViewInputPropertyDrawer.cs: ae2c8a99c5e33d3d1ffc8232415130e8 -> 
  custom:scripting/monoscript/fileName/Camera360Input.cs: dc473b118c57e0734b0cd3476e333c06 -> 
  custom:scripting/monoscript/fileName/RecorderPreferencesSettingsProvider.cs: d92d314b87f7c2170e267636ebf38224 -> 
  custom:scripting/monoscript/fileName/RecorderBindings.cs: ac25db5b587307cfea909607f62e5641 -> 
  custom:video-decoder-ogg-theora: a1e56fd34408186e4bbccfd4996cb3dc -> 
  custom:scripting/monoscript/fileName/GIFWrapper.cs: 6ef8898a12699129e8f81f06a649cad1 -> 
  custom:scripting/monoscript/fileName/SceneHook.cs: 80fa8928b499d44515dd60e0bc895128 -> 
  custom:scripting/monoscript/fileName/AnimationInput.cs: e810137278708a698c5ccddaeb1a1e64 -> 
  custom:scripting/monoscript/fileName/OutputResolutionPropertyDrawer.cs: 0e33ffdf424417a2e685685cfc04d4b1 -> 
  custom:scripting/monoscript/fileName/EnumHelper.cs: 117b5609cc2a1ae41785cd0c8767815f -> 
  custom:scripting/monoscript/fileName/OutputPath.cs: ee51fcffcd8929d224a5e3fb152d5f62 -> 
  custom:scripting/monoscript/fileName/FileNameGeneratorDrawer.cs: a3ea71dec141084df9b7ffa19c11e2cb -> 
  custom:framework-win-MediaFoundation: 216162199b28c13a410421893ffa2e32 -> 
  custom:scripting/monoscript/fileName/RecorderPreferencesWindowGUIScope.cs: 7a2eba6fcb6829ea8b200991a02c9c06 -> 
  custom:scripting/monoscript/fileName/AspectRatio.cs: 18e3efa554f8258b676d4de53e38b642 -> 
  custom:scripting/monoscript/fileName/CameraInputSettings.cs: 6738f6dd994f658d2cbf6f5f3ba05a0e -> 
  custom:scripting/monoscript/fileName/RefHandle.cs: 90647cc400823b41df847a6cbfc29026 -> 
  custom:scripting/monoscript/fileName/CameraCapture.cs: c6dcba1380d9a4fa09f4e36182a45a73 -> 
  custom:scripting/monoscript/fileName/RecorderControllerSettings.cs: 989e0caa64af9b76551d4ff6bd15f598 -> 
  custom:scripting/monoscript/fileName/TargetedPropertyDrawer.cs: 90647cc400823b41df847a6cbfc29026 -> 
  custom:scripting/monoscript/fileName/MovieRecorderSettings.cs: 02a667a67b113b1f65e3fcadcc882513 -> 
  custom:scripting/monoscript/fileName/RenderTextureInputSettings.cs: ebca820667a63031a7597db85d26451a -> 
  custom:scripting/monoscript/fileName/ImageRecorderEditor.cs: d3134ae4c1dfd8e056bace11130b7692 -> 
  custom:scripting/monoscript/fileName/ProResEncoderSettings.cs: 4aca03881946a7fe9acacf199434009e -> 
  custom:scripting/monoscript/fileName/_FrameRequestComponent.cs: b34f171daaafc65da55ea68e2ed89f2b -> 
  custom:scripting/monoscript/fileName/RenderTextureInput.cs: 5dea77837ae3c82bb14643cd82dc06dc -> 
  custom:scripting/monoscript/fileName/RecorderAnalytics.cs: 0fa40093f6ac3fe75e92d746d563e5ee -> 
  custom:scripting/monoscript/fileName/MP4RecorderSettingsEditor.cs: 68a64b16a7961d71fa7286fd1f782e9b -> 
  custom:scripting/monoscript/fileName/RecorderBindingsEditor.cs: f7451a0e1cea6404b2976d2b2c42e273 -> 
  custom:scripting/monoscript/fileName/BaseRenderTextureInput.cs: 5dc13661a5a0dca5d09ca211933a44e2 -> 
  custom:scripting/monoscript/fileName/StatusBarHelper.cs: da04a6ed046f8a62f416d5d3ea415bef -> 
  custom:scripting/precompiled-assembly-types:Unity.Recorder: bd5378c99f6216e06dd6e2c2a60a86a4 -> 
  custom:CustomObjectIndexerAttribute: 9a22284fe3817be447336de3de66b15e -> 
  custom:scripting/monoscript/fileName/Camera360InputSettings.cs: 3d5eaf1cb3a9df6f9d1d52f3c3018c46 -> 
  custom:scripting/monoscript/fileName/PNGRecorderSettingsEditor.cs: 4970e6657bb34f7efc2c7d8168c7358b -> 
  custom:scripting/monoscript/fileName/ImageHeightSelector.cs: d1a7972bf1d79d90f09ab23c718afe39 -> 
  custom:scripting/monoscript/fileName/AnimationInputSettings.cs: d64a99ebbd13660e9264cb4111ab9832 -> 
  custom:scripting/monoscript/fileName/MP4RecorderSettings.cs: 551f5535c05b86d6ee91684eced14987 -> 
  custom:scripting/monoscript/fileName/RecorderPreferencesSettings.cs: 761b0a55fc5e50239a1d0c4bfc968274 -> 
  custom:container-demuxer-webm: 4f35f7cbe854078d1ac9338744f61a02 -> 
  custom:scripting/monoscript/fileName/RecorderSettingsPrefsEditor.cs: ba9e697f1d269c2c960a41bc543fa408 -> 
  custom:scripting/monoscript/fileName/ProResWrapper.cs: 712515ef615766c98115c6a20d85d6c8 -> 
  custom:scripting/monoscript/fileName/RecordModePropertyDrawer.cs: 165332db07362bbcab2d8dc6d1e1dfda -> 
  custom:scripting/monoscript/fileName/ImageInputSettings.cs: 98a2aedd167d40f01804b04845eeaf15 -> 
  custom:scripting/monoscript/fileName/SerializableObjHelper.cs: f19f181f3f05e8e393225dd7030fb66a -> 
  custom:scripting/monoscript/fileName/InputPropertyDrawer.cs: 90647cc400823b41df847a6cbfc29026 -> 
  custom:scripting/monoscript/fileName/AudioInputSettings.cs: a2c930fca1dd5e27705fbacf39727bb4 -> 
  custom:scripting/monoscript/fileName/InputSettings.cs: 35c56ce5488c6b464726305dcbd33b3d -> 
  custom:scripting/monoscript/fileName/RecorderEditor.cs: 736e59ba52eea987abc47f36a836e575 -> 
  custom:scripting/monoscript/fileName/AudioRecorderSettings.cs: 0b00f2c93558486cc61a06f270f43fea -> 
  custom:scripting/monoscript/fileName/RecordersInventory.cs: fb714c8df18f9b7fc7f3361f604ae3dc -> 
  custom:scripting/monoscript/fileName/BaseFCRecorderSettings.cs: fab928553cedb8703ac192d6cf7b6294 -> 
  custom:scripting/monoscript/fileName/AOVRecorderSettings.cs: cdc731153cd2f1f739300a28ea6a6608 -> 
  custom:scripting/monoscript/fileName/EXRCompressionTypeDrawer.cs: 301cb614ecf84a4dab346c5f76ea2016 -> 
  custom:scripting/monoscript/fileName/AOVRecorder.cs: c53e83f1863b3ea80b6df3885cdb8c82 -> 
  custom:scripting/monoscript/fileName/IEncoderSettings.cs: c7d04fadacf538db841606cc656ae724 -> 
  custom:scripting/monoscript/fileName/ShutterProfileTypePropertyDrawer.cs: 18a32c647eca27716eabcb5a44f00e32 -> 
  custom:scripting/monoscript/fileName/MovieRecorderEditor.cs: eb00ddb8a76b8dfb7c88b7826a49d38b -> 
  custom:scripting/monoscript/fileName/RenderTextureInputSettingsPropertyDrawer.cs: 809602b52454cd1e6229756218a8f453 -> 
  custom:scripting/monoscript/fileName/RecorderPlayableBehaviour.cs: 80165a21f4cd0dda690f708a19d389bd -> 
  custom:scripting/monoscript/fileName/GifEncoderSettingsPropertyDrawer.cs: b36c9a7eaaefccda514b23d7e14761ca -> 
  custom:scripting/monoscript/fileName/PNGRecorder.cs: 08fd40f88cb6b18c96882f263639f57d -> 
  custom:scripting/monoscript/fileName/CameraInputSettingsPropertyDrawer.cs: 91928abf1abf88be098cb088d896aec5 -> 
  custom:scripting/monoscript/fileName/AudioRecorderEditor.cs: 565168dec291afe3fa470657cfc2c123 -> 
  custom:scripting/monoscript/fileName/AOVRecorderEditor.cs: 5ca53ccd6d7645709639507726114395 -> 
  custom:container-muxer-webm: aa71ff27fc2769a1b78a27578f13a17b -> 
  custom:video-decoder-webm-vp8: 9c59270c3fd7afecdb556c50c9e8de78 -> 
  custom:scripting/monoscript/fileName/RecordingSession.cs: f3ad08157c278a036224ca395f350890 -> 
  custom:scripting/monoscript/fileName/GameViewSize.cs: f6128a6515fcafce6db32fcdfa107254 -> 
  custom:scripting/monoscript/fileName/UnityHelpers.cs: b3e077029b574be508585124a9d839ef -> 
  custom:SearchIndexIgnoredProperties: e643bd26f0fe6173181afceb89e7c659 -> 
  custom:scripting/monoscript/fileName/GIFRecorder.cs: c00ece885699fb9084deaccd3eb27518 -> 
  custom:AudioImporter_EditorPlatform: d09bf68614088b80899f8185d706f6e7 -> 
  custom:scripting/monoscript/fileName/EXRRecorder.cs: 3f576ce8ddd959d51a4d7ba1999ecdbb -> 
  custom:scripting/monoscript/fileName/WEBMRecorder.cs: 391b6b920cfbc02401ea522620320c93 -> 
  custom:scripting/monoscript/fileName/RenderTextureSampler.cs: 1a7b9abab9548e1054dc40d6e2fa0270 -> 
  custom:scripting/monoscript/fileName/GifEncoder.cs: 40f336d5c5042a8a04556b4c5804a538 -> 
  custom:scripting/monoscript/fileName/GenericRecorder.cs: 90647cc400823b41df847a6cbfc29026 -> 
  custom:scripting/monoscript/fileName/ImageInputSelector.cs: f55822da877594150873922341be92b6 -> 
  custom:scripting/monoscript/fileName/AnimationRecorderSettingsEditor.cs: db1294bf3d48be44b6e4b2f2cc100b02 -> 
  custom:scripting/monoscript/fileName/RecorderTrack.cs: fac9638ece7eb7daaa1302fa170613fd -> 
  custom:scripting/monoscript/fileName/InputSettingsSelector.cs: 499a4ec92267406782b5c4f3472d53b9 -> 
  custom:scripting/monoscript/fileName/FileNameGenerator.cs: 5c8b6eb5291c3311189e0dfadac99363 -> 
  custom:scripting/monoscript/fileName/RecorderItem.cs: b62d2fcb9547a248575727d8a1646db8 -> 
  custom:scripting/monoscript/fileName/TextureFlipper.cs: 825b503b2ddab9cbd8ebbf3038075092 -> 
  custom:scripting/monoscript/fileName/AccumulationSettings.cs: fb962f0c2333934b681b167574f5e1cd -> 
  custom:scripting/monoscript/fileName/Camera360InputPropertyDrawer.cs: af647a2fe91bec98139246321cac865d -> 
  custom:scripting/monoscript/fileName/RecorderClipEditor.cs: 947ad5ff1f968d7fc40767d187070964 -> 
  custom:scripting/monoscript/fileName/EXRRecorderSettingsEditor.cs: c520a04c5f01331f2c8800e289ef6d6f -> 
  custom:scripting/monoscript/fileName/CoreEncoder.cs: dfaed86e82ad12e6a2b6740a0fb35820 -> 
  custom:scripting/monoscript/fileName/PNGRecorderSettings.cs: 79a421225358808ff14dd88c0355d1b6 -> 
  custom:scripting/monoscript/fileName/AspectRatioPropertyDrawer.cs: 9f18568574138839573389bde3e660a7 -> 
  custom:scripting/monoscript/fileName/ProResEncoder.cs: b375bf2d41e3d89081c3f2d1a0823bf3 -> 
  custom:scripting/monoscript/fileName/CameraInput.cs: bf7e0df3caf9e500f6d1c98c99e165ba -> 
  custom:scripting/monoscript/fileName/RecorderSettings.cs: bc3ef26ac157af28e5460886c0d5ef2e -> 
  custom:scripting/monoscript/fileName/RecorderClipTimelineEditor.cs: 2995d9f50ebc9245c6e9bd75c56415fb -> 
  custom:scripting/monoscript/fileName/EncoderSettingsAttribute.cs: 8352396dc11cff58c65c429fdb4fc67e -> 
  custom:scripting/monoscript/fileName/MP4Recorder.cs: af531c4e1f6d23547da08837eb16b729 -> 
  custom:scripting/monoscript/fileName/EncoderTypeUtilities.cs: a12c4c78a6cd4fb6b93180d59ad77be8 -> 
  custom:scripting/monoscript/fileName/PooledBufferAsyncGPUReadback.cs: 2a4e50c5dda177306c9ec935763c4378 -> 
  custom:scripting/monoscript/fileName/AnimationRecorder.cs: f749a4250195b5467bbf05e3a976b59f -> 
  custom:scripting/precompiled-assembly-types:Unity.Recorder.Base: 3fec19fdf10e3518c41e41a932f2042f -> 
  custom:scripting/monoscript/fileName/AnimationRecorderSettings.cs: 5cfb1544a40f93fe0ea879bb1361c877 -> 
  custom:scripting/monoscript/fileName/RenderTextureSamplerSettings.cs: 68adab84706346f2ecbdfd649ca9cf61 -> 
  custom:scripting/monoscript/fileName/RecordingContext.cs: af9af1e8b283703482ba133924b5585a -> 
  custom:scripting/monoscript/fileName/RecorderSelector.cs: c3cd2caacd181d6eff54dc260c4a1ffb -> 
  custom:video-encoder-webm-vp8: eb34c28f22e8b96e1ab97ce403110664 -> 
  custom:scripting/monoscript/fileName/RecorderInput.cs: 88fd8d8fd71b34ed7298a01f6c2d2e40 -> 
  custom:scripting/monoscript/fileName/RenderTextureSamplerPropertyDrawer.cs: b541817d9cc9b1341d2ddfa8823b718d -> 
  custom:scripting/monoscript/fileName/RecorderSettingsAttribute.cs: ddd228b25da7ba2ac10d13e1efacc875 -> 
  custom:audio-decoder-ogg-vorbis: bf7c407c2cedff20999df2af8eb42d56 -> 
  custom:scripting/monoscript/fileName/OutputPathDrawer.cs: cffc34c1be094e6caeb13ff3b26ca679 -> 
  custom:scripting/monoscript/fileName/EditorVersionsHelper.cs: 3ad9098caeeff0295dba8c0911f5333a -> 
  custom:scripting/monoscript/fileName/SettingAsset.cs: 7c3790954696ae83d71055079b387931 -> 
  custom:scripting/monoscript/fileName/OutputResolution.cs: 31c632d97e9a69bcc2ef10f6feb5bf62 -> 
  custom:scripting/monoscript/fileName/AccumulationSettingsPropertyDrawer.cs: bfc920db0de3c29c2967e88aac1c1027 -> 
  custom:scripting/monoscript/fileName/AnimationInputSettingsPropertyDrawer.cs: ebe1771fecebe7a93badf6354f59c990 -> 
  custom:scripting/monoscript/fileName/CoreEncoderSettings.cs: 2b5db1db3c1fa7de4175a7e143de3ce5 -> 
  custom:scripting/monoscript/fileName/VisualListItem.cs: 90647cc400823b41df847a6cbfc29026 -> 
  custom:scripting/monoscript/fileName/FrameRateProperyDrawer.cs: c478c798f5354f66af45b380be0629f9 -> 
  custom:scripting/monoscript/fileName/InputSettingsSelectorDrawer.cs: bca46dd5b59e2f574c94bef4cdb878fb -> 
  custom:scripting/monoscript/fileName/RecorderWindow.cs: 553a30d64d5ef1dcad6b00b4eeeb3829 -> 
  custom:scripting/monoscript/fileName/AOVCameraInputSettings.cs: 4d2fdf1142ce53d73cb43d39944ba516 -> 
  custom:scripting/monoscript/fileName/EnumProperyDrawer.cs: 90647cc400823b41df847a6cbfc29026 -> 
  custom:scripting/monoscript/fileName/AOVImageInputSelector.cs: b741d8d3a7cbb503c5bdf23d7e6792db -> 
  custom:scripting/monoscript/fileName/CoreEncoderSettingsPropertyDrawer.cs: c8bdf3420d844fd4604c0d0cf3815355 -> 
  custom:scripting/monoscript/fileName/GifEncoderSettings.cs: 812ca6afdf48b830953d76adab9d4030 -> 
  custom:scripting/monoscript/fileName/GIFRecorderSettingsEditor.cs: 4d0f46bcf58d188895fabae5334995ae -> 
  custom:scripting/monoscript/fileName/IEncoder.cs: 007c2ef621b0d92b5a7a6bae91d26090 -> 
  custom:scripting/monoscript/fileName/RecorderOptions.cs: 74782d297e80d8f56c0e05a7cde4e51d -> 
  custom:scripting/precompiled-assembly-types:Unity.Recorder.Editor: cd22b836ef1ca10e7d8c91c9be46b4bf -> 
  custom:scripting/monoscript/fileName/ProResEncoderSettingsPropertyDrawer.cs: 68c25e6d4459336217d4b9e22eb707b4 -> 
  custom:scripting/monoscript/fileName/ImageRecorder.cs: b804c29bfc59a61db184c1d275fe4101 -> 
  custom:scripting/monoscript/fileName/EditableLabel.cs: 4f8fa2c6092744ed6607a411e3f617c0 -> 
  custom:scripting/monoscript/fileName/GameViewInput.cs: 596e7ffa2d11b2002176644af3247ea6 -> 
  custom:audio-encoder-webm-vorbis: bf7c407c2cedff20999df2af8eb42d56 -> 
  custom:scripting/monoscript/fileName/SerializedDictionnary.cs: 90647cc400823b41df847a6cbfc29026 -> 
  custom:scripting/monoscript/fileName/HammersleySequence.cs: b06601f044912976f668045b7d4c79a8 -> 
  custom:scripting/monoscript/fileName/_RecorderComponent.cs: 8c268d1df4e18643d83ea9c6eeba2d9f -> 
  custom:scripting/monoscript/fileName/IAccumulation.cs: 38dee62d444423165276e3254554d005 -> 
  custom:scripting/monoscript/fileName/RecorderController.cs: 5760bd2995080b8d0d9d9e88ab8933c6 -> 
  custom:scripting/monoscript/fileName/EXRRecorderSettings.cs: bf113df492cb5b25e11ec144a73c2f74 -> 
========================================================================
Received Prepare
Caller must complete domain reload
Begin MonoManager ReloadAssembly
- Loaded All Assemblies, in  0.401 seconds
Native extension for WindowsStandalone target not found
Native extension for iOS target not found
Native extension for Android target not found
Mono: successfully reloaded assembly
- Finished resetting the current domain, in  0.954 seconds
Domain Reload Profiling: 1352ms
	BeginReloadAssembly (122ms)
		ExecutionOrderSort (0ms)
		DisableScriptedObjects (4ms)
		BackupInstance (0ms)
		ReleaseScriptingObjects (0ms)
		CreateAndSetChildDomain (22ms)
	RebuildCommonClasses (25ms)
	RebuildNativeTypeToScriptingClass (8ms)
	initialDomainReloadingComplete (26ms)
	LoadAllAssembliesAndSetupDomain (216ms)
		LoadAssemblies (266ms)
		RebuildTransferFunctionScriptingTraits (0ms)
		AnalyzeDomain (17ms)
			TypeCache.Refresh (6ms)
				TypeCache.ScanAssembly (0ms)
			ScanForSourceGeneratedMonoScriptInfo (5ms)
			ResolveRequiredComponents (5ms)
	FinalizeReload (955ms)
		ReleaseScriptCaches (0ms)
		RebuildScriptCaches (0ms)
		SetupLoadedEditorAssemblies (477ms)
			LogAssemblyErrors (0ms)
			InitializePlatformSupportModulesInManaged (27ms)
			SetLoadedEditorAssemblies (3ms)
			RefreshPlugins (0ms)
			BeforeProcessingInitializeOnLoad (91ms)
			ProcessInitializeOnLoadAttributes (330ms)
			ProcessInitializeOnLoadMethodAttributes (16ms)
			AfterProcessingInitializeOnLoad (9ms)
			EditorAssembliesLoaded (0ms)
		ExecutionOrderSort2 (0ms)
		AwakeInstancesAfterBackupRestoration (5ms)
Refreshing native plugins compatible for Editor in 5.33 ms, found 6 plugins.
Preloading 0 native plugins for Editor in 0.00 ms.
Unloading 3256 Unused Serialized files (Serialized files now loaded: 0)
Unloading 22 unused Assets / (337.3 KB). Loaded Objects now: 3843.
Memory consumption went from 123.2 MB to 122.9 MB.
Total: 2.422300 ms (FindLiveObjects: 0.201300 ms CreateObjectMapping: 0.077100 ms MarkObjects: 1.966000 ms  DeleteObjects: 0.177200 ms)

Prepare: number of updated asset objects reloaded= 0
AssetImportParameters requested are different than current active one (requested -> active):
  custom:scripting/monoscript/fileName/WEBMRecorderSettingsEditor.cs: 5559c87f45d3b65fac8d5ac4ef5e81c8 -> 
  custom:scripting/monoscript/fileName/UIElementHelper.cs: 9f9438adfe3361012ea6280d4cdb2df4 -> 
  custom:scripting/monoscript/fileName/AOVCameraInput.cs: c23c8ce885672bc57e25263b3efd067a -> 
  custom:scripting/monoscript/fileName/BaseTextureRecorder.cs: 90647cc400823b41df847a6cbfc29026 -> 
  custom:scripting/monoscript/fileName/Recorder.cs: a7e319d512627774f8215ba0b76f0bcb -> 
  custom:scripting/monoscript/fileName/AudioRecorder.cs: 89550121570f22445b4a1b28daea3cf9 -> 
  custom:scripting/monoscript/fileName/PanelSplitter.cs: 5ff6c6e385b6b12ca322a9c92ac6f371 -> 
  custom:scripting/monoscript/fileName/ImageRecorderSettings.cs: a7ab05fac9382c03607c40fe73956ed6 -> 
  custom:scripting/monoscript/fileName/RecorderClip.cs: 897017f45cb3c30f306724d1fa17a8fe -> 
  custom:scripting/monoscript/fileName/GIFRecorderSettings.cs: 979f88ae1e7731daed242ab2fdebbc0e -> 
  custom:container-demuxer-ogg: 62fdf1f143b41e24485cea50d1cbac27 -> 
  custom:scripting/monoscript/fileName/MovieRecorder.cs: 024785cf83e1399f425b2aa115d22e2b -> 
  custom:scripting/monoscript/fileName/RecorderControllerSettingsPresetEditor.cs: 49aed206ae65ed5ac6b420f7104cd52d -> 
  custom:scripting/monoscript/fileName/AudioInput.cs: 499e96d8f0b35d362bd956c0975bb873 -> 
  custom:scripting/monoscript/fileName/WEBMRecorderSettings.cs: c176c43abbe456aeea55c2aef862801b -> 
  custom:scripting/monoscript/fileName/RecorderControllerSettingsPreset.cs: 78b391c1384ac60213ef58d50e78d553 -> 
  custom:scripting/monoscript/fileName/GameViewInputSettings.cs: a7ae22123f532f5bbcb39c654c998b57 -> 
  custom:scripting/monoscript/fileName/GameViewInputPropertyDrawer.cs: ae2c8a99c5e33d3d1ffc8232415130e8 -> 
  custom:scripting/monoscript/fileName/Camera360Input.cs: dc473b118c57e0734b0cd3476e333c06 -> 
  custom:scripting/monoscript/fileName/RecorderPreferencesSettingsProvider.cs: d92d314b87f7c2170e267636ebf38224 -> 
  custom:scripting/monoscript/fileName/RecorderBindings.cs: ac25db5b587307cfea909607f62e5641 -> 
  custom:video-decoder-ogg-theora: a1e56fd34408186e4bbccfd4996cb3dc -> 
  custom:scripting/monoscript/fileName/GIFWrapper.cs: 6ef8898a12699129e8f81f06a649cad1 -> 
  custom:scripting/monoscript/fileName/SceneHook.cs: 80fa8928b499d44515dd60e0bc895128 -> 
  custom:scripting/monoscript/fileName/AnimationInput.cs: e810137278708a698c5ccddaeb1a1e64 -> 
  custom:scripting/monoscript/fileName/OutputResolutionPropertyDrawer.cs: 0e33ffdf424417a2e685685cfc04d4b1 -> 
  custom:scripting/monoscript/fileName/EnumHelper.cs: 117b5609cc2a1ae41785cd0c8767815f -> 
  custom:scripting/monoscript/fileName/OutputPath.cs: ee51fcffcd8929d224a5e3fb152d5f62 -> 
  custom:scripting/monoscript/fileName/FileNameGeneratorDrawer.cs: a3ea71dec141084df9b7ffa19c11e2cb -> 
  custom:framework-win-MediaFoundation: 216162199b28c13a410421893ffa2e32 -> 
  custom:scripting/monoscript/fileName/RecorderPreferencesWindowGUIScope.cs: 7a2eba6fcb6829ea8b200991a02c9c06 -> 
  custom:scripting/monoscript/fileName/AspectRatio.cs: 18e3efa554f8258b676d4de53e38b642 -> 
  custom:scripting/monoscript/fileName/CameraInputSettings.cs: 6738f6dd994f658d2cbf6f5f3ba05a0e -> 
  custom:scripting/monoscript/fileName/RefHandle.cs: 90647cc400823b41df847a6cbfc29026 -> 
  custom:scripting/monoscript/fileName/CameraCapture.cs: c6dcba1380d9a4fa09f4e36182a45a73 -> 
  custom:scripting/monoscript/fileName/RecorderControllerSettings.cs: 989e0caa64af9b76551d4ff6bd15f598 -> 
  custom:scripting/monoscript/fileName/TargetedPropertyDrawer.cs: 90647cc400823b41df847a6cbfc29026 -> 
  custom:scripting/monoscript/fileName/MovieRecorderSettings.cs: 02a667a67b113b1f65e3fcadcc882513 -> 
  custom:scripting/monoscript/fileName/RenderTextureInputSettings.cs: ebca820667a63031a7597db85d26451a -> 
  custom:scripting/monoscript/fileName/ImageRecorderEditor.cs: d3134ae4c1dfd8e056bace11130b7692 -> 
  custom:scripting/monoscript/fileName/ProResEncoderSettings.cs: 4aca03881946a7fe9acacf199434009e -> 
  custom:scripting/monoscript/fileName/_FrameRequestComponent.cs: b34f171daaafc65da55ea68e2ed89f2b -> 
  custom:scripting/monoscript/fileName/RenderTextureInput.cs: 5dea77837ae3c82bb14643cd82dc06dc -> 
  custom:scripting/monoscript/fileName/RecorderAnalytics.cs: 0fa40093f6ac3fe75e92d746d563e5ee -> 
  custom:scripting/monoscript/fileName/MP4RecorderSettingsEditor.cs: 68a64b16a7961d71fa7286fd1f782e9b -> 
  custom:scripting/monoscript/fileName/RecorderBindingsEditor.cs: f7451a0e1cea6404b2976d2b2c42e273 -> 
  custom:scripting/monoscript/fileName/BaseRenderTextureInput.cs: 5dc13661a5a0dca5d09ca211933a44e2 -> 
  custom:scripting/monoscript/fileName/StatusBarHelper.cs: da04a6ed046f8a62f416d5d3ea415bef -> 
  custom:scripting/precompiled-assembly-types:Unity.Recorder: bd5378c99f6216e06dd6e2c2a60a86a4 -> 
  custom:CustomObjectIndexerAttribute: 9a22284fe3817be447336de3de66b15e -> 
  custom:scripting/monoscript/fileName/Camera360InputSettings.cs: 3d5eaf1cb3a9df6f9d1d52f3c3018c46 -> 
  custom:scripting/monoscript/fileName/PNGRecorderSettingsEditor.cs: 4970e6657bb34f7efc2c7d8168c7358b -> 
  custom:scripting/monoscript/fileName/ImageHeightSelector.cs: d1a7972bf1d79d90f09ab23c718afe39 -> 
  custom:scripting/monoscript/fileName/AnimationInputSettings.cs: d64a99ebbd13660e9264cb4111ab9832 -> 
  custom:scripting/monoscript/fileName/MP4RecorderSettings.cs: 551f5535c05b86d6ee91684eced14987 -> 
  custom:scripting/monoscript/fileName/RecorderPreferencesSettings.cs: 761b0a55fc5e50239a1d0c4bfc968274 -> 
  custom:container-demuxer-webm: 4f35f7cbe854078d1ac9338744f61a02 -> 
  custom:scripting/monoscript/fileName/RecorderSettingsPrefsEditor.cs: ba9e697f1d269c2c960a41bc543fa408 -> 
  custom:scripting/monoscript/fileName/ProResWrapper.cs: 712515ef615766c98115c6a20d85d6c8 -> 
  custom:scripting/monoscript/fileName/RecordModePropertyDrawer.cs: 165332db07362bbcab2d8dc6d1e1dfda -> 
  custom:scripting/monoscript/fileName/ImageInputSettings.cs: 98a2aedd167d40f01804b04845eeaf15 -> 
  custom:scripting/monoscript/fileName/SerializableObjHelper.cs: f19f181f3f05e8e393225dd7030fb66a -> 
  custom:scripting/monoscript/fileName/InputPropertyDrawer.cs: 90647cc400823b41df847a6cbfc29026 -> 
  custom:scripting/monoscript/fileName/AudioInputSettings.cs: a2c930fca1dd5e27705fbacf39727bb4 -> 
  custom:scripting/monoscript/fileName/InputSettings.cs: 35c56ce5488c6b464726305dcbd33b3d -> 
  custom:scripting/monoscript/fileName/RecorderEditor.cs: 736e59ba52eea987abc47f36a836e575 -> 
  custom:scripting/monoscript/fileName/AudioRecorderSettings.cs: 0b00f2c93558486cc61a06f270f43fea -> 
  custom:scripting/monoscript/fileName/RecordersInventory.cs: fb714c8df18f9b7fc7f3361f604ae3dc -> 
  custom:scripting/monoscript/fileName/BaseFCRecorderSettings.cs: fab928553cedb8703ac192d6cf7b6294 -> 
  custom:scripting/monoscript/fileName/AOVRecorderSettings.cs: cdc731153cd2f1f739300a28ea6a6608 -> 
  custom:scripting/monoscript/fileName/EXRCompressionTypeDrawer.cs: 301cb614ecf84a4dab346c5f76ea2016 -> 
  custom:scripting/monoscript/fileName/AOVRecorder.cs: c53e83f1863b3ea80b6df3885cdb8c82 -> 
  custom:scripting/monoscript/fileName/IEncoderSettings.cs: c7d04fadacf538db841606cc656ae724 -> 
  custom:scripting/monoscript/fileName/ShutterProfileTypePropertyDrawer.cs: 18a32c647eca27716eabcb5a44f00e32 -> 
  custom:scripting/monoscript/fileName/MovieRecorderEditor.cs: eb00ddb8a76b8dfb7c88b7826a49d38b -> 
  custom:scripting/monoscript/fileName/RenderTextureInputSettingsPropertyDrawer.cs: 809602b52454cd1e6229756218a8f453 -> 
  custom:scripting/monoscript/fileName/RecorderPlayableBehaviour.cs: 80165a21f4cd0dda690f708a19d389bd -> 
  custom:scripting/monoscript/fileName/GifEncoderSettingsPropertyDrawer.cs: b36c9a7eaaefccda514b23d7e14761ca -> 
  custom:scripting/monoscript/fileName/PNGRecorder.cs: 08fd40f88cb6b18c96882f263639f57d -> 
  custom:scripting/monoscript/fileName/CameraInputSettingsPropertyDrawer.cs: 91928abf1abf88be098cb088d896aec5 -> 
  custom:scripting/monoscript/fileName/AudioRecorderEditor.cs: 565168dec291afe3fa470657cfc2c123 -> 
  custom:scripting/monoscript/fileName/AOVRecorderEditor.cs: 5ca53ccd6d7645709639507726114395 -> 
  custom:container-muxer-webm: aa71ff27fc2769a1b78a27578f13a17b -> 
  custom:video-decoder-webm-vp8: 9c59270c3fd7afecdb556c50c9e8de78 -> 
  custom:scripting/monoscript/fileName/RecordingSession.cs: f3ad08157c278a036224ca395f350890 -> 
  custom:scripting/monoscript/fileName/GameViewSize.cs: f6128a6515fcafce6db32fcdfa107254 -> 
  custom:scripting/monoscript/fileName/UnityHelpers.cs: b3e077029b574be508585124a9d839ef -> 
  custom:SearchIndexIgnoredProperties: e643bd26f0fe6173181afceb89e7c659 -> 
  custom:scripting/monoscript/fileName/GIFRecorder.cs: c00ece885699fb9084deaccd3eb27518 -> 
  custom:AudioImporter_EditorPlatform: d09bf68614088b80899f8185d706f6e7 -> 
  custom:scripting/monoscript/fileName/EXRRecorder.cs: 3f576ce8ddd959d51a4d7ba1999ecdbb -> 
  custom:scripting/monoscript/fileName/WEBMRecorder.cs: 391b6b920cfbc02401ea522620320c93 -> 
  custom:scripting/monoscript/fileName/RenderTextureSampler.cs: 1a7b9abab9548e1054dc40d6e2fa0270 -> 
  custom:scripting/monoscript/fileName/GifEncoder.cs: 40f336d5c5042a8a04556b4c5804a538 -> 
  custom:scripting/monoscript/fileName/GenericRecorder.cs: 90647cc400823b41df847a6cbfc29026 -> 
  custom:scripting/monoscript/fileName/ImageInputSelector.cs: f55822da877594150873922341be92b6 -> 
  custom:scripting/monoscript/fileName/AnimationRecorderSettingsEditor.cs: db1294bf3d48be44b6e4b2f2cc100b02 -> 
  custom:scripting/monoscript/fileName/RecorderTrack.cs: fac9638ece7eb7daaa1302fa170613fd -> 
  custom:scripting/monoscript/fileName/InputSettingsSelector.cs: 499a4ec92267406782b5c4f3472d53b9 -> 
  custom:scripting/monoscript/fileName/FileNameGenerator.cs: 5c8b6eb5291c3311189e0dfadac99363 -> 
  custom:scripting/monoscript/fileName/RecorderItem.cs: b62d2fcb9547a248575727d8a1646db8 -> 
  custom:scripting/monoscript/fileName/TextureFlipper.cs: 825b503b2ddab9cbd8ebbf3038075092 -> 
  custom:scripting/monoscript/fileName/AccumulationSettings.cs: fb962f0c2333934b681b167574f5e1cd -> 
  custom:scripting/monoscript/fileName/Camera360InputPropertyDrawer.cs: af647a2fe91bec98139246321cac865d -> 
  custom:scripting/monoscript/fileName/RecorderClipEditor.cs: 947ad5ff1f968d7fc40767d187070964 -> 
  custom:scripting/monoscript/fileName/EXRRecorderSettingsEditor.cs: c520a04c5f01331f2c8800e289ef6d6f -> 
  custom:scripting/monoscript/fileName/CoreEncoder.cs: dfaed86e82ad12e6a2b6740a0fb35820 -> 
  custom:scripting/monoscript/fileName/PNGRecorderSettings.cs: 79a421225358808ff14dd88c0355d1b6 -> 
  custom:scripting/monoscript/fileName/AspectRatioPropertyDrawer.cs: 9f18568574138839573389bde3e660a7 -> 
  custom:scripting/monoscript/fileName/ProResEncoder.cs: b375bf2d41e3d89081c3f2d1a0823bf3 -> 
  custom:scripting/monoscript/fileName/CameraInput.cs: bf7e0df3caf9e500f6d1c98c99e165ba -> 
  custom:scripting/monoscript/fileName/RecorderSettings.cs: bc3ef26ac157af28e5460886c0d5ef2e -> 
  custom:scripting/monoscript/fileName/RecorderClipTimelineEditor.cs: 2995d9f50ebc9245c6e9bd75c56415fb -> 
  custom:scripting/monoscript/fileName/EncoderSettingsAttribute.cs: 8352396dc11cff58c65c429fdb4fc67e -> 
  custom:scripting/monoscript/fileName/MP4Recorder.cs: af531c4e1f6d23547da08837eb16b729 -> 
  custom:scripting/monoscript/fileName/EncoderTypeUtilities.cs: a12c4c78a6cd4fb6b93180d59ad77be8 -> 
  custom:scripting/monoscript/fileName/PooledBufferAsyncGPUReadback.cs: 2a4e50c5dda177306c9ec935763c4378 -> 
  custom:scripting/monoscript/fileName/AnimationRecorder.cs: f749a4250195b5467bbf05e3a976b59f -> 
  custom:scripting/precompiled-assembly-types:Unity.Recorder.Base: 3fec19fdf10e3518c41e41a932f2042f -> 
  custom:scripting/monoscript/fileName/AnimationRecorderSettings.cs: 5cfb1544a40f93fe0ea879bb1361c877 -> 
  custom:scripting/monoscript/fileName/RenderTextureSamplerSettings.cs: 68adab84706346f2ecbdfd649ca9cf61 -> 
  custom:scripting/monoscript/fileName/RecordingContext.cs: af9af1e8b283703482ba133924b5585a -> 
  custom:scripting/monoscript/fileName/RecorderSelector.cs: c3cd2caacd181d6eff54dc260c4a1ffb -> 
  custom:video-encoder-webm-vp8: eb34c28f22e8b96e1ab97ce403110664 -> 
  custom:scripting/monoscript/fileName/RecorderInput.cs: 88fd8d8fd71b34ed7298a01f6c2d2e40 -> 
  custom:scripting/monoscript/fileName/RenderTextureSamplerPropertyDrawer.cs: b541817d9cc9b1341d2ddfa8823b718d -> 
  custom:scripting/monoscript/fileName/RecorderSettingsAttribute.cs: ddd228b25da7ba2ac10d13e1efacc875 -> 
  custom:audio-decoder-ogg-vorbis: bf7c407c2cedff20999df2af8eb42d56 -> 
  custom:scripting/monoscript/fileName/OutputPathDrawer.cs: cffc34c1be094e6caeb13ff3b26ca679 -> 
  custom:scripting/monoscript/fileName/EditorVersionsHelper.cs: 3ad9098caeeff0295dba8c0911f5333a -> 
  custom:scripting/monoscript/fileName/SettingAsset.cs: 7c3790954696ae83d71055079b387931 -> 
  custom:scripting/monoscript/fileName/OutputResolution.cs: 31c632d97e9a69bcc2ef10f6feb5bf62 -> 
  custom:scripting/monoscript/fileName/AccumulationSettingsPropertyDrawer.cs: bfc920db0de3c29c2967e88aac1c1027 -> 
  custom:scripting/monoscript/fileName/AnimationInputSettingsPropertyDrawer.cs: ebe1771fecebe7a93badf6354f59c990 -> 
  custom:scripting/monoscript/fileName/CoreEncoderSettings.cs: 2b5db1db3c1fa7de4175a7e143de3ce5 -> 
  custom:scripting/monoscript/fileName/VisualListItem.cs: 90647cc400823b41df847a6cbfc29026 -> 
  custom:scripting/monoscript/fileName/FrameRateProperyDrawer.cs: c478c798f5354f66af45b380be0629f9 -> 
  custom:scripting/monoscript/fileName/InputSettingsSelectorDrawer.cs: bca46dd5b59e2f574c94bef4cdb878fb -> 
  custom:scripting/monoscript/fileName/RecorderWindow.cs: 553a30d64d5ef1dcad6b00b4eeeb3829 -> 
  custom:scripting/monoscript/fileName/AOVCameraInputSettings.cs: 4d2fdf1142ce53d73cb43d39944ba516 -> 
  custom:scripting/monoscript/fileName/EnumProperyDrawer.cs: 90647cc400823b41df847a6cbfc29026 -> 
  custom:scripting/monoscript/fileName/AOVImageInputSelector.cs: b741d8d3a7cbb503c5bdf23d7e6792db -> 
  custom:scripting/monoscript/fileName/CoreEncoderSettingsPropertyDrawer.cs: c8bdf3420d844fd4604c0d0cf3815355 -> 
  custom:scripting/monoscript/fileName/GifEncoderSettings.cs: 812ca6afdf48b830953d76adab9d4030 -> 
  custom:scripting/monoscript/fileName/GIFRecorderSettingsEditor.cs: 4d0f46bcf58d188895fabae5334995ae -> 
  custom:scripting/monoscript/fileName/IEncoder.cs: 007c2ef621b0d92b5a7a6bae91d26090 -> 
  custom:scripting/monoscript/fileName/RecorderOptions.cs: 74782d297e80d8f56c0e05a7cde4e51d -> 
  custom:scripting/precompiled-assembly-types:Unity.Recorder.Editor: cd22b836ef1ca10e7d8c91c9be46b4bf -> 
  custom:scripting/monoscript/fileName/ProResEncoderSettingsPropertyDrawer.cs: 68c25e6d4459336217d4b9e22eb707b4 -> 
  custom:scripting/monoscript/fileName/ImageRecorder.cs: b804c29bfc59a61db184c1d275fe4101 -> 
  custom:scripting/monoscript/fileName/EditableLabel.cs: 4f8fa2c6092744ed6607a411e3f617c0 -> 
  custom:scripting/monoscript/fileName/GameViewInput.cs: 596e7ffa2d11b2002176644af3247ea6 -> 
  custom:audio-encoder-webm-vorbis: bf7c407c2cedff20999df2af8eb42d56 -> 
  custom:scripting/monoscript/fileName/SerializedDictionnary.cs: 90647cc400823b41df847a6cbfc29026 -> 
  custom:scripting/monoscript/fileName/HammersleySequence.cs: b06601f044912976f668045b7d4c79a8 -> 
  custom:scripting/monoscript/fileName/_RecorderComponent.cs: 8c268d1df4e18643d83ea9c6eeba2d9f -> 
  custom:scripting/monoscript/fileName/IAccumulation.cs: 38dee62d444423165276e3254554d005 -> 
  custom:scripting/monoscript/fileName/RecorderController.cs: 5760bd2995080b8d0d9d9e88ab8933c6 -> 
  custom:scripting/monoscript/fileName/EXRRecorderSettings.cs: bf113df492cb5b25e11ec144a73c2f74 -> 
========================================================================
Received Import Request.
  Time since last request: 470.056508 seconds.
  path: Assets/Prefabs/Cube.prefab
  artifactKey: Guid(6f465dab9e6bdbc40b292aa1082e7dd9) Importer(815301076,1909f56bfc062723c751e8b465ee728b)
Start importing Assets/Prefabs/Cube.prefab using Guid(6f465dab9e6bdbc40b292aa1082e7dd9) Importer(815301076,1909f56bfc062723c751e8b465ee728b) [PhysX] Initialized MultithreadedTaskDispatcher with 12 workers.
 -> (artifact id: '9d04fdfc94419e9d414e421f41762208') in 0.001628 seconds
Number of updated asset objects reloaded before import = 0
Number of asset objects unloaded after import = 0
========================================================================
Received Prepare
Caller must complete domain reload
Begin MonoManager ReloadAssembly
- Loaded All Assemblies, in  0.398 seconds
Native extension for WindowsStandalone target not found
Native extension for iOS target not found
Native extension for Android target not found
Mono: successfully reloaded assembly
- Finished resetting the current domain, in  0.961 seconds
Domain Reload Profiling: 1356ms
	BeginReloadAssembly (124ms)
		ExecutionOrderSort (0ms)
		DisableScriptedObjects (4ms)
		BackupInstance (0ms)
		ReleaseScriptingObjects (0ms)
		CreateAndSetChildDomain (23ms)
	RebuildCommonClasses (25ms)
	RebuildNativeTypeToScriptingClass (9ms)
	initialDomainReloadingComplete (27ms)
	LoadAllAssembliesAndSetupDomain (210ms)
		LoadAssemblies (269ms)
		RebuildTransferFunctionScriptingTraits (0ms)
		AnalyzeDomain (11ms)
			TypeCache.Refresh (4ms)
				TypeCache.ScanAssembly (0ms)
			ScanForSourceGeneratedMonoScriptInfo (0ms)
			ResolveRequiredComponents (5ms)
	FinalizeReload (962ms)
		ReleaseScriptCaches (0ms)
		RebuildScriptCaches (0ms)
		SetupLoadedEditorAssemblies (476ms)
			LogAssemblyErrors (0ms)
			InitializePlatformSupportModulesInManaged (28ms)
			SetLoadedEditorAssemblies (4ms)
			RefreshPlugins (0ms)
			BeforeProcessingInitializeOnLoad (89ms)
			ProcessInitializeOnLoadAttributes (328ms)
			ProcessInitializeOnLoadMethodAttributes (17ms)
			AfterProcessingInitializeOnLoad (9ms)
			EditorAssembliesLoaded (0ms)
		ExecutionOrderSort2 (0ms)
		AwakeInstancesAfterBackupRestoration (5ms)
Refreshing native plugins compatible for Editor in 5.85 ms, found 6 plugins.
Preloading 0 native plugins for Editor in 0.00 ms.
Unloading 3255 Unused Serialized files (Serialized files now loaded: 0)
Unloading 22 unused Assets / (337.3 KB). Loaded Objects now: 3846.
Memory consumption went from 123.0 MB to 122.6 MB.
Total: 2.958800 ms (FindLiveObjects: 0.303400 ms CreateObjectMapping: 0.080900 ms MarkObjects: 2.386600 ms  DeleteObjects: 0.186400 ms)

Prepare: number of updated asset objects reloaded= 0
AssetImportParameters requested are different than current active one (requested -> active):
  custom:scripting/monoscript/fileName/WEBMRecorderSettingsEditor.cs: 5559c87f45d3b65fac8d5ac4ef5e81c8 -> 
  custom:scripting/monoscript/fileName/UIElementHelper.cs: 9f9438adfe3361012ea6280d4cdb2df4 -> 
  custom:scripting/monoscript/fileName/AOVCameraInput.cs: c23c8ce885672bc57e25263b3efd067a -> 
  custom:scripting/monoscript/fileName/BaseTextureRecorder.cs: 90647cc400823b41df847a6cbfc29026 -> 
  custom:scripting/monoscript/fileName/Recorder.cs: a7e319d512627774f8215ba0b76f0bcb -> 
  custom:scripting/monoscript/fileName/AudioRecorder.cs: 89550121570f22445b4a1b28daea3cf9 -> 
  custom:scripting/monoscript/fileName/PanelSplitter.cs: 5ff6c6e385b6b12ca322a9c92ac6f371 -> 
  custom:scripting/monoscript/fileName/ImageRecorderSettings.cs: a7ab05fac9382c03607c40fe73956ed6 -> 
  custom:scripting/monoscript/fileName/RecorderClip.cs: 897017f45cb3c30f306724d1fa17a8fe -> 
  custom:scripting/monoscript/fileName/GIFRecorderSettings.cs: 979f88ae1e7731daed242ab2fdebbc0e -> 
  custom:container-demuxer-ogg: 62fdf1f143b41e24485cea50d1cbac27 -> 
  custom:scripting/monoscript/fileName/MovieRecorder.cs: 024785cf83e1399f425b2aa115d22e2b -> 
  custom:scripting/monoscript/fileName/RecorderControllerSettingsPresetEditor.cs: 49aed206ae65ed5ac6b420f7104cd52d -> 
  custom:scripting/monoscript/fileName/AudioInput.cs: 499e96d8f0b35d362bd956c0975bb873 -> 
  custom:scripting/monoscript/fileName/WEBMRecorderSettings.cs: c176c43abbe456aeea55c2aef862801b -> 
  custom:scripting/monoscript/fileName/RecorderControllerSettingsPreset.cs: 78b391c1384ac60213ef58d50e78d553 -> 
  custom:scripting/monoscript/fileName/GameViewInputSettings.cs: a7ae22123f532f5bbcb39c654c998b57 -> 
  custom:scripting/monoscript/fileName/GameViewInputPropertyDrawer.cs: ae2c8a99c5e33d3d1ffc8232415130e8 -> 
  custom:scripting/monoscript/fileName/Camera360Input.cs: dc473b118c57e0734b0cd3476e333c06 -> 
  custom:scripting/monoscript/fileName/RecorderPreferencesSettingsProvider.cs: d92d314b87f7c2170e267636ebf38224 -> 
  custom:scripting/monoscript/fileName/RecorderBindings.cs: ac25db5b587307cfea909607f62e5641 -> 
  custom:video-decoder-ogg-theora: a1e56fd34408186e4bbccfd4996cb3dc -> 
  custom:scripting/monoscript/fileName/GIFWrapper.cs: 6ef8898a12699129e8f81f06a649cad1 -> 
  custom:scripting/monoscript/fileName/SceneHook.cs: 80fa8928b499d44515dd60e0bc895128 -> 
  custom:scripting/monoscript/fileName/AnimationInput.cs: e810137278708a698c5ccddaeb1a1e64 -> 
  custom:scripting/monoscript/fileName/OutputResolutionPropertyDrawer.cs: 0e33ffdf424417a2e685685cfc04d4b1 -> 
  custom:scripting/monoscript/fileName/EnumHelper.cs: 117b5609cc2a1ae41785cd0c8767815f -> 
  custom:scripting/monoscript/fileName/OutputPath.cs: ee51fcffcd8929d224a5e3fb152d5f62 -> 
  custom:scripting/monoscript/fileName/FileNameGeneratorDrawer.cs: a3ea71dec141084df9b7ffa19c11e2cb -> 
  custom:framework-win-MediaFoundation: 216162199b28c13a410421893ffa2e32 -> 
  custom:scripting/monoscript/fileName/RecorderPreferencesWindowGUIScope.cs: 7a2eba6fcb6829ea8b200991a02c9c06 -> 
  custom:scripting/monoscript/fileName/AspectRatio.cs: 18e3efa554f8258b676d4de53e38b642 -> 
  custom:scripting/monoscript/fileName/CameraInputSettings.cs: 6738f6dd994f658d2cbf6f5f3ba05a0e -> 
  custom:scripting/monoscript/fileName/RefHandle.cs: 90647cc400823b41df847a6cbfc29026 -> 
  custom:scripting/monoscript/fileName/CameraCapture.cs: c6dcba1380d9a4fa09f4e36182a45a73 -> 
  custom:scripting/monoscript/fileName/RecorderControllerSettings.cs: 989e0caa64af9b76551d4ff6bd15f598 -> 
  custom:scripting/monoscript/fileName/TargetedPropertyDrawer.cs: 90647cc400823b41df847a6cbfc29026 -> 
  custom:scripting/monoscript/fileName/MovieRecorderSettings.cs: 02a667a67b113b1f65e3fcadcc882513 -> 
  custom:scripting/monoscript/fileName/RenderTextureInputSettings.cs: ebca820667a63031a7597db85d26451a -> 
  custom:scripting/monoscript/fileName/ImageRecorderEditor.cs: d3134ae4c1dfd8e056bace11130b7692 -> 
  custom:scripting/monoscript/fileName/ProResEncoderSettings.cs: 4aca03881946a7fe9acacf199434009e -> 
  custom:scripting/monoscript/fileName/_FrameRequestComponent.cs: b34f171daaafc65da55ea68e2ed89f2b -> 
  custom:scripting/monoscript/fileName/RenderTextureInput.cs: 5dea77837ae3c82bb14643cd82dc06dc -> 
  custom:scripting/monoscript/fileName/RecorderAnalytics.cs: 0fa40093f6ac3fe75e92d746d563e5ee -> 
  custom:scripting/monoscript/fileName/MP4RecorderSettingsEditor.cs: 68a64b16a7961d71fa7286fd1f782e9b -> 
  custom:scripting/monoscript/fileName/RecorderBindingsEditor.cs: f7451a0e1cea6404b2976d2b2c42e273 -> 
  custom:scripting/monoscript/fileName/BaseRenderTextureInput.cs: 5dc13661a5a0dca5d09ca211933a44e2 -> 
  custom:scripting/monoscript/fileName/StatusBarHelper.cs: da04a6ed046f8a62f416d5d3ea415bef -> 
  custom:scripting/precompiled-assembly-types:Unity.Recorder: bd5378c99f6216e06dd6e2c2a60a86a4 -> 
  custom:CustomObjectIndexerAttribute: 9a22284fe3817be447336de3de66b15e -> 
  custom:scripting/monoscript/fileName/Camera360InputSettings.cs: 3d5eaf1cb3a9df6f9d1d52f3c3018c46 -> 
  custom:scripting/monoscript/fileName/PNGRecorderSettingsEditor.cs: 4970e6657bb34f7efc2c7d8168c7358b -> 
  custom:scripting/monoscript/fileName/ImageHeightSelector.cs: d1a7972bf1d79d90f09ab23c718afe39 -> 
  custom:scripting/monoscript/fileName/AnimationInputSettings.cs: d64a99ebbd13660e9264cb4111ab9832 -> 
  custom:scripting/monoscript/fileName/MP4RecorderSettings.cs: 551f5535c05b86d6ee91684eced14987 -> 
  custom:scripting/monoscript/fileName/RecorderPreferencesSettings.cs: 761b0a55fc5e50239a1d0c4bfc968274 -> 
  custom:container-demuxer-webm: 4f35f7cbe854078d1ac9338744f61a02 -> 
  custom:scripting/monoscript/fileName/RecorderSettingsPrefsEditor.cs: ba9e697f1d269c2c960a41bc543fa408 -> 
  custom:scripting/monoscript/fileName/ProResWrapper.cs: 712515ef615766c98115c6a20d85d6c8 -> 
  custom:scripting/monoscript/fileName/RecordModePropertyDrawer.cs: 165332db07362bbcab2d8dc6d1e1dfda -> 
  custom:scripting/monoscript/fileName/ImageInputSettings.cs: 98a2aedd167d40f01804b04845eeaf15 -> 
  custom:scripting/monoscript/fileName/SerializableObjHelper.cs: f19f181f3f05e8e393225dd7030fb66a -> 
  custom:scripting/monoscript/fileName/InputPropertyDrawer.cs: 90647cc400823b41df847a6cbfc29026 -> 
  custom:scripting/monoscript/fileName/AudioInputSettings.cs: a2c930fca1dd5e27705fbacf39727bb4 -> 
  custom:scripting/monoscript/fileName/InputSettings.cs: 35c56ce5488c6b464726305dcbd33b3d -> 
  custom:scripting/monoscript/fileName/RecorderEditor.cs: 736e59ba52eea987abc47f36a836e575 -> 
  custom:scripting/monoscript/fileName/AudioRecorderSettings.cs: 0b00f2c93558486cc61a06f270f43fea -> 
  custom:scripting/monoscript/fileName/RecordersInventory.cs: fb714c8df18f9b7fc7f3361f604ae3dc -> 
  custom:scripting/monoscript/fileName/BaseFCRecorderSettings.cs: fab928553cedb8703ac192d6cf7b6294 -> 
  custom:scripting/monoscript/fileName/AOVRecorderSettings.cs: cdc731153cd2f1f739300a28ea6a6608 -> 
  custom:scripting/monoscript/fileName/EXRCompressionTypeDrawer.cs: 301cb614ecf84a4dab346c5f76ea2016 -> 
  custom:scripting/monoscript/fileName/AOVRecorder.cs: c53e83f1863b3ea80b6df3885cdb8c82 -> 
  custom:scripting/monoscript/fileName/IEncoderSettings.cs: c7d04fadacf538db841606cc656ae724 -> 
  custom:scripting/monoscript/fileName/ShutterProfileTypePropertyDrawer.cs: 18a32c647eca27716eabcb5a44f00e32 -> 
  custom:scripting/monoscript/fileName/MovieRecorderEditor.cs: eb00ddb8a76b8dfb7c88b7826a49d38b -> 
  custom:scripting/monoscript/fileName/RenderTextureInputSettingsPropertyDrawer.cs: 809602b52454cd1e6229756218a8f453 -> 
  custom:scripting/monoscript/fileName/RecorderPlayableBehaviour.cs: 80165a21f4cd0dda690f708a19d389bd -> 
  custom:scripting/monoscript/fileName/GifEncoderSettingsPropertyDrawer.cs: b36c9a7eaaefccda514b23d7e14761ca -> 
  custom:scripting/monoscript/fileName/PNGRecorder.cs: 08fd40f88cb6b18c96882f263639f57d -> 
  custom:scripting/monoscript/fileName/CameraInputSettingsPropertyDrawer.cs: 91928abf1abf88be098cb088d896aec5 -> 
  custom:scripting/monoscript/fileName/AudioRecorderEditor.cs: 565168dec291afe3fa470657cfc2c123 -> 
  custom:scripting/monoscript/fileName/AOVRecorderEditor.cs: 5ca53ccd6d7645709639507726114395 -> 
  custom:container-muxer-webm: aa71ff27fc2769a1b78a27578f13a17b -> 
  custom:video-decoder-webm-vp8: 9c59270c3fd7afecdb556c50c9e8de78 -> 
  custom:scripting/monoscript/fileName/RecordingSession.cs: f3ad08157c278a036224ca395f350890 -> 
  custom:scripting/monoscript/fileName/GameViewSize.cs: f6128a6515fcafce6db32fcdfa107254 -> 
  custom:scripting/monoscript/fileName/UnityHelpers.cs: b3e077029b574be508585124a9d839ef -> 
  custom:SearchIndexIgnoredProperties: e643bd26f0fe6173181afceb89e7c659 -> 
  custom:scripting/monoscript/fileName/GIFRecorder.cs: c00ece885699fb9084deaccd3eb27518 -> 
  custom:AudioImporter_EditorPlatform: d09bf68614088b80899f8185d706f6e7 -> 
  custom:scripting/monoscript/fileName/EXRRecorder.cs: 3f576ce8ddd959d51a4d7ba1999ecdbb -> 
  custom:scripting/monoscript/fileName/WEBMRecorder.cs: 391b6b920cfbc02401ea522620320c93 -> 
  custom:scripting/monoscript/fileName/RenderTextureSampler.cs: 1a7b9abab9548e1054dc40d6e2fa0270 -> 
  custom:scripting/monoscript/fileName/GifEncoder.cs: 40f336d5c5042a8a04556b4c5804a538 -> 
  custom:scripting/monoscript/fileName/GenericRecorder.cs: 90647cc400823b41df847a6cbfc29026 -> 
  custom:scripting/monoscript/fileName/ImageInputSelector.cs: f55822da877594150873922341be92b6 -> 
  custom:scripting/monoscript/fileName/AnimationRecorderSettingsEditor.cs: db1294bf3d48be44b6e4b2f2cc100b02 -> 
  custom:scripting/monoscript/fileName/RecorderTrack.cs: fac9638ece7eb7daaa1302fa170613fd -> 
  custom:scripting/monoscript/fileName/InputSettingsSelector.cs: 499a4ec92267406782b5c4f3472d53b9 -> 
  custom:scripting/monoscript/fileName/FileNameGenerator.cs: 5c8b6eb5291c3311189e0dfadac99363 -> 
  custom:scripting/monoscript/fileName/RecorderItem.cs: b62d2fcb9547a248575727d8a1646db8 -> 
  custom:scripting/monoscript/fileName/TextureFlipper.cs: 825b503b2ddab9cbd8ebbf3038075092 -> 
  custom:scripting/monoscript/fileName/AccumulationSettings.cs: fb962f0c2333934b681b167574f5e1cd -> 
  custom:scripting/monoscript/fileName/Camera360InputPropertyDrawer.cs: af647a2fe91bec98139246321cac865d -> 
  custom:scripting/monoscript/fileName/RecorderClipEditor.cs: 947ad5ff1f968d7fc40767d187070964 -> 
  custom:scripting/monoscript/fileName/EXRRecorderSettingsEditor.cs: c520a04c5f01331f2c8800e289ef6d6f -> 
  custom:scripting/monoscript/fileName/CoreEncoder.cs: dfaed86e82ad12e6a2b6740a0fb35820 -> 
  custom:scripting/monoscript/fileName/PNGRecorderSettings.cs: 79a421225358808ff14dd88c0355d1b6 -> 
  custom:scripting/monoscript/fileName/AspectRatioPropertyDrawer.cs: 9f18568574138839573389bde3e660a7 -> 
  custom:scripting/monoscript/fileName/ProResEncoder.cs: b375bf2d41e3d89081c3f2d1a0823bf3 -> 
  custom:scripting/monoscript/fileName/CameraInput.cs: bf7e0df3caf9e500f6d1c98c99e165ba -> 
  custom:scripting/monoscript/fileName/RecorderSettings.cs: bc3ef26ac157af28e5460886c0d5ef2e -> 
  custom:scripting/monoscript/fileName/RecorderClipTimelineEditor.cs: 2995d9f50ebc9245c6e9bd75c56415fb -> 
  custom:scripting/monoscript/fileName/EncoderSettingsAttribute.cs: 8352396dc11cff58c65c429fdb4fc67e -> 
  custom:scripting/monoscript/fileName/MP4Recorder.cs: af531c4e1f6d23547da08837eb16b729 -> 
  custom:scripting/monoscript/fileName/EncoderTypeUtilities.cs: a12c4c78a6cd4fb6b93180d59ad77be8 -> 
  custom:scripting/monoscript/fileName/PooledBufferAsyncGPUReadback.cs: 2a4e50c5dda177306c9ec935763c4378 -> 
  custom:scripting/monoscript/fileName/AnimationRecorder.cs: f749a4250195b5467bbf05e3a976b59f -> 
  custom:scripting/precompiled-assembly-types:Unity.Recorder.Base: 3fec19fdf10e3518c41e41a932f2042f -> 
  custom:scripting/monoscript/fileName/AnimationRecorderSettings.cs: 5cfb1544a40f93fe0ea879bb1361c877 -> 
  custom:scripting/monoscript/fileName/RenderTextureSamplerSettings.cs: 68adab84706346f2ecbdfd649ca9cf61 -> 
  custom:scripting/monoscript/fileName/RecordingContext.cs: af9af1e8b283703482ba133924b5585a -> 
  custom:scripting/monoscript/fileName/RecorderSelector.cs: c3cd2caacd181d6eff54dc260c4a1ffb -> 
  custom:video-encoder-webm-vp8: eb34c28f22e8b96e1ab97ce403110664 -> 
  custom:scripting/monoscript/fileName/RecorderInput.cs: 88fd8d8fd71b34ed7298a01f6c2d2e40 -> 
  custom:scripting/monoscript/fileName/RenderTextureSamplerPropertyDrawer.cs: b541817d9cc9b1341d2ddfa8823b718d -> 
  custom:scripting/monoscript/fileName/RecorderSettingsAttribute.cs: ddd228b25da7ba2ac10d13e1efacc875 -> 
  custom:audio-decoder-ogg-vorbis: bf7c407c2cedff20999df2af8eb42d56 -> 
  custom:scripting/monoscript/fileName/OutputPathDrawer.cs: cffc34c1be094e6caeb13ff3b26ca679 -> 
  custom:scripting/monoscript/fileName/EditorVersionsHelper.cs: 3ad9098caeeff0295dba8c0911f5333a -> 
  custom:scripting/monoscript/fileName/SettingAsset.cs: 7c3790954696ae83d71055079b387931 -> 
  custom:scripting/monoscript/fileName/OutputResolution.cs: 31c632d97e9a69bcc2ef10f6feb5bf62 -> 
  custom:scripting/monoscript/fileName/AccumulationSettingsPropertyDrawer.cs: bfc920db0de3c29c2967e88aac1c1027 -> 
  custom:scripting/monoscript/fileName/AnimationInputSettingsPropertyDrawer.cs: ebe1771fecebe7a93badf6354f59c990 -> 
  custom:scripting/monoscript/fileName/CoreEncoderSettings.cs: 2b5db1db3c1fa7de4175a7e143de3ce5 -> 
  custom:scripting/monoscript/fileName/VisualListItem.cs: 90647cc400823b41df847a6cbfc29026 -> 
  custom:scripting/monoscript/fileName/FrameRateProperyDrawer.cs: c478c798f5354f66af45b380be0629f9 -> 
  custom:scripting/monoscript/fileName/InputSettingsSelectorDrawer.cs: bca46dd5b59e2f574c94bef4cdb878fb -> 
  custom:scripting/monoscript/fileName/RecorderWindow.cs: 553a30d64d5ef1dcad6b00b4eeeb3829 -> 
  custom:scripting/monoscript/fileName/AOVCameraInputSettings.cs: 4d2fdf1142ce53d73cb43d39944ba516 -> 
  custom:scripting/monoscript/fileName/EnumProperyDrawer.cs: 90647cc400823b41df847a6cbfc29026 -> 
  custom:scripting/monoscript/fileName/AOVImageInputSelector.cs: b741d8d3a7cbb503c5bdf23d7e6792db -> 
  custom:scripting/monoscript/fileName/CoreEncoderSettingsPropertyDrawer.cs: c8bdf3420d844fd4604c0d0cf3815355 -> 
  custom:scripting/monoscript/fileName/GifEncoderSettings.cs: 812ca6afdf48b830953d76adab9d4030 -> 
  custom:scripting/monoscript/fileName/GIFRecorderSettingsEditor.cs: 4d0f46bcf58d188895fabae5334995ae -> 
  custom:scripting/monoscript/fileName/IEncoder.cs: 007c2ef621b0d92b5a7a6bae91d26090 -> 
  custom:scripting/monoscript/fileName/RecorderOptions.cs: 74782d297e80d8f56c0e05a7cde4e51d -> 
  custom:scripting/precompiled-assembly-types:Unity.Recorder.Editor: cd22b836ef1ca10e7d8c91c9be46b4bf -> 
  custom:scripting/monoscript/fileName/ProResEncoderSettingsPropertyDrawer.cs: 68c25e6d4459336217d4b9e22eb707b4 -> 
  custom:scripting/monoscript/fileName/ImageRecorder.cs: b804c29bfc59a61db184c1d275fe4101 -> 
  custom:scripting/monoscript/fileName/EditableLabel.cs: 4f8fa2c6092744ed6607a411e3f617c0 -> 
  custom:scripting/monoscript/fileName/GameViewInput.cs: 596e7ffa2d11b2002176644af3247ea6 -> 
  custom:audio-encoder-webm-vorbis: bf7c407c2cedff20999df2af8eb42d56 -> 
  custom:scripting/monoscript/fileName/SerializedDictionnary.cs: 90647cc400823b41df847a6cbfc29026 -> 
  custom:scripting/monoscript/fileName/HammersleySequence.cs: b06601f044912976f668045b7d4c79a8 -> 
  custom:scripting/monoscript/fileName/_RecorderComponent.cs: 8c268d1df4e18643d83ea9c6eeba2d9f -> 
  custom:scripting/monoscript/fileName/IAccumulation.cs: 38dee62d444423165276e3254554d005 -> 
  custom:scripting/monoscript/fileName/RecorderController.cs: 5760bd2995080b8d0d9d9e88ab8933c6 -> 
  custom:scripting/monoscript/fileName/EXRRecorderSettings.cs: bf113df492cb5b25e11ec144a73c2f74 -> 
========================================================================
Received Prepare
Caller must complete domain reload
Begin MonoManager ReloadAssembly
- Loaded All Assemblies, in  0.436 seconds
Native extension for WindowsStandalone target not found
Native extension for iOS target not found
Native extension for Android target not found
Mono: successfully reloaded assembly
- Finished resetting the current domain, in  0.999 seconds
Domain Reload Profiling: 1432ms
	BeginReloadAssembly (127ms)
		ExecutionOrderSort (0ms)
		DisableScriptedObjects (5ms)
		BackupInstance (0ms)
		ReleaseScriptingObjects (0ms)
		CreateAndSetChildDomain (25ms)
	RebuildCommonClasses (31ms)
	RebuildNativeTypeToScriptingClass (9ms)
	initialDomainReloadingComplete (28ms)
	LoadAllAssembliesAndSetupDomain (238ms)
		LoadAssemblies (288ms)
		RebuildTransferFunctionScriptingTraits (0ms)
		AnalyzeDomain (18ms)
			TypeCache.Refresh (6ms)
				TypeCache.ScanAssembly (0ms)
			ScanForSourceGeneratedMonoScriptInfo (5ms)
			ResolveRequiredComponents (5ms)
	FinalizeReload (1000ms)
		ReleaseScriptCaches (0ms)
		RebuildScriptCaches (0ms)
		SetupLoadedEditorAssemblies (494ms)
			LogAssemblyErrors (0ms)
			InitializePlatformSupportModulesInManaged (30ms)
			SetLoadedEditorAssemblies (4ms)
			RefreshPlugins (0ms)
			BeforeProcessingInitializeOnLoad (99ms)
			ProcessInitializeOnLoadAttributes (334ms)
			ProcessInitializeOnLoadMethodAttributes (17ms)
			AfterProcessingInitializeOnLoad (9ms)
			EditorAssembliesLoaded (0ms)
		ExecutionOrderSort2 (0ms)
		AwakeInstancesAfterBackupRestoration (5ms)
Refreshing native plugins compatible for Editor in 5.08 ms, found 6 plugins.
Preloading 0 native plugins for Editor in 0.00 ms.
Unloading 3256 Unused Serialized files (Serialized files now loaded: 0)
Unloading 22 unused Assets / (337.1 KB). Loaded Objects now: 3849.
Memory consumption went from 123.2 MB to 122.9 MB.
Total: 2.567000 ms (FindLiveObjects: 0.211200 ms CreateObjectMapping: 0.078600 ms MarkObjects: 2.070200 ms  DeleteObjects: 0.206200 ms)

Prepare: number of updated asset objects reloaded= 0
AssetImportParameters requested are different than current active one (requested -> active):
  custom:scripting/monoscript/fileName/WEBMRecorderSettingsEditor.cs: 5559c87f45d3b65fac8d5ac4ef5e81c8 -> 
  custom:scripting/monoscript/fileName/UIElementHelper.cs: 9f9438adfe3361012ea6280d4cdb2df4 -> 
  custom:scripting/monoscript/fileName/AOVCameraInput.cs: c23c8ce885672bc57e25263b3efd067a -> 
  custom:scripting/monoscript/fileName/BaseTextureRecorder.cs: 90647cc400823b41df847a6cbfc29026 -> 
  custom:scripting/monoscript/fileName/Recorder.cs: a7e319d512627774f8215ba0b76f0bcb -> 
  custom:scripting/monoscript/fileName/AudioRecorder.cs: 89550121570f22445b4a1b28daea3cf9 -> 
  custom:scripting/monoscript/fileName/PanelSplitter.cs: 5ff6c6e385b6b12ca322a9c92ac6f371 -> 
  custom:scripting/monoscript/fileName/ImageRecorderSettings.cs: a7ab05fac9382c03607c40fe73956ed6 -> 
  custom:scripting/monoscript/fileName/RecorderClip.cs: 897017f45cb3c30f306724d1fa17a8fe -> 
  custom:scripting/monoscript/fileName/GIFRecorderSettings.cs: 979f88ae1e7731daed242ab2fdebbc0e -> 
  custom:container-demuxer-ogg: 62fdf1f143b41e24485cea50d1cbac27 -> 
  custom:scripting/monoscript/fileName/MovieRecorder.cs: 024785cf83e1399f425b2aa115d22e2b -> 
  custom:scripting/monoscript/fileName/RecorderControllerSettingsPresetEditor.cs: 49aed206ae65ed5ac6b420f7104cd52d -> 
  custom:scripting/monoscript/fileName/AudioInput.cs: 499e96d8f0b35d362bd956c0975bb873 -> 
  custom:scripting/monoscript/fileName/WEBMRecorderSettings.cs: c176c43abbe456aeea55c2aef862801b -> 
  custom:scripting/monoscript/fileName/RecorderControllerSettingsPreset.cs: 78b391c1384ac60213ef58d50e78d553 -> 
  custom:scripting/monoscript/fileName/GameViewInputSettings.cs: a7ae22123f532f5bbcb39c654c998b57 -> 
  custom:scripting/monoscript/fileName/GameViewInputPropertyDrawer.cs: ae2c8a99c5e33d3d1ffc8232415130e8 -> 
  custom:scripting/monoscript/fileName/Camera360Input.cs: dc473b118c57e0734b0cd3476e333c06 -> 
  custom:scripting/monoscript/fileName/RecorderPreferencesSettingsProvider.cs: d92d314b87f7c2170e267636ebf38224 -> 
  custom:scripting/monoscript/fileName/RecorderBindings.cs: ac25db5b587307cfea909607f62e5641 -> 
  custom:video-decoder-ogg-theora: a1e56fd34408186e4bbccfd4996cb3dc -> 
  custom:scripting/monoscript/fileName/GIFWrapper.cs: 6ef8898a12699129e8f81f06a649cad1 -> 
  custom:scripting/monoscript/fileName/SceneHook.cs: 80fa8928b499d44515dd60e0bc895128 -> 
  custom:scripting/monoscript/fileName/AnimationInput.cs: e810137278708a698c5ccddaeb1a1e64 -> 
  custom:scripting/monoscript/fileName/OutputResolutionPropertyDrawer.cs: 0e33ffdf424417a2e685685cfc04d4b1 -> 
  custom:scripting/monoscript/fileName/EnumHelper.cs: 117b5609cc2a1ae41785cd0c8767815f -> 
  custom:scripting/monoscript/fileName/OutputPath.cs: ee51fcffcd8929d224a5e3fb152d5f62 -> 
  custom:scripting/monoscript/fileName/FileNameGeneratorDrawer.cs: a3ea71dec141084df9b7ffa19c11e2cb -> 
  custom:framework-win-MediaFoundation: 216162199b28c13a410421893ffa2e32 -> 
  custom:scripting/monoscript/fileName/RecorderPreferencesWindowGUIScope.cs: 7a2eba6fcb6829ea8b200991a02c9c06 -> 
  custom:scripting/monoscript/fileName/AspectRatio.cs: 18e3efa554f8258b676d4de53e38b642 -> 
  custom:scripting/monoscript/fileName/CameraInputSettings.cs: 6738f6dd994f658d2cbf6f5f3ba05a0e -> 
  custom:scripting/monoscript/fileName/RefHandle.cs: 90647cc400823b41df847a6cbfc29026 -> 
  custom:scripting/monoscript/fileName/CameraCapture.cs: c6dcba1380d9a4fa09f4e36182a45a73 -> 
  custom:scripting/monoscript/fileName/RecorderControllerSettings.cs: 989e0caa64af9b76551d4ff6bd15f598 -> 
  custom:scripting/monoscript/fileName/TargetedPropertyDrawer.cs: 90647cc400823b41df847a6cbfc29026 -> 
  custom:scripting/monoscript/fileName/MovieRecorderSettings.cs: 02a667a67b113b1f65e3fcadcc882513 -> 
  custom:scripting/monoscript/fileName/RenderTextureInputSettings.cs: ebca820667a63031a7597db85d26451a -> 
  custom:scripting/monoscript/fileName/ImageRecorderEditor.cs: d3134ae4c1dfd8e056bace11130b7692 -> 
  custom:scripting/monoscript/fileName/ProResEncoderSettings.cs: 4aca03881946a7fe9acacf199434009e -> 
  custom:scripting/monoscript/fileName/_FrameRequestComponent.cs: b34f171daaafc65da55ea68e2ed89f2b -> 
  custom:scripting/monoscript/fileName/RenderTextureInput.cs: 5dea77837ae3c82bb14643cd82dc06dc -> 
  custom:scripting/monoscript/fileName/RecorderAnalytics.cs: 0fa40093f6ac3fe75e92d746d563e5ee -> 
  custom:scripting/monoscript/fileName/MP4RecorderSettingsEditor.cs: 68a64b16a7961d71fa7286fd1f782e9b -> 
  custom:scripting/monoscript/fileName/RecorderBindingsEditor.cs: f7451a0e1cea6404b2976d2b2c42e273 -> 
  custom:scripting/monoscript/fileName/BaseRenderTextureInput.cs: 5dc13661a5a0dca5d09ca211933a44e2 -> 
  custom:scripting/monoscript/fileName/StatusBarHelper.cs: da04a6ed046f8a62f416d5d3ea415bef -> 
  custom:scripting/precompiled-assembly-types:Unity.Recorder: bd5378c99f6216e06dd6e2c2a60a86a4 -> 
  custom:CustomObjectIndexerAttribute: 9a22284fe3817be447336de3de66b15e -> 
  custom:scripting/monoscript/fileName/Camera360InputSettings.cs: 3d5eaf1cb3a9df6f9d1d52f3c3018c46 -> 
  custom:scripting/monoscript/fileName/PNGRecorderSettingsEditor.cs: 4970e6657bb34f7efc2c7d8168c7358b -> 
  custom:scripting/monoscript/fileName/ImageHeightSelector.cs: d1a7972bf1d79d90f09ab23c718afe39 -> 
  custom:scripting/monoscript/fileName/AnimationInputSettings.cs: d64a99ebbd13660e9264cb4111ab9832 -> 
  custom:scripting/monoscript/fileName/MP4RecorderSettings.cs: 551f5535c05b86d6ee91684eced14987 -> 
  custom:scripting/monoscript/fileName/RecorderPreferencesSettings.cs: 761b0a55fc5e50239a1d0c4bfc968274 -> 
  custom:container-demuxer-webm: 4f35f7cbe854078d1ac9338744f61a02 -> 
  custom:scripting/monoscript/fileName/RecorderSettingsPrefsEditor.cs: ba9e697f1d269c2c960a41bc543fa408 -> 
  custom:scripting/monoscript/fileName/ProResWrapper.cs: 712515ef615766c98115c6a20d85d6c8 -> 
  custom:scripting/monoscript/fileName/RecordModePropertyDrawer.cs: 165332db07362bbcab2d8dc6d1e1dfda -> 
  custom:scripting/monoscript/fileName/ImageInputSettings.cs: 98a2aedd167d40f01804b04845eeaf15 -> 
  custom:scripting/monoscript/fileName/SerializableObjHelper.cs: f19f181f3f05e8e393225dd7030fb66a -> 
  custom:scripting/monoscript/fileName/InputPropertyDrawer.cs: 90647cc400823b41df847a6cbfc29026 -> 
  custom:scripting/monoscript/fileName/AudioInputSettings.cs: a2c930fca1dd5e27705fbacf39727bb4 -> 
  custom:scripting/monoscript/fileName/InputSettings.cs: 35c56ce5488c6b464726305dcbd33b3d -> 
  custom:scripting/monoscript/fileName/RecorderEditor.cs: 736e59ba52eea987abc47f36a836e575 -> 
  custom:scripting/monoscript/fileName/AudioRecorderSettings.cs: 0b00f2c93558486cc61a06f270f43fea -> 
  custom:scripting/monoscript/fileName/RecordersInventory.cs: fb714c8df18f9b7fc7f3361f604ae3dc -> 
  custom:scripting/monoscript/fileName/BaseFCRecorderSettings.cs: fab928553cedb8703ac192d6cf7b6294 -> 
  custom:scripting/monoscript/fileName/AOVRecorderSettings.cs: cdc731153cd2f1f739300a28ea6a6608 -> 
  custom:scripting/monoscript/fileName/EXRCompressionTypeDrawer.cs: 301cb614ecf84a4dab346c5f76ea2016 -> 
  custom:scripting/monoscript/fileName/AOVRecorder.cs: c53e83f1863b3ea80b6df3885cdb8c82 -> 
  custom:scripting/monoscript/fileName/IEncoderSettings.cs: c7d04fadacf538db841606cc656ae724 -> 
  custom:scripting/monoscript/fileName/ShutterProfileTypePropertyDrawer.cs: 18a32c647eca27716eabcb5a44f00e32 -> 
  custom:scripting/monoscript/fileName/MovieRecorderEditor.cs: eb00ddb8a76b8dfb7c88b7826a49d38b -> 
  custom:scripting/monoscript/fileName/RenderTextureInputSettingsPropertyDrawer.cs: 809602b52454cd1e6229756218a8f453 -> 
  custom:scripting/monoscript/fileName/RecorderPlayableBehaviour.cs: 80165a21f4cd0dda690f708a19d389bd -> 
  custom:scripting/monoscript/fileName/GifEncoderSettingsPropertyDrawer.cs: b36c9a7eaaefccda514b23d7e14761ca -> 
  custom:scripting/monoscript/fileName/PNGRecorder.cs: 08fd40f88cb6b18c96882f263639f57d -> 
  custom:scripting/monoscript/fileName/CameraInputSettingsPropertyDrawer.cs: 91928abf1abf88be098cb088d896aec5 -> 
  custom:scripting/monoscript/fileName/AudioRecorderEditor.cs: 565168dec291afe3fa470657cfc2c123 -> 
  custom:scripting/monoscript/fileName/AOVRecorderEditor.cs: 5ca53ccd6d7645709639507726114395 -> 
  custom:container-muxer-webm: aa71ff27fc2769a1b78a27578f13a17b -> 
  custom:video-decoder-webm-vp8: 9c59270c3fd7afecdb556c50c9e8de78 -> 
  custom:scripting/monoscript/fileName/RecordingSession.cs: f3ad08157c278a036224ca395f350890 -> 
  custom:scripting/monoscript/fileName/GameViewSize.cs: f6128a6515fcafce6db32fcdfa107254 -> 
  custom:scripting/monoscript/fileName/UnityHelpers.cs: b3e077029b574be508585124a9d839ef -> 
  custom:SearchIndexIgnoredProperties: e643bd26f0fe6173181afceb89e7c659 -> 
  custom:scripting/monoscript/fileName/GIFRecorder.cs: c00ece885699fb9084deaccd3eb27518 -> 
  custom:AudioImporter_EditorPlatform: d09bf68614088b80899f8185d706f6e7 -> 
  custom:scripting/monoscript/fileName/EXRRecorder.cs: 3f576ce8ddd959d51a4d7ba1999ecdbb -> 
  custom:scripting/monoscript/fileName/WEBMRecorder.cs: 391b6b920cfbc02401ea522620320c93 -> 
  custom:scripting/monoscript/fileName/RenderTextureSampler.cs: 1a7b9abab9548e1054dc40d6e2fa0270 -> 
  custom:scripting/monoscript/fileName/GifEncoder.cs: 40f336d5c5042a8a04556b4c5804a538 -> 
  custom:scripting/monoscript/fileName/GenericRecorder.cs: 90647cc400823b41df847a6cbfc29026 -> 
  custom:scripting/monoscript/fileName/ImageInputSelector.cs: f55822da877594150873922341be92b6 -> 
  custom:scripting/monoscript/fileName/AnimationRecorderSettingsEditor.cs: db1294bf3d48be44b6e4b2f2cc100b02 -> 
  custom:scripting/monoscript/fileName/RecorderTrack.cs: fac9638ece7eb7daaa1302fa170613fd -> 
  custom:scripting/monoscript/fileName/InputSettingsSelector.cs: 499a4ec92267406782b5c4f3472d53b9 -> 
  custom:scripting/monoscript/fileName/FileNameGenerator.cs: 5c8b6eb5291c3311189e0dfadac99363 -> 
  custom:scripting/monoscript/fileName/RecorderItem.cs: b62d2fcb9547a248575727d8a1646db8 -> 
  custom:scripting/monoscript/fileName/TextureFlipper.cs: 825b503b2ddab9cbd8ebbf3038075092 -> 
  custom:scripting/monoscript/fileName/AccumulationSettings.cs: fb962f0c2333934b681b167574f5e1cd -> 
  custom:scripting/monoscript/fileName/Camera360InputPropertyDrawer.cs: af647a2fe91bec98139246321cac865d -> 
  custom:scripting/monoscript/fileName/RecorderClipEditor.cs: 947ad5ff1f968d7fc40767d187070964 -> 
  custom:scripting/monoscript/fileName/EXRRecorderSettingsEditor.cs: c520a04c5f01331f2c8800e289ef6d6f -> 
  custom:scripting/monoscript/fileName/CoreEncoder.cs: dfaed86e82ad12e6a2b6740a0fb35820 -> 
  custom:scripting/monoscript/fileName/PNGRecorderSettings.cs: 79a421225358808ff14dd88c0355d1b6 -> 
  custom:scripting/monoscript/fileName/AspectRatioPropertyDrawer.cs: 9f18568574138839573389bde3e660a7 -> 
  custom:scripting/monoscript/fileName/ProResEncoder.cs: b375bf2d41e3d89081c3f2d1a0823bf3 -> 
  custom:scripting/monoscript/fileName/CameraInput.cs: bf7e0df3caf9e500f6d1c98c99e165ba -> 
  custom:scripting/monoscript/fileName/RecorderSettings.cs: bc3ef26ac157af28e5460886c0d5ef2e -> 
  custom:scripting/monoscript/fileName/RecorderClipTimelineEditor.cs: 2995d9f50ebc9245c6e9bd75c56415fb -> 
  custom:scripting/monoscript/fileName/EncoderSettingsAttribute.cs: 8352396dc11cff58c65c429fdb4fc67e -> 
  custom:scripting/monoscript/fileName/MP4Recorder.cs: af531c4e1f6d23547da08837eb16b729 -> 
  custom:scripting/monoscript/fileName/EncoderTypeUtilities.cs: a12c4c78a6cd4fb6b93180d59ad77be8 -> 
  custom:scripting/monoscript/fileName/PooledBufferAsyncGPUReadback.cs: 2a4e50c5dda177306c9ec935763c4378 -> 
  custom:scripting/monoscript/fileName/AnimationRecorder.cs: f749a4250195b5467bbf05e3a976b59f -> 
  custom:scripting/precompiled-assembly-types:Unity.Recorder.Base: 3fec19fdf10e3518c41e41a932f2042f -> 
  custom:scripting/monoscript/fileName/AnimationRecorderSettings.cs: 5cfb1544a40f93fe0ea879bb1361c877 -> 
  custom:scripting/monoscript/fileName/RenderTextureSamplerSettings.cs: 68adab84706346f2ecbdfd649ca9cf61 -> 
  custom:scripting/monoscript/fileName/RecordingContext.cs: af9af1e8b283703482ba133924b5585a -> 
  custom:scripting/monoscript/fileName/RecorderSelector.cs: c3cd2caacd181d6eff54dc260c4a1ffb -> 
  custom:video-encoder-webm-vp8: eb34c28f22e8b96e1ab97ce403110664 -> 
  custom:scripting/monoscript/fileName/RecorderInput.cs: 88fd8d8fd71b34ed7298a01f6c2d2e40 -> 
  custom:scripting/monoscript/fileName/RenderTextureSamplerPropertyDrawer.cs: b541817d9cc9b1341d2ddfa8823b718d -> 
  custom:scripting/monoscript/fileName/RecorderSettingsAttribute.cs: ddd228b25da7ba2ac10d13e1efacc875 -> 
  custom:audio-decoder-ogg-vorbis: bf7c407c2cedff20999df2af8eb42d56 -> 
  custom:scripting/monoscript/fileName/OutputPathDrawer.cs: cffc34c1be094e6caeb13ff3b26ca679 -> 
  custom:scripting/monoscript/fileName/EditorVersionsHelper.cs: 3ad9098caeeff0295dba8c0911f5333a -> 
  custom:scripting/monoscript/fileName/SettingAsset.cs: 7c3790954696ae83d71055079b387931 -> 
  custom:scripting/monoscript/fileName/OutputResolution.cs: 31c632d97e9a69bcc2ef10f6feb5bf62 -> 
  custom:scripting/monoscript/fileName/AccumulationSettingsPropertyDrawer.cs: bfc920db0de3c29c2967e88aac1c1027 -> 
  custom:scripting/monoscript/fileName/AnimationInputSettingsPropertyDrawer.cs: ebe1771fecebe7a93badf6354f59c990 -> 
  custom:scripting/monoscript/fileName/CoreEncoderSettings.cs: 2b5db1db3c1fa7de4175a7e143de3ce5 -> 
  custom:scripting/monoscript/fileName/VisualListItem.cs: 90647cc400823b41df847a6cbfc29026 -> 
  custom:scripting/monoscript/fileName/FrameRateProperyDrawer.cs: c478c798f5354f66af45b380be0629f9 -> 
  custom:scripting/monoscript/fileName/InputSettingsSelectorDrawer.cs: bca46dd5b59e2f574c94bef4cdb878fb -> 
  custom:scripting/monoscript/fileName/RecorderWindow.cs: 553a30d64d5ef1dcad6b00b4eeeb3829 -> 
  custom:scripting/monoscript/fileName/AOVCameraInputSettings.cs: 4d2fdf1142ce53d73cb43d39944ba516 -> 
  custom:scripting/monoscript/fileName/EnumProperyDrawer.cs: 90647cc400823b41df847a6cbfc29026 -> 
  custom:scripting/monoscript/fileName/AOVImageInputSelector.cs: b741d8d3a7cbb503c5bdf23d7e6792db -> 
  custom:scripting/monoscript/fileName/CoreEncoderSettingsPropertyDrawer.cs: c8bdf3420d844fd4604c0d0cf3815355 -> 
  custom:scripting/monoscript/fileName/GifEncoderSettings.cs: 812ca6afdf48b830953d76adab9d4030 -> 
  custom:scripting/monoscript/fileName/GIFRecorderSettingsEditor.cs: 4d0f46bcf58d188895fabae5334995ae -> 
  custom:scripting/monoscript/fileName/IEncoder.cs: 007c2ef621b0d92b5a7a6bae91d26090 -> 
  custom:scripting/monoscript/fileName/RecorderOptions.cs: 74782d297e80d8f56c0e05a7cde4e51d -> 
  custom:scripting/precompiled-assembly-types:Unity.Recorder.Editor: cd22b836ef1ca10e7d8c91c9be46b4bf -> 
  custom:scripting/monoscript/fileName/ProResEncoderSettingsPropertyDrawer.cs: 68c25e6d4459336217d4b9e22eb707b4 -> 
  custom:scripting/monoscript/fileName/ImageRecorder.cs: b804c29bfc59a61db184c1d275fe4101 -> 
  custom:scripting/monoscript/fileName/EditableLabel.cs: 4f8fa2c6092744ed6607a411e3f617c0 -> 
  custom:scripting/monoscript/fileName/GameViewInput.cs: 596e7ffa2d11b2002176644af3247ea6 -> 
  custom:audio-encoder-webm-vorbis: bf7c407c2cedff20999df2af8eb42d56 -> 
  custom:scripting/monoscript/fileName/SerializedDictionnary.cs: 90647cc400823b41df847a6cbfc29026 -> 
  custom:scripting/monoscript/fileName/HammersleySequence.cs: b06601f044912976f668045b7d4c79a8 -> 
  custom:scripting/monoscript/fileName/_RecorderComponent.cs: 8c268d1df4e18643d83ea9c6eeba2d9f -> 
  custom:scripting/precompiled-assembly-types:Assembly-CSharp: 71c9fb75267ed4ddf8f34ff103c3f7d4 -> 4edc3a31abdfdd45de4da5df68c48f00
  custom:scripting/monoscript/fileName/IAccumulation.cs: 38dee62d444423165276e3254554d005 -> 
  custom:scripting/monoscript/fileName/RecorderController.cs: 5760bd2995080b8d0d9d9e88ab8933c6 -> 
  custom:scripting/monoscript/fileName/EXRRecorderSettings.cs: bf113df492cb5b25e11ec144a73c2f74 -> 
========================================================================
Received Prepare
Caller must complete domain reload
Begin MonoManager ReloadAssembly
- Loaded All Assemblies, in  0.423 seconds
Native extension for WindowsStandalone target not found
Native extension for iOS target not found
Native extension for Android target not found
Mono: successfully reloaded assembly
- Finished resetting the current domain, in  0.979 seconds
Domain Reload Profiling: 1398ms
	BeginReloadAssembly (128ms)
		ExecutionOrderSort (0ms)
		DisableScriptedObjects (4ms)
		BackupInstance (0ms)
		ReleaseScriptingObjects (0ms)
		CreateAndSetChildDomain (25ms)
	RebuildCommonClasses (26ms)
	RebuildNativeTypeToScriptingClass (9ms)
	initialDomainReloadingComplete (27ms)
	LoadAllAssembliesAndSetupDomain (230ms)
		LoadAssemblies (281ms)
		RebuildTransferFunctionScriptingTraits (0ms)
		AnalyzeDomain (18ms)
			TypeCache.Refresh (7ms)
				TypeCache.ScanAssembly (0ms)
			ScanForSourceGeneratedMonoScriptInfo (5ms)
			ResolveRequiredComponents (5ms)
	FinalizeReload (979ms)
		ReleaseScriptCaches (0ms)
		RebuildScriptCaches (0ms)
		SetupLoadedEditorAssemblies (485ms)
			LogAssemblyErrors (0ms)
			InitializePlatformSupportModulesInManaged (30ms)
			SetLoadedEditorAssemblies (5ms)
			RefreshPlugins (0ms)
			BeforeProcessingInitializeOnLoad (99ms)
			ProcessInitializeOnLoadAttributes (325ms)
			ProcessInitializeOnLoadMethodAttributes (17ms)
			AfterProcessingInitializeOnLoad (9ms)
			EditorAssembliesLoaded (0ms)
		ExecutionOrderSort2 (0ms)
		AwakeInstancesAfterBackupRestoration (5ms)
Refreshing native plugins compatible for Editor in 4.71 ms, found 6 plugins.
Preloading 0 native plugins for Editor in 0.00 ms.
Unloading 3256 Unused Serialized files (Serialized files now loaded: 0)
Unloading 22 unused Assets / (337.4 KB). Loaded Objects now: 3852.
Memory consumption went from 123.2 MB to 122.9 MB.
Total: 2.493900 ms (FindLiveObjects: 0.192800 ms CreateObjectMapping: 0.087700 ms MarkObjects: 2.041400 ms  DeleteObjects: 0.171400 ms)

Prepare: number of updated asset objects reloaded= 0
AssetImportParameters requested are different than current active one (requested -> active):
  custom:scripting/monoscript/fileName/WEBMRecorderSettingsEditor.cs: 5559c87f45d3b65fac8d5ac4ef5e81c8 -> 
  custom:scripting/monoscript/fileName/UIElementHelper.cs: 9f9438adfe3361012ea6280d4cdb2df4 -> 
  custom:scripting/monoscript/fileName/AOVCameraInput.cs: c23c8ce885672bc57e25263b3efd067a -> 
  custom:scripting/monoscript/fileName/BaseTextureRecorder.cs: 90647cc400823b41df847a6cbfc29026 -> 
  custom:scripting/monoscript/fileName/Recorder.cs: a7e319d512627774f8215ba0b76f0bcb -> 
  custom:scripting/monoscript/fileName/AudioRecorder.cs: 89550121570f22445b4a1b28daea3cf9 -> 
  custom:scripting/monoscript/fileName/PanelSplitter.cs: 5ff6c6e385b6b12ca322a9c92ac6f371 -> 
  custom:scripting/monoscript/fileName/ImageRecorderSettings.cs: a7ab05fac9382c03607c40fe73956ed6 -> 
  custom:scripting/monoscript/fileName/RecorderClip.cs: 897017f45cb3c30f306724d1fa17a8fe -> 
  custom:scripting/monoscript/fileName/GIFRecorderSettings.cs: 979f88ae1e7731daed242ab2fdebbc0e -> 
  custom:container-demuxer-ogg: 62fdf1f143b41e24485cea50d1cbac27 -> 
  custom:scripting/monoscript/fileName/MovieRecorder.cs: 024785cf83e1399f425b2aa115d22e2b -> 
  custom:scripting/monoscript/fileName/RecorderControllerSettingsPresetEditor.cs: 49aed206ae65ed5ac6b420f7104cd52d -> 
  custom:scripting/monoscript/fileName/AudioInput.cs: 499e96d8f0b35d362bd956c0975bb873 -> 
  custom:scripting/monoscript/fileName/WEBMRecorderSettings.cs: c176c43abbe456aeea55c2aef862801b -> 
  custom:scripting/monoscript/fileName/RecorderControllerSettingsPreset.cs: 78b391c1384ac60213ef58d50e78d553 -> 
  custom:scripting/monoscript/fileName/GameViewInputSettings.cs: a7ae22123f532f5bbcb39c654c998b57 -> 
  custom:scripting/monoscript/fileName/GameViewInputPropertyDrawer.cs: ae2c8a99c5e33d3d1ffc8232415130e8 -> 
  custom:scripting/monoscript/fileName/Camera360Input.cs: dc473b118c57e0734b0cd3476e333c06 -> 
  custom:scripting/monoscript/fileName/RecorderPreferencesSettingsProvider.cs: d92d314b87f7c2170e267636ebf38224 -> 
  custom:scripting/monoscript/fileName/RecorderBindings.cs: ac25db5b587307cfea909607f62e5641 -> 
  custom:video-decoder-ogg-theora: a1e56fd34408186e4bbccfd4996cb3dc -> 
  custom:scripting/monoscript/fileName/GIFWrapper.cs: 6ef8898a12699129e8f81f06a649cad1 -> 
  custom:scripting/monoscript/fileName/SceneHook.cs: 80fa8928b499d44515dd60e0bc895128 -> 
  custom:scripting/monoscript/fileName/AnimationInput.cs: e810137278708a698c5ccddaeb1a1e64 -> 
  custom:scripting/monoscript/fileName/OutputResolutionPropertyDrawer.cs: 0e33ffdf424417a2e685685cfc04d4b1 -> 
  custom:scripting/monoscript/fileName/EnumHelper.cs: 117b5609cc2a1ae41785cd0c8767815f -> 
  custom:scripting/monoscript/fileName/OutputPath.cs: ee51fcffcd8929d224a5e3fb152d5f62 -> 
  custom:scripting/monoscript/fileName/FileNameGeneratorDrawer.cs: a3ea71dec141084df9b7ffa19c11e2cb -> 
  custom:framework-win-MediaFoundation: 216162199b28c13a410421893ffa2e32 -> 
  custom:scripting/monoscript/fileName/RecorderPreferencesWindowGUIScope.cs: 7a2eba6fcb6829ea8b200991a02c9c06 -> 
  custom:scripting/monoscript/fileName/AspectRatio.cs: 18e3efa554f8258b676d4de53e38b642 -> 
  custom:scripting/monoscript/fileName/CameraInputSettings.cs: 6738f6dd994f658d2cbf6f5f3ba05a0e -> 
  custom:scripting/monoscript/fileName/RefHandle.cs: 90647cc400823b41df847a6cbfc29026 -> 
  custom:scripting/monoscript/fileName/CameraCapture.cs: c6dcba1380d9a4fa09f4e36182a45a73 -> 
  custom:scripting/monoscript/fileName/RecorderControllerSettings.cs: 989e0caa64af9b76551d4ff6bd15f598 -> 
  custom:scripting/monoscript/fileName/TargetedPropertyDrawer.cs: 90647cc400823b41df847a6cbfc29026 -> 
  custom:scripting/monoscript/fileName/MovieRecorderSettings.cs: 02a667a67b113b1f65e3fcadcc882513 -> 
  custom:scripting/monoscript/fileName/RenderTextureInputSettings.cs: ebca820667a63031a7597db85d26451a -> 
  custom:scripting/monoscript/fileName/ImageRecorderEditor.cs: d3134ae4c1dfd8e056bace11130b7692 -> 
  custom:scripting/monoscript/fileName/ProResEncoderSettings.cs: 4aca03881946a7fe9acacf199434009e -> 
  custom:scripting/monoscript/fileName/_FrameRequestComponent.cs: b34f171daaafc65da55ea68e2ed89f2b -> 
  custom:scripting/monoscript/fileName/RenderTextureInput.cs: 5dea77837ae3c82bb14643cd82dc06dc -> 
  custom:scripting/monoscript/fileName/RecorderAnalytics.cs: 0fa40093f6ac3fe75e92d746d563e5ee -> 
  custom:scripting/monoscript/fileName/MP4RecorderSettingsEditor.cs: 68a64b16a7961d71fa7286fd1f782e9b -> 
  custom:scripting/monoscript/fileName/RecorderBindingsEditor.cs: f7451a0e1cea6404b2976d2b2c42e273 -> 
  custom:scripting/monoscript/fileName/BaseRenderTextureInput.cs: 5dc13661a5a0dca5d09ca211933a44e2 -> 
  custom:scripting/monoscript/fileName/StatusBarHelper.cs: da04a6ed046f8a62f416d5d3ea415bef -> 
  custom:scripting/precompiled-assembly-types:Unity.Recorder: bd5378c99f6216e06dd6e2c2a60a86a4 -> 
  custom:CustomObjectIndexerAttribute: 9a22284fe3817be447336de3de66b15e -> 
  custom:scripting/monoscript/fileName/Camera360InputSettings.cs: 3d5eaf1cb3a9df6f9d1d52f3c3018c46 -> 
  custom:scripting/monoscript/fileName/PNGRecorderSettingsEditor.cs: 4970e6657bb34f7efc2c7d8168c7358b -> 
  custom:scripting/monoscript/fileName/ImageHeightSelector.cs: d1a7972bf1d79d90f09ab23c718afe39 -> 
  custom:scripting/monoscript/fileName/AnimationInputSettings.cs: d64a99ebbd13660e9264cb4111ab9832 -> 
  custom:scripting/monoscript/fileName/MP4RecorderSettings.cs: 551f5535c05b86d6ee91684eced14987 -> 
  custom:scripting/monoscript/fileName/RecorderPreferencesSettings.cs: 761b0a55fc5e50239a1d0c4bfc968274 -> 
  custom:container-demuxer-webm: 4f35f7cbe854078d1ac9338744f61a02 -> 
  custom:scripting/monoscript/fileName/RecorderSettingsPrefsEditor.cs: ba9e697f1d269c2c960a41bc543fa408 -> 
  custom:scripting/monoscript/fileName/ProResWrapper.cs: 712515ef615766c98115c6a20d85d6c8 -> 
  custom:scripting/monoscript/fileName/RecordModePropertyDrawer.cs: 165332db07362bbcab2d8dc6d1e1dfda -> 
  custom:scripting/monoscript/fileName/ImageInputSettings.cs: 98a2aedd167d40f01804b04845eeaf15 -> 
  custom:scripting/monoscript/fileName/SerializableObjHelper.cs: f19f181f3f05e8e393225dd7030fb66a -> 
  custom:scripting/monoscript/fileName/InputPropertyDrawer.cs: 90647cc400823b41df847a6cbfc29026 -> 
  custom:scripting/monoscript/fileName/AudioInputSettings.cs: a2c930fca1dd5e27705fbacf39727bb4 -> 
  custom:scripting/monoscript/fileName/InputSettings.cs: 35c56ce5488c6b464726305dcbd33b3d -> 
  custom:scripting/monoscript/fileName/RecorderEditor.cs: 736e59ba52eea987abc47f36a836e575 -> 
  custom:scripting/monoscript/fileName/AudioRecorderSettings.cs: 0b00f2c93558486cc61a06f270f43fea -> 
  custom:scripting/monoscript/fileName/RecordersInventory.cs: fb714c8df18f9b7fc7f3361f604ae3dc -> 
  custom:scripting/monoscript/fileName/BaseFCRecorderSettings.cs: fab928553cedb8703ac192d6cf7b6294 -> 
  custom:scripting/monoscript/fileName/AOVRecorderSettings.cs: cdc731153cd2f1f739300a28ea6a6608 -> 
  custom:scripting/monoscript/fileName/EXRCompressionTypeDrawer.cs: 301cb614ecf84a4dab346c5f76ea2016 -> 
  custom:scripting/monoscript/fileName/AOVRecorder.cs: c53e83f1863b3ea80b6df3885cdb8c82 -> 
  custom:scripting/monoscript/fileName/IEncoderSettings.cs: c7d04fadacf538db841606cc656ae724 -> 
  custom:scripting/monoscript/fileName/ShutterProfileTypePropertyDrawer.cs: 18a32c647eca27716eabcb5a44f00e32 -> 
  custom:scripting/monoscript/fileName/MovieRecorderEditor.cs: eb00ddb8a76b8dfb7c88b7826a49d38b -> 
  custom:scripting/monoscript/fileName/RenderTextureInputSettingsPropertyDrawer.cs: 809602b52454cd1e6229756218a8f453 -> 
  custom:scripting/monoscript/fileName/RecorderPlayableBehaviour.cs: 80165a21f4cd0dda690f708a19d389bd -> 
  custom:scripting/monoscript/fileName/GifEncoderSettingsPropertyDrawer.cs: b36c9a7eaaefccda514b23d7e14761ca -> 
  custom:scripting/monoscript/fileName/PNGRecorder.cs: 08fd40f88cb6b18c96882f263639f57d -> 
  custom:scripting/monoscript/fileName/CameraInputSettingsPropertyDrawer.cs: 91928abf1abf88be098cb088d896aec5 -> 
  custom:scripting/monoscript/fileName/AudioRecorderEditor.cs: 565168dec291afe3fa470657cfc2c123 -> 
  custom:scripting/monoscript/fileName/AOVRecorderEditor.cs: 5ca53ccd6d7645709639507726114395 -> 
  custom:container-muxer-webm: aa71ff27fc2769a1b78a27578f13a17b -> 
  custom:video-decoder-webm-vp8: 9c59270c3fd7afecdb556c50c9e8de78 -> 
  custom:scripting/monoscript/fileName/RecordingSession.cs: f3ad08157c278a036224ca395f350890 -> 
  custom:scripting/monoscript/fileName/GameViewSize.cs: f6128a6515fcafce6db32fcdfa107254 -> 
  custom:scripting/monoscript/fileName/UnityHelpers.cs: b3e077029b574be508585124a9d839ef -> 
  custom:SearchIndexIgnoredProperties: e643bd26f0fe6173181afceb89e7c659 -> 
  custom:scripting/monoscript/fileName/GIFRecorder.cs: c00ece885699fb9084deaccd3eb27518 -> 
  custom:AudioImporter_EditorPlatform: d09bf68614088b80899f8185d706f6e7 -> 
  custom:scripting/monoscript/fileName/EXRRecorder.cs: 3f576ce8ddd959d51a4d7ba1999ecdbb -> 
  custom:scripting/monoscript/fileName/WEBMRecorder.cs: 391b6b920cfbc02401ea522620320c93 -> 
  custom:scripting/monoscript/fileName/RenderTextureSampler.cs: 1a7b9abab9548e1054dc40d6e2fa0270 -> 
  custom:scripting/monoscript/fileName/GifEncoder.cs: 40f336d5c5042a8a04556b4c5804a538 -> 
  custom:scripting/monoscript/fileName/GenericRecorder.cs: 90647cc400823b41df847a6cbfc29026 -> 
  custom:scripting/monoscript/fileName/ImageInputSelector.cs: f55822da877594150873922341be92b6 -> 
  custom:scripting/monoscript/fileName/AnimationRecorderSettingsEditor.cs: db1294bf3d48be44b6e4b2f2cc100b02 -> 
  custom:scripting/monoscript/fileName/RecorderTrack.cs: fac9638ece7eb7daaa1302fa170613fd -> 
  custom:scripting/monoscript/fileName/InputSettingsSelector.cs: 499a4ec92267406782b5c4f3472d53b9 -> 
  custom:scripting/monoscript/fileName/FileNameGenerator.cs: 5c8b6eb5291c3311189e0dfadac99363 -> 
  custom:scripting/monoscript/fileName/RecorderItem.cs: b62d2fcb9547a248575727d8a1646db8 -> 
  custom:scripting/monoscript/fileName/TextureFlipper.cs: 825b503b2ddab9cbd8ebbf3038075092 -> 
  custom:scripting/monoscript/fileName/AccumulationSettings.cs: fb962f0c2333934b681b167574f5e1cd -> 
  custom:scripting/monoscript/fileName/Camera360InputPropertyDrawer.cs: af647a2fe91bec98139246321cac865d -> 
  custom:scripting/monoscript/fileName/RecorderClipEditor.cs: 947ad5ff1f968d7fc40767d187070964 -> 
  custom:scripting/monoscript/fileName/EXRRecorderSettingsEditor.cs: c520a04c5f01331f2c8800e289ef6d6f -> 
  custom:scripting/monoscript/fileName/CoreEncoder.cs: dfaed86e82ad12e6a2b6740a0fb35820 -> 
  custom:scripting/monoscript/fileName/PNGRecorderSettings.cs: 79a421225358808ff14dd88c0355d1b6 -> 
  custom:scripting/monoscript/fileName/AspectRatioPropertyDrawer.cs: 9f18568574138839573389bde3e660a7 -> 
  custom:scripting/monoscript/fileName/ProResEncoder.cs: b375bf2d41e3d89081c3f2d1a0823bf3 -> 
  custom:scripting/monoscript/fileName/CameraInput.cs: bf7e0df3caf9e500f6d1c98c99e165ba -> 
  custom:scripting/monoscript/fileName/RecorderSettings.cs: bc3ef26ac157af28e5460886c0d5ef2e -> 
  custom:scripting/monoscript/fileName/RecorderClipTimelineEditor.cs: 2995d9f50ebc9245c6e9bd75c56415fb -> 
  custom:scripting/monoscript/fileName/EncoderSettingsAttribute.cs: 8352396dc11cff58c65c429fdb4fc67e -> 
  custom:scripting/monoscript/fileName/MP4Recorder.cs: af531c4e1f6d23547da08837eb16b729 -> 
  custom:scripting/monoscript/fileName/EncoderTypeUtilities.cs: a12c4c78a6cd4fb6b93180d59ad77be8 -> 
  custom:scripting/monoscript/fileName/PooledBufferAsyncGPUReadback.cs: 2a4e50c5dda177306c9ec935763c4378 -> 
  custom:scripting/monoscript/fileName/AnimationRecorder.cs: f749a4250195b5467bbf05e3a976b59f -> 
  custom:scripting/precompiled-assembly-types:Unity.Recorder.Base: 3fec19fdf10e3518c41e41a932f2042f -> 
  custom:scripting/monoscript/fileName/AnimationRecorderSettings.cs: 5cfb1544a40f93fe0ea879bb1361c877 -> 
  custom:scripting/monoscript/fileName/RenderTextureSamplerSettings.cs: 68adab84706346f2ecbdfd649ca9cf61 -> 
  custom:scripting/monoscript/fileName/RecordingContext.cs: af9af1e8b283703482ba133924b5585a -> 
  custom:scripting/monoscript/fileName/RecorderSelector.cs: c3cd2caacd181d6eff54dc260c4a1ffb -> 
  custom:video-encoder-webm-vp8: eb34c28f22e8b96e1ab97ce403110664 -> 
  custom:scripting/monoscript/fileName/RecorderInput.cs: 88fd8d8fd71b34ed7298a01f6c2d2e40 -> 
  custom:scripting/monoscript/fileName/RenderTextureSamplerPropertyDrawer.cs: b541817d9cc9b1341d2ddfa8823b718d -> 
  custom:scripting/monoscript/fileName/RecorderSettingsAttribute.cs: ddd228b25da7ba2ac10d13e1efacc875 -> 
  custom:audio-decoder-ogg-vorbis: bf7c407c2cedff20999df2af8eb42d56 -> 
  custom:scripting/monoscript/fileName/OutputPathDrawer.cs: cffc34c1be094e6caeb13ff3b26ca679 -> 
  custom:scripting/monoscript/fileName/EditorVersionsHelper.cs: 3ad9098caeeff0295dba8c0911f5333a -> 
  custom:scripting/monoscript/fileName/SettingAsset.cs: 7c3790954696ae83d71055079b387931 -> 
  custom:scripting/monoscript/fileName/OutputResolution.cs: 31c632d97e9a69bcc2ef10f6feb5bf62 -> 
  custom:scripting/monoscript/fileName/AccumulationSettingsPropertyDrawer.cs: bfc920db0de3c29c2967e88aac1c1027 -> 
  custom:scripting/monoscript/fileName/AnimationInputSettingsPropertyDrawer.cs: ebe1771fecebe7a93badf6354f59c990 -> 
  custom:scripting/monoscript/fileName/CoreEncoderSettings.cs: 2b5db1db3c1fa7de4175a7e143de3ce5 -> 
  custom:scripting/monoscript/fileName/VisualListItem.cs: 90647cc400823b41df847a6cbfc29026 -> 
  custom:scripting/monoscript/fileName/FrameRateProperyDrawer.cs: c478c798f5354f66af45b380be0629f9 -> 
  custom:scripting/monoscript/fileName/InputSettingsSelectorDrawer.cs: bca46dd5b59e2f574c94bef4cdb878fb -> 
  custom:scripting/monoscript/fileName/RecorderWindow.cs: 553a30d64d5ef1dcad6b00b4eeeb3829 -> 
  custom:scripting/monoscript/fileName/AOVCameraInputSettings.cs: 4d2fdf1142ce53d73cb43d39944ba516 -> 
  custom:scripting/monoscript/fileName/EnumProperyDrawer.cs: 90647cc400823b41df847a6cbfc29026 -> 
  custom:scripting/monoscript/fileName/AOVImageInputSelector.cs: b741d8d3a7cbb503c5bdf23d7e6792db -> 
  custom:scripting/monoscript/fileName/CoreEncoderSettingsPropertyDrawer.cs: c8bdf3420d844fd4604c0d0cf3815355 -> 
  custom:scripting/monoscript/fileName/GifEncoderSettings.cs: 812ca6afdf48b830953d76adab9d4030 -> 
  custom:scripting/monoscript/fileName/GIFRecorderSettingsEditor.cs: 4d0f46bcf58d188895fabae5334995ae -> 
  custom:scripting/monoscript/fileName/IEncoder.cs: 007c2ef621b0d92b5a7a6bae91d26090 -> 
  custom:scripting/monoscript/fileName/RecorderOptions.cs: 74782d297e80d8f56c0e05a7cde4e51d -> 
  custom:scripting/precompiled-assembly-types:Unity.Recorder.Editor: cd22b836ef1ca10e7d8c91c9be46b4bf -> 
  custom:scripting/monoscript/fileName/ProResEncoderSettingsPropertyDrawer.cs: 68c25e6d4459336217d4b9e22eb707b4 -> 
  custom:scripting/monoscript/fileName/ImageRecorder.cs: b804c29bfc59a61db184c1d275fe4101 -> 
  custom:scripting/monoscript/fileName/EditableLabel.cs: 4f8fa2c6092744ed6607a411e3f617c0 -> 
  custom:scripting/monoscript/fileName/GameViewInput.cs: 596e7ffa2d11b2002176644af3247ea6 -> 
  custom:audio-encoder-webm-vorbis: bf7c407c2cedff20999df2af8eb42d56 -> 
  custom:scripting/monoscript/fileName/SerializedDictionnary.cs: 90647cc400823b41df847a6cbfc29026 -> 
  custom:scripting/monoscript/fileName/HammersleySequence.cs: b06601f044912976f668045b7d4c79a8 -> 
  custom:scripting/monoscript/fileName/_RecorderComponent.cs: 8c268d1df4e18643d83ea9c6eeba2d9f -> 
  custom:scripting/precompiled-assembly-types:Assembly-CSharp: 71c9fb75267ed4ddf8f34ff103c3f7d4 -> 4edc3a31abdfdd45de4da5df68c48f00
  custom:scripting/monoscript/fileName/IAccumulation.cs: 38dee62d444423165276e3254554d005 -> 
  custom:scripting/monoscript/fileName/RecorderController.cs: 5760bd2995080b8d0d9d9e88ab8933c6 -> 
  custom:scripting/monoscript/fileName/EXRRecorderSettings.cs: bf113df492cb5b25e11ec144a73c2f74 -> 
========================================================================
Received Prepare
Caller must complete domain reload
Begin MonoManager ReloadAssembly
- Loaded All Assemblies, in  0.416 seconds
Native extension for WindowsStandalone target not found
Native extension for iOS target not found
Native extension for Android target not found
Mono: successfully reloaded assembly
- Finished resetting the current domain, in  0.938 seconds
Domain Reload Profiling: 1351ms
	BeginReloadAssembly (124ms)
		ExecutionOrderSort (0ms)
		DisableScriptedObjects (4ms)
		BackupInstance (0ms)
		ReleaseScriptingObjects (0ms)
		CreateAndSetChildDomain (24ms)
	RebuildCommonClasses (27ms)
	RebuildNativeTypeToScriptingClass (14ms)
	initialDomainReloadingComplete (27ms)
	LoadAllAssembliesAndSetupDomain (220ms)
		LoadAssemblies (271ms)
		RebuildTransferFunctionScriptingTraits (0ms)
		AnalyzeDomain (17ms)
			TypeCache.Refresh (6ms)
				TypeCache.ScanAssembly (0ms)
			ScanForSourceGeneratedMonoScriptInfo (5ms)
			ResolveRequiredComponents (5ms)
	FinalizeReload (939ms)
		ReleaseScriptCaches (0ms)
		RebuildScriptCaches (0ms)
		SetupLoadedEditorAssemblies (462ms)
			LogAssemblyErrors (0ms)
			InitializePlatformSupportModulesInManaged (29ms)
			SetLoadedEditorAssemblies (4ms)
			RefreshPlugins (0ms)
			BeforeProcessingInitializeOnLoad (82ms)
			ProcessInitializeOnLoadAttributes (322ms)
			ProcessInitializeOnLoadMethodAttributes (17ms)
			AfterProcessingInitializeOnLoad (9ms)
			EditorAssembliesLoaded (0ms)
		ExecutionOrderSort2 (0ms)
		AwakeInstancesAfterBackupRestoration (5ms)
Refreshing native plugins compatible for Editor in 5.19 ms, found 6 plugins.
Preloading 0 native plugins for Editor in 0.00 ms.
Unloading 3256 Unused Serialized files (Serialized files now loaded: 0)
Unloading 22 unused Assets / (337.1 KB). Loaded Objects now: 3855.
Memory consumption went from 123.2 MB to 122.9 MB.
Total: 2.404700 ms (FindLiveObjects: 0.203500 ms CreateObjectMapping: 0.079300 ms MarkObjects: 1.948600 ms  DeleteObjects: 0.172600 ms)

Prepare: number of updated asset objects reloaded= 0
AssetImportParameters requested are different than current active one (requested -> active):
  custom:scripting/monoscript/fileName/WEBMRecorderSettingsEditor.cs: 5559c87f45d3b65fac8d5ac4ef5e81c8 -> 
  custom:scripting/monoscript/fileName/UIElementHelper.cs: 9f9438adfe3361012ea6280d4cdb2df4 -> 
  custom:scripting/monoscript/fileName/AOVCameraInput.cs: c23c8ce885672bc57e25263b3efd067a -> 
  custom:scripting/monoscript/fileName/BaseTextureRecorder.cs: 90647cc400823b41df847a6cbfc29026 -> 
  custom:scripting/monoscript/fileName/Recorder.cs: a7e319d512627774f8215ba0b76f0bcb -> 
  custom:scripting/monoscript/fileName/AudioRecorder.cs: 89550121570f22445b4a1b28daea3cf9 -> 
  custom:scripting/monoscript/fileName/PanelSplitter.cs: 5ff6c6e385b6b12ca322a9c92ac6f371 -> 
  custom:scripting/monoscript/fileName/ImageRecorderSettings.cs: a7ab05fac9382c03607c40fe73956ed6 -> 
  custom:scripting/monoscript/fileName/RecorderClip.cs: 897017f45cb3c30f306724d1fa17a8fe -> 
  custom:scripting/monoscript/fileName/GIFRecorderSettings.cs: 979f88ae1e7731daed242ab2fdebbc0e -> 
  custom:container-demuxer-ogg: 62fdf1f143b41e24485cea50d1cbac27 -> 
  custom:scripting/monoscript/fileName/MovieRecorder.cs: 024785cf83e1399f425b2aa115d22e2b -> 
  custom:scripting/monoscript/fileName/RecorderControllerSettingsPresetEditor.cs: 49aed206ae65ed5ac6b420f7104cd52d -> 
  custom:scripting/monoscript/fileName/AudioInput.cs: 499e96d8f0b35d362bd956c0975bb873 -> 
  custom:scripting/monoscript/fileName/WEBMRecorderSettings.cs: c176c43abbe456aeea55c2aef862801b -> 
  custom:scripting/monoscript/fileName/RecorderControllerSettingsPreset.cs: 78b391c1384ac60213ef58d50e78d553 -> 
  custom:scripting/monoscript/fileName/GameViewInputSettings.cs: a7ae22123f532f5bbcb39c654c998b57 -> 
  custom:scripting/monoscript/fileName/GameViewInputPropertyDrawer.cs: ae2c8a99c5e33d3d1ffc8232415130e8 -> 
  custom:scripting/monoscript/fileName/Camera360Input.cs: dc473b118c57e0734b0cd3476e333c06 -> 
  custom:scripting/monoscript/fileName/RecorderPreferencesSettingsProvider.cs: d92d314b87f7c2170e267636ebf38224 -> 
  custom:scripting/monoscript/fileName/RecorderBindings.cs: ac25db5b587307cfea909607f62e5641 -> 
  custom:video-decoder-ogg-theora: a1e56fd34408186e4bbccfd4996cb3dc -> 
  custom:scripting/monoscript/fileName/GIFWrapper.cs: 6ef8898a12699129e8f81f06a649cad1 -> 
  custom:scripting/monoscript/fileName/SceneHook.cs: 80fa8928b499d44515dd60e0bc895128 -> 
  custom:scripting/monoscript/fileName/AnimationInput.cs: e810137278708a698c5ccddaeb1a1e64 -> 
  custom:scripting/monoscript/fileName/OutputResolutionPropertyDrawer.cs: 0e33ffdf424417a2e685685cfc04d4b1 -> 
  custom:scripting/monoscript/fileName/EnumHelper.cs: 117b5609cc2a1ae41785cd0c8767815f -> 
  custom:scripting/monoscript/fileName/OutputPath.cs: ee51fcffcd8929d224a5e3fb152d5f62 -> 
  custom:scripting/monoscript/fileName/FileNameGeneratorDrawer.cs: a3ea71dec141084df9b7ffa19c11e2cb -> 
  custom:framework-win-MediaFoundation: 216162199b28c13a410421893ffa2e32 -> 
  custom:scripting/monoscript/fileName/RecorderPreferencesWindowGUIScope.cs: 7a2eba6fcb6829ea8b200991a02c9c06 -> 
  custom:scripting/monoscript/fileName/AspectRatio.cs: 18e3efa554f8258b676d4de53e38b642 -> 
  custom:scripting/monoscript/fileName/CameraInputSettings.cs: 6738f6dd994f658d2cbf6f5f3ba05a0e -> 
  custom:scripting/monoscript/fileName/RefHandle.cs: 90647cc400823b41df847a6cbfc29026 -> 
  custom:scripting/monoscript/fileName/CameraCapture.cs: c6dcba1380d9a4fa09f4e36182a45a73 -> 
  custom:scripting/monoscript/fileName/RecorderControllerSettings.cs: 989e0caa64af9b76551d4ff6bd15f598 -> 
  custom:scripting/monoscript/fileName/TargetedPropertyDrawer.cs: 90647cc400823b41df847a6cbfc29026 -> 
  custom:scripting/monoscript/fileName/MovieRecorderSettings.cs: 02a667a67b113b1f65e3fcadcc882513 -> 
  custom:scripting/monoscript/fileName/RenderTextureInputSettings.cs: ebca820667a63031a7597db85d26451a -> 
  custom:scripting/monoscript/fileName/ImageRecorderEditor.cs: d3134ae4c1dfd8e056bace11130b7692 -> 
  custom:scripting/monoscript/fileName/ProResEncoderSettings.cs: 4aca03881946a7fe9acacf199434009e -> 
  custom:scripting/monoscript/fileName/_FrameRequestComponent.cs: b34f171daaafc65da55ea68e2ed89f2b -> 
  custom:scripting/monoscript/fileName/RenderTextureInput.cs: 5dea77837ae3c82bb14643cd82dc06dc -> 
  custom:scripting/monoscript/fileName/RecorderAnalytics.cs: 0fa40093f6ac3fe75e92d746d563e5ee -> 
  custom:scripting/monoscript/fileName/MP4RecorderSettingsEditor.cs: 68a64b16a7961d71fa7286fd1f782e9b -> 
  custom:scripting/monoscript/fileName/RecorderBindingsEditor.cs: f7451a0e1cea6404b2976d2b2c42e273 -> 
  custom:scripting/monoscript/fileName/BaseRenderTextureInput.cs: 5dc13661a5a0dca5d09ca211933a44e2 -> 
  custom:scripting/monoscript/fileName/StatusBarHelper.cs: da04a6ed046f8a62f416d5d3ea415bef -> 
  custom:scripting/precompiled-assembly-types:Unity.Recorder: bd5378c99f6216e06dd6e2c2a60a86a4 -> 
  custom:CustomObjectIndexerAttribute: 9a22284fe3817be447336de3de66b15e -> 
  custom:scripting/monoscript/fileName/Camera360InputSettings.cs: 3d5eaf1cb3a9df6f9d1d52f3c3018c46 -> 
  custom:scripting/monoscript/fileName/PNGRecorderSettingsEditor.cs: 4970e6657bb34f7efc2c7d8168c7358b -> 
  custom:scripting/monoscript/fileName/ImageHeightSelector.cs: d1a7972bf1d79d90f09ab23c718afe39 -> 
  custom:scripting/monoscript/fileName/AnimationInputSettings.cs: d64a99ebbd13660e9264cb4111ab9832 -> 
  custom:scripting/monoscript/fileName/MP4RecorderSettings.cs: 551f5535c05b86d6ee91684eced14987 -> 
  custom:scripting/monoscript/fileName/RecorderPreferencesSettings.cs: 761b0a55fc5e50239a1d0c4bfc968274 -> 
  custom:container-demuxer-webm: 4f35f7cbe854078d1ac9338744f61a02 -> 
  custom:scripting/monoscript/fileName/RecorderSettingsPrefsEditor.cs: ba9e697f1d269c2c960a41bc543fa408 -> 
  custom:scripting/monoscript/fileName/ProResWrapper.cs: 712515ef615766c98115c6a20d85d6c8 -> 
  custom:scripting/monoscript/fileName/RecordModePropertyDrawer.cs: 165332db07362bbcab2d8dc6d1e1dfda -> 
  custom:scripting/monoscript/fileName/ImageInputSettings.cs: 98a2aedd167d40f01804b04845eeaf15 -> 
  custom:scripting/monoscript/fileName/SerializableObjHelper.cs: f19f181f3f05e8e393225dd7030fb66a -> 
  custom:scripting/monoscript/fileName/InputPropertyDrawer.cs: 90647cc400823b41df847a6cbfc29026 -> 
  custom:scripting/monoscript/fileName/AudioInputSettings.cs: a2c930fca1dd5e27705fbacf39727bb4 -> 
  custom:scripting/monoscript/fileName/InputSettings.cs: 35c56ce5488c6b464726305dcbd33b3d -> 
  custom:scripting/monoscript/fileName/RecorderEditor.cs: 736e59ba52eea987abc47f36a836e575 -> 
  custom:scripting/monoscript/fileName/AudioRecorderSettings.cs: 0b00f2c93558486cc61a06f270f43fea -> 
  custom:scripting/monoscript/fileName/RecordersInventory.cs: fb714c8df18f9b7fc7f3361f604ae3dc -> 
  custom:scripting/monoscript/fileName/BaseFCRecorderSettings.cs: fab928553cedb8703ac192d6cf7b6294 -> 
  custom:scripting/monoscript/fileName/AOVRecorderSettings.cs: cdc731153cd2f1f739300a28ea6a6608 -> 
  custom:scripting/monoscript/fileName/EXRCompressionTypeDrawer.cs: 301cb614ecf84a4dab346c5f76ea2016 -> 
  custom:scripting/monoscript/fileName/AOVRecorder.cs: c53e83f1863b3ea80b6df3885cdb8c82 -> 
  custom:scripting/monoscript/fileName/IEncoderSettings.cs: c7d04fadacf538db841606cc656ae724 -> 
  custom:scripting/monoscript/fileName/ShutterProfileTypePropertyDrawer.cs: 18a32c647eca27716eabcb5a44f00e32 -> 
  custom:scripting/monoscript/fileName/MovieRecorderEditor.cs: eb00ddb8a76b8dfb7c88b7826a49d38b -> 
  custom:scripting/monoscript/fileName/RenderTextureInputSettingsPropertyDrawer.cs: 809602b52454cd1e6229756218a8f453 -> 
  custom:scripting/monoscript/fileName/RecorderPlayableBehaviour.cs: 80165a21f4cd0dda690f708a19d389bd -> 
  custom:scripting/monoscript/fileName/GifEncoderSettingsPropertyDrawer.cs: b36c9a7eaaefccda514b23d7e14761ca -> 
  custom:scripting/monoscript/fileName/PNGRecorder.cs: 08fd40f88cb6b18c96882f263639f57d -> 
  custom:scripting/monoscript/fileName/CameraInputSettingsPropertyDrawer.cs: 91928abf1abf88be098cb088d896aec5 -> 
  custom:scripting/monoscript/fileName/AudioRecorderEditor.cs: 565168dec291afe3fa470657cfc2c123 -> 
  custom:scripting/monoscript/fileName/AOVRecorderEditor.cs: 5ca53ccd6d7645709639507726114395 -> 
  custom:container-muxer-webm: aa71ff27fc2769a1b78a27578f13a17b -> 
  custom:video-decoder-webm-vp8: 9c59270c3fd7afecdb556c50c9e8de78 -> 
  custom:scripting/monoscript/fileName/RecordingSession.cs: f3ad08157c278a036224ca395f350890 -> 
  custom:scripting/monoscript/fileName/GameViewSize.cs: f6128a6515fcafce6db32fcdfa107254 -> 
  custom:scripting/monoscript/fileName/UnityHelpers.cs: b3e077029b574be508585124a9d839ef -> 
  custom:SearchIndexIgnoredProperties: e643bd26f0fe6173181afceb89e7c659 -> 
  custom:scripting/monoscript/fileName/GIFRecorder.cs: c00ece885699fb9084deaccd3eb27518 -> 
  custom:AudioImporter_EditorPlatform: d09bf68614088b80899f8185d706f6e7 -> 
  custom:scripting/monoscript/fileName/EXRRecorder.cs: 3f576ce8ddd959d51a4d7ba1999ecdbb -> 
  custom:scripting/monoscript/fileName/WEBMRecorder.cs: 391b6b920cfbc02401ea522620320c93 -> 
  custom:scripting/monoscript/fileName/RenderTextureSampler.cs: 1a7b9abab9548e1054dc40d6e2fa0270 -> 
  custom:scripting/monoscript/fileName/GifEncoder.cs: 40f336d5c5042a8a04556b4c5804a538 -> 
  custom:scripting/monoscript/fileName/GenericRecorder.cs: 90647cc400823b41df847a6cbfc29026 -> 
  custom:scripting/monoscript/fileName/ImageInputSelector.cs: f55822da877594150873922341be92b6 -> 
  custom:scripting/monoscript/fileName/AnimationRecorderSettingsEditor.cs: db1294bf3d48be44b6e4b2f2cc100b02 -> 
  custom:scripting/monoscript/fileName/RecorderTrack.cs: fac9638ece7eb7daaa1302fa170613fd -> 
  custom:scripting/monoscript/fileName/InputSettingsSelector.cs: 499a4ec92267406782b5c4f3472d53b9 -> 
  custom:scripting/monoscript/fileName/FileNameGenerator.cs: 5c8b6eb5291c3311189e0dfadac99363 -> 
  custom:scripting/monoscript/fileName/RecorderItem.cs: b62d2fcb9547a248575727d8a1646db8 -> 
  custom:scripting/monoscript/fileName/TextureFlipper.cs: 825b503b2ddab9cbd8ebbf3038075092 -> 
  custom:scripting/monoscript/fileName/AccumulationSettings.cs: fb962f0c2333934b681b167574f5e1cd -> 
  custom:scripting/monoscript/fileName/Camera360InputPropertyDrawer.cs: af647a2fe91bec98139246321cac865d -> 
  custom:scripting/monoscript/fileName/RecorderClipEditor.cs: 947ad5ff1f968d7fc40767d187070964 -> 
  custom:scripting/monoscript/fileName/EXRRecorderSettingsEditor.cs: c520a04c5f01331f2c8800e289ef6d6f -> 
  custom:scripting/monoscript/fileName/CoreEncoder.cs: dfaed86e82ad12e6a2b6740a0fb35820 -> 
  custom:scripting/monoscript/fileName/PNGRecorderSettings.cs: 79a421225358808ff14dd88c0355d1b6 -> 
  custom:scripting/monoscript/fileName/AspectRatioPropertyDrawer.cs: 9f18568574138839573389bde3e660a7 -> 
  custom:scripting/monoscript/fileName/ProResEncoder.cs: b375bf2d41e3d89081c3f2d1a0823bf3 -> 
  custom:scripting/monoscript/fileName/CameraInput.cs: bf7e0df3caf9e500f6d1c98c99e165ba -> 
  custom:scripting/monoscript/fileName/RecorderSettings.cs: bc3ef26ac157af28e5460886c0d5ef2e -> 
  custom:scripting/monoscript/fileName/RecorderClipTimelineEditor.cs: 2995d9f50ebc9245c6e9bd75c56415fb -> 
  custom:scripting/monoscript/fileName/EncoderSettingsAttribute.cs: 8352396dc11cff58c65c429fdb4fc67e -> 
  custom:scripting/monoscript/fileName/MP4Recorder.cs: af531c4e1f6d23547da08837eb16b729 -> 
  custom:scripting/monoscript/fileName/EncoderTypeUtilities.cs: a12c4c78a6cd4fb6b93180d59ad77be8 -> 
  custom:scripting/monoscript/fileName/PooledBufferAsyncGPUReadback.cs: 2a4e50c5dda177306c9ec935763c4378 -> 
  custom:scripting/monoscript/fileName/AnimationRecorder.cs: f749a4250195b5467bbf05e3a976b59f -> 
  custom:scripting/precompiled-assembly-types:Unity.Recorder.Base: 3fec19fdf10e3518c41e41a932f2042f -> 
  custom:scripting/monoscript/fileName/AnimationRecorderSettings.cs: 5cfb1544a40f93fe0ea879bb1361c877 -> 
  custom:scripting/monoscript/fileName/RenderTextureSamplerSettings.cs: 68adab84706346f2ecbdfd649ca9cf61 -> 
  custom:scripting/monoscript/fileName/RecordingContext.cs: af9af1e8b283703482ba133924b5585a -> 
  custom:scripting/monoscript/fileName/RecorderSelector.cs: c3cd2caacd181d6eff54dc260c4a1ffb -> 
  custom:video-encoder-webm-vp8: eb34c28f22e8b96e1ab97ce403110664 -> 
  custom:scripting/monoscript/fileName/RecorderInput.cs: 88fd8d8fd71b34ed7298a01f6c2d2e40 -> 
  custom:scripting/monoscript/fileName/RenderTextureSamplerPropertyDrawer.cs: b541817d9cc9b1341d2ddfa8823b718d -> 
  custom:scripting/monoscript/fileName/RecorderSettingsAttribute.cs: ddd228b25da7ba2ac10d13e1efacc875 -> 
  custom:audio-decoder-ogg-vorbis: bf7c407c2cedff20999df2af8eb42d56 -> 
  custom:scripting/monoscript/fileName/OutputPathDrawer.cs: cffc34c1be094e6caeb13ff3b26ca679 -> 
  custom:scripting/monoscript/fileName/EditorVersionsHelper.cs: 3ad9098caeeff0295dba8c0911f5333a -> 
  custom:scripting/monoscript/fileName/SettingAsset.cs: 7c3790954696ae83d71055079b387931 -> 
  custom:scripting/monoscript/fileName/OutputResolution.cs: 31c632d97e9a69bcc2ef10f6feb5bf62 -> 
  custom:scripting/monoscript/fileName/AccumulationSettingsPropertyDrawer.cs: bfc920db0de3c29c2967e88aac1c1027 -> 
  custom:scripting/monoscript/fileName/AnimationInputSettingsPropertyDrawer.cs: ebe1771fecebe7a93badf6354f59c990 -> 
  custom:scripting/monoscript/fileName/CoreEncoderSettings.cs: 2b5db1db3c1fa7de4175a7e143de3ce5 -> 
  custom:scripting/monoscript/fileName/VisualListItem.cs: 90647cc400823b41df847a6cbfc29026 -> 
  custom:scripting/monoscript/fileName/FrameRateProperyDrawer.cs: c478c798f5354f66af45b380be0629f9 -> 
  custom:scripting/monoscript/fileName/InputSettingsSelectorDrawer.cs: bca46dd5b59e2f574c94bef4cdb878fb -> 
  custom:scripting/monoscript/fileName/RecorderWindow.cs: 553a30d64d5ef1dcad6b00b4eeeb3829 -> 
  custom:scripting/monoscript/fileName/AOVCameraInputSettings.cs: 4d2fdf1142ce53d73cb43d39944ba516 -> 
  custom:scripting/monoscript/fileName/EnumProperyDrawer.cs: 90647cc400823b41df847a6cbfc29026 -> 
  custom:scripting/monoscript/fileName/AOVImageInputSelector.cs: b741d8d3a7cbb503c5bdf23d7e6792db -> 
  custom:scripting/monoscript/fileName/CoreEncoderSettingsPropertyDrawer.cs: c8bdf3420d844fd4604c0d0cf3815355 -> 
  custom:scripting/monoscript/fileName/GifEncoderSettings.cs: 812ca6afdf48b830953d76adab9d4030 -> 
  custom:scripting/monoscript/fileName/GIFRecorderSettingsEditor.cs: 4d0f46bcf58d188895fabae5334995ae -> 
  custom:scripting/monoscript/fileName/IEncoder.cs: 007c2ef621b0d92b5a7a6bae91d26090 -> 
  custom:scripting/monoscript/fileName/RecorderOptions.cs: 74782d297e80d8f56c0e05a7cde4e51d -> 
  custom:scripting/precompiled-assembly-types:Unity.Recorder.Editor: cd22b836ef1ca10e7d8c91c9be46b4bf -> 
  custom:scripting/monoscript/fileName/ProResEncoderSettingsPropertyDrawer.cs: 68c25e6d4459336217d4b9e22eb707b4 -> 
  custom:scripting/monoscript/fileName/ImageRecorder.cs: b804c29bfc59a61db184c1d275fe4101 -> 
  custom:scripting/monoscript/fileName/EditableLabel.cs: 4f8fa2c6092744ed6607a411e3f617c0 -> 
  custom:scripting/monoscript/fileName/GameViewInput.cs: 596e7ffa2d11b2002176644af3247ea6 -> 
  custom:audio-encoder-webm-vorbis: bf7c407c2cedff20999df2af8eb42d56 -> 
  custom:scripting/monoscript/fileName/SerializedDictionnary.cs: 90647cc400823b41df847a6cbfc29026 -> 
  custom:scripting/monoscript/fileName/HammersleySequence.cs: b06601f044912976f668045b7d4c79a8 -> 
  custom:scripting/monoscript/fileName/_RecorderComponent.cs: 8c268d1df4e18643d83ea9c6eeba2d9f -> 
  custom:scripting/precompiled-assembly-types:Assembly-CSharp: 71c9fb75267ed4ddf8f34ff103c3f7d4 -> 4edc3a31abdfdd45de4da5df68c48f00
  custom:scripting/monoscript/fileName/IAccumulation.cs: 38dee62d444423165276e3254554d005 -> 
  custom:scripting/monoscript/fileName/RecorderController.cs: 5760bd2995080b8d0d9d9e88ab8933c6 -> 
  custom:scripting/monoscript/fileName/EXRRecorderSettings.cs: bf113df492cb5b25e11ec144a73c2f74 -> 
========================================================================
Received Import Request.
  Time since last request: 594.211984 seconds.
  path: Assets/Prefabs/Cube.prefab
  artifactKey: Guid(6f465dab9e6bdbc40b292aa1082e7dd9) Importer(815301076,1909f56bfc062723c751e8b465ee728b)
Start importing Assets/Prefabs/Cube.prefab using Guid(6f465dab9e6bdbc40b292aa1082e7dd9) Importer(815301076,1909f56bfc062723c751e8b465ee728b) [PhysX] Initialized MultithreadedTaskDispatcher with 12 workers.
 -> (artifact id: '9d04fdfc94419e9d414e421f41762208') in 0.001517 seconds
Number of updated asset objects reloaded before import = 0
Number of asset objects unloaded after import = 0
