Using pre-set license
Built from '2022.3/staging' branch; Version is '2022.3.50f1 (c3db7f8bf9b1) revision 12835711'; Using compiler version '192829333'; Build Type 'Release'
OS: 'Windows 10  (10.0.19045) 64bit Core' Language: 'ru' Physical Memory: 32671 MB
BatchMode: 1, IsHumanControllingUs: 0, StartBugReporterOnCrash: 0, Is64bit: 1, IsPro: 1

COMMAND LINE ARGUMENTS:
C:\Program Files\Unity\Hub\Editor\2022.3.50f1\Editor\Unity.exe
-adb2
-batchMode
-noUpm
-name
AssetImportWorker2
-projectPath
C:/Users/over4/OneDrive/Рабочий стол/git/Rain-of-Cubes/Rain of Cubes
-logFile
Logs/AssetImportWorker2.log
-srvPort
61480
Successfully changed project path to: C:/Users/over4/OneDrive/Рабочий стол/git/Rain-of-Cubes/Rain of Cubes
C:/Users/over4/OneDrive/Рабочий стол/git/Rain-of-Cubes/Rain of Cubes
[UnityMemory] Configuration Parameters - Can be set up in boot.config
    "memorysetup-bucket-allocator-granularity=16"
    "memorysetup-bucket-allocator-bucket-count=8"
    "memorysetup-bucket-allocator-block-size=33554432"
    "memorysetup-bucket-allocator-block-count=8"
    "memorysetup-main-allocator-block-size=16777216"
    "memorysetup-thread-allocator-block-size=16777216"
    "memorysetup-gfx-main-allocator-block-size=16777216"
    "memorysetup-gfx-thread-allocator-block-size=16777216"
    "memorysetup-cache-allocator-block-size=4194304"
    "memorysetup-typetree-allocator-block-size=2097152"
    "memorysetup-profiler-bucket-allocator-granularity=16"
    "memorysetup-profiler-bucket-allocator-bucket-count=8"
    "memorysetup-profiler-bucket-allocator-block-size=33554432"
    "memorysetup-profiler-bucket-allocator-block-count=8"
    "memorysetup-profiler-allocator-block-size=16777216"
    "memorysetup-profiler-editor-allocator-block-size=1048576"
    "memorysetup-temp-allocator-size-main=16777216"
    "memorysetup-job-temp-allocator-block-size=2097152"
    "memorysetup-job-temp-allocator-block-size-background=1048576"
    "memorysetup-job-temp-allocator-reduction-small-platforms=262144"
    "memorysetup-allocator-temp-initial-block-size-main=262144"
    "memorysetup-allocator-temp-initial-block-size-worker=262144"
    "memorysetup-temp-allocator-size-background-worker=32768"
    "memorysetup-temp-allocator-size-job-worker=262144"
    "memorysetup-temp-allocator-size-preload-manager=33554432"
    "memorysetup-temp-allocator-size-nav-mesh-worker=65536"
    "memorysetup-temp-allocator-size-audio-worker=65536"
    "memorysetup-temp-allocator-size-cloud-worker=32768"
    "memorysetup-temp-allocator-size-gi-baking-worker=262144"
    "memorysetup-temp-allocator-size-gfx=262144"
Player connection [26728]  Target information:

Player connection [26728]  * "[IP] 192.168.31.26 [Port] 0 [Flags] 2 [Guid] 3555555180 [EditorId] 3555555180 [Version] 1048832 [Id] WindowsEditor(7,DESKTOP-0GLSJDO) [Debug] 1 [PackageName] WindowsEditor [ProjectName] Editor" 

Player connection [26728] Host joined multi-casting on [225.0.0.222:54997]...
Player connection [26728] Host joined alternative multi-casting on [225.0.0.222:34997]...
[PhysX] Initialized MultithreadedTaskDispatcher with 12 workers.
Refreshing native plugins compatible for Editor in 9.64 ms, found 3 plugins.
Preloading 0 native plugins for Editor in 0.00 ms.
Initialize engine version: 2022.3.50f1 (c3db7f8bf9b1)
[Subsystems] Discovering subsystems at path C:/Program Files/Unity/Hub/Editor/2022.3.50f1/Editor/Data/Resources/UnitySubsystems
[Subsystems] Discovering subsystems at path C:/Users/over4/OneDrive/Рабочий стол/git/Rain-of-Cubes/Rain of Cubes/Assets
GfxDevice: creating device client; threaded=0; jobified=0
Direct3D:
    Version:  Direct3D 11.0 [level 11.1]
    Renderer: Radeon RX 570 Series (ID=0x67df)
    Vendor:   ATI
    VRAM:     8170 MB
    Driver:   31.0.21921.1000
Initialize mono
Mono path[0] = 'C:/Program Files/Unity/Hub/Editor/2022.3.50f1/Editor/Data/Managed'
Mono path[1] = 'C:/Program Files/Unity/Hub/Editor/2022.3.50f1/Editor/Data/MonoBleedingEdge/lib/mono/unityjit-win32'
Mono config path = 'C:/Program Files/Unity/Hub/Editor/2022.3.50f1/Editor/Data/MonoBleedingEdge/etc'
Using monoOptions --debugger-agent=transport=dt_socket,embedding=1,server=y,suspend=n,address=127.0.0.1:56480
Begin MonoManager ReloadAssembly
Registering precompiled unity dll's ...
Register platform support module: C:/Program Files/Unity/Hub/Editor/2022.3.50f1/Editor/Data/PlaybackEngines/AndroidPlayer/UnityEditor.Android.Extensions.dll
Register platform support module: C:/Program Files/Unity/Hub/Editor/2022.3.50f1/Editor/Data/PlaybackEngines/iOSSupport/UnityEditor.iOS.Extensions.dll
Register platform support module: C:/Program Files/Unity/Hub/Editor/2022.3.50f1/Editor/Data/PlaybackEngines/WindowsStandaloneSupport/UnityEditor.WindowsStandalone.Extensions.dll
Registered in 0.014357 seconds.
- Loaded All Assemblies, in  0.305 seconds
Native extension for WindowsStandalone target not found
[usbmuxd] Start listen thread
[usbmuxd] Listen thread started
Native extension for iOS target not found
Native extension for Android target not found
Android Extension - Scanning For ADB Devices 231 ms
Mono: successfully reloaded assembly
- Finished resetting the current domain, in  0.498 seconds
Domain Reload Profiling: 802ms
	BeginReloadAssembly (94ms)
		ExecutionOrderSort (0ms)
		DisableScriptedObjects (0ms)
		BackupInstance (0ms)
		ReleaseScriptingObjects (0ms)
		CreateAndSetChildDomain (1ms)
	RebuildCommonClasses (27ms)
	RebuildNativeTypeToScriptingClass (8ms)
	initialDomainReloadingComplete (60ms)
	LoadAllAssembliesAndSetupDomain (114ms)
		LoadAssemblies (92ms)
		RebuildTransferFunctionScriptingTraits (0ms)
		AnalyzeDomain (112ms)
			TypeCache.Refresh (111ms)
				TypeCache.ScanAssembly (101ms)
			ScanForSourceGeneratedMonoScriptInfo (0ms)
			ResolveRequiredComponents (0ms)
	FinalizeReload (499ms)
		ReleaseScriptCaches (0ms)
		RebuildScriptCaches (0ms)
		SetupLoadedEditorAssemblies (461ms)
			LogAssemblyErrors (0ms)
			InitializePlatformSupportModulesInManaged (308ms)
			SetLoadedEditorAssemblies (4ms)
			RefreshPlugins (0ms)
			BeforeProcessingInitializeOnLoad (2ms)
			ProcessInitializeOnLoadAttributes (106ms)
			ProcessInitializeOnLoadMethodAttributes (41ms)
			AfterProcessingInitializeOnLoad (0ms)
			EditorAssembliesLoaded (0ms)
		ExecutionOrderSort2 (0ms)
		AwakeInstancesAfterBackupRestoration (0ms)
========================================================================
Worker process is ready to serve import requests
Caller must complete domain reload
Begin MonoManager ReloadAssembly
- Loaded All Assemblies, in  0.589 seconds
Native extension for WindowsStandalone target not found
Native extension for iOS target not found
Native extension for Android target not found
Mono: successfully reloaded assembly
- Finished resetting the current domain, in  0.612 seconds
Domain Reload Profiling: 1197ms
	BeginReloadAssembly (130ms)
		ExecutionOrderSort (0ms)
		DisableScriptedObjects (6ms)
		BackupInstance (0ms)
		ReleaseScriptingObjects (0ms)
		CreateAndSetChildDomain (20ms)
	RebuildCommonClasses (31ms)
	RebuildNativeTypeToScriptingClass (15ms)
	initialDomainReloadingComplete (42ms)
	LoadAllAssembliesAndSetupDomain (367ms)
		LoadAssemblies (298ms)
		RebuildTransferFunctionScriptingTraits (0ms)
		AnalyzeDomain (144ms)
			TypeCache.Refresh (127ms)
				TypeCache.ScanAssembly (112ms)
			ScanForSourceGeneratedMonoScriptInfo (12ms)
			ResolveRequiredComponents (4ms)
	FinalizeReload (612ms)
		ReleaseScriptCaches (0ms)
		RebuildScriptCaches (0ms)
		SetupLoadedEditorAssemblies (491ms)
			LogAssemblyErrors (0ms)
			InitializePlatformSupportModulesInManaged (29ms)
			SetLoadedEditorAssemblies (4ms)
			RefreshPlugins (0ms)
			BeforeProcessingInitializeOnLoad (81ms)
			ProcessInitializeOnLoadAttributes (348ms)
			ProcessInitializeOnLoadMethodAttributes (18ms)
			AfterProcessingInitializeOnLoad (10ms)
			EditorAssembliesLoaded (0ms)
		ExecutionOrderSort2 (0ms)
		AwakeInstancesAfterBackupRestoration (6ms)
Launched and connected shader compiler UnityShaderCompiler.exe after 0.04 seconds
Refreshing native plugins compatible for Editor in 4.60 ms, found 3 plugins.
Preloading 0 native plugins for Editor in 0.00 ms.
Unloading 3108 Unused Serialized files (Serialized files now loaded: 0)
Unloading 19 unused Assets / (54.5 KB). Loaded Objects now: 3576.
Memory consumption went from 118.8 MB to 118.8 MB.
Total: 2.761800 ms (FindLiveObjects: 0.211200 ms CreateObjectMapping: 0.074800 ms MarkObjects: 2.385300 ms  DeleteObjects: 0.089600 ms)

AssetImportParameters requested are different than current active one (requested -> active):
  custom:container-demuxer-ogg: 62fdf1f143b41e24485cea50d1cbac27 -> 
  custom:video-decoder-ogg-theora: a1e56fd34408186e4bbccfd4996cb3dc -> 
  custom:framework-win-MediaFoundation: 216162199b28c13a410421893ffa2e32 -> 
  custom:CustomObjectIndexerAttribute: 9a22284fe3817be447336de3de66b15e -> 
  custom:container-demuxer-webm: 4f35f7cbe854078d1ac9338744f61a02 -> 
  custom:container-muxer-webm: aa71ff27fc2769a1b78a27578f13a17b -> 
  custom:video-decoder-webm-vp8: 9c59270c3fd7afecdb556c50c9e8de78 -> 
  custom:SearchIndexIgnoredProperties: e643bd26f0fe6173181afceb89e7c659 -> 
  custom:AudioImporter_EditorPlatform: d09bf68614088b80899f8185d706f6e7 -> 
  custom:video-encoder-webm-vp8: eb34c28f22e8b96e1ab97ce403110664 -> 
  custom:audio-decoder-ogg-vorbis: bf7c407c2cedff20999df2af8eb42d56 -> 
  custom:audio-encoder-webm-vorbis: bf7c407c2cedff20999df2af8eb42d56 -> 
========================================================================
Received Import Request.
  Time since last request: 330964.652268 seconds.
  path: Assets/Prefabs/Cube.prefab
  artifactKey: Guid(6f465dab9e6bdbc40b292aa1082e7dd9) Importer(815301076,1909f56bfc062723c751e8b465ee728b)
Start importing Assets/Prefabs/Cube.prefab using Guid(6f465dab9e6bdbc40b292aa1082e7dd9) Importer(815301076,1909f56bfc062723c751e8b465ee728b) [PhysX] Initialized MultithreadedTaskDispatcher with 12 workers.
[PhysX] Initialized MultithreadedTaskDispatcher with 12 workers.
 -> (artifact id: '4f054d5bc610dc54e39bc5673969f2d3') in 0.085642 seconds
Number of updated asset objects reloaded before import = 0
Number of asset objects unloaded after import = 10
========================================================================
Received Prepare
Caller must complete domain reload
Begin MonoManager ReloadAssembly
- Loaded All Assemblies, in  0.410 seconds
Native extension for WindowsStandalone target not found
Native extension for iOS target not found
Native extension for Android target not found
Mono: successfully reloaded assembly
- Finished resetting the current domain, in  0.970 seconds
Domain Reload Profiling: 1377ms
	BeginReloadAssembly (133ms)
		ExecutionOrderSort (0ms)
		DisableScriptedObjects (4ms)
		BackupInstance (0ms)
		ReleaseScriptingObjects (0ms)
		CreateAndSetChildDomain (29ms)
	RebuildCommonClasses (25ms)
	RebuildNativeTypeToScriptingClass (8ms)
	initialDomainReloadingComplete (28ms)
	LoadAllAssembliesAndSetupDomain (212ms)
		LoadAssemblies (273ms)
		RebuildTransferFunctionScriptingTraits (0ms)
		AnalyzeDomain (10ms)
			TypeCache.Refresh (4ms)
				TypeCache.ScanAssembly (0ms)
			ScanForSourceGeneratedMonoScriptInfo (0ms)
			ResolveRequiredComponents (4ms)
	FinalizeReload (971ms)
		ReleaseScriptCaches (0ms)
		RebuildScriptCaches (0ms)
		SetupLoadedEditorAssemblies (498ms)
			LogAssemblyErrors (0ms)
			InitializePlatformSupportModulesInManaged (29ms)
			SetLoadedEditorAssemblies (5ms)
			RefreshPlugins (0ms)
			BeforeProcessingInitializeOnLoad (89ms)
			ProcessInitializeOnLoadAttributes (347ms)
			ProcessInitializeOnLoadMethodAttributes (19ms)
			AfterProcessingInitializeOnLoad (9ms)
			EditorAssembliesLoaded (0ms)
		ExecutionOrderSort2 (0ms)
		AwakeInstancesAfterBackupRestoration (5ms)
Refreshing native plugins compatible for Editor in 4.45 ms, found 3 plugins.
Preloading 0 native plugins for Editor in 0.00 ms.
Unloading 3100 Unused Serialized files (Serialized files now loaded: 0)
Unloading 13 unused Assets / (27.6 KB). Loaded Objects now: 3589.
Memory consumption went from 122.2 MB to 122.2 MB.
Total: 2.207500 ms (FindLiveObjects: 0.178100 ms CreateObjectMapping: 0.072800 ms MarkObjects: 1.929800 ms  DeleteObjects: 0.026400 ms)

Prepare: number of updated asset objects reloaded= 0
AssetImportParameters requested are different than current active one (requested -> active):
  custom:container-demuxer-ogg: 62fdf1f143b41e24485cea50d1cbac27 -> 
  custom:video-decoder-ogg-theora: a1e56fd34408186e4bbccfd4996cb3dc -> 
  custom:framework-win-MediaFoundation: 216162199b28c13a410421893ffa2e32 -> 
  custom:CustomObjectIndexerAttribute: 9a22284fe3817be447336de3de66b15e -> 
  custom:container-demuxer-webm: 4f35f7cbe854078d1ac9338744f61a02 -> 
  custom:container-muxer-webm: aa71ff27fc2769a1b78a27578f13a17b -> 
  custom:video-decoder-webm-vp8: 9c59270c3fd7afecdb556c50c9e8de78 -> 
  custom:SearchIndexIgnoredProperties: e643bd26f0fe6173181afceb89e7c659 -> 
  custom:AudioImporter_EditorPlatform: d09bf68614088b80899f8185d706f6e7 -> 
  custom:video-encoder-webm-vp8: eb34c28f22e8b96e1ab97ce403110664 -> 
  custom:audio-decoder-ogg-vorbis: bf7c407c2cedff20999df2af8eb42d56 -> 
  custom:audio-encoder-webm-vorbis: bf7c407c2cedff20999df2af8eb42d56 -> 
========================================================================
Received Prepare
Caller must complete domain reload
Begin MonoManager ReloadAssembly
- Loaded All Assemblies, in  0.401 seconds
Native extension for WindowsStandalone target not found
Native extension for iOS target not found
Native extension for Android target not found
Mono: successfully reloaded assembly
- Finished resetting the current domain, in  0.963 seconds
Domain Reload Profiling: 1361ms
	BeginReloadAssembly (125ms)
		ExecutionOrderSort (0ms)
		DisableScriptedObjects (4ms)
		BackupInstance (0ms)
		ReleaseScriptingObjects (0ms)
		CreateAndSetChildDomain (24ms)
	RebuildCommonClasses (25ms)
	RebuildNativeTypeToScriptingClass (8ms)
	initialDomainReloadingComplete (28ms)
	LoadAllAssembliesAndSetupDomain (211ms)
		LoadAssemblies (269ms)
		RebuildTransferFunctionScriptingTraits (0ms)
		AnalyzeDomain (10ms)
			TypeCache.Refresh (4ms)
				TypeCache.ScanAssembly (0ms)
			ScanForSourceGeneratedMonoScriptInfo (0ms)
			ResolveRequiredComponents (5ms)
	FinalizeReload (963ms)
		ReleaseScriptCaches (0ms)
		RebuildScriptCaches (0ms)
		SetupLoadedEditorAssemblies (501ms)
			LogAssemblyErrors (0ms)
			InitializePlatformSupportModulesInManaged (33ms)
			SetLoadedEditorAssemblies (5ms)
			RefreshPlugins (0ms)
			BeforeProcessingInitializeOnLoad (87ms)
			ProcessInitializeOnLoadAttributes (347ms)
			ProcessInitializeOnLoadMethodAttributes (20ms)
			AfterProcessingInitializeOnLoad (9ms)
			EditorAssembliesLoaded (0ms)
		ExecutionOrderSort2 (0ms)
		AwakeInstancesAfterBackupRestoration (5ms)
Refreshing native plugins compatible for Editor in 3.69 ms, found 3 plugins.
Preloading 0 native plugins for Editor in 0.00 ms.
Unloading 3100 Unused Serialized files (Serialized files now loaded: 0)
Unloading 13 unused Assets / (27.5 KB). Loaded Objects now: 3592.
Memory consumption went from 122.2 MB to 122.2 MB.
Total: 2.292200 ms (FindLiveObjects: 0.174900 ms CreateObjectMapping: 0.073300 ms MarkObjects: 2.010000 ms  DeleteObjects: 0.033300 ms)

Prepare: number of updated asset objects reloaded= 0
AssetImportParameters requested are different than current active one (requested -> active):
  custom:container-demuxer-ogg: 62fdf1f143b41e24485cea50d1cbac27 -> 
  custom:video-decoder-ogg-theora: a1e56fd34408186e4bbccfd4996cb3dc -> 
  custom:framework-win-MediaFoundation: 216162199b28c13a410421893ffa2e32 -> 
  custom:CustomObjectIndexerAttribute: 9a22284fe3817be447336de3de66b15e -> 
  custom:container-demuxer-webm: 4f35f7cbe854078d1ac9338744f61a02 -> 
  custom:container-muxer-webm: aa71ff27fc2769a1b78a27578f13a17b -> 
  custom:video-decoder-webm-vp8: 9c59270c3fd7afecdb556c50c9e8de78 -> 
  custom:SearchIndexIgnoredProperties: e643bd26f0fe6173181afceb89e7c659 -> 
  custom:AudioImporter_EditorPlatform: d09bf68614088b80899f8185d706f6e7 -> 
  custom:video-encoder-webm-vp8: eb34c28f22e8b96e1ab97ce403110664 -> 
  custom:audio-decoder-ogg-vorbis: bf7c407c2cedff20999df2af8eb42d56 -> 
  custom:audio-encoder-webm-vorbis: bf7c407c2cedff20999df2af8eb42d56 -> 
========================================================================
Received Prepare
Caller must complete domain reload
Begin MonoManager ReloadAssembly
- Loaded All Assemblies, in  0.417 seconds
Native extension for WindowsStandalone target not found
Native extension for iOS target not found
Native extension for Android target not found
Mono: successfully reloaded assembly
- Finished resetting the current domain, in  0.960 seconds
Domain Reload Profiling: 1372ms
	BeginReloadAssembly (131ms)
		ExecutionOrderSort (0ms)
		DisableScriptedObjects (4ms)
		BackupInstance (0ms)
		ReleaseScriptingObjects (0ms)
		CreateAndSetChildDomain (24ms)
	RebuildCommonClasses (25ms)
	RebuildNativeTypeToScriptingClass (8ms)
	initialDomainReloadingComplete (27ms)
	LoadAllAssembliesAndSetupDomain (220ms)
		LoadAssemblies (281ms)
		RebuildTransferFunctionScriptingTraits (0ms)
		AnalyzeDomain (10ms)
			TypeCache.Refresh (4ms)
				TypeCache.ScanAssembly (0ms)
			ScanForSourceGeneratedMonoScriptInfo (0ms)
			ResolveRequiredComponents (5ms)
	FinalizeReload (960ms)
		ReleaseScriptCaches (0ms)
		RebuildScriptCaches (0ms)
		SetupLoadedEditorAssemblies (499ms)
			LogAssemblyErrors (0ms)
			InitializePlatformSupportModulesInManaged (29ms)
			SetLoadedEditorAssemblies (5ms)
			RefreshPlugins (0ms)
			BeforeProcessingInitializeOnLoad (88ms)
			ProcessInitializeOnLoadAttributes (347ms)
			ProcessInitializeOnLoadMethodAttributes (21ms)
			AfterProcessingInitializeOnLoad (9ms)
			EditorAssembliesLoaded (0ms)
		ExecutionOrderSort2 (0ms)
		AwakeInstancesAfterBackupRestoration (5ms)
Refreshing native plugins compatible for Editor in 4.21 ms, found 3 plugins.
Preloading 0 native plugins for Editor in 0.00 ms.
Unloading 3100 Unused Serialized files (Serialized files now loaded: 0)
Unloading 13 unused Assets / (27.6 KB). Loaded Objects now: 3595.
Memory consumption went from 122.2 MB to 122.2 MB.
Total: 2.239100 ms (FindLiveObjects: 0.180400 ms CreateObjectMapping: 0.072700 ms MarkObjects: 1.959100 ms  DeleteObjects: 0.026200 ms)

Prepare: number of updated asset objects reloaded= 0
AssetImportParameters requested are different than current active one (requested -> active):
  custom:container-demuxer-ogg: 62fdf1f143b41e24485cea50d1cbac27 -> 
  custom:video-decoder-ogg-theora: a1e56fd34408186e4bbccfd4996cb3dc -> 
  custom:framework-win-MediaFoundation: 216162199b28c13a410421893ffa2e32 -> 
  custom:CustomObjectIndexerAttribute: 9a22284fe3817be447336de3de66b15e -> 
  custom:container-demuxer-webm: 4f35f7cbe854078d1ac9338744f61a02 -> 
  custom:container-muxer-webm: aa71ff27fc2769a1b78a27578f13a17b -> 
  custom:video-decoder-webm-vp8: 9c59270c3fd7afecdb556c50c9e8de78 -> 
  custom:SearchIndexIgnoredProperties: e643bd26f0fe6173181afceb89e7c659 -> 
  custom:AudioImporter_EditorPlatform: d09bf68614088b80899f8185d706f6e7 -> 
  custom:video-encoder-webm-vp8: eb34c28f22e8b96e1ab97ce403110664 -> 
  custom:audio-decoder-ogg-vorbis: bf7c407c2cedff20999df2af8eb42d56 -> 
  custom:audio-encoder-webm-vorbis: bf7c407c2cedff20999df2af8eb42d56 -> 
========================================================================
Received Prepare
Caller must complete domain reload
Begin MonoManager ReloadAssembly
- Loaded All Assemblies, in  0.400 seconds
Native extension for WindowsStandalone target not found
Native extension for iOS target not found
Native extension for Android target not found
Mono: successfully reloaded assembly
- Finished resetting the current domain, in  1.013 seconds
Domain Reload Profiling: 1410ms
	BeginReloadAssembly (128ms)
		ExecutionOrderSort (0ms)
		DisableScriptedObjects (4ms)
		BackupInstance (0ms)
		ReleaseScriptingObjects (0ms)
		CreateAndSetChildDomain (24ms)
	RebuildCommonClasses (25ms)
	RebuildNativeTypeToScriptingClass (8ms)
	initialDomainReloadingComplete (27ms)
	LoadAllAssembliesAndSetupDomain (208ms)
		LoadAssemblies (268ms)
		RebuildTransferFunctionScriptingTraits (0ms)
		AnalyzeDomain (10ms)
			TypeCache.Refresh (5ms)
				TypeCache.ScanAssembly (0ms)
			ScanForSourceGeneratedMonoScriptInfo (0ms)
			ResolveRequiredComponents (4ms)
	FinalizeReload (1013ms)
		ReleaseScriptCaches (0ms)
		RebuildScriptCaches (0ms)
		SetupLoadedEditorAssemblies (539ms)
			LogAssemblyErrors (0ms)
			InitializePlatformSupportModulesInManaged (31ms)
			SetLoadedEditorAssemblies (5ms)
			RefreshPlugins (0ms)
			BeforeProcessingInitializeOnLoad (91ms)
			ProcessInitializeOnLoadAttributes (376ms)
			ProcessInitializeOnLoadMethodAttributes (23ms)
			AfterProcessingInitializeOnLoad (12ms)
			EditorAssembliesLoaded (0ms)
		ExecutionOrderSort2 (0ms)
		AwakeInstancesAfterBackupRestoration (6ms)
Refreshing native plugins compatible for Editor in 4.48 ms, found 3 plugins.
Preloading 0 native plugins for Editor in 0.00 ms.
Unloading 3100 Unused Serialized files (Serialized files now loaded: 0)
Unloading 13 unused Assets / (27.6 KB). Loaded Objects now: 3598.
Memory consumption went from 122.3 MB to 122.2 MB.
Total: 2.541400 ms (FindLiveObjects: 0.207000 ms CreateObjectMapping: 0.080400 ms MarkObjects: 2.225700 ms  DeleteObjects: 0.027700 ms)

Prepare: number of updated asset objects reloaded= 0
AssetImportParameters requested are different than current active one (requested -> active):
  custom:container-demuxer-ogg: 62fdf1f143b41e24485cea50d1cbac27 -> 
  custom:video-decoder-ogg-theora: a1e56fd34408186e4bbccfd4996cb3dc -> 
  custom:framework-win-MediaFoundation: 216162199b28c13a410421893ffa2e32 -> 
  custom:CustomObjectIndexerAttribute: 9a22284fe3817be447336de3de66b15e -> 
  custom:container-demuxer-webm: 4f35f7cbe854078d1ac9338744f61a02 -> 
  custom:container-muxer-webm: aa71ff27fc2769a1b78a27578f13a17b -> 
  custom:video-decoder-webm-vp8: 9c59270c3fd7afecdb556c50c9e8de78 -> 
  custom:SearchIndexIgnoredProperties: e643bd26f0fe6173181afceb89e7c659 -> 
  custom:AudioImporter_EditorPlatform: d09bf68614088b80899f8185d706f6e7 -> 
  custom:video-encoder-webm-vp8: eb34c28f22e8b96e1ab97ce403110664 -> 
  custom:audio-decoder-ogg-vorbis: bf7c407c2cedff20999df2af8eb42d56 -> 
  custom:audio-encoder-webm-vorbis: bf7c407c2cedff20999df2af8eb42d56 -> 
========================================================================
Received Prepare
Caller must complete domain reload
Begin MonoManager ReloadAssembly
- Loaded All Assemblies, in  0.429 seconds
Native extension for WindowsStandalone target not found
Native extension for iOS target not found
Native extension for Android target not found
Mono: successfully reloaded assembly
- Finished resetting the current domain, in  0.968 seconds
Domain Reload Profiling: 1393ms
	BeginReloadAssembly (134ms)
		ExecutionOrderSort (0ms)
		DisableScriptedObjects (4ms)
		BackupInstance (0ms)
		ReleaseScriptingObjects (0ms)
		CreateAndSetChildDomain (24ms)
	RebuildCommonClasses (30ms)
	RebuildNativeTypeToScriptingClass (9ms)
	initialDomainReloadingComplete (34ms)
	LoadAllAssembliesAndSetupDomain (218ms)
		LoadAssemblies (285ms)
		RebuildTransferFunctionScriptingTraits (0ms)
		AnalyzeDomain (11ms)
			TypeCache.Refresh (4ms)
				TypeCache.ScanAssembly (0ms)
			ScanForSourceGeneratedMonoScriptInfo (0ms)
			ResolveRequiredComponents (5ms)
	FinalizeReload (968ms)
		ReleaseScriptCaches (0ms)
		RebuildScriptCaches (0ms)
		SetupLoadedEditorAssemblies (498ms)
			LogAssemblyErrors (0ms)
			InitializePlatformSupportModulesInManaged (29ms)
			SetLoadedEditorAssemblies (5ms)
			RefreshPlugins (0ms)
			BeforeProcessingInitializeOnLoad (85ms)
			ProcessInitializeOnLoadAttributes (350ms)
			ProcessInitializeOnLoadMethodAttributes (19ms)
			AfterProcessingInitializeOnLoad (10ms)
			EditorAssembliesLoaded (0ms)
		ExecutionOrderSort2 (0ms)
		AwakeInstancesAfterBackupRestoration (5ms)
Refreshing native plugins compatible for Editor in 3.93 ms, found 3 plugins.
Preloading 0 native plugins for Editor in 0.00 ms.
Unloading 3100 Unused Serialized files (Serialized files now loaded: 0)
Unloading 13 unused Assets / (27.6 KB). Loaded Objects now: 3601.
Memory consumption went from 122.3 MB to 122.2 MB.
Total: 2.559100 ms (FindLiveObjects: 0.293000 ms CreateObjectMapping: 0.085000 ms MarkObjects: 2.152800 ms  DeleteObjects: 0.027700 ms)

Prepare: number of updated asset objects reloaded= 0
AssetImportParameters requested are different than current active one (requested -> active):
  custom:container-demuxer-ogg: 62fdf1f143b41e24485cea50d1cbac27 -> 
  custom:video-decoder-ogg-theora: a1e56fd34408186e4bbccfd4996cb3dc -> 
  custom:framework-win-MediaFoundation: 216162199b28c13a410421893ffa2e32 -> 
  custom:CustomObjectIndexerAttribute: 9a22284fe3817be447336de3de66b15e -> 
  custom:container-demuxer-webm: 4f35f7cbe854078d1ac9338744f61a02 -> 
  custom:container-muxer-webm: aa71ff27fc2769a1b78a27578f13a17b -> 
  custom:video-decoder-webm-vp8: 9c59270c3fd7afecdb556c50c9e8de78 -> 
  custom:SearchIndexIgnoredProperties: e643bd26f0fe6173181afceb89e7c659 -> 
  custom:AudioImporter_EditorPlatform: d09bf68614088b80899f8185d706f6e7 -> 
  custom:video-encoder-webm-vp8: eb34c28f22e8b96e1ab97ce403110664 -> 
  custom:audio-decoder-ogg-vorbis: bf7c407c2cedff20999df2af8eb42d56 -> 
  custom:audio-encoder-webm-vorbis: bf7c407c2cedff20999df2af8eb42d56 -> 
========================================================================
Received Prepare
Caller must complete domain reload
Begin MonoManager ReloadAssembly
- Loaded All Assemblies, in  0.439 seconds
Native extension for WindowsStandalone target not found
Native extension for iOS target not found
Native extension for Android target not found
Mono: successfully reloaded assembly
- Finished resetting the current domain, in  0.976 seconds
Domain Reload Profiling: 1411ms
	BeginReloadAssembly (139ms)
		ExecutionOrderSort (0ms)
		DisableScriptedObjects (5ms)
		BackupInstance (0ms)
		ReleaseScriptingObjects (0ms)
		CreateAndSetChildDomain (25ms)
	RebuildCommonClasses (31ms)
	RebuildNativeTypeToScriptingClass (9ms)
	initialDomainReloadingComplete (28ms)
	LoadAllAssembliesAndSetupDomain (227ms)
		LoadAssemblies (288ms)
		RebuildTransferFunctionScriptingTraits (0ms)
		AnalyzeDomain (20ms)
			TypeCache.Refresh (8ms)
				TypeCache.ScanAssembly (3ms)
			ScanForSourceGeneratedMonoScriptInfo (6ms)
			ResolveRequiredComponents (5ms)
	FinalizeReload (977ms)
		ReleaseScriptCaches (0ms)
		RebuildScriptCaches (0ms)
		SetupLoadedEditorAssemblies (468ms)
			LogAssemblyErrors (0ms)
			InitializePlatformSupportModulesInManaged (29ms)
			SetLoadedEditorAssemblies (3ms)
			RefreshPlugins (0ms)
			BeforeProcessingInitializeOnLoad (86ms)
			ProcessInitializeOnLoadAttributes (323ms)
			ProcessInitializeOnLoadMethodAttributes (17ms)
			AfterProcessingInitializeOnLoad (9ms)
			EditorAssembliesLoaded (0ms)
		ExecutionOrderSort2 (0ms)
		AwakeInstancesAfterBackupRestoration (5ms)
Refreshing native plugins compatible for Editor in 5.55 ms, found 6 plugins.
Preloading 0 native plugins for Editor in 0.00 ms.
Unloading 3255 Unused Serialized files (Serialized files now loaded: 0)
Unloading 21 unused Assets / (336.0 KB). Loaded Objects now: 3751.
Memory consumption went from 127.4 MB to 127.1 MB.
Total: 2.524100 ms (FindLiveObjects: 0.191000 ms CreateObjectMapping: 0.115200 ms MarkObjects: 2.057000 ms  DeleteObjects: 0.160400 ms)

Prepare: number of updated asset objects reloaded= 0
AssetImportParameters requested are different than current active one (requested -> active):
  custom:scripting/monoscript/fileName/WEBMRecorderSettingsEditor.cs: 5559c87f45d3b65fac8d5ac4ef5e81c8 -> 
  custom:scripting/monoscript/fileName/UIElementHelper.cs: 9f9438adfe3361012ea6280d4cdb2df4 -> 
  custom:scripting/monoscript/fileName/AOVCameraInput.cs: c23c8ce885672bc57e25263b3efd067a -> 
  custom:scripting/monoscript/fileName/BaseTextureRecorder.cs: 90647cc400823b41df847a6cbfc29026 -> 
  custom:scripting/monoscript/fileName/Recorder.cs: a7e319d512627774f8215ba0b76f0bcb -> 
  custom:scripting/monoscript/fileName/AudioRecorder.cs: 89550121570f22445b4a1b28daea3cf9 -> 
  custom:scripting/monoscript/fileName/PanelSplitter.cs: 5ff6c6e385b6b12ca322a9c92ac6f371 -> 
  custom:scripting/monoscript/fileName/ImageRecorderSettings.cs: a7ab05fac9382c03607c40fe73956ed6 -> 
  custom:scripting/monoscript/fileName/RecorderClip.cs: 897017f45cb3c30f306724d1fa17a8fe -> 
  custom:scripting/monoscript/fileName/GIFRecorderSettings.cs: 979f88ae1e7731daed242ab2fdebbc0e -> 
  custom:container-demuxer-ogg: 62fdf1f143b41e24485cea50d1cbac27 -> 
  custom:scripting/monoscript/fileName/MovieRecorder.cs: 024785cf83e1399f425b2aa115d22e2b -> 
  custom:scripting/monoscript/fileName/RecorderControllerSettingsPresetEditor.cs: 49aed206ae65ed5ac6b420f7104cd52d -> 
  custom:scripting/monoscript/fileName/AudioInput.cs: 499e96d8f0b35d362bd956c0975bb873 -> 
  custom:scripting/monoscript/fileName/WEBMRecorderSettings.cs: c176c43abbe456aeea55c2aef862801b -> 
  custom:scripting/monoscript/fileName/RecorderControllerSettingsPreset.cs: 78b391c1384ac60213ef58d50e78d553 -> 
  custom:scripting/monoscript/fileName/GameViewInputSettings.cs: a7ae22123f532f5bbcb39c654c998b57 -> 
  custom:scripting/monoscript/fileName/GameViewInputPropertyDrawer.cs: ae2c8a99c5e33d3d1ffc8232415130e8 -> 
  custom:scripting/monoscript/fileName/Camera360Input.cs: dc473b118c57e0734b0cd3476e333c06 -> 
  custom:scripting/monoscript/fileName/RecorderPreferencesSettingsProvider.cs: d92d314b87f7c2170e267636ebf38224 -> 
  custom:scripting/monoscript/fileName/RecorderBindings.cs: ac25db5b587307cfea909607f62e5641 -> 
  custom:video-decoder-ogg-theora: a1e56fd34408186e4bbccfd4996cb3dc -> 
  custom:scripting/monoscript/fileName/GIFWrapper.cs: 6ef8898a12699129e8f81f06a649cad1 -> 
  custom:scripting/monoscript/fileName/SceneHook.cs: 80fa8928b499d44515dd60e0bc895128 -> 
  custom:scripting/monoscript/fileName/AnimationInput.cs: e810137278708a698c5ccddaeb1a1e64 -> 
  custom:scripting/monoscript/fileName/OutputResolutionPropertyDrawer.cs: 0e33ffdf424417a2e685685cfc04d4b1 -> 
  custom:scripting/monoscript/fileName/EnumHelper.cs: 117b5609cc2a1ae41785cd0c8767815f -> 
  custom:scripting/monoscript/fileName/OutputPath.cs: ee51fcffcd8929d224a5e3fb152d5f62 -> 
  custom:scripting/monoscript/fileName/FileNameGeneratorDrawer.cs: a3ea71dec141084df9b7ffa19c11e2cb -> 
  custom:framework-win-MediaFoundation: 216162199b28c13a410421893ffa2e32 -> 
  custom:scripting/monoscript/fileName/RecorderPreferencesWindowGUIScope.cs: 7a2eba6fcb6829ea8b200991a02c9c06 -> 
  custom:scripting/monoscript/fileName/AspectRatio.cs: 18e3efa554f8258b676d4de53e38b642 -> 
  custom:scripting/monoscript/fileName/CameraInputSettings.cs: 6738f6dd994f658d2cbf6f5f3ba05a0e -> 
  custom:scripting/monoscript/fileName/RefHandle.cs: 90647cc400823b41df847a6cbfc29026 -> 
  custom:scripting/monoscript/fileName/CameraCapture.cs: c6dcba1380d9a4fa09f4e36182a45a73 -> 
  custom:scripting/monoscript/fileName/RecorderControllerSettings.cs: 989e0caa64af9b76551d4ff6bd15f598 -> 
  custom:scripting/monoscript/fileName/TargetedPropertyDrawer.cs: 90647cc400823b41df847a6cbfc29026 -> 
  custom:scripting/monoscript/fileName/MovieRecorderSettings.cs: 02a667a67b113b1f65e3fcadcc882513 -> 
  custom:scripting/monoscript/fileName/RenderTextureInputSettings.cs: ebca820667a63031a7597db85d26451a -> 
  custom:scripting/monoscript/fileName/ImageRecorderEditor.cs: d3134ae4c1dfd8e056bace11130b7692 -> 
  custom:scripting/monoscript/fileName/ProResEncoderSettings.cs: 4aca03881946a7fe9acacf199434009e -> 
  custom:scripting/monoscript/fileName/_FrameRequestComponent.cs: b34f171daaafc65da55ea68e2ed89f2b -> 
  custom:scripting/monoscript/fileName/RenderTextureInput.cs: 5dea77837ae3c82bb14643cd82dc06dc -> 
  custom:scripting/monoscript/fileName/RecorderAnalytics.cs: 0fa40093f6ac3fe75e92d746d563e5ee -> 
  custom:scripting/monoscript/fileName/MP4RecorderSettingsEditor.cs: 68a64b16a7961d71fa7286fd1f782e9b -> 
  custom:scripting/monoscript/fileName/RecorderBindingsEditor.cs: f7451a0e1cea6404b2976d2b2c42e273 -> 
  custom:scripting/monoscript/fileName/BaseRenderTextureInput.cs: 5dc13661a5a0dca5d09ca211933a44e2 -> 
  custom:scripting/monoscript/fileName/StatusBarHelper.cs: da04a6ed046f8a62f416d5d3ea415bef -> 
  custom:scripting/precompiled-assembly-types:Unity.Recorder: bd5378c99f6216e06dd6e2c2a60a86a4 -> 
  custom:CustomObjectIndexerAttribute: 9a22284fe3817be447336de3de66b15e -> 
  custom:scripting/monoscript/fileName/Camera360InputSettings.cs: 3d5eaf1cb3a9df6f9d1d52f3c3018c46 -> 
  custom:scripting/monoscript/fileName/PNGRecorderSettingsEditor.cs: 4970e6657bb34f7efc2c7d8168c7358b -> 
  custom:scripting/monoscript/fileName/ImageHeightSelector.cs: d1a7972bf1d79d90f09ab23c718afe39 -> 
  custom:scripting/monoscript/fileName/AnimationInputSettings.cs: d64a99ebbd13660e9264cb4111ab9832 -> 
  custom:scripting/monoscript/fileName/MP4RecorderSettings.cs: 551f5535c05b86d6ee91684eced14987 -> 
  custom:scripting/monoscript/fileName/RecorderPreferencesSettings.cs: 761b0a55fc5e50239a1d0c4bfc968274 -> 
  custom:container-demuxer-webm: 4f35f7cbe854078d1ac9338744f61a02 -> 
  custom:scripting/monoscript/fileName/RecorderSettingsPrefsEditor.cs: ba9e697f1d269c2c960a41bc543fa408 -> 
  custom:scripting/monoscript/fileName/ProResWrapper.cs: 712515ef615766c98115c6a20d85d6c8 -> 
  custom:scripting/monoscript/fileName/RecordModePropertyDrawer.cs: 165332db07362bbcab2d8dc6d1e1dfda -> 
  custom:scripting/monoscript/fileName/ImageInputSettings.cs: 98a2aedd167d40f01804b04845eeaf15 -> 
  custom:scripting/monoscript/fileName/SerializableObjHelper.cs: f19f181f3f05e8e393225dd7030fb66a -> 
  custom:scripting/monoscript/fileName/InputPropertyDrawer.cs: 90647cc400823b41df847a6cbfc29026 -> 
  custom:scripting/monoscript/fileName/AudioInputSettings.cs: a2c930fca1dd5e27705fbacf39727bb4 -> 
  custom:scripting/monoscript/fileName/InputSettings.cs: 35c56ce5488c6b464726305dcbd33b3d -> 
  custom:scripting/monoscript/fileName/RecorderEditor.cs: 736e59ba52eea987abc47f36a836e575 -> 
  custom:scripting/monoscript/fileName/AudioRecorderSettings.cs: 0b00f2c93558486cc61a06f270f43fea -> 
  custom:scripting/monoscript/fileName/RecordersInventory.cs: fb714c8df18f9b7fc7f3361f604ae3dc -> 
  custom:scripting/monoscript/fileName/BaseFCRecorderSettings.cs: fab928553cedb8703ac192d6cf7b6294 -> 
  custom:scripting/monoscript/fileName/AOVRecorderSettings.cs: cdc731153cd2f1f739300a28ea6a6608 -> 
  custom:scripting/monoscript/fileName/EXRCompressionTypeDrawer.cs: 301cb614ecf84a4dab346c5f76ea2016 -> 
  custom:scripting/monoscript/fileName/AOVRecorder.cs: c53e83f1863b3ea80b6df3885cdb8c82 -> 
  custom:scripting/monoscript/fileName/IEncoderSettings.cs: c7d04fadacf538db841606cc656ae724 -> 
  custom:scripting/monoscript/fileName/ShutterProfileTypePropertyDrawer.cs: 18a32c647eca27716eabcb5a44f00e32 -> 
  custom:scripting/monoscript/fileName/MovieRecorderEditor.cs: eb00ddb8a76b8dfb7c88b7826a49d38b -> 
  custom:scripting/monoscript/fileName/RenderTextureInputSettingsPropertyDrawer.cs: 809602b52454cd1e6229756218a8f453 -> 
  custom:scripting/monoscript/fileName/RecorderPlayableBehaviour.cs: 80165a21f4cd0dda690f708a19d389bd -> 
  custom:scripting/monoscript/fileName/GifEncoderSettingsPropertyDrawer.cs: b36c9a7eaaefccda514b23d7e14761ca -> 
  custom:scripting/monoscript/fileName/PNGRecorder.cs: 08fd40f88cb6b18c96882f263639f57d -> 
  custom:scripting/monoscript/fileName/CameraInputSettingsPropertyDrawer.cs: 91928abf1abf88be098cb088d896aec5 -> 
  custom:scripting/monoscript/fileName/AudioRecorderEditor.cs: 565168dec291afe3fa470657cfc2c123 -> 
  custom:scripting/monoscript/fileName/AOVRecorderEditor.cs: 5ca53ccd6d7645709639507726114395 -> 
  custom:container-muxer-webm: aa71ff27fc2769a1b78a27578f13a17b -> 
  custom:video-decoder-webm-vp8: 9c59270c3fd7afecdb556c50c9e8de78 -> 
  custom:scripting/monoscript/fileName/RecordingSession.cs: f3ad08157c278a036224ca395f350890 -> 
  custom:scripting/monoscript/fileName/GameViewSize.cs: f6128a6515fcafce6db32fcdfa107254 -> 
  custom:scripting/monoscript/fileName/UnityHelpers.cs: b3e077029b574be508585124a9d839ef -> 
  custom:SearchIndexIgnoredProperties: e643bd26f0fe6173181afceb89e7c659 -> 
  custom:scripting/monoscript/fileName/GIFRecorder.cs: c00ece885699fb9084deaccd3eb27518 -> 
  custom:AudioImporter_EditorPlatform: d09bf68614088b80899f8185d706f6e7 -> 
  custom:scripting/monoscript/fileName/EXRRecorder.cs: 3f576ce8ddd959d51a4d7ba1999ecdbb -> 
  custom:scripting/monoscript/fileName/WEBMRecorder.cs: 391b6b920cfbc02401ea522620320c93 -> 
  custom:scripting/monoscript/fileName/RenderTextureSampler.cs: 1a7b9abab9548e1054dc40d6e2fa0270 -> 
  custom:scripting/monoscript/fileName/GifEncoder.cs: 40f336d5c5042a8a04556b4c5804a538 -> 
  custom:scripting/monoscript/fileName/GenericRecorder.cs: 90647cc400823b41df847a6cbfc29026 -> 
  custom:scripting/monoscript/fileName/ImageInputSelector.cs: f55822da877594150873922341be92b6 -> 
  custom:scripting/monoscript/fileName/AnimationRecorderSettingsEditor.cs: db1294bf3d48be44b6e4b2f2cc100b02 -> 
  custom:scripting/monoscript/fileName/RecorderTrack.cs: fac9638ece7eb7daaa1302fa170613fd -> 
  custom:scripting/monoscript/fileName/InputSettingsSelector.cs: 499a4ec92267406782b5c4f3472d53b9 -> 
  custom:scripting/monoscript/fileName/FileNameGenerator.cs: 5c8b6eb5291c3311189e0dfadac99363 -> 
  custom:scripting/monoscript/fileName/RecorderItem.cs: b62d2fcb9547a248575727d8a1646db8 -> 
  custom:scripting/monoscript/fileName/TextureFlipper.cs: 825b503b2ddab9cbd8ebbf3038075092 -> 
  custom:scripting/monoscript/fileName/AccumulationSettings.cs: fb962f0c2333934b681b167574f5e1cd -> 
  custom:scripting/monoscript/fileName/Camera360InputPropertyDrawer.cs: af647a2fe91bec98139246321cac865d -> 
  custom:scripting/monoscript/fileName/RecorderClipEditor.cs: 947ad5ff1f968d7fc40767d187070964 -> 
  custom:scripting/monoscript/fileName/EXRRecorderSettingsEditor.cs: c520a04c5f01331f2c8800e289ef6d6f -> 
  custom:scripting/monoscript/fileName/CoreEncoder.cs: dfaed86e82ad12e6a2b6740a0fb35820 -> 
  custom:scripting/monoscript/fileName/PNGRecorderSettings.cs: 79a421225358808ff14dd88c0355d1b6 -> 
  custom:scripting/monoscript/fileName/AspectRatioPropertyDrawer.cs: 9f18568574138839573389bde3e660a7 -> 
  custom:scripting/monoscript/fileName/ProResEncoder.cs: b375bf2d41e3d89081c3f2d1a0823bf3 -> 
  custom:scripting/monoscript/fileName/CameraInput.cs: bf7e0df3caf9e500f6d1c98c99e165ba -> 
  custom:scripting/monoscript/fileName/RecorderSettings.cs: bc3ef26ac157af28e5460886c0d5ef2e -> 
  custom:scripting/monoscript/fileName/RecorderClipTimelineEditor.cs: 2995d9f50ebc9245c6e9bd75c56415fb -> 
  custom:scripting/monoscript/fileName/EncoderSettingsAttribute.cs: 8352396dc11cff58c65c429fdb4fc67e -> 
  custom:scripting/monoscript/fileName/MP4Recorder.cs: af531c4e1f6d23547da08837eb16b729 -> 
  custom:scripting/monoscript/fileName/EncoderTypeUtilities.cs: a12c4c78a6cd4fb6b93180d59ad77be8 -> 
  custom:scripting/monoscript/fileName/PooledBufferAsyncGPUReadback.cs: 2a4e50c5dda177306c9ec935763c4378 -> 
  custom:scripting/monoscript/fileName/AnimationRecorder.cs: f749a4250195b5467bbf05e3a976b59f -> 
  custom:scripting/precompiled-assembly-types:Unity.Recorder.Base: 3fec19fdf10e3518c41e41a932f2042f -> 
  custom:scripting/monoscript/fileName/AnimationRecorderSettings.cs: 5cfb1544a40f93fe0ea879bb1361c877 -> 
  custom:scripting/monoscript/fileName/RenderTextureSamplerSettings.cs: 68adab84706346f2ecbdfd649ca9cf61 -> 
  custom:scripting/monoscript/fileName/RecordingContext.cs: af9af1e8b283703482ba133924b5585a -> 
  custom:scripting/monoscript/fileName/RecorderSelector.cs: c3cd2caacd181d6eff54dc260c4a1ffb -> 
  custom:video-encoder-webm-vp8: eb34c28f22e8b96e1ab97ce403110664 -> 
  custom:scripting/monoscript/fileName/RecorderInput.cs: 88fd8d8fd71b34ed7298a01f6c2d2e40 -> 
  custom:scripting/monoscript/fileName/RenderTextureSamplerPropertyDrawer.cs: b541817d9cc9b1341d2ddfa8823b718d -> 
  custom:scripting/monoscript/fileName/RecorderSettingsAttribute.cs: ddd228b25da7ba2ac10d13e1efacc875 -> 
  custom:audio-decoder-ogg-vorbis: bf7c407c2cedff20999df2af8eb42d56 -> 
  custom:scripting/monoscript/fileName/OutputPathDrawer.cs: cffc34c1be094e6caeb13ff3b26ca679 -> 
  custom:scripting/monoscript/fileName/EditorVersionsHelper.cs: 3ad9098caeeff0295dba8c0911f5333a -> 
  custom:scripting/monoscript/fileName/SettingAsset.cs: 7c3790954696ae83d71055079b387931 -> 
  custom:scripting/monoscript/fileName/OutputResolution.cs: 31c632d97e9a69bcc2ef10f6feb5bf62 -> 
  custom:scripting/monoscript/fileName/AccumulationSettingsPropertyDrawer.cs: bfc920db0de3c29c2967e88aac1c1027 -> 
  custom:scripting/monoscript/fileName/AnimationInputSettingsPropertyDrawer.cs: ebe1771fecebe7a93badf6354f59c990 -> 
  custom:scripting/monoscript/fileName/CoreEncoderSettings.cs: 2b5db1db3c1fa7de4175a7e143de3ce5 -> 
  custom:scripting/monoscript/fileName/VisualListItem.cs: 90647cc400823b41df847a6cbfc29026 -> 
  custom:scripting/monoscript/fileName/FrameRateProperyDrawer.cs: c478c798f5354f66af45b380be0629f9 -> 
  custom:scripting/monoscript/fileName/InputSettingsSelectorDrawer.cs: bca46dd5b59e2f574c94bef4cdb878fb -> 
  custom:scripting/monoscript/fileName/RecorderWindow.cs: 553a30d64d5ef1dcad6b00b4eeeb3829 -> 
  custom:scripting/monoscript/fileName/AOVCameraInputSettings.cs: 4d2fdf1142ce53d73cb43d39944ba516 -> 
  custom:scripting/monoscript/fileName/EnumProperyDrawer.cs: 90647cc400823b41df847a6cbfc29026 -> 
  custom:scripting/monoscript/fileName/AOVImageInputSelector.cs: b741d8d3a7cbb503c5bdf23d7e6792db -> 
  custom:scripting/monoscript/fileName/CoreEncoderSettingsPropertyDrawer.cs: c8bdf3420d844fd4604c0d0cf3815355 -> 
  custom:scripting/monoscript/fileName/GifEncoderSettings.cs: 812ca6afdf48b830953d76adab9d4030 -> 
  custom:scripting/monoscript/fileName/GIFRecorderSettingsEditor.cs: 4d0f46bcf58d188895fabae5334995ae -> 
  custom:scripting/monoscript/fileName/IEncoder.cs: 007c2ef621b0d92b5a7a6bae91d26090 -> 
  custom:scripting/monoscript/fileName/RecorderOptions.cs: 74782d297e80d8f56c0e05a7cde4e51d -> 
  custom:scripting/precompiled-assembly-types:Unity.Recorder.Editor: cd22b836ef1ca10e7d8c91c9be46b4bf -> 
  custom:scripting/monoscript/fileName/ProResEncoderSettingsPropertyDrawer.cs: 68c25e6d4459336217d4b9e22eb707b4 -> 
  custom:scripting/monoscript/fileName/ImageRecorder.cs: b804c29bfc59a61db184c1d275fe4101 -> 
  custom:scripting/monoscript/fileName/EditableLabel.cs: 4f8fa2c6092744ed6607a411e3f617c0 -> 
  custom:scripting/monoscript/fileName/GameViewInput.cs: 596e7ffa2d11b2002176644af3247ea6 -> 
  custom:audio-encoder-webm-vorbis: bf7c407c2cedff20999df2af8eb42d56 -> 
  custom:scripting/monoscript/fileName/SerializedDictionnary.cs: 90647cc400823b41df847a6cbfc29026 -> 
  custom:scripting/monoscript/fileName/HammersleySequence.cs: b06601f044912976f668045b7d4c79a8 -> 
  custom:scripting/monoscript/fileName/_RecorderComponent.cs: 8c268d1df4e18643d83ea9c6eeba2d9f -> 
  custom:scripting/monoscript/fileName/IAccumulation.cs: 38dee62d444423165276e3254554d005 -> 
  custom:scripting/monoscript/fileName/RecorderController.cs: 5760bd2995080b8d0d9d9e88ab8933c6 -> 
  custom:scripting/monoscript/fileName/EXRRecorderSettings.cs: bf113df492cb5b25e11ec144a73c2f74 -> 
========================================================================
Received Prepare
Caller must complete domain reload
Begin MonoManager ReloadAssembly
- Loaded All Assemblies, in  0.415 seconds
Native extension for WindowsStandalone target not found
Native extension for iOS target not found
Native extension for Android target not found
Mono: successfully reloaded assembly
- Finished resetting the current domain, in  1.044 seconds
Domain Reload Profiling: 1456ms
	BeginReloadAssembly (131ms)
		ExecutionOrderSort (0ms)
		DisableScriptedObjects (4ms)
		BackupInstance (0ms)
		ReleaseScriptingObjects (0ms)
		CreateAndSetChildDomain (28ms)
	RebuildCommonClasses (25ms)
	RebuildNativeTypeToScriptingClass (8ms)
	initialDomainReloadingComplete (27ms)
	LoadAllAssembliesAndSetupDomain (219ms)
		LoadAssemblies (280ms)
		RebuildTransferFunctionScriptingTraits (0ms)
		AnalyzeDomain (10ms)
			TypeCache.Refresh (4ms)
				TypeCache.ScanAssembly (0ms)
			ScanForSourceGeneratedMonoScriptInfo (0ms)
			ResolveRequiredComponents (5ms)
	FinalizeReload (1045ms)
		ReleaseScriptCaches (0ms)
		RebuildScriptCaches (0ms)
		SetupLoadedEditorAssemblies (539ms)
			LogAssemblyErrors (0ms)
			InitializePlatformSupportModulesInManaged (34ms)
			SetLoadedEditorAssemblies (4ms)
			RefreshPlugins (0ms)
			BeforeProcessingInitializeOnLoad (103ms)
			ProcessInitializeOnLoadAttributes (369ms)
			ProcessInitializeOnLoadMethodAttributes (20ms)
			AfterProcessingInitializeOnLoad (9ms)
			EditorAssembliesLoaded (0ms)
		ExecutionOrderSort2 (0ms)
		AwakeInstancesAfterBackupRestoration (5ms)
Refreshing native plugins compatible for Editor in 6.94 ms, found 6 plugins.
Preloading 0 native plugins for Editor in 0.00 ms.
Unloading 3255 Unused Serialized files (Serialized files now loaded: 0)
Unloading 21 unused Assets / (336.1 KB). Loaded Objects now: 3754.
Memory consumption went from 127.4 MB to 127.1 MB.
Total: 2.803600 ms (FindLiveObjects: 0.262900 ms CreateObjectMapping: 0.155000 ms MarkObjects: 2.210400 ms  DeleteObjects: 0.174800 ms)

Prepare: number of updated asset objects reloaded= 0
AssetImportParameters requested are different than current active one (requested -> active):
  custom:scripting/monoscript/fileName/WEBMRecorderSettingsEditor.cs: 5559c87f45d3b65fac8d5ac4ef5e81c8 -> 
  custom:scripting/monoscript/fileName/UIElementHelper.cs: 9f9438adfe3361012ea6280d4cdb2df4 -> 
  custom:scripting/monoscript/fileName/AOVCameraInput.cs: c23c8ce885672bc57e25263b3efd067a -> 
  custom:scripting/monoscript/fileName/BaseTextureRecorder.cs: 90647cc400823b41df847a6cbfc29026 -> 
  custom:scripting/monoscript/fileName/Recorder.cs: a7e319d512627774f8215ba0b76f0bcb -> 
  custom:scripting/monoscript/fileName/AudioRecorder.cs: 89550121570f22445b4a1b28daea3cf9 -> 
  custom:scripting/monoscript/fileName/PanelSplitter.cs: 5ff6c6e385b6b12ca322a9c92ac6f371 -> 
  custom:scripting/monoscript/fileName/ImageRecorderSettings.cs: a7ab05fac9382c03607c40fe73956ed6 -> 
  custom:scripting/monoscript/fileName/RecorderClip.cs: 897017f45cb3c30f306724d1fa17a8fe -> 
  custom:scripting/monoscript/fileName/GIFRecorderSettings.cs: 979f88ae1e7731daed242ab2fdebbc0e -> 
  custom:container-demuxer-ogg: 62fdf1f143b41e24485cea50d1cbac27 -> 
  custom:scripting/monoscript/fileName/MovieRecorder.cs: 024785cf83e1399f425b2aa115d22e2b -> 
  custom:scripting/monoscript/fileName/RecorderControllerSettingsPresetEditor.cs: 49aed206ae65ed5ac6b420f7104cd52d -> 
  custom:scripting/monoscript/fileName/AudioInput.cs: 499e96d8f0b35d362bd956c0975bb873 -> 
  custom:scripting/monoscript/fileName/WEBMRecorderSettings.cs: c176c43abbe456aeea55c2aef862801b -> 
  custom:scripting/monoscript/fileName/RecorderControllerSettingsPreset.cs: 78b391c1384ac60213ef58d50e78d553 -> 
  custom:scripting/monoscript/fileName/GameViewInputSettings.cs: a7ae22123f532f5bbcb39c654c998b57 -> 
  custom:scripting/monoscript/fileName/GameViewInputPropertyDrawer.cs: ae2c8a99c5e33d3d1ffc8232415130e8 -> 
  custom:scripting/monoscript/fileName/Camera360Input.cs: dc473b118c57e0734b0cd3476e333c06 -> 
  custom:scripting/monoscript/fileName/RecorderPreferencesSettingsProvider.cs: d92d314b87f7c2170e267636ebf38224 -> 
  custom:scripting/monoscript/fileName/RecorderBindings.cs: ac25db5b587307cfea909607f62e5641 -> 
  custom:video-decoder-ogg-theora: a1e56fd34408186e4bbccfd4996cb3dc -> 
  custom:scripting/monoscript/fileName/GIFWrapper.cs: 6ef8898a12699129e8f81f06a649cad1 -> 
  custom:scripting/monoscript/fileName/SceneHook.cs: 80fa8928b499d44515dd60e0bc895128 -> 
  custom:scripting/monoscript/fileName/AnimationInput.cs: e810137278708a698c5ccddaeb1a1e64 -> 
  custom:scripting/monoscript/fileName/OutputResolutionPropertyDrawer.cs: 0e33ffdf424417a2e685685cfc04d4b1 -> 
  custom:scripting/monoscript/fileName/EnumHelper.cs: 117b5609cc2a1ae41785cd0c8767815f -> 
  custom:scripting/monoscript/fileName/OutputPath.cs: ee51fcffcd8929d224a5e3fb152d5f62 -> 
  custom:scripting/monoscript/fileName/FileNameGeneratorDrawer.cs: a3ea71dec141084df9b7ffa19c11e2cb -> 
  custom:framework-win-MediaFoundation: 216162199b28c13a410421893ffa2e32 -> 
  custom:scripting/monoscript/fileName/RecorderPreferencesWindowGUIScope.cs: 7a2eba6fcb6829ea8b200991a02c9c06 -> 
  custom:scripting/monoscript/fileName/AspectRatio.cs: 18e3efa554f8258b676d4de53e38b642 -> 
  custom:scripting/monoscript/fileName/CameraInputSettings.cs: 6738f6dd994f658d2cbf6f5f3ba05a0e -> 
  custom:scripting/monoscript/fileName/RefHandle.cs: 90647cc400823b41df847a6cbfc29026 -> 
  custom:scripting/monoscript/fileName/CameraCapture.cs: c6dcba1380d9a4fa09f4e36182a45a73 -> 
  custom:scripting/monoscript/fileName/RecorderControllerSettings.cs: 989e0caa64af9b76551d4ff6bd15f598 -> 
  custom:scripting/monoscript/fileName/TargetedPropertyDrawer.cs: 90647cc400823b41df847a6cbfc29026 -> 
  custom:scripting/monoscript/fileName/MovieRecorderSettings.cs: 02a667a67b113b1f65e3fcadcc882513 -> 
  custom:scripting/monoscript/fileName/RenderTextureInputSettings.cs: ebca820667a63031a7597db85d26451a -> 
  custom:scripting/monoscript/fileName/ImageRecorderEditor.cs: d3134ae4c1dfd8e056bace11130b7692 -> 
  custom:scripting/monoscript/fileName/ProResEncoderSettings.cs: 4aca03881946a7fe9acacf199434009e -> 
  custom:scripting/monoscript/fileName/_FrameRequestComponent.cs: b34f171daaafc65da55ea68e2ed89f2b -> 
  custom:scripting/monoscript/fileName/RenderTextureInput.cs: 5dea77837ae3c82bb14643cd82dc06dc -> 
  custom:scripting/monoscript/fileName/RecorderAnalytics.cs: 0fa40093f6ac3fe75e92d746d563e5ee -> 
  custom:scripting/monoscript/fileName/MP4RecorderSettingsEditor.cs: 68a64b16a7961d71fa7286fd1f782e9b -> 
  custom:scripting/monoscript/fileName/RecorderBindingsEditor.cs: f7451a0e1cea6404b2976d2b2c42e273 -> 
  custom:scripting/monoscript/fileName/BaseRenderTextureInput.cs: 5dc13661a5a0dca5d09ca211933a44e2 -> 
  custom:scripting/monoscript/fileName/StatusBarHelper.cs: da04a6ed046f8a62f416d5d3ea415bef -> 
  custom:scripting/precompiled-assembly-types:Unity.Recorder: bd5378c99f6216e06dd6e2c2a60a86a4 -> 
  custom:CustomObjectIndexerAttribute: 9a22284fe3817be447336de3de66b15e -> 
  custom:scripting/monoscript/fileName/Camera360InputSettings.cs: 3d5eaf1cb3a9df6f9d1d52f3c3018c46 -> 
  custom:scripting/monoscript/fileName/PNGRecorderSettingsEditor.cs: 4970e6657bb34f7efc2c7d8168c7358b -> 
  custom:scripting/monoscript/fileName/ImageHeightSelector.cs: d1a7972bf1d79d90f09ab23c718afe39 -> 
  custom:scripting/monoscript/fileName/AnimationInputSettings.cs: d64a99ebbd13660e9264cb4111ab9832 -> 
  custom:scripting/monoscript/fileName/MP4RecorderSettings.cs: 551f5535c05b86d6ee91684eced14987 -> 
  custom:scripting/monoscript/fileName/RecorderPreferencesSettings.cs: 761b0a55fc5e50239a1d0c4bfc968274 -> 
  custom:container-demuxer-webm: 4f35f7cbe854078d1ac9338744f61a02 -> 
  custom:scripting/monoscript/fileName/RecorderSettingsPrefsEditor.cs: ba9e697f1d269c2c960a41bc543fa408 -> 
  custom:scripting/monoscript/fileName/ProResWrapper.cs: 712515ef615766c98115c6a20d85d6c8 -> 
  custom:scripting/monoscript/fileName/RecordModePropertyDrawer.cs: 165332db07362bbcab2d8dc6d1e1dfda -> 
  custom:scripting/monoscript/fileName/ImageInputSettings.cs: 98a2aedd167d40f01804b04845eeaf15 -> 
  custom:scripting/monoscript/fileName/SerializableObjHelper.cs: f19f181f3f05e8e393225dd7030fb66a -> 
  custom:scripting/monoscript/fileName/InputPropertyDrawer.cs: 90647cc400823b41df847a6cbfc29026 -> 
  custom:scripting/monoscript/fileName/AudioInputSettings.cs: a2c930fca1dd5e27705fbacf39727bb4 -> 
  custom:scripting/monoscript/fileName/InputSettings.cs: 35c56ce5488c6b464726305dcbd33b3d -> 
  custom:scripting/monoscript/fileName/RecorderEditor.cs: 736e59ba52eea987abc47f36a836e575 -> 
  custom:scripting/monoscript/fileName/AudioRecorderSettings.cs: 0b00f2c93558486cc61a06f270f43fea -> 
  custom:scripting/monoscript/fileName/RecordersInventory.cs: fb714c8df18f9b7fc7f3361f604ae3dc -> 
  custom:scripting/monoscript/fileName/BaseFCRecorderSettings.cs: fab928553cedb8703ac192d6cf7b6294 -> 
  custom:scripting/monoscript/fileName/AOVRecorderSettings.cs: cdc731153cd2f1f739300a28ea6a6608 -> 
  custom:scripting/monoscript/fileName/EXRCompressionTypeDrawer.cs: 301cb614ecf84a4dab346c5f76ea2016 -> 
  custom:scripting/monoscript/fileName/AOVRecorder.cs: c53e83f1863b3ea80b6df3885cdb8c82 -> 
  custom:scripting/monoscript/fileName/IEncoderSettings.cs: c7d04fadacf538db841606cc656ae724 -> 
  custom:scripting/monoscript/fileName/ShutterProfileTypePropertyDrawer.cs: 18a32c647eca27716eabcb5a44f00e32 -> 
  custom:scripting/monoscript/fileName/MovieRecorderEditor.cs: eb00ddb8a76b8dfb7c88b7826a49d38b -> 
  custom:scripting/monoscript/fileName/RenderTextureInputSettingsPropertyDrawer.cs: 809602b52454cd1e6229756218a8f453 -> 
  custom:scripting/monoscript/fileName/RecorderPlayableBehaviour.cs: 80165a21f4cd0dda690f708a19d389bd -> 
  custom:scripting/monoscript/fileName/GifEncoderSettingsPropertyDrawer.cs: b36c9a7eaaefccda514b23d7e14761ca -> 
  custom:scripting/monoscript/fileName/PNGRecorder.cs: 08fd40f88cb6b18c96882f263639f57d -> 
  custom:scripting/monoscript/fileName/CameraInputSettingsPropertyDrawer.cs: 91928abf1abf88be098cb088d896aec5 -> 
  custom:scripting/monoscript/fileName/AudioRecorderEditor.cs: 565168dec291afe3fa470657cfc2c123 -> 
  custom:scripting/monoscript/fileName/AOVRecorderEditor.cs: 5ca53ccd6d7645709639507726114395 -> 
  custom:container-muxer-webm: aa71ff27fc2769a1b78a27578f13a17b -> 
  custom:video-decoder-webm-vp8: 9c59270c3fd7afecdb556c50c9e8de78 -> 
  custom:scripting/monoscript/fileName/RecordingSession.cs: f3ad08157c278a036224ca395f350890 -> 
  custom:scripting/monoscript/fileName/GameViewSize.cs: f6128a6515fcafce6db32fcdfa107254 -> 
  custom:scripting/monoscript/fileName/UnityHelpers.cs: b3e077029b574be508585124a9d839ef -> 
  custom:SearchIndexIgnoredProperties: e643bd26f0fe6173181afceb89e7c659 -> 
  custom:scripting/monoscript/fileName/GIFRecorder.cs: c00ece885699fb9084deaccd3eb27518 -> 
  custom:AudioImporter_EditorPlatform: d09bf68614088b80899f8185d706f6e7 -> 
  custom:scripting/monoscript/fileName/EXRRecorder.cs: 3f576ce8ddd959d51a4d7ba1999ecdbb -> 
  custom:scripting/monoscript/fileName/WEBMRecorder.cs: 391b6b920cfbc02401ea522620320c93 -> 
  custom:scripting/monoscript/fileName/RenderTextureSampler.cs: 1a7b9abab9548e1054dc40d6e2fa0270 -> 
  custom:scripting/monoscript/fileName/GifEncoder.cs: 40f336d5c5042a8a04556b4c5804a538 -> 
  custom:scripting/monoscript/fileName/GenericRecorder.cs: 90647cc400823b41df847a6cbfc29026 -> 
  custom:scripting/monoscript/fileName/ImageInputSelector.cs: f55822da877594150873922341be92b6 -> 
  custom:scripting/monoscript/fileName/AnimationRecorderSettingsEditor.cs: db1294bf3d48be44b6e4b2f2cc100b02 -> 
  custom:scripting/monoscript/fileName/RecorderTrack.cs: fac9638ece7eb7daaa1302fa170613fd -> 
  custom:scripting/monoscript/fileName/InputSettingsSelector.cs: 499a4ec92267406782b5c4f3472d53b9 -> 
  custom:scripting/monoscript/fileName/FileNameGenerator.cs: 5c8b6eb5291c3311189e0dfadac99363 -> 
  custom:scripting/monoscript/fileName/RecorderItem.cs: b62d2fcb9547a248575727d8a1646db8 -> 
  custom:scripting/monoscript/fileName/TextureFlipper.cs: 825b503b2ddab9cbd8ebbf3038075092 -> 
  custom:scripting/monoscript/fileName/AccumulationSettings.cs: fb962f0c2333934b681b167574f5e1cd -> 
  custom:scripting/monoscript/fileName/Camera360InputPropertyDrawer.cs: af647a2fe91bec98139246321cac865d -> 
  custom:scripting/monoscript/fileName/RecorderClipEditor.cs: 947ad5ff1f968d7fc40767d187070964 -> 
  custom:scripting/monoscript/fileName/EXRRecorderSettingsEditor.cs: c520a04c5f01331f2c8800e289ef6d6f -> 
  custom:scripting/monoscript/fileName/CoreEncoder.cs: dfaed86e82ad12e6a2b6740a0fb35820 -> 
  custom:scripting/monoscript/fileName/PNGRecorderSettings.cs: 79a421225358808ff14dd88c0355d1b6 -> 
  custom:scripting/monoscript/fileName/AspectRatioPropertyDrawer.cs: 9f18568574138839573389bde3e660a7 -> 
  custom:scripting/monoscript/fileName/ProResEncoder.cs: b375bf2d41e3d89081c3f2d1a0823bf3 -> 
  custom:scripting/monoscript/fileName/CameraInput.cs: bf7e0df3caf9e500f6d1c98c99e165ba -> 
  custom:scripting/monoscript/fileName/RecorderSettings.cs: bc3ef26ac157af28e5460886c0d5ef2e -> 
  custom:scripting/monoscript/fileName/RecorderClipTimelineEditor.cs: 2995d9f50ebc9245c6e9bd75c56415fb -> 
  custom:scripting/monoscript/fileName/EncoderSettingsAttribute.cs: 8352396dc11cff58c65c429fdb4fc67e -> 
  custom:scripting/monoscript/fileName/MP4Recorder.cs: af531c4e1f6d23547da08837eb16b729 -> 
  custom:scripting/monoscript/fileName/EncoderTypeUtilities.cs: a12c4c78a6cd4fb6b93180d59ad77be8 -> 
  custom:scripting/monoscript/fileName/PooledBufferAsyncGPUReadback.cs: 2a4e50c5dda177306c9ec935763c4378 -> 
  custom:scripting/monoscript/fileName/AnimationRecorder.cs: f749a4250195b5467bbf05e3a976b59f -> 
  custom:scripting/precompiled-assembly-types:Unity.Recorder.Base: 3fec19fdf10e3518c41e41a932f2042f -> 
  custom:scripting/monoscript/fileName/AnimationRecorderSettings.cs: 5cfb1544a40f93fe0ea879bb1361c877 -> 
  custom:scripting/monoscript/fileName/RenderTextureSamplerSettings.cs: 68adab84706346f2ecbdfd649ca9cf61 -> 
  custom:scripting/monoscript/fileName/RecordingContext.cs: af9af1e8b283703482ba133924b5585a -> 
  custom:scripting/monoscript/fileName/RecorderSelector.cs: c3cd2caacd181d6eff54dc260c4a1ffb -> 
  custom:video-encoder-webm-vp8: eb34c28f22e8b96e1ab97ce403110664 -> 
  custom:scripting/monoscript/fileName/RecorderInput.cs: 88fd8d8fd71b34ed7298a01f6c2d2e40 -> 
  custom:scripting/monoscript/fileName/RenderTextureSamplerPropertyDrawer.cs: b541817d9cc9b1341d2ddfa8823b718d -> 
  custom:scripting/monoscript/fileName/RecorderSettingsAttribute.cs: ddd228b25da7ba2ac10d13e1efacc875 -> 
  custom:audio-decoder-ogg-vorbis: bf7c407c2cedff20999df2af8eb42d56 -> 
  custom:scripting/monoscript/fileName/OutputPathDrawer.cs: cffc34c1be094e6caeb13ff3b26ca679 -> 
  custom:scripting/monoscript/fileName/EditorVersionsHelper.cs: 3ad9098caeeff0295dba8c0911f5333a -> 
  custom:scripting/monoscript/fileName/SettingAsset.cs: 7c3790954696ae83d71055079b387931 -> 
  custom:scripting/monoscript/fileName/OutputResolution.cs: 31c632d97e9a69bcc2ef10f6feb5bf62 -> 
  custom:scripting/monoscript/fileName/AccumulationSettingsPropertyDrawer.cs: bfc920db0de3c29c2967e88aac1c1027 -> 
  custom:scripting/monoscript/fileName/AnimationInputSettingsPropertyDrawer.cs: ebe1771fecebe7a93badf6354f59c990 -> 
  custom:scripting/monoscript/fileName/CoreEncoderSettings.cs: 2b5db1db3c1fa7de4175a7e143de3ce5 -> 
  custom:scripting/monoscript/fileName/VisualListItem.cs: 90647cc400823b41df847a6cbfc29026 -> 
  custom:scripting/monoscript/fileName/FrameRateProperyDrawer.cs: c478c798f5354f66af45b380be0629f9 -> 
  custom:scripting/monoscript/fileName/InputSettingsSelectorDrawer.cs: bca46dd5b59e2f574c94bef4cdb878fb -> 
  custom:scripting/monoscript/fileName/RecorderWindow.cs: 553a30d64d5ef1dcad6b00b4eeeb3829 -> 
  custom:scripting/monoscript/fileName/AOVCameraInputSettings.cs: 4d2fdf1142ce53d73cb43d39944ba516 -> 
  custom:scripting/monoscript/fileName/EnumProperyDrawer.cs: 90647cc400823b41df847a6cbfc29026 -> 
  custom:scripting/monoscript/fileName/AOVImageInputSelector.cs: b741d8d3a7cbb503c5bdf23d7e6792db -> 
  custom:scripting/monoscript/fileName/CoreEncoderSettingsPropertyDrawer.cs: c8bdf3420d844fd4604c0d0cf3815355 -> 
  custom:scripting/monoscript/fileName/GifEncoderSettings.cs: 812ca6afdf48b830953d76adab9d4030 -> 
  custom:scripting/monoscript/fileName/GIFRecorderSettingsEditor.cs: 4d0f46bcf58d188895fabae5334995ae -> 
  custom:scripting/monoscript/fileName/IEncoder.cs: 007c2ef621b0d92b5a7a6bae91d26090 -> 
  custom:scripting/monoscript/fileName/RecorderOptions.cs: 74782d297e80d8f56c0e05a7cde4e51d -> 
  custom:scripting/precompiled-assembly-types:Unity.Recorder.Editor: cd22b836ef1ca10e7d8c91c9be46b4bf -> 
  custom:scripting/monoscript/fileName/ProResEncoderSettingsPropertyDrawer.cs: 68c25e6d4459336217d4b9e22eb707b4 -> 
  custom:scripting/monoscript/fileName/ImageRecorder.cs: b804c29bfc59a61db184c1d275fe4101 -> 
  custom:scripting/monoscript/fileName/EditableLabel.cs: 4f8fa2c6092744ed6607a411e3f617c0 -> 
  custom:scripting/monoscript/fileName/GameViewInput.cs: 596e7ffa2d11b2002176644af3247ea6 -> 
  custom:audio-encoder-webm-vorbis: bf7c407c2cedff20999df2af8eb42d56 -> 
  custom:scripting/monoscript/fileName/SerializedDictionnary.cs: 90647cc400823b41df847a6cbfc29026 -> 
  custom:scripting/monoscript/fileName/HammersleySequence.cs: b06601f044912976f668045b7d4c79a8 -> 
  custom:scripting/monoscript/fileName/_RecorderComponent.cs: 8c268d1df4e18643d83ea9c6eeba2d9f -> 
  custom:scripting/monoscript/fileName/IAccumulation.cs: 38dee62d444423165276e3254554d005 -> 
  custom:scripting/monoscript/fileName/RecorderController.cs: 5760bd2995080b8d0d9d9e88ab8933c6 -> 
  custom:scripting/monoscript/fileName/EXRRecorderSettings.cs: bf113df492cb5b25e11ec144a73c2f74 -> 
========================================================================
Received Prepare
Caller must complete domain reload
Begin MonoManager ReloadAssembly
- Loaded All Assemblies, in  0.417 seconds
Native extension for WindowsStandalone target not found
Native extension for iOS target not found
Native extension for Android target not found
Mono: successfully reloaded assembly
- Finished resetting the current domain, in  1.049 seconds
Domain Reload Profiling: 1463ms
	BeginReloadAssembly (140ms)
		ExecutionOrderSort (0ms)
		DisableScriptedObjects (4ms)
		BackupInstance (0ms)
		ReleaseScriptingObjects (0ms)
		CreateAndSetChildDomain (29ms)
	RebuildCommonClasses (28ms)
	RebuildNativeTypeToScriptingClass (9ms)
	initialDomainReloadingComplete (27ms)
	LoadAllAssembliesAndSetupDomain (210ms)
		LoadAssemblies (279ms)
		RebuildTransferFunctionScriptingTraits (0ms)
		AnalyzeDomain (10ms)
			TypeCache.Refresh (4ms)
				TypeCache.ScanAssembly (0ms)
			ScanForSourceGeneratedMonoScriptInfo (0ms)
			ResolveRequiredComponents (4ms)
	FinalizeReload (1050ms)
		ReleaseScriptCaches (0ms)
		RebuildScriptCaches (0ms)
		SetupLoadedEditorAssemblies (515ms)
			LogAssemblyErrors (0ms)
			InitializePlatformSupportModulesInManaged (30ms)
			SetLoadedEditorAssemblies (3ms)
			RefreshPlugins (0ms)
			BeforeProcessingInitializeOnLoad (90ms)
			ProcessInitializeOnLoadAttributes (363ms)
			ProcessInitializeOnLoadMethodAttributes (19ms)
			AfterProcessingInitializeOnLoad (9ms)
			EditorAssembliesLoaded (0ms)
		ExecutionOrderSort2 (0ms)
		AwakeInstancesAfterBackupRestoration (6ms)
Refreshing native plugins compatible for Editor in 6.20 ms, found 6 plugins.
Preloading 0 native plugins for Editor in 0.00 ms.
Unloading 3255 Unused Serialized files (Serialized files now loaded: 0)
Unloading 21 unused Assets / (335.9 KB). Loaded Objects now: 3757.
Memory consumption went from 127.4 MB to 127.1 MB.
Total: 2.693300 ms (FindLiveObjects: 0.213700 ms CreateObjectMapping: 0.133600 ms MarkObjects: 2.169300 ms  DeleteObjects: 0.176100 ms)

Prepare: number of updated asset objects reloaded= 0
AssetImportParameters requested are different than current active one (requested -> active):
  custom:scripting/monoscript/fileName/WEBMRecorderSettingsEditor.cs: 5559c87f45d3b65fac8d5ac4ef5e81c8 -> 
  custom:scripting/monoscript/fileName/UIElementHelper.cs: 9f9438adfe3361012ea6280d4cdb2df4 -> 
  custom:scripting/monoscript/fileName/AOVCameraInput.cs: c23c8ce885672bc57e25263b3efd067a -> 
  custom:scripting/monoscript/fileName/BaseTextureRecorder.cs: 90647cc400823b41df847a6cbfc29026 -> 
  custom:scripting/monoscript/fileName/Recorder.cs: a7e319d512627774f8215ba0b76f0bcb -> 
  custom:scripting/monoscript/fileName/AudioRecorder.cs: 89550121570f22445b4a1b28daea3cf9 -> 
  custom:scripting/monoscript/fileName/PanelSplitter.cs: 5ff6c6e385b6b12ca322a9c92ac6f371 -> 
  custom:scripting/monoscript/fileName/ImageRecorderSettings.cs: a7ab05fac9382c03607c40fe73956ed6 -> 
  custom:scripting/monoscript/fileName/RecorderClip.cs: 897017f45cb3c30f306724d1fa17a8fe -> 
  custom:scripting/monoscript/fileName/GIFRecorderSettings.cs: 979f88ae1e7731daed242ab2fdebbc0e -> 
  custom:container-demuxer-ogg: 62fdf1f143b41e24485cea50d1cbac27 -> 
  custom:scripting/monoscript/fileName/MovieRecorder.cs: 024785cf83e1399f425b2aa115d22e2b -> 
  custom:scripting/monoscript/fileName/RecorderControllerSettingsPresetEditor.cs: 49aed206ae65ed5ac6b420f7104cd52d -> 
  custom:scripting/monoscript/fileName/AudioInput.cs: 499e96d8f0b35d362bd956c0975bb873 -> 
  custom:scripting/monoscript/fileName/WEBMRecorderSettings.cs: c176c43abbe456aeea55c2aef862801b -> 
  custom:scripting/monoscript/fileName/RecorderControllerSettingsPreset.cs: 78b391c1384ac60213ef58d50e78d553 -> 
  custom:scripting/monoscript/fileName/GameViewInputSettings.cs: a7ae22123f532f5bbcb39c654c998b57 -> 
  custom:scripting/monoscript/fileName/GameViewInputPropertyDrawer.cs: ae2c8a99c5e33d3d1ffc8232415130e8 -> 
  custom:scripting/monoscript/fileName/Camera360Input.cs: dc473b118c57e0734b0cd3476e333c06 -> 
  custom:scripting/monoscript/fileName/RecorderPreferencesSettingsProvider.cs: d92d314b87f7c2170e267636ebf38224 -> 
  custom:scripting/monoscript/fileName/RecorderBindings.cs: ac25db5b587307cfea909607f62e5641 -> 
  custom:video-decoder-ogg-theora: a1e56fd34408186e4bbccfd4996cb3dc -> 
  custom:scripting/monoscript/fileName/GIFWrapper.cs: 6ef8898a12699129e8f81f06a649cad1 -> 
  custom:scripting/monoscript/fileName/SceneHook.cs: 80fa8928b499d44515dd60e0bc895128 -> 
  custom:scripting/monoscript/fileName/AnimationInput.cs: e810137278708a698c5ccddaeb1a1e64 -> 
  custom:scripting/monoscript/fileName/OutputResolutionPropertyDrawer.cs: 0e33ffdf424417a2e685685cfc04d4b1 -> 
  custom:scripting/monoscript/fileName/EnumHelper.cs: 117b5609cc2a1ae41785cd0c8767815f -> 
  custom:scripting/monoscript/fileName/OutputPath.cs: ee51fcffcd8929d224a5e3fb152d5f62 -> 
  custom:scripting/monoscript/fileName/FileNameGeneratorDrawer.cs: a3ea71dec141084df9b7ffa19c11e2cb -> 
  custom:framework-win-MediaFoundation: 216162199b28c13a410421893ffa2e32 -> 
  custom:scripting/monoscript/fileName/RecorderPreferencesWindowGUIScope.cs: 7a2eba6fcb6829ea8b200991a02c9c06 -> 
  custom:scripting/monoscript/fileName/AspectRatio.cs: 18e3efa554f8258b676d4de53e38b642 -> 
  custom:scripting/monoscript/fileName/CameraInputSettings.cs: 6738f6dd994f658d2cbf6f5f3ba05a0e -> 
  custom:scripting/monoscript/fileName/RefHandle.cs: 90647cc400823b41df847a6cbfc29026 -> 
  custom:scripting/monoscript/fileName/CameraCapture.cs: c6dcba1380d9a4fa09f4e36182a45a73 -> 
  custom:scripting/monoscript/fileName/RecorderControllerSettings.cs: 989e0caa64af9b76551d4ff6bd15f598 -> 
  custom:scripting/monoscript/fileName/TargetedPropertyDrawer.cs: 90647cc400823b41df847a6cbfc29026 -> 
  custom:scripting/monoscript/fileName/MovieRecorderSettings.cs: 02a667a67b113b1f65e3fcadcc882513 -> 
  custom:scripting/monoscript/fileName/RenderTextureInputSettings.cs: ebca820667a63031a7597db85d26451a -> 
  custom:scripting/monoscript/fileName/ImageRecorderEditor.cs: d3134ae4c1dfd8e056bace11130b7692 -> 
  custom:scripting/monoscript/fileName/ProResEncoderSettings.cs: 4aca03881946a7fe9acacf199434009e -> 
  custom:scripting/monoscript/fileName/_FrameRequestComponent.cs: b34f171daaafc65da55ea68e2ed89f2b -> 
  custom:scripting/monoscript/fileName/RenderTextureInput.cs: 5dea77837ae3c82bb14643cd82dc06dc -> 
  custom:scripting/monoscript/fileName/RecorderAnalytics.cs: 0fa40093f6ac3fe75e92d746d563e5ee -> 
  custom:scripting/monoscript/fileName/MP4RecorderSettingsEditor.cs: 68a64b16a7961d71fa7286fd1f782e9b -> 
  custom:scripting/monoscript/fileName/RecorderBindingsEditor.cs: f7451a0e1cea6404b2976d2b2c42e273 -> 
  custom:scripting/monoscript/fileName/BaseRenderTextureInput.cs: 5dc13661a5a0dca5d09ca211933a44e2 -> 
  custom:scripting/monoscript/fileName/StatusBarHelper.cs: da04a6ed046f8a62f416d5d3ea415bef -> 
  custom:scripting/precompiled-assembly-types:Unity.Recorder: bd5378c99f6216e06dd6e2c2a60a86a4 -> 
  custom:CustomObjectIndexerAttribute: 9a22284fe3817be447336de3de66b15e -> 
  custom:scripting/monoscript/fileName/Camera360InputSettings.cs: 3d5eaf1cb3a9df6f9d1d52f3c3018c46 -> 
  custom:scripting/monoscript/fileName/PNGRecorderSettingsEditor.cs: 4970e6657bb34f7efc2c7d8168c7358b -> 
  custom:scripting/monoscript/fileName/ImageHeightSelector.cs: d1a7972bf1d79d90f09ab23c718afe39 -> 
  custom:scripting/monoscript/fileName/AnimationInputSettings.cs: d64a99ebbd13660e9264cb4111ab9832 -> 
  custom:scripting/monoscript/fileName/MP4RecorderSettings.cs: 551f5535c05b86d6ee91684eced14987 -> 
  custom:scripting/monoscript/fileName/RecorderPreferencesSettings.cs: 761b0a55fc5e50239a1d0c4bfc968274 -> 
  custom:container-demuxer-webm: 4f35f7cbe854078d1ac9338744f61a02 -> 
  custom:scripting/monoscript/fileName/RecorderSettingsPrefsEditor.cs: ba9e697f1d269c2c960a41bc543fa408 -> 
  custom:scripting/monoscript/fileName/ProResWrapper.cs: 712515ef615766c98115c6a20d85d6c8 -> 
  custom:scripting/monoscript/fileName/RecordModePropertyDrawer.cs: 165332db07362bbcab2d8dc6d1e1dfda -> 
  custom:scripting/monoscript/fileName/ImageInputSettings.cs: 98a2aedd167d40f01804b04845eeaf15 -> 
  custom:scripting/monoscript/fileName/SerializableObjHelper.cs: f19f181f3f05e8e393225dd7030fb66a -> 
  custom:scripting/monoscript/fileName/InputPropertyDrawer.cs: 90647cc400823b41df847a6cbfc29026 -> 
  custom:scripting/monoscript/fileName/AudioInputSettings.cs: a2c930fca1dd5e27705fbacf39727bb4 -> 
  custom:scripting/monoscript/fileName/InputSettings.cs: 35c56ce5488c6b464726305dcbd33b3d -> 
  custom:scripting/monoscript/fileName/RecorderEditor.cs: 736e59ba52eea987abc47f36a836e575 -> 
  custom:scripting/monoscript/fileName/AudioRecorderSettings.cs: 0b00f2c93558486cc61a06f270f43fea -> 
  custom:scripting/monoscript/fileName/RecordersInventory.cs: fb714c8df18f9b7fc7f3361f604ae3dc -> 
  custom:scripting/monoscript/fileName/BaseFCRecorderSettings.cs: fab928553cedb8703ac192d6cf7b6294 -> 
  custom:scripting/monoscript/fileName/AOVRecorderSettings.cs: cdc731153cd2f1f739300a28ea6a6608 -> 
  custom:scripting/monoscript/fileName/EXRCompressionTypeDrawer.cs: 301cb614ecf84a4dab346c5f76ea2016 -> 
  custom:scripting/monoscript/fileName/AOVRecorder.cs: c53e83f1863b3ea80b6df3885cdb8c82 -> 
  custom:scripting/monoscript/fileName/IEncoderSettings.cs: c7d04fadacf538db841606cc656ae724 -> 
  custom:scripting/monoscript/fileName/ShutterProfileTypePropertyDrawer.cs: 18a32c647eca27716eabcb5a44f00e32 -> 
  custom:scripting/monoscript/fileName/MovieRecorderEditor.cs: eb00ddb8a76b8dfb7c88b7826a49d38b -> 
  custom:scripting/monoscript/fileName/RenderTextureInputSettingsPropertyDrawer.cs: 809602b52454cd1e6229756218a8f453 -> 
  custom:scripting/monoscript/fileName/RecorderPlayableBehaviour.cs: 80165a21f4cd0dda690f708a19d389bd -> 
  custom:scripting/monoscript/fileName/GifEncoderSettingsPropertyDrawer.cs: b36c9a7eaaefccda514b23d7e14761ca -> 
  custom:scripting/monoscript/fileName/PNGRecorder.cs: 08fd40f88cb6b18c96882f263639f57d -> 
  custom:scripting/monoscript/fileName/CameraInputSettingsPropertyDrawer.cs: 91928abf1abf88be098cb088d896aec5 -> 
  custom:scripting/monoscript/fileName/AudioRecorderEditor.cs: 565168dec291afe3fa470657cfc2c123 -> 
  custom:scripting/monoscript/fileName/AOVRecorderEditor.cs: 5ca53ccd6d7645709639507726114395 -> 
  custom:container-muxer-webm: aa71ff27fc2769a1b78a27578f13a17b -> 
  custom:video-decoder-webm-vp8: 9c59270c3fd7afecdb556c50c9e8de78 -> 
  custom:scripting/monoscript/fileName/RecordingSession.cs: f3ad08157c278a036224ca395f350890 -> 
  custom:scripting/monoscript/fileName/GameViewSize.cs: f6128a6515fcafce6db32fcdfa107254 -> 
  custom:scripting/monoscript/fileName/UnityHelpers.cs: b3e077029b574be508585124a9d839ef -> 
  custom:SearchIndexIgnoredProperties: e643bd26f0fe6173181afceb89e7c659 -> 
  custom:scripting/monoscript/fileName/GIFRecorder.cs: c00ece885699fb9084deaccd3eb27518 -> 
  custom:AudioImporter_EditorPlatform: d09bf68614088b80899f8185d706f6e7 -> 
  custom:scripting/monoscript/fileName/EXRRecorder.cs: 3f576ce8ddd959d51a4d7ba1999ecdbb -> 
  custom:scripting/monoscript/fileName/WEBMRecorder.cs: 391b6b920cfbc02401ea522620320c93 -> 
  custom:scripting/monoscript/fileName/RenderTextureSampler.cs: 1a7b9abab9548e1054dc40d6e2fa0270 -> 
  custom:scripting/monoscript/fileName/GifEncoder.cs: 40f336d5c5042a8a04556b4c5804a538 -> 
  custom:scripting/monoscript/fileName/GenericRecorder.cs: 90647cc400823b41df847a6cbfc29026 -> 
  custom:scripting/monoscript/fileName/ImageInputSelector.cs: f55822da877594150873922341be92b6 -> 
  custom:scripting/monoscript/fileName/AnimationRecorderSettingsEditor.cs: db1294bf3d48be44b6e4b2f2cc100b02 -> 
  custom:scripting/monoscript/fileName/RecorderTrack.cs: fac9638ece7eb7daaa1302fa170613fd -> 
  custom:scripting/monoscript/fileName/InputSettingsSelector.cs: 499a4ec92267406782b5c4f3472d53b9 -> 
  custom:scripting/monoscript/fileName/FileNameGenerator.cs: 5c8b6eb5291c3311189e0dfadac99363 -> 
  custom:scripting/monoscript/fileName/RecorderItem.cs: b62d2fcb9547a248575727d8a1646db8 -> 
  custom:scripting/monoscript/fileName/TextureFlipper.cs: 825b503b2ddab9cbd8ebbf3038075092 -> 
  custom:scripting/monoscript/fileName/AccumulationSettings.cs: fb962f0c2333934b681b167574f5e1cd -> 
  custom:scripting/monoscript/fileName/Camera360InputPropertyDrawer.cs: af647a2fe91bec98139246321cac865d -> 
  custom:scripting/monoscript/fileName/RecorderClipEditor.cs: 947ad5ff1f968d7fc40767d187070964 -> 
  custom:scripting/monoscript/fileName/EXRRecorderSettingsEditor.cs: c520a04c5f01331f2c8800e289ef6d6f -> 
  custom:scripting/monoscript/fileName/CoreEncoder.cs: dfaed86e82ad12e6a2b6740a0fb35820 -> 
  custom:scripting/monoscript/fileName/PNGRecorderSettings.cs: 79a421225358808ff14dd88c0355d1b6 -> 
  custom:scripting/monoscript/fileName/AspectRatioPropertyDrawer.cs: 9f18568574138839573389bde3e660a7 -> 
  custom:scripting/monoscript/fileName/ProResEncoder.cs: b375bf2d41e3d89081c3f2d1a0823bf3 -> 
  custom:scripting/monoscript/fileName/CameraInput.cs: bf7e0df3caf9e500f6d1c98c99e165ba -> 
  custom:scripting/monoscript/fileName/RecorderSettings.cs: bc3ef26ac157af28e5460886c0d5ef2e -> 
  custom:scripting/monoscript/fileName/RecorderClipTimelineEditor.cs: 2995d9f50ebc9245c6e9bd75c56415fb -> 
  custom:scripting/monoscript/fileName/EncoderSettingsAttribute.cs: 8352396dc11cff58c65c429fdb4fc67e -> 
  custom:scripting/monoscript/fileName/MP4Recorder.cs: af531c4e1f6d23547da08837eb16b729 -> 
  custom:scripting/monoscript/fileName/EncoderTypeUtilities.cs: a12c4c78a6cd4fb6b93180d59ad77be8 -> 
  custom:scripting/monoscript/fileName/PooledBufferAsyncGPUReadback.cs: 2a4e50c5dda177306c9ec935763c4378 -> 
  custom:scripting/monoscript/fileName/AnimationRecorder.cs: f749a4250195b5467bbf05e3a976b59f -> 
  custom:scripting/precompiled-assembly-types:Unity.Recorder.Base: 3fec19fdf10e3518c41e41a932f2042f -> 
  custom:scripting/monoscript/fileName/AnimationRecorderSettings.cs: 5cfb1544a40f93fe0ea879bb1361c877 -> 
  custom:scripting/monoscript/fileName/RenderTextureSamplerSettings.cs: 68adab84706346f2ecbdfd649ca9cf61 -> 
  custom:scripting/monoscript/fileName/RecordingContext.cs: af9af1e8b283703482ba133924b5585a -> 
  custom:scripting/monoscript/fileName/RecorderSelector.cs: c3cd2caacd181d6eff54dc260c4a1ffb -> 
  custom:video-encoder-webm-vp8: eb34c28f22e8b96e1ab97ce403110664 -> 
  custom:scripting/monoscript/fileName/RecorderInput.cs: 88fd8d8fd71b34ed7298a01f6c2d2e40 -> 
  custom:scripting/monoscript/fileName/RenderTextureSamplerPropertyDrawer.cs: b541817d9cc9b1341d2ddfa8823b718d -> 
  custom:scripting/monoscript/fileName/RecorderSettingsAttribute.cs: ddd228b25da7ba2ac10d13e1efacc875 -> 
  custom:audio-decoder-ogg-vorbis: bf7c407c2cedff20999df2af8eb42d56 -> 
  custom:scripting/monoscript/fileName/OutputPathDrawer.cs: cffc34c1be094e6caeb13ff3b26ca679 -> 
  custom:scripting/monoscript/fileName/EditorVersionsHelper.cs: 3ad9098caeeff0295dba8c0911f5333a -> 
  custom:scripting/monoscript/fileName/SettingAsset.cs: 7c3790954696ae83d71055079b387931 -> 
  custom:scripting/monoscript/fileName/OutputResolution.cs: 31c632d97e9a69bcc2ef10f6feb5bf62 -> 
  custom:scripting/monoscript/fileName/AccumulationSettingsPropertyDrawer.cs: bfc920db0de3c29c2967e88aac1c1027 -> 
  custom:scripting/monoscript/fileName/AnimationInputSettingsPropertyDrawer.cs: ebe1771fecebe7a93badf6354f59c990 -> 
  custom:scripting/monoscript/fileName/CoreEncoderSettings.cs: 2b5db1db3c1fa7de4175a7e143de3ce5 -> 
  custom:scripting/monoscript/fileName/VisualListItem.cs: 90647cc400823b41df847a6cbfc29026 -> 
  custom:scripting/monoscript/fileName/FrameRateProperyDrawer.cs: c478c798f5354f66af45b380be0629f9 -> 
  custom:scripting/monoscript/fileName/InputSettingsSelectorDrawer.cs: bca46dd5b59e2f574c94bef4cdb878fb -> 
  custom:scripting/monoscript/fileName/RecorderWindow.cs: 553a30d64d5ef1dcad6b00b4eeeb3829 -> 
  custom:scripting/monoscript/fileName/AOVCameraInputSettings.cs: 4d2fdf1142ce53d73cb43d39944ba516 -> 
  custom:scripting/monoscript/fileName/EnumProperyDrawer.cs: 90647cc400823b41df847a6cbfc29026 -> 
  custom:scripting/monoscript/fileName/AOVImageInputSelector.cs: b741d8d3a7cbb503c5bdf23d7e6792db -> 
  custom:scripting/monoscript/fileName/CoreEncoderSettingsPropertyDrawer.cs: c8bdf3420d844fd4604c0d0cf3815355 -> 
  custom:scripting/monoscript/fileName/GifEncoderSettings.cs: 812ca6afdf48b830953d76adab9d4030 -> 
  custom:scripting/monoscript/fileName/GIFRecorderSettingsEditor.cs: 4d0f46bcf58d188895fabae5334995ae -> 
  custom:scripting/monoscript/fileName/IEncoder.cs: 007c2ef621b0d92b5a7a6bae91d26090 -> 
  custom:scripting/monoscript/fileName/RecorderOptions.cs: 74782d297e80d8f56c0e05a7cde4e51d -> 
  custom:scripting/precompiled-assembly-types:Unity.Recorder.Editor: cd22b836ef1ca10e7d8c91c9be46b4bf -> 
  custom:scripting/monoscript/fileName/ProResEncoderSettingsPropertyDrawer.cs: 68c25e6d4459336217d4b9e22eb707b4 -> 
  custom:scripting/monoscript/fileName/ImageRecorder.cs: b804c29bfc59a61db184c1d275fe4101 -> 
  custom:scripting/monoscript/fileName/EditableLabel.cs: 4f8fa2c6092744ed6607a411e3f617c0 -> 
  custom:scripting/monoscript/fileName/GameViewInput.cs: 596e7ffa2d11b2002176644af3247ea6 -> 
  custom:audio-encoder-webm-vorbis: bf7c407c2cedff20999df2af8eb42d56 -> 
  custom:scripting/monoscript/fileName/SerializedDictionnary.cs: 90647cc400823b41df847a6cbfc29026 -> 
  custom:scripting/monoscript/fileName/HammersleySequence.cs: b06601f044912976f668045b7d4c79a8 -> 
  custom:scripting/monoscript/fileName/_RecorderComponent.cs: 8c268d1df4e18643d83ea9c6eeba2d9f -> 
  custom:scripting/monoscript/fileName/IAccumulation.cs: 38dee62d444423165276e3254554d005 -> 
  custom:scripting/monoscript/fileName/RecorderController.cs: 5760bd2995080b8d0d9d9e88ab8933c6 -> 
  custom:scripting/monoscript/fileName/EXRRecorderSettings.cs: bf113df492cb5b25e11ec144a73c2f74 -> 
========================================================================
Received Prepare
Caller must complete domain reload
Begin MonoManager ReloadAssembly
- Loaded All Assemblies, in  0.413 seconds
Native extension for WindowsStandalone target not found
Native extension for iOS target not found
Native extension for Android target not found
Mono: successfully reloaded assembly
- Finished resetting the current domain, in  0.977 seconds
Domain Reload Profiling: 1387ms
	BeginReloadAssembly (132ms)
		ExecutionOrderSort (0ms)
		DisableScriptedObjects (4ms)
		BackupInstance (0ms)
		ReleaseScriptingObjects (0ms)
		CreateAndSetChildDomain (26ms)
	RebuildCommonClasses (26ms)
	RebuildNativeTypeToScriptingClass (9ms)
	initialDomainReloadingComplete (27ms)
	LoadAllAssembliesAndSetupDomain (216ms)
		LoadAssemblies (280ms)
		RebuildTransferFunctionScriptingTraits (0ms)
		AnalyzeDomain (11ms)
			TypeCache.Refresh (5ms)
				TypeCache.ScanAssembly (0ms)
			ScanForSourceGeneratedMonoScriptInfo (0ms)
			ResolveRequiredComponents (5ms)
	FinalizeReload (978ms)
		ReleaseScriptCaches (0ms)
		RebuildScriptCaches (0ms)
		SetupLoadedEditorAssemblies (466ms)
			LogAssemblyErrors (0ms)
			InitializePlatformSupportModulesInManaged (27ms)
			SetLoadedEditorAssemblies (3ms)
			RefreshPlugins (0ms)
			BeforeProcessingInitializeOnLoad (83ms)
			ProcessInitializeOnLoadAttributes (325ms)
			ProcessInitializeOnLoadMethodAttributes (18ms)
			AfterProcessingInitializeOnLoad (9ms)
			EditorAssembliesLoaded (0ms)
		ExecutionOrderSort2 (0ms)
		AwakeInstancesAfterBackupRestoration (5ms)
Refreshing native plugins compatible for Editor in 5.54 ms, found 6 plugins.
Preloading 0 native plugins for Editor in 0.00 ms.
Unloading 3255 Unused Serialized files (Serialized files now loaded: 0)
Unloading 21 unused Assets / (336.1 KB). Loaded Objects now: 3760.
Memory consumption went from 127.4 MB to 127.1 MB.
Total: 2.374600 ms (FindLiveObjects: 0.195500 ms CreateObjectMapping: 0.082900 ms MarkObjects: 1.930300 ms  DeleteObjects: 0.165200 ms)

Prepare: number of updated asset objects reloaded= 0
AssetImportParameters requested are different than current active one (requested -> active):
  custom:scripting/monoscript/fileName/WEBMRecorderSettingsEditor.cs: 5559c87f45d3b65fac8d5ac4ef5e81c8 -> 
  custom:scripting/monoscript/fileName/UIElementHelper.cs: 9f9438adfe3361012ea6280d4cdb2df4 -> 
  custom:scripting/monoscript/fileName/AOVCameraInput.cs: c23c8ce885672bc57e25263b3efd067a -> 
  custom:scripting/monoscript/fileName/BaseTextureRecorder.cs: 90647cc400823b41df847a6cbfc29026 -> 
  custom:scripting/monoscript/fileName/Recorder.cs: a7e319d512627774f8215ba0b76f0bcb -> 
  custom:scripting/monoscript/fileName/AudioRecorder.cs: 89550121570f22445b4a1b28daea3cf9 -> 
  custom:scripting/monoscript/fileName/PanelSplitter.cs: 5ff6c6e385b6b12ca322a9c92ac6f371 -> 
  custom:scripting/monoscript/fileName/ImageRecorderSettings.cs: a7ab05fac9382c03607c40fe73956ed6 -> 
  custom:scripting/monoscript/fileName/RecorderClip.cs: 897017f45cb3c30f306724d1fa17a8fe -> 
  custom:scripting/monoscript/fileName/GIFRecorderSettings.cs: 979f88ae1e7731daed242ab2fdebbc0e -> 
  custom:container-demuxer-ogg: 62fdf1f143b41e24485cea50d1cbac27 -> 
  custom:scripting/monoscript/fileName/MovieRecorder.cs: 024785cf83e1399f425b2aa115d22e2b -> 
  custom:scripting/monoscript/fileName/RecorderControllerSettingsPresetEditor.cs: 49aed206ae65ed5ac6b420f7104cd52d -> 
  custom:scripting/monoscript/fileName/AudioInput.cs: 499e96d8f0b35d362bd956c0975bb873 -> 
  custom:scripting/monoscript/fileName/WEBMRecorderSettings.cs: c176c43abbe456aeea55c2aef862801b -> 
  custom:scripting/monoscript/fileName/RecorderControllerSettingsPreset.cs: 78b391c1384ac60213ef58d50e78d553 -> 
  custom:scripting/monoscript/fileName/GameViewInputSettings.cs: a7ae22123f532f5bbcb39c654c998b57 -> 
  custom:scripting/monoscript/fileName/GameViewInputPropertyDrawer.cs: ae2c8a99c5e33d3d1ffc8232415130e8 -> 
  custom:scripting/monoscript/fileName/Camera360Input.cs: dc473b118c57e0734b0cd3476e333c06 -> 
  custom:scripting/monoscript/fileName/RecorderPreferencesSettingsProvider.cs: d92d314b87f7c2170e267636ebf38224 -> 
  custom:scripting/monoscript/fileName/RecorderBindings.cs: ac25db5b587307cfea909607f62e5641 -> 
  custom:video-decoder-ogg-theora: a1e56fd34408186e4bbccfd4996cb3dc -> 
  custom:scripting/monoscript/fileName/GIFWrapper.cs: 6ef8898a12699129e8f81f06a649cad1 -> 
  custom:scripting/monoscript/fileName/SceneHook.cs: 80fa8928b499d44515dd60e0bc895128 -> 
  custom:scripting/monoscript/fileName/AnimationInput.cs: e810137278708a698c5ccddaeb1a1e64 -> 
  custom:scripting/monoscript/fileName/OutputResolutionPropertyDrawer.cs: 0e33ffdf424417a2e685685cfc04d4b1 -> 
  custom:scripting/monoscript/fileName/EnumHelper.cs: 117b5609cc2a1ae41785cd0c8767815f -> 
  custom:scripting/monoscript/fileName/OutputPath.cs: ee51fcffcd8929d224a5e3fb152d5f62 -> 
  custom:scripting/monoscript/fileName/FileNameGeneratorDrawer.cs: a3ea71dec141084df9b7ffa19c11e2cb -> 
  custom:framework-win-MediaFoundation: 216162199b28c13a410421893ffa2e32 -> 
  custom:scripting/monoscript/fileName/RecorderPreferencesWindowGUIScope.cs: 7a2eba6fcb6829ea8b200991a02c9c06 -> 
  custom:scripting/monoscript/fileName/AspectRatio.cs: 18e3efa554f8258b676d4de53e38b642 -> 
  custom:scripting/monoscript/fileName/CameraInputSettings.cs: 6738f6dd994f658d2cbf6f5f3ba05a0e -> 
  custom:scripting/monoscript/fileName/RefHandle.cs: 90647cc400823b41df847a6cbfc29026 -> 
  custom:scripting/monoscript/fileName/CameraCapture.cs: c6dcba1380d9a4fa09f4e36182a45a73 -> 
  custom:scripting/monoscript/fileName/RecorderControllerSettings.cs: 989e0caa64af9b76551d4ff6bd15f598 -> 
  custom:scripting/monoscript/fileName/TargetedPropertyDrawer.cs: 90647cc400823b41df847a6cbfc29026 -> 
  custom:scripting/monoscript/fileName/MovieRecorderSettings.cs: 02a667a67b113b1f65e3fcadcc882513 -> 
  custom:scripting/monoscript/fileName/RenderTextureInputSettings.cs: ebca820667a63031a7597db85d26451a -> 
  custom:scripting/monoscript/fileName/ImageRecorderEditor.cs: d3134ae4c1dfd8e056bace11130b7692 -> 
  custom:scripting/monoscript/fileName/ProResEncoderSettings.cs: 4aca03881946a7fe9acacf199434009e -> 
  custom:scripting/monoscript/fileName/_FrameRequestComponent.cs: b34f171daaafc65da55ea68e2ed89f2b -> 
  custom:scripting/monoscript/fileName/RenderTextureInput.cs: 5dea77837ae3c82bb14643cd82dc06dc -> 
  custom:scripting/monoscript/fileName/RecorderAnalytics.cs: 0fa40093f6ac3fe75e92d746d563e5ee -> 
  custom:scripting/monoscript/fileName/MP4RecorderSettingsEditor.cs: 68a64b16a7961d71fa7286fd1f782e9b -> 
  custom:scripting/monoscript/fileName/RecorderBindingsEditor.cs: f7451a0e1cea6404b2976d2b2c42e273 -> 
  custom:scripting/monoscript/fileName/BaseRenderTextureInput.cs: 5dc13661a5a0dca5d09ca211933a44e2 -> 
  custom:scripting/monoscript/fileName/StatusBarHelper.cs: da04a6ed046f8a62f416d5d3ea415bef -> 
  custom:scripting/precompiled-assembly-types:Unity.Recorder: bd5378c99f6216e06dd6e2c2a60a86a4 -> 
  custom:CustomObjectIndexerAttribute: 9a22284fe3817be447336de3de66b15e -> 
  custom:scripting/monoscript/fileName/Camera360InputSettings.cs: 3d5eaf1cb3a9df6f9d1d52f3c3018c46 -> 
  custom:scripting/monoscript/fileName/PNGRecorderSettingsEditor.cs: 4970e6657bb34f7efc2c7d8168c7358b -> 
  custom:scripting/monoscript/fileName/ImageHeightSelector.cs: d1a7972bf1d79d90f09ab23c718afe39 -> 
  custom:scripting/monoscript/fileName/AnimationInputSettings.cs: d64a99ebbd13660e9264cb4111ab9832 -> 
  custom:scripting/monoscript/fileName/MP4RecorderSettings.cs: 551f5535c05b86d6ee91684eced14987 -> 
  custom:scripting/monoscript/fileName/RecorderPreferencesSettings.cs: 761b0a55fc5e50239a1d0c4bfc968274 -> 
  custom:container-demuxer-webm: 4f35f7cbe854078d1ac9338744f61a02 -> 
  custom:scripting/monoscript/fileName/RecorderSettingsPrefsEditor.cs: ba9e697f1d269c2c960a41bc543fa408 -> 
  custom:scripting/monoscript/fileName/ProResWrapper.cs: 712515ef615766c98115c6a20d85d6c8 -> 
  custom:scripting/monoscript/fileName/RecordModePropertyDrawer.cs: 165332db07362bbcab2d8dc6d1e1dfda -> 
  custom:scripting/monoscript/fileName/ImageInputSettings.cs: 98a2aedd167d40f01804b04845eeaf15 -> 
  custom:scripting/monoscript/fileName/SerializableObjHelper.cs: f19f181f3f05e8e393225dd7030fb66a -> 
  custom:scripting/monoscript/fileName/InputPropertyDrawer.cs: 90647cc400823b41df847a6cbfc29026 -> 
  custom:scripting/monoscript/fileName/AudioInputSettings.cs: a2c930fca1dd5e27705fbacf39727bb4 -> 
  custom:scripting/monoscript/fileName/InputSettings.cs: 35c56ce5488c6b464726305dcbd33b3d -> 
  custom:scripting/monoscript/fileName/RecorderEditor.cs: 736e59ba52eea987abc47f36a836e575 -> 
  custom:scripting/monoscript/fileName/AudioRecorderSettings.cs: 0b00f2c93558486cc61a06f270f43fea -> 
  custom:scripting/monoscript/fileName/RecordersInventory.cs: fb714c8df18f9b7fc7f3361f604ae3dc -> 
  custom:scripting/monoscript/fileName/BaseFCRecorderSettings.cs: fab928553cedb8703ac192d6cf7b6294 -> 
  custom:scripting/monoscript/fileName/AOVRecorderSettings.cs: cdc731153cd2f1f739300a28ea6a6608 -> 
  custom:scripting/monoscript/fileName/EXRCompressionTypeDrawer.cs: 301cb614ecf84a4dab346c5f76ea2016 -> 
  custom:scripting/monoscript/fileName/AOVRecorder.cs: c53e83f1863b3ea80b6df3885cdb8c82 -> 
  custom:scripting/monoscript/fileName/IEncoderSettings.cs: c7d04fadacf538db841606cc656ae724 -> 
  custom:scripting/monoscript/fileName/ShutterProfileTypePropertyDrawer.cs: 18a32c647eca27716eabcb5a44f00e32 -> 
  custom:scripting/monoscript/fileName/MovieRecorderEditor.cs: eb00ddb8a76b8dfb7c88b7826a49d38b -> 
  custom:scripting/monoscript/fileName/RenderTextureInputSettingsPropertyDrawer.cs: 809602b52454cd1e6229756218a8f453 -> 
  custom:scripting/monoscript/fileName/RecorderPlayableBehaviour.cs: 80165a21f4cd0dda690f708a19d389bd -> 
  custom:scripting/monoscript/fileName/GifEncoderSettingsPropertyDrawer.cs: b36c9a7eaaefccda514b23d7e14761ca -> 
  custom:scripting/monoscript/fileName/PNGRecorder.cs: 08fd40f88cb6b18c96882f263639f57d -> 
  custom:scripting/monoscript/fileName/CameraInputSettingsPropertyDrawer.cs: 91928abf1abf88be098cb088d896aec5 -> 
  custom:scripting/monoscript/fileName/AudioRecorderEditor.cs: 565168dec291afe3fa470657cfc2c123 -> 
  custom:scripting/monoscript/fileName/AOVRecorderEditor.cs: 5ca53ccd6d7645709639507726114395 -> 
  custom:container-muxer-webm: aa71ff27fc2769a1b78a27578f13a17b -> 
  custom:video-decoder-webm-vp8: 9c59270c3fd7afecdb556c50c9e8de78 -> 
  custom:scripting/monoscript/fileName/RecordingSession.cs: f3ad08157c278a036224ca395f350890 -> 
  custom:scripting/monoscript/fileName/GameViewSize.cs: f6128a6515fcafce6db32fcdfa107254 -> 
  custom:scripting/monoscript/fileName/UnityHelpers.cs: b3e077029b574be508585124a9d839ef -> 
  custom:SearchIndexIgnoredProperties: e643bd26f0fe6173181afceb89e7c659 -> 
  custom:scripting/monoscript/fileName/GIFRecorder.cs: c00ece885699fb9084deaccd3eb27518 -> 
  custom:AudioImporter_EditorPlatform: d09bf68614088b80899f8185d706f6e7 -> 
  custom:scripting/monoscript/fileName/EXRRecorder.cs: 3f576ce8ddd959d51a4d7ba1999ecdbb -> 
  custom:scripting/monoscript/fileName/WEBMRecorder.cs: 391b6b920cfbc02401ea522620320c93 -> 
  custom:scripting/monoscript/fileName/RenderTextureSampler.cs: 1a7b9abab9548e1054dc40d6e2fa0270 -> 
  custom:scripting/monoscript/fileName/GifEncoder.cs: 40f336d5c5042a8a04556b4c5804a538 -> 
  custom:scripting/monoscript/fileName/GenericRecorder.cs: 90647cc400823b41df847a6cbfc29026 -> 
  custom:scripting/monoscript/fileName/ImageInputSelector.cs: f55822da877594150873922341be92b6 -> 
  custom:scripting/monoscript/fileName/AnimationRecorderSettingsEditor.cs: db1294bf3d48be44b6e4b2f2cc100b02 -> 
  custom:scripting/monoscript/fileName/RecorderTrack.cs: fac9638ece7eb7daaa1302fa170613fd -> 
  custom:scripting/monoscript/fileName/InputSettingsSelector.cs: 499a4ec92267406782b5c4f3472d53b9 -> 
  custom:scripting/monoscript/fileName/FileNameGenerator.cs: 5c8b6eb5291c3311189e0dfadac99363 -> 
  custom:scripting/monoscript/fileName/RecorderItem.cs: b62d2fcb9547a248575727d8a1646db8 -> 
  custom:scripting/monoscript/fileName/TextureFlipper.cs: 825b503b2ddab9cbd8ebbf3038075092 -> 
  custom:scripting/monoscript/fileName/AccumulationSettings.cs: fb962f0c2333934b681b167574f5e1cd -> 
  custom:scripting/monoscript/fileName/Camera360InputPropertyDrawer.cs: af647a2fe91bec98139246321cac865d -> 
  custom:scripting/monoscript/fileName/RecorderClipEditor.cs: 947ad5ff1f968d7fc40767d187070964 -> 
  custom:scripting/monoscript/fileName/EXRRecorderSettingsEditor.cs: c520a04c5f01331f2c8800e289ef6d6f -> 
  custom:scripting/monoscript/fileName/CoreEncoder.cs: dfaed86e82ad12e6a2b6740a0fb35820 -> 
  custom:scripting/monoscript/fileName/PNGRecorderSettings.cs: 79a421225358808ff14dd88c0355d1b6 -> 
  custom:scripting/monoscript/fileName/AspectRatioPropertyDrawer.cs: 9f18568574138839573389bde3e660a7 -> 
  custom:scripting/monoscript/fileName/ProResEncoder.cs: b375bf2d41e3d89081c3f2d1a0823bf3 -> 
  custom:scripting/monoscript/fileName/CameraInput.cs: bf7e0df3caf9e500f6d1c98c99e165ba -> 
  custom:scripting/monoscript/fileName/RecorderSettings.cs: bc3ef26ac157af28e5460886c0d5ef2e -> 
  custom:scripting/monoscript/fileName/RecorderClipTimelineEditor.cs: 2995d9f50ebc9245c6e9bd75c56415fb -> 
  custom:scripting/monoscript/fileName/EncoderSettingsAttribute.cs: 8352396dc11cff58c65c429fdb4fc67e -> 
  custom:scripting/monoscript/fileName/MP4Recorder.cs: af531c4e1f6d23547da08837eb16b729 -> 
  custom:scripting/monoscript/fileName/EncoderTypeUtilities.cs: a12c4c78a6cd4fb6b93180d59ad77be8 -> 
  custom:scripting/monoscript/fileName/PooledBufferAsyncGPUReadback.cs: 2a4e50c5dda177306c9ec935763c4378 -> 
  custom:scripting/monoscript/fileName/AnimationRecorder.cs: f749a4250195b5467bbf05e3a976b59f -> 
  custom:scripting/precompiled-assembly-types:Unity.Recorder.Base: 3fec19fdf10e3518c41e41a932f2042f -> 
  custom:scripting/monoscript/fileName/AnimationRecorderSettings.cs: 5cfb1544a40f93fe0ea879bb1361c877 -> 
  custom:scripting/monoscript/fileName/RenderTextureSamplerSettings.cs: 68adab84706346f2ecbdfd649ca9cf61 -> 
  custom:scripting/monoscript/fileName/RecordingContext.cs: af9af1e8b283703482ba133924b5585a -> 
  custom:scripting/monoscript/fileName/RecorderSelector.cs: c3cd2caacd181d6eff54dc260c4a1ffb -> 
  custom:video-encoder-webm-vp8: eb34c28f22e8b96e1ab97ce403110664 -> 
  custom:scripting/monoscript/fileName/RecorderInput.cs: 88fd8d8fd71b34ed7298a01f6c2d2e40 -> 
  custom:scripting/monoscript/fileName/RenderTextureSamplerPropertyDrawer.cs: b541817d9cc9b1341d2ddfa8823b718d -> 
  custom:scripting/monoscript/fileName/RecorderSettingsAttribute.cs: ddd228b25da7ba2ac10d13e1efacc875 -> 
  custom:audio-decoder-ogg-vorbis: bf7c407c2cedff20999df2af8eb42d56 -> 
  custom:scripting/monoscript/fileName/OutputPathDrawer.cs: cffc34c1be094e6caeb13ff3b26ca679 -> 
  custom:scripting/monoscript/fileName/EditorVersionsHelper.cs: 3ad9098caeeff0295dba8c0911f5333a -> 
  custom:scripting/monoscript/fileName/SettingAsset.cs: 7c3790954696ae83d71055079b387931 -> 
  custom:scripting/monoscript/fileName/OutputResolution.cs: 31c632d97e9a69bcc2ef10f6feb5bf62 -> 
  custom:scripting/monoscript/fileName/AccumulationSettingsPropertyDrawer.cs: bfc920db0de3c29c2967e88aac1c1027 -> 
  custom:scripting/monoscript/fileName/AnimationInputSettingsPropertyDrawer.cs: ebe1771fecebe7a93badf6354f59c990 -> 
  custom:scripting/monoscript/fileName/CoreEncoderSettings.cs: 2b5db1db3c1fa7de4175a7e143de3ce5 -> 
  custom:scripting/monoscript/fileName/VisualListItem.cs: 90647cc400823b41df847a6cbfc29026 -> 
  custom:scripting/monoscript/fileName/FrameRateProperyDrawer.cs: c478c798f5354f66af45b380be0629f9 -> 
  custom:scripting/monoscript/fileName/InputSettingsSelectorDrawer.cs: bca46dd5b59e2f574c94bef4cdb878fb -> 
  custom:scripting/monoscript/fileName/RecorderWindow.cs: 553a30d64d5ef1dcad6b00b4eeeb3829 -> 
  custom:scripting/monoscript/fileName/AOVCameraInputSettings.cs: 4d2fdf1142ce53d73cb43d39944ba516 -> 
  custom:scripting/monoscript/fileName/EnumProperyDrawer.cs: 90647cc400823b41df847a6cbfc29026 -> 
  custom:scripting/monoscript/fileName/AOVImageInputSelector.cs: b741d8d3a7cbb503c5bdf23d7e6792db -> 
  custom:scripting/monoscript/fileName/CoreEncoderSettingsPropertyDrawer.cs: c8bdf3420d844fd4604c0d0cf3815355 -> 
  custom:scripting/monoscript/fileName/GifEncoderSettings.cs: 812ca6afdf48b830953d76adab9d4030 -> 
  custom:scripting/monoscript/fileName/GIFRecorderSettingsEditor.cs: 4d0f46bcf58d188895fabae5334995ae -> 
  custom:scripting/monoscript/fileName/IEncoder.cs: 007c2ef621b0d92b5a7a6bae91d26090 -> 
  custom:scripting/monoscript/fileName/RecorderOptions.cs: 74782d297e80d8f56c0e05a7cde4e51d -> 
  custom:scripting/precompiled-assembly-types:Unity.Recorder.Editor: cd22b836ef1ca10e7d8c91c9be46b4bf -> 
  custom:scripting/monoscript/fileName/ProResEncoderSettingsPropertyDrawer.cs: 68c25e6d4459336217d4b9e22eb707b4 -> 
  custom:scripting/monoscript/fileName/ImageRecorder.cs: b804c29bfc59a61db184c1d275fe4101 -> 
  custom:scripting/monoscript/fileName/EditableLabel.cs: 4f8fa2c6092744ed6607a411e3f617c0 -> 
  custom:scripting/monoscript/fileName/GameViewInput.cs: 596e7ffa2d11b2002176644af3247ea6 -> 
  custom:audio-encoder-webm-vorbis: bf7c407c2cedff20999df2af8eb42d56 -> 
  custom:scripting/monoscript/fileName/SerializedDictionnary.cs: 90647cc400823b41df847a6cbfc29026 -> 
  custom:scripting/monoscript/fileName/HammersleySequence.cs: b06601f044912976f668045b7d4c79a8 -> 
  custom:scripting/monoscript/fileName/_RecorderComponent.cs: 8c268d1df4e18643d83ea9c6eeba2d9f -> 
  custom:scripting/monoscript/fileName/IAccumulation.cs: 38dee62d444423165276e3254554d005 -> 
  custom:scripting/monoscript/fileName/RecorderController.cs: 5760bd2995080b8d0d9d9e88ab8933c6 -> 
  custom:scripting/monoscript/fileName/EXRRecorderSettings.cs: bf113df492cb5b25e11ec144a73c2f74 -> 
========================================================================
Received Prepare
Caller must complete domain reload
Begin MonoManager ReloadAssembly
- Loaded All Assemblies, in  0.414 seconds
Native extension for WindowsStandalone target not found
Native extension for iOS target not found
Native extension for Android target not found
Mono: successfully reloaded assembly
- Finished resetting the current domain, in  1.065 seconds
Domain Reload Profiling: 1475ms
	BeginReloadAssembly (127ms)
		ExecutionOrderSort (0ms)
		DisableScriptedObjects (4ms)
		BackupInstance (0ms)
		ReleaseScriptingObjects (0ms)
		CreateAndSetChildDomain (25ms)
	RebuildCommonClasses (25ms)
	RebuildNativeTypeToScriptingClass (14ms)
	initialDomainReloadingComplete (27ms)
	LoadAllAssembliesAndSetupDomain (218ms)
		LoadAssemblies (275ms)
		RebuildTransferFunctionScriptingTraits (0ms)
		AnalyzeDomain (13ms)
			TypeCache.Refresh (4ms)
				TypeCache.ScanAssembly (0ms)
			ScanForSourceGeneratedMonoScriptInfo (0ms)
			ResolveRequiredComponents (7ms)
	FinalizeReload (1065ms)
		ReleaseScriptCaches (0ms)
		RebuildScriptCaches (0ms)
		SetupLoadedEditorAssemblies (532ms)
			LogAssemblyErrors (0ms)
			InitializePlatformSupportModulesInManaged (31ms)
			SetLoadedEditorAssemblies (3ms)
			RefreshPlugins (0ms)
			BeforeProcessingInitializeOnLoad (105ms)
			ProcessInitializeOnLoadAttributes (363ms)
			ProcessInitializeOnLoadMethodAttributes (21ms)
			AfterProcessingInitializeOnLoad (9ms)
			EditorAssembliesLoaded (0ms)
		ExecutionOrderSort2 (0ms)
		AwakeInstancesAfterBackupRestoration (5ms)
Refreshing native plugins compatible for Editor in 5.30 ms, found 6 plugins.
Preloading 0 native plugins for Editor in 0.00 ms.
Unloading 3255 Unused Serialized files (Serialized files now loaded: 0)
Unloading 21 unused Assets / (335.8 KB). Loaded Objects now: 3763.
Memory consumption went from 127.4 MB to 127.1 MB.
Total: 2.649400 ms (FindLiveObjects: 0.204100 ms CreateObjectMapping: 0.123100 ms MarkObjects: 2.128500 ms  DeleteObjects: 0.192700 ms)

Prepare: number of updated asset objects reloaded= 0
AssetImportParameters requested are different than current active one (requested -> active):
  custom:scripting/monoscript/fileName/WEBMRecorderSettingsEditor.cs: 5559c87f45d3b65fac8d5ac4ef5e81c8 -> 
  custom:scripting/monoscript/fileName/UIElementHelper.cs: 9f9438adfe3361012ea6280d4cdb2df4 -> 
  custom:scripting/monoscript/fileName/AOVCameraInput.cs: c23c8ce885672bc57e25263b3efd067a -> 
  custom:scripting/monoscript/fileName/BaseTextureRecorder.cs: 90647cc400823b41df847a6cbfc29026 -> 
  custom:scripting/monoscript/fileName/Recorder.cs: a7e319d512627774f8215ba0b76f0bcb -> 
  custom:scripting/monoscript/fileName/AudioRecorder.cs: 89550121570f22445b4a1b28daea3cf9 -> 
  custom:scripting/monoscript/fileName/PanelSplitter.cs: 5ff6c6e385b6b12ca322a9c92ac6f371 -> 
  custom:scripting/monoscript/fileName/ImageRecorderSettings.cs: a7ab05fac9382c03607c40fe73956ed6 -> 
  custom:scripting/monoscript/fileName/RecorderClip.cs: 897017f45cb3c30f306724d1fa17a8fe -> 
  custom:scripting/monoscript/fileName/GIFRecorderSettings.cs: 979f88ae1e7731daed242ab2fdebbc0e -> 
  custom:container-demuxer-ogg: 62fdf1f143b41e24485cea50d1cbac27 -> 
  custom:scripting/monoscript/fileName/MovieRecorder.cs: 024785cf83e1399f425b2aa115d22e2b -> 
  custom:scripting/monoscript/fileName/RecorderControllerSettingsPresetEditor.cs: 49aed206ae65ed5ac6b420f7104cd52d -> 
  custom:scripting/monoscript/fileName/AudioInput.cs: 499e96d8f0b35d362bd956c0975bb873 -> 
  custom:scripting/monoscript/fileName/WEBMRecorderSettings.cs: c176c43abbe456aeea55c2aef862801b -> 
  custom:scripting/monoscript/fileName/RecorderControllerSettingsPreset.cs: 78b391c1384ac60213ef58d50e78d553 -> 
  custom:scripting/monoscript/fileName/GameViewInputSettings.cs: a7ae22123f532f5bbcb39c654c998b57 -> 
  custom:scripting/monoscript/fileName/GameViewInputPropertyDrawer.cs: ae2c8a99c5e33d3d1ffc8232415130e8 -> 
  custom:scripting/monoscript/fileName/Camera360Input.cs: dc473b118c57e0734b0cd3476e333c06 -> 
  custom:scripting/monoscript/fileName/RecorderPreferencesSettingsProvider.cs: d92d314b87f7c2170e267636ebf38224 -> 
  custom:scripting/monoscript/fileName/RecorderBindings.cs: ac25db5b587307cfea909607f62e5641 -> 
  custom:video-decoder-ogg-theora: a1e56fd34408186e4bbccfd4996cb3dc -> 
  custom:scripting/monoscript/fileName/GIFWrapper.cs: 6ef8898a12699129e8f81f06a649cad1 -> 
  custom:scripting/monoscript/fileName/SceneHook.cs: 80fa8928b499d44515dd60e0bc895128 -> 
  custom:scripting/monoscript/fileName/AnimationInput.cs: e810137278708a698c5ccddaeb1a1e64 -> 
  custom:scripting/monoscript/fileName/OutputResolutionPropertyDrawer.cs: 0e33ffdf424417a2e685685cfc04d4b1 -> 
  custom:scripting/monoscript/fileName/EnumHelper.cs: 117b5609cc2a1ae41785cd0c8767815f -> 
  custom:scripting/monoscript/fileName/OutputPath.cs: ee51fcffcd8929d224a5e3fb152d5f62 -> 
  custom:scripting/monoscript/fileName/FileNameGeneratorDrawer.cs: a3ea71dec141084df9b7ffa19c11e2cb -> 
  custom:framework-win-MediaFoundation: 216162199b28c13a410421893ffa2e32 -> 
  custom:scripting/monoscript/fileName/RecorderPreferencesWindowGUIScope.cs: 7a2eba6fcb6829ea8b200991a02c9c06 -> 
  custom:scripting/monoscript/fileName/AspectRatio.cs: 18e3efa554f8258b676d4de53e38b642 -> 
  custom:scripting/monoscript/fileName/CameraInputSettings.cs: 6738f6dd994f658d2cbf6f5f3ba05a0e -> 
  custom:scripting/monoscript/fileName/RefHandle.cs: 90647cc400823b41df847a6cbfc29026 -> 
  custom:scripting/monoscript/fileName/CameraCapture.cs: c6dcba1380d9a4fa09f4e36182a45a73 -> 
  custom:scripting/monoscript/fileName/RecorderControllerSettings.cs: 989e0caa64af9b76551d4ff6bd15f598 -> 
  custom:scripting/monoscript/fileName/TargetedPropertyDrawer.cs: 90647cc400823b41df847a6cbfc29026 -> 
  custom:scripting/monoscript/fileName/MovieRecorderSettings.cs: 02a667a67b113b1f65e3fcadcc882513 -> 
  custom:scripting/monoscript/fileName/RenderTextureInputSettings.cs: ebca820667a63031a7597db85d26451a -> 
  custom:scripting/monoscript/fileName/ImageRecorderEditor.cs: d3134ae4c1dfd8e056bace11130b7692 -> 
  custom:scripting/monoscript/fileName/ProResEncoderSettings.cs: 4aca03881946a7fe9acacf199434009e -> 
  custom:scripting/monoscript/fileName/_FrameRequestComponent.cs: b34f171daaafc65da55ea68e2ed89f2b -> 
  custom:scripting/monoscript/fileName/RenderTextureInput.cs: 5dea77837ae3c82bb14643cd82dc06dc -> 
  custom:scripting/monoscript/fileName/RecorderAnalytics.cs: 0fa40093f6ac3fe75e92d746d563e5ee -> 
  custom:scripting/monoscript/fileName/MP4RecorderSettingsEditor.cs: 68a64b16a7961d71fa7286fd1f782e9b -> 
  custom:scripting/monoscript/fileName/RecorderBindingsEditor.cs: f7451a0e1cea6404b2976d2b2c42e273 -> 
  custom:scripting/monoscript/fileName/BaseRenderTextureInput.cs: 5dc13661a5a0dca5d09ca211933a44e2 -> 
  custom:scripting/monoscript/fileName/StatusBarHelper.cs: da04a6ed046f8a62f416d5d3ea415bef -> 
  custom:scripting/precompiled-assembly-types:Unity.Recorder: bd5378c99f6216e06dd6e2c2a60a86a4 -> 
  custom:CustomObjectIndexerAttribute: 9a22284fe3817be447336de3de66b15e -> 
  custom:scripting/monoscript/fileName/Camera360InputSettings.cs: 3d5eaf1cb3a9df6f9d1d52f3c3018c46 -> 
  custom:scripting/monoscript/fileName/PNGRecorderSettingsEditor.cs: 4970e6657bb34f7efc2c7d8168c7358b -> 
  custom:scripting/monoscript/fileName/ImageHeightSelector.cs: d1a7972bf1d79d90f09ab23c718afe39 -> 
  custom:scripting/monoscript/fileName/AnimationInputSettings.cs: d64a99ebbd13660e9264cb4111ab9832 -> 
  custom:scripting/monoscript/fileName/MP4RecorderSettings.cs: 551f5535c05b86d6ee91684eced14987 -> 
  custom:scripting/monoscript/fileName/RecorderPreferencesSettings.cs: 761b0a55fc5e50239a1d0c4bfc968274 -> 
  custom:container-demuxer-webm: 4f35f7cbe854078d1ac9338744f61a02 -> 
  custom:scripting/monoscript/fileName/RecorderSettingsPrefsEditor.cs: ba9e697f1d269c2c960a41bc543fa408 -> 
  custom:scripting/monoscript/fileName/ProResWrapper.cs: 712515ef615766c98115c6a20d85d6c8 -> 
  custom:scripting/monoscript/fileName/RecordModePropertyDrawer.cs: 165332db07362bbcab2d8dc6d1e1dfda -> 
  custom:scripting/monoscript/fileName/ImageInputSettings.cs: 98a2aedd167d40f01804b04845eeaf15 -> 
  custom:scripting/monoscript/fileName/SerializableObjHelper.cs: f19f181f3f05e8e393225dd7030fb66a -> 
  custom:scripting/monoscript/fileName/InputPropertyDrawer.cs: 90647cc400823b41df847a6cbfc29026 -> 
  custom:scripting/monoscript/fileName/AudioInputSettings.cs: a2c930fca1dd5e27705fbacf39727bb4 -> 
  custom:scripting/monoscript/fileName/InputSettings.cs: 35c56ce5488c6b464726305dcbd33b3d -> 
  custom:scripting/monoscript/fileName/RecorderEditor.cs: 736e59ba52eea987abc47f36a836e575 -> 
  custom:scripting/monoscript/fileName/AudioRecorderSettings.cs: 0b00f2c93558486cc61a06f270f43fea -> 
  custom:scripting/monoscript/fileName/RecordersInventory.cs: fb714c8df18f9b7fc7f3361f604ae3dc -> 
  custom:scripting/monoscript/fileName/BaseFCRecorderSettings.cs: fab928553cedb8703ac192d6cf7b6294 -> 
  custom:scripting/monoscript/fileName/AOVRecorderSettings.cs: cdc731153cd2f1f739300a28ea6a6608 -> 
  custom:scripting/monoscript/fileName/EXRCompressionTypeDrawer.cs: 301cb614ecf84a4dab346c5f76ea2016 -> 
  custom:scripting/monoscript/fileName/AOVRecorder.cs: c53e83f1863b3ea80b6df3885cdb8c82 -> 
  custom:scripting/monoscript/fileName/IEncoderSettings.cs: c7d04fadacf538db841606cc656ae724 -> 
  custom:scripting/monoscript/fileName/ShutterProfileTypePropertyDrawer.cs: 18a32c647eca27716eabcb5a44f00e32 -> 
  custom:scripting/monoscript/fileName/MovieRecorderEditor.cs: eb00ddb8a76b8dfb7c88b7826a49d38b -> 
  custom:scripting/monoscript/fileName/RenderTextureInputSettingsPropertyDrawer.cs: 809602b52454cd1e6229756218a8f453 -> 
  custom:scripting/monoscript/fileName/RecorderPlayableBehaviour.cs: 80165a21f4cd0dda690f708a19d389bd -> 
  custom:scripting/monoscript/fileName/GifEncoderSettingsPropertyDrawer.cs: b36c9a7eaaefccda514b23d7e14761ca -> 
  custom:scripting/monoscript/fileName/PNGRecorder.cs: 08fd40f88cb6b18c96882f263639f57d -> 
  custom:scripting/monoscript/fileName/CameraInputSettingsPropertyDrawer.cs: 91928abf1abf88be098cb088d896aec5 -> 
  custom:scripting/monoscript/fileName/AudioRecorderEditor.cs: 565168dec291afe3fa470657cfc2c123 -> 
  custom:scripting/monoscript/fileName/AOVRecorderEditor.cs: 5ca53ccd6d7645709639507726114395 -> 
  custom:container-muxer-webm: aa71ff27fc2769a1b78a27578f13a17b -> 
  custom:video-decoder-webm-vp8: 9c59270c3fd7afecdb556c50c9e8de78 -> 
  custom:scripting/monoscript/fileName/RecordingSession.cs: f3ad08157c278a036224ca395f350890 -> 
  custom:scripting/monoscript/fileName/GameViewSize.cs: f6128a6515fcafce6db32fcdfa107254 -> 
  custom:scripting/monoscript/fileName/UnityHelpers.cs: b3e077029b574be508585124a9d839ef -> 
  custom:SearchIndexIgnoredProperties: e643bd26f0fe6173181afceb89e7c659 -> 
  custom:scripting/monoscript/fileName/GIFRecorder.cs: c00ece885699fb9084deaccd3eb27518 -> 
  custom:AudioImporter_EditorPlatform: d09bf68614088b80899f8185d706f6e7 -> 
  custom:scripting/monoscript/fileName/EXRRecorder.cs: 3f576ce8ddd959d51a4d7ba1999ecdbb -> 
  custom:scripting/monoscript/fileName/WEBMRecorder.cs: 391b6b920cfbc02401ea522620320c93 -> 
  custom:scripting/monoscript/fileName/RenderTextureSampler.cs: 1a7b9abab9548e1054dc40d6e2fa0270 -> 
  custom:scripting/monoscript/fileName/GifEncoder.cs: 40f336d5c5042a8a04556b4c5804a538 -> 
  custom:scripting/monoscript/fileName/GenericRecorder.cs: 90647cc400823b41df847a6cbfc29026 -> 
  custom:scripting/monoscript/fileName/ImageInputSelector.cs: f55822da877594150873922341be92b6 -> 
  custom:scripting/monoscript/fileName/AnimationRecorderSettingsEditor.cs: db1294bf3d48be44b6e4b2f2cc100b02 -> 
  custom:scripting/monoscript/fileName/RecorderTrack.cs: fac9638ece7eb7daaa1302fa170613fd -> 
  custom:scripting/monoscript/fileName/InputSettingsSelector.cs: 499a4ec92267406782b5c4f3472d53b9 -> 
  custom:scripting/monoscript/fileName/FileNameGenerator.cs: 5c8b6eb5291c3311189e0dfadac99363 -> 
  custom:scripting/monoscript/fileName/RecorderItem.cs: b62d2fcb9547a248575727d8a1646db8 -> 
  custom:scripting/monoscript/fileName/TextureFlipper.cs: 825b503b2ddab9cbd8ebbf3038075092 -> 
  custom:scripting/monoscript/fileName/AccumulationSettings.cs: fb962f0c2333934b681b167574f5e1cd -> 
  custom:scripting/monoscript/fileName/Camera360InputPropertyDrawer.cs: af647a2fe91bec98139246321cac865d -> 
  custom:scripting/monoscript/fileName/RecorderClipEditor.cs: 947ad5ff1f968d7fc40767d187070964 -> 
  custom:scripting/monoscript/fileName/EXRRecorderSettingsEditor.cs: c520a04c5f01331f2c8800e289ef6d6f -> 
  custom:scripting/monoscript/fileName/CoreEncoder.cs: dfaed86e82ad12e6a2b6740a0fb35820 -> 
  custom:scripting/monoscript/fileName/PNGRecorderSettings.cs: 79a421225358808ff14dd88c0355d1b6 -> 
  custom:scripting/monoscript/fileName/AspectRatioPropertyDrawer.cs: 9f18568574138839573389bde3e660a7 -> 
  custom:scripting/monoscript/fileName/ProResEncoder.cs: b375bf2d41e3d89081c3f2d1a0823bf3 -> 
  custom:scripting/monoscript/fileName/CameraInput.cs: bf7e0df3caf9e500f6d1c98c99e165ba -> 
  custom:scripting/monoscript/fileName/RecorderSettings.cs: bc3ef26ac157af28e5460886c0d5ef2e -> 
  custom:scripting/monoscript/fileName/RecorderClipTimelineEditor.cs: 2995d9f50ebc9245c6e9bd75c56415fb -> 
  custom:scripting/monoscript/fileName/EncoderSettingsAttribute.cs: 8352396dc11cff58c65c429fdb4fc67e -> 
  custom:scripting/monoscript/fileName/MP4Recorder.cs: af531c4e1f6d23547da08837eb16b729 -> 
  custom:scripting/monoscript/fileName/EncoderTypeUtilities.cs: a12c4c78a6cd4fb6b93180d59ad77be8 -> 
  custom:scripting/monoscript/fileName/PooledBufferAsyncGPUReadback.cs: 2a4e50c5dda177306c9ec935763c4378 -> 
  custom:scripting/monoscript/fileName/AnimationRecorder.cs: f749a4250195b5467bbf05e3a976b59f -> 
  custom:scripting/precompiled-assembly-types:Unity.Recorder.Base: 3fec19fdf10e3518c41e41a932f2042f -> 
  custom:scripting/monoscript/fileName/AnimationRecorderSettings.cs: 5cfb1544a40f93fe0ea879bb1361c877 -> 
  custom:scripting/monoscript/fileName/RenderTextureSamplerSettings.cs: 68adab84706346f2ecbdfd649ca9cf61 -> 
  custom:scripting/monoscript/fileName/RecordingContext.cs: af9af1e8b283703482ba133924b5585a -> 
  custom:scripting/monoscript/fileName/RecorderSelector.cs: c3cd2caacd181d6eff54dc260c4a1ffb -> 
  custom:video-encoder-webm-vp8: eb34c28f22e8b96e1ab97ce403110664 -> 
  custom:scripting/monoscript/fileName/RecorderInput.cs: 88fd8d8fd71b34ed7298a01f6c2d2e40 -> 
  custom:scripting/monoscript/fileName/RenderTextureSamplerPropertyDrawer.cs: b541817d9cc9b1341d2ddfa8823b718d -> 
  custom:scripting/monoscript/fileName/RecorderSettingsAttribute.cs: ddd228b25da7ba2ac10d13e1efacc875 -> 
  custom:audio-decoder-ogg-vorbis: bf7c407c2cedff20999df2af8eb42d56 -> 
  custom:scripting/monoscript/fileName/OutputPathDrawer.cs: cffc34c1be094e6caeb13ff3b26ca679 -> 
  custom:scripting/monoscript/fileName/EditorVersionsHelper.cs: 3ad9098caeeff0295dba8c0911f5333a -> 
  custom:scripting/monoscript/fileName/SettingAsset.cs: 7c3790954696ae83d71055079b387931 -> 
  custom:scripting/monoscript/fileName/OutputResolution.cs: 31c632d97e9a69bcc2ef10f6feb5bf62 -> 
  custom:scripting/monoscript/fileName/AccumulationSettingsPropertyDrawer.cs: bfc920db0de3c29c2967e88aac1c1027 -> 
  custom:scripting/monoscript/fileName/AnimationInputSettingsPropertyDrawer.cs: ebe1771fecebe7a93badf6354f59c990 -> 
  custom:scripting/monoscript/fileName/CoreEncoderSettings.cs: 2b5db1db3c1fa7de4175a7e143de3ce5 -> 
  custom:scripting/monoscript/fileName/VisualListItem.cs: 90647cc400823b41df847a6cbfc29026 -> 
  custom:scripting/monoscript/fileName/FrameRateProperyDrawer.cs: c478c798f5354f66af45b380be0629f9 -> 
  custom:scripting/monoscript/fileName/InputSettingsSelectorDrawer.cs: bca46dd5b59e2f574c94bef4cdb878fb -> 
  custom:scripting/monoscript/fileName/RecorderWindow.cs: 553a30d64d5ef1dcad6b00b4eeeb3829 -> 
  custom:scripting/monoscript/fileName/AOVCameraInputSettings.cs: 4d2fdf1142ce53d73cb43d39944ba516 -> 
  custom:scripting/monoscript/fileName/EnumProperyDrawer.cs: 90647cc400823b41df847a6cbfc29026 -> 
  custom:scripting/monoscript/fileName/AOVImageInputSelector.cs: b741d8d3a7cbb503c5bdf23d7e6792db -> 
  custom:scripting/monoscript/fileName/CoreEncoderSettingsPropertyDrawer.cs: c8bdf3420d844fd4604c0d0cf3815355 -> 
  custom:scripting/monoscript/fileName/GifEncoderSettings.cs: 812ca6afdf48b830953d76adab9d4030 -> 
  custom:scripting/monoscript/fileName/GIFRecorderSettingsEditor.cs: 4d0f46bcf58d188895fabae5334995ae -> 
  custom:scripting/monoscript/fileName/IEncoder.cs: 007c2ef621b0d92b5a7a6bae91d26090 -> 
  custom:scripting/monoscript/fileName/RecorderOptions.cs: 74782d297e80d8f56c0e05a7cde4e51d -> 
  custom:scripting/precompiled-assembly-types:Unity.Recorder.Editor: cd22b836ef1ca10e7d8c91c9be46b4bf -> 
  custom:scripting/monoscript/fileName/ProResEncoderSettingsPropertyDrawer.cs: 68c25e6d4459336217d4b9e22eb707b4 -> 
  custom:scripting/monoscript/fileName/ImageRecorder.cs: b804c29bfc59a61db184c1d275fe4101 -> 
  custom:scripting/monoscript/fileName/EditableLabel.cs: 4f8fa2c6092744ed6607a411e3f617c0 -> 
  custom:scripting/monoscript/fileName/GameViewInput.cs: 596e7ffa2d11b2002176644af3247ea6 -> 
  custom:audio-encoder-webm-vorbis: bf7c407c2cedff20999df2af8eb42d56 -> 
  custom:scripting/monoscript/fileName/SerializedDictionnary.cs: 90647cc400823b41df847a6cbfc29026 -> 
  custom:scripting/monoscript/fileName/HammersleySequence.cs: b06601f044912976f668045b7d4c79a8 -> 
  custom:scripting/monoscript/fileName/_RecorderComponent.cs: 8c268d1df4e18643d83ea9c6eeba2d9f -> 
  custom:scripting/monoscript/fileName/IAccumulation.cs: 38dee62d444423165276e3254554d005 -> 
  custom:scripting/monoscript/fileName/RecorderController.cs: 5760bd2995080b8d0d9d9e88ab8933c6 -> 
  custom:scripting/monoscript/fileName/EXRRecorderSettings.cs: bf113df492cb5b25e11ec144a73c2f74 -> 
========================================================================
Received Prepare
Caller must complete domain reload
Begin MonoManager ReloadAssembly
- Loaded All Assemblies, in  0.407 seconds
Native extension for WindowsStandalone target not found
Native extension for iOS target not found
Native extension for Android target not found
Mono: successfully reloaded assembly
- Finished resetting the current domain, in  0.982 seconds
Domain Reload Profiling: 1385ms
	BeginReloadAssembly (124ms)
		ExecutionOrderSort (0ms)
		DisableScriptedObjects (4ms)
		BackupInstance (0ms)
		ReleaseScriptingObjects (0ms)
		CreateAndSetChildDomain (24ms)
	RebuildCommonClasses (25ms)
	RebuildNativeTypeToScriptingClass (8ms)
	initialDomainReloadingComplete (26ms)
	LoadAllAssembliesAndSetupDomain (219ms)
		LoadAssemblies (277ms)
		RebuildTransferFunctionScriptingTraits (0ms)
		AnalyzeDomain (10ms)
			TypeCache.Refresh (4ms)
				TypeCache.ScanAssembly (0ms)
			ScanForSourceGeneratedMonoScriptInfo (0ms)
			ResolveRequiredComponents (5ms)
	FinalizeReload (982ms)
		ReleaseScriptCaches (0ms)
		RebuildScriptCaches (0ms)
		SetupLoadedEditorAssemblies (489ms)
			LogAssemblyErrors (0ms)
			InitializePlatformSupportModulesInManaged (29ms)
			SetLoadedEditorAssemblies (4ms)
			RefreshPlugins (0ms)
			BeforeProcessingInitializeOnLoad (86ms)
			ProcessInitializeOnLoadAttributes (342ms)
			ProcessInitializeOnLoadMethodAttributes (17ms)
			AfterProcessingInitializeOnLoad (10ms)
			EditorAssembliesLoaded (0ms)
		ExecutionOrderSort2 (0ms)
		AwakeInstancesAfterBackupRestoration (5ms)
Refreshing native plugins compatible for Editor in 5.57 ms, found 6 plugins.
Preloading 0 native plugins for Editor in 0.00 ms.
Unloading 3255 Unused Serialized files (Serialized files now loaded: 0)
Unloading 21 unused Assets / (335.9 KB). Loaded Objects now: 3766.
Memory consumption went from 127.4 MB to 127.1 MB.
Total: 2.662500 ms (FindLiveObjects: 0.213400 ms CreateObjectMapping: 0.076900 ms MarkObjects: 2.209900 ms  DeleteObjects: 0.161700 ms)

Prepare: number of updated asset objects reloaded= 0
AssetImportParameters requested are different than current active one (requested -> active):
  custom:scripting/monoscript/fileName/WEBMRecorderSettingsEditor.cs: 5559c87f45d3b65fac8d5ac4ef5e81c8 -> 
  custom:scripting/monoscript/fileName/UIElementHelper.cs: 9f9438adfe3361012ea6280d4cdb2df4 -> 
  custom:scripting/monoscript/fileName/AOVCameraInput.cs: c23c8ce885672bc57e25263b3efd067a -> 
  custom:scripting/monoscript/fileName/BaseTextureRecorder.cs: 90647cc400823b41df847a6cbfc29026 -> 
  custom:scripting/monoscript/fileName/Recorder.cs: a7e319d512627774f8215ba0b76f0bcb -> 
  custom:scripting/monoscript/fileName/AudioRecorder.cs: 89550121570f22445b4a1b28daea3cf9 -> 
  custom:scripting/monoscript/fileName/PanelSplitter.cs: 5ff6c6e385b6b12ca322a9c92ac6f371 -> 
  custom:scripting/monoscript/fileName/ImageRecorderSettings.cs: a7ab05fac9382c03607c40fe73956ed6 -> 
  custom:scripting/monoscript/fileName/RecorderClip.cs: 897017f45cb3c30f306724d1fa17a8fe -> 
  custom:scripting/monoscript/fileName/GIFRecorderSettings.cs: 979f88ae1e7731daed242ab2fdebbc0e -> 
  custom:container-demuxer-ogg: 62fdf1f143b41e24485cea50d1cbac27 -> 
  custom:scripting/monoscript/fileName/MovieRecorder.cs: 024785cf83e1399f425b2aa115d22e2b -> 
  custom:scripting/monoscript/fileName/RecorderControllerSettingsPresetEditor.cs: 49aed206ae65ed5ac6b420f7104cd52d -> 
  custom:scripting/monoscript/fileName/AudioInput.cs: 499e96d8f0b35d362bd956c0975bb873 -> 
  custom:scripting/monoscript/fileName/WEBMRecorderSettings.cs: c176c43abbe456aeea55c2aef862801b -> 
  custom:scripting/monoscript/fileName/RecorderControllerSettingsPreset.cs: 78b391c1384ac60213ef58d50e78d553 -> 
  custom:scripting/monoscript/fileName/GameViewInputSettings.cs: a7ae22123f532f5bbcb39c654c998b57 -> 
  custom:scripting/monoscript/fileName/GameViewInputPropertyDrawer.cs: ae2c8a99c5e33d3d1ffc8232415130e8 -> 
  custom:scripting/monoscript/fileName/Camera360Input.cs: dc473b118c57e0734b0cd3476e333c06 -> 
  custom:scripting/monoscript/fileName/RecorderPreferencesSettingsProvider.cs: d92d314b87f7c2170e267636ebf38224 -> 
  custom:scripting/monoscript/fileName/RecorderBindings.cs: ac25db5b587307cfea909607f62e5641 -> 
  custom:video-decoder-ogg-theora: a1e56fd34408186e4bbccfd4996cb3dc -> 
  custom:scripting/monoscript/fileName/GIFWrapper.cs: 6ef8898a12699129e8f81f06a649cad1 -> 
  custom:scripting/monoscript/fileName/SceneHook.cs: 80fa8928b499d44515dd60e0bc895128 -> 
  custom:scripting/monoscript/fileName/AnimationInput.cs: e810137278708a698c5ccddaeb1a1e64 -> 
  custom:scripting/monoscript/fileName/OutputResolutionPropertyDrawer.cs: 0e33ffdf424417a2e685685cfc04d4b1 -> 
  custom:scripting/monoscript/fileName/EnumHelper.cs: 117b5609cc2a1ae41785cd0c8767815f -> 
  custom:scripting/monoscript/fileName/OutputPath.cs: ee51fcffcd8929d224a5e3fb152d5f62 -> 
  custom:scripting/monoscript/fileName/FileNameGeneratorDrawer.cs: a3ea71dec141084df9b7ffa19c11e2cb -> 
  custom:framework-win-MediaFoundation: 216162199b28c13a410421893ffa2e32 -> 
  custom:scripting/monoscript/fileName/RecorderPreferencesWindowGUIScope.cs: 7a2eba6fcb6829ea8b200991a02c9c06 -> 
  custom:scripting/monoscript/fileName/AspectRatio.cs: 18e3efa554f8258b676d4de53e38b642 -> 
  custom:scripting/monoscript/fileName/CameraInputSettings.cs: 6738f6dd994f658d2cbf6f5f3ba05a0e -> 
  custom:scripting/monoscript/fileName/RefHandle.cs: 90647cc400823b41df847a6cbfc29026 -> 
  custom:scripting/monoscript/fileName/CameraCapture.cs: c6dcba1380d9a4fa09f4e36182a45a73 -> 
  custom:scripting/monoscript/fileName/RecorderControllerSettings.cs: 989e0caa64af9b76551d4ff6bd15f598 -> 
  custom:scripting/monoscript/fileName/TargetedPropertyDrawer.cs: 90647cc400823b41df847a6cbfc29026 -> 
  custom:scripting/monoscript/fileName/MovieRecorderSettings.cs: 02a667a67b113b1f65e3fcadcc882513 -> 
  custom:scripting/monoscript/fileName/RenderTextureInputSettings.cs: ebca820667a63031a7597db85d26451a -> 
  custom:scripting/monoscript/fileName/ImageRecorderEditor.cs: d3134ae4c1dfd8e056bace11130b7692 -> 
  custom:scripting/monoscript/fileName/ProResEncoderSettings.cs: 4aca03881946a7fe9acacf199434009e -> 
  custom:scripting/monoscript/fileName/_FrameRequestComponent.cs: b34f171daaafc65da55ea68e2ed89f2b -> 
  custom:scripting/monoscript/fileName/RenderTextureInput.cs: 5dea77837ae3c82bb14643cd82dc06dc -> 
  custom:scripting/monoscript/fileName/RecorderAnalytics.cs: 0fa40093f6ac3fe75e92d746d563e5ee -> 
  custom:scripting/monoscript/fileName/MP4RecorderSettingsEditor.cs: 68a64b16a7961d71fa7286fd1f782e9b -> 
  custom:scripting/monoscript/fileName/RecorderBindingsEditor.cs: f7451a0e1cea6404b2976d2b2c42e273 -> 
  custom:scripting/monoscript/fileName/BaseRenderTextureInput.cs: 5dc13661a5a0dca5d09ca211933a44e2 -> 
  custom:scripting/monoscript/fileName/StatusBarHelper.cs: da04a6ed046f8a62f416d5d3ea415bef -> 
  custom:scripting/precompiled-assembly-types:Unity.Recorder: bd5378c99f6216e06dd6e2c2a60a86a4 -> 
  custom:CustomObjectIndexerAttribute: 9a22284fe3817be447336de3de66b15e -> 
  custom:scripting/monoscript/fileName/Camera360InputSettings.cs: 3d5eaf1cb3a9df6f9d1d52f3c3018c46 -> 
  custom:scripting/monoscript/fileName/PNGRecorderSettingsEditor.cs: 4970e6657bb34f7efc2c7d8168c7358b -> 
  custom:scripting/monoscript/fileName/ImageHeightSelector.cs: d1a7972bf1d79d90f09ab23c718afe39 -> 
  custom:scripting/monoscript/fileName/AnimationInputSettings.cs: d64a99ebbd13660e9264cb4111ab9832 -> 
  custom:scripting/monoscript/fileName/MP4RecorderSettings.cs: 551f5535c05b86d6ee91684eced14987 -> 
  custom:scripting/monoscript/fileName/RecorderPreferencesSettings.cs: 761b0a55fc5e50239a1d0c4bfc968274 -> 
  custom:container-demuxer-webm: 4f35f7cbe854078d1ac9338744f61a02 -> 
  custom:scripting/monoscript/fileName/RecorderSettingsPrefsEditor.cs: ba9e697f1d269c2c960a41bc543fa408 -> 
  custom:scripting/monoscript/fileName/ProResWrapper.cs: 712515ef615766c98115c6a20d85d6c8 -> 
  custom:scripting/monoscript/fileName/RecordModePropertyDrawer.cs: 165332db07362bbcab2d8dc6d1e1dfda -> 
  custom:scripting/monoscript/fileName/ImageInputSettings.cs: 98a2aedd167d40f01804b04845eeaf15 -> 
  custom:scripting/monoscript/fileName/SerializableObjHelper.cs: f19f181f3f05e8e393225dd7030fb66a -> 
  custom:scripting/monoscript/fileName/InputPropertyDrawer.cs: 90647cc400823b41df847a6cbfc29026 -> 
  custom:scripting/monoscript/fileName/AudioInputSettings.cs: a2c930fca1dd5e27705fbacf39727bb4 -> 
  custom:scripting/monoscript/fileName/InputSettings.cs: 35c56ce5488c6b464726305dcbd33b3d -> 
  custom:scripting/monoscript/fileName/RecorderEditor.cs: 736e59ba52eea987abc47f36a836e575 -> 
  custom:scripting/monoscript/fileName/AudioRecorderSettings.cs: 0b00f2c93558486cc61a06f270f43fea -> 
  custom:scripting/monoscript/fileName/RecordersInventory.cs: fb714c8df18f9b7fc7f3361f604ae3dc -> 
  custom:scripting/monoscript/fileName/BaseFCRecorderSettings.cs: fab928553cedb8703ac192d6cf7b6294 -> 
  custom:scripting/monoscript/fileName/AOVRecorderSettings.cs: cdc731153cd2f1f739300a28ea6a6608 -> 
  custom:scripting/monoscript/fileName/EXRCompressionTypeDrawer.cs: 301cb614ecf84a4dab346c5f76ea2016 -> 
  custom:scripting/monoscript/fileName/AOVRecorder.cs: c53e83f1863b3ea80b6df3885cdb8c82 -> 
  custom:scripting/monoscript/fileName/IEncoderSettings.cs: c7d04fadacf538db841606cc656ae724 -> 
  custom:scripting/monoscript/fileName/ShutterProfileTypePropertyDrawer.cs: 18a32c647eca27716eabcb5a44f00e32 -> 
  custom:scripting/monoscript/fileName/MovieRecorderEditor.cs: eb00ddb8a76b8dfb7c88b7826a49d38b -> 
  custom:scripting/monoscript/fileName/RenderTextureInputSettingsPropertyDrawer.cs: 809602b52454cd1e6229756218a8f453 -> 
  custom:scripting/monoscript/fileName/RecorderPlayableBehaviour.cs: 80165a21f4cd0dda690f708a19d389bd -> 
  custom:scripting/monoscript/fileName/GifEncoderSettingsPropertyDrawer.cs: b36c9a7eaaefccda514b23d7e14761ca -> 
  custom:scripting/monoscript/fileName/PNGRecorder.cs: 08fd40f88cb6b18c96882f263639f57d -> 
  custom:scripting/monoscript/fileName/CameraInputSettingsPropertyDrawer.cs: 91928abf1abf88be098cb088d896aec5 -> 
  custom:scripting/monoscript/fileName/AudioRecorderEditor.cs: 565168dec291afe3fa470657cfc2c123 -> 
  custom:scripting/monoscript/fileName/AOVRecorderEditor.cs: 5ca53ccd6d7645709639507726114395 -> 
  custom:container-muxer-webm: aa71ff27fc2769a1b78a27578f13a17b -> 
  custom:video-decoder-webm-vp8: 9c59270c3fd7afecdb556c50c9e8de78 -> 
  custom:scripting/monoscript/fileName/RecordingSession.cs: f3ad08157c278a036224ca395f350890 -> 
  custom:scripting/monoscript/fileName/GameViewSize.cs: f6128a6515fcafce6db32fcdfa107254 -> 
  custom:scripting/monoscript/fileName/UnityHelpers.cs: b3e077029b574be508585124a9d839ef -> 
  custom:SearchIndexIgnoredProperties: e643bd26f0fe6173181afceb89e7c659 -> 
  custom:scripting/monoscript/fileName/GIFRecorder.cs: c00ece885699fb9084deaccd3eb27518 -> 
  custom:AudioImporter_EditorPlatform: d09bf68614088b80899f8185d706f6e7 -> 
  custom:scripting/monoscript/fileName/EXRRecorder.cs: 3f576ce8ddd959d51a4d7ba1999ecdbb -> 
  custom:scripting/monoscript/fileName/WEBMRecorder.cs: 391b6b920cfbc02401ea522620320c93 -> 
  custom:scripting/monoscript/fileName/RenderTextureSampler.cs: 1a7b9abab9548e1054dc40d6e2fa0270 -> 
  custom:scripting/monoscript/fileName/GifEncoder.cs: 40f336d5c5042a8a04556b4c5804a538 -> 
  custom:scripting/monoscript/fileName/GenericRecorder.cs: 90647cc400823b41df847a6cbfc29026 -> 
  custom:scripting/monoscript/fileName/ImageInputSelector.cs: f55822da877594150873922341be92b6 -> 
  custom:scripting/monoscript/fileName/AnimationRecorderSettingsEditor.cs: db1294bf3d48be44b6e4b2f2cc100b02 -> 
  custom:scripting/monoscript/fileName/RecorderTrack.cs: fac9638ece7eb7daaa1302fa170613fd -> 
  custom:scripting/monoscript/fileName/InputSettingsSelector.cs: 499a4ec92267406782b5c4f3472d53b9 -> 
  custom:scripting/monoscript/fileName/FileNameGenerator.cs: 5c8b6eb5291c3311189e0dfadac99363 -> 
  custom:scripting/monoscript/fileName/RecorderItem.cs: b62d2fcb9547a248575727d8a1646db8 -> 
  custom:scripting/monoscript/fileName/TextureFlipper.cs: 825b503b2ddab9cbd8ebbf3038075092 -> 
  custom:scripting/monoscript/fileName/AccumulationSettings.cs: fb962f0c2333934b681b167574f5e1cd -> 
  custom:scripting/monoscript/fileName/Camera360InputPropertyDrawer.cs: af647a2fe91bec98139246321cac865d -> 
  custom:scripting/monoscript/fileName/RecorderClipEditor.cs: 947ad5ff1f968d7fc40767d187070964 -> 
  custom:scripting/monoscript/fileName/EXRRecorderSettingsEditor.cs: c520a04c5f01331f2c8800e289ef6d6f -> 
  custom:scripting/monoscript/fileName/CoreEncoder.cs: dfaed86e82ad12e6a2b6740a0fb35820 -> 
  custom:scripting/monoscript/fileName/PNGRecorderSettings.cs: 79a421225358808ff14dd88c0355d1b6 -> 
  custom:scripting/monoscript/fileName/AspectRatioPropertyDrawer.cs: 9f18568574138839573389bde3e660a7 -> 
  custom:scripting/monoscript/fileName/ProResEncoder.cs: b375bf2d41e3d89081c3f2d1a0823bf3 -> 
  custom:scripting/monoscript/fileName/CameraInput.cs: bf7e0df3caf9e500f6d1c98c99e165ba -> 
  custom:scripting/monoscript/fileName/RecorderSettings.cs: bc3ef26ac157af28e5460886c0d5ef2e -> 
  custom:scripting/monoscript/fileName/RecorderClipTimelineEditor.cs: 2995d9f50ebc9245c6e9bd75c56415fb -> 
  custom:scripting/monoscript/fileName/EncoderSettingsAttribute.cs: 8352396dc11cff58c65c429fdb4fc67e -> 
  custom:scripting/monoscript/fileName/MP4Recorder.cs: af531c4e1f6d23547da08837eb16b729 -> 
  custom:scripting/monoscript/fileName/EncoderTypeUtilities.cs: a12c4c78a6cd4fb6b93180d59ad77be8 -> 
  custom:scripting/monoscript/fileName/PooledBufferAsyncGPUReadback.cs: 2a4e50c5dda177306c9ec935763c4378 -> 
  custom:scripting/monoscript/fileName/AnimationRecorder.cs: f749a4250195b5467bbf05e3a976b59f -> 
  custom:scripting/precompiled-assembly-types:Unity.Recorder.Base: 3fec19fdf10e3518c41e41a932f2042f -> 
  custom:scripting/monoscript/fileName/AnimationRecorderSettings.cs: 5cfb1544a40f93fe0ea879bb1361c877 -> 
  custom:scripting/monoscript/fileName/RenderTextureSamplerSettings.cs: 68adab84706346f2ecbdfd649ca9cf61 -> 
  custom:scripting/monoscript/fileName/RecordingContext.cs: af9af1e8b283703482ba133924b5585a -> 
  custom:scripting/monoscript/fileName/RecorderSelector.cs: c3cd2caacd181d6eff54dc260c4a1ffb -> 
  custom:video-encoder-webm-vp8: eb34c28f22e8b96e1ab97ce403110664 -> 
  custom:scripting/monoscript/fileName/RecorderInput.cs: 88fd8d8fd71b34ed7298a01f6c2d2e40 -> 
  custom:scripting/monoscript/fileName/RenderTextureSamplerPropertyDrawer.cs: b541817d9cc9b1341d2ddfa8823b718d -> 
  custom:scripting/monoscript/fileName/RecorderSettingsAttribute.cs: ddd228b25da7ba2ac10d13e1efacc875 -> 
  custom:audio-decoder-ogg-vorbis: bf7c407c2cedff20999df2af8eb42d56 -> 
  custom:scripting/monoscript/fileName/OutputPathDrawer.cs: cffc34c1be094e6caeb13ff3b26ca679 -> 
  custom:scripting/monoscript/fileName/EditorVersionsHelper.cs: 3ad9098caeeff0295dba8c0911f5333a -> 
  custom:scripting/monoscript/fileName/SettingAsset.cs: 7c3790954696ae83d71055079b387931 -> 
  custom:scripting/monoscript/fileName/OutputResolution.cs: 31c632d97e9a69bcc2ef10f6feb5bf62 -> 
  custom:scripting/monoscript/fileName/AccumulationSettingsPropertyDrawer.cs: bfc920db0de3c29c2967e88aac1c1027 -> 
  custom:scripting/monoscript/fileName/AnimationInputSettingsPropertyDrawer.cs: ebe1771fecebe7a93badf6354f59c990 -> 
  custom:scripting/monoscript/fileName/CoreEncoderSettings.cs: 2b5db1db3c1fa7de4175a7e143de3ce5 -> 
  custom:scripting/monoscript/fileName/VisualListItem.cs: 90647cc400823b41df847a6cbfc29026 -> 
  custom:scripting/monoscript/fileName/FrameRateProperyDrawer.cs: c478c798f5354f66af45b380be0629f9 -> 
  custom:scripting/monoscript/fileName/InputSettingsSelectorDrawer.cs: bca46dd5b59e2f574c94bef4cdb878fb -> 
  custom:scripting/monoscript/fileName/RecorderWindow.cs: 553a30d64d5ef1dcad6b00b4eeeb3829 -> 
  custom:scripting/monoscript/fileName/AOVCameraInputSettings.cs: 4d2fdf1142ce53d73cb43d39944ba516 -> 
  custom:scripting/monoscript/fileName/EnumProperyDrawer.cs: 90647cc400823b41df847a6cbfc29026 -> 
  custom:scripting/monoscript/fileName/AOVImageInputSelector.cs: b741d8d3a7cbb503c5bdf23d7e6792db -> 
  custom:scripting/monoscript/fileName/CoreEncoderSettingsPropertyDrawer.cs: c8bdf3420d844fd4604c0d0cf3815355 -> 
  custom:scripting/monoscript/fileName/GifEncoderSettings.cs: 812ca6afdf48b830953d76adab9d4030 -> 
  custom:scripting/monoscript/fileName/GIFRecorderSettingsEditor.cs: 4d0f46bcf58d188895fabae5334995ae -> 
  custom:scripting/monoscript/fileName/IEncoder.cs: 007c2ef621b0d92b5a7a6bae91d26090 -> 
  custom:scripting/monoscript/fileName/RecorderOptions.cs: 74782d297e80d8f56c0e05a7cde4e51d -> 
  custom:scripting/precompiled-assembly-types:Unity.Recorder.Editor: cd22b836ef1ca10e7d8c91c9be46b4bf -> 
  custom:scripting/monoscript/fileName/ProResEncoderSettingsPropertyDrawer.cs: 68c25e6d4459336217d4b9e22eb707b4 -> 
  custom:scripting/monoscript/fileName/ImageRecorder.cs: b804c29bfc59a61db184c1d275fe4101 -> 
  custom:scripting/monoscript/fileName/EditableLabel.cs: 4f8fa2c6092744ed6607a411e3f617c0 -> 
  custom:scripting/monoscript/fileName/GameViewInput.cs: 596e7ffa2d11b2002176644af3247ea6 -> 
  custom:audio-encoder-webm-vorbis: bf7c407c2cedff20999df2af8eb42d56 -> 
  custom:scripting/monoscript/fileName/SerializedDictionnary.cs: 90647cc400823b41df847a6cbfc29026 -> 
  custom:scripting/monoscript/fileName/HammersleySequence.cs: b06601f044912976f668045b7d4c79a8 -> 
  custom:scripting/monoscript/fileName/_RecorderComponent.cs: 8c268d1df4e18643d83ea9c6eeba2d9f -> 
  custom:scripting/monoscript/fileName/IAccumulation.cs: 38dee62d444423165276e3254554d005 -> 
  custom:scripting/monoscript/fileName/RecorderController.cs: 5760bd2995080b8d0d9d9e88ab8933c6 -> 
  custom:scripting/monoscript/fileName/EXRRecorderSettings.cs: bf113df492cb5b25e11ec144a73c2f74 -> 
========================================================================
Received Import Request.
  Time since last request: 616.192522 seconds.
  path: Assets/Scripts/ObjectPool.cs
  artifactKey: Guid(c5f1a300eecdcfa42a6ba3f54bc48ab0) Importer(815301076,1909f56bfc062723c751e8b465ee728b)
Start importing Assets/Scripts/ObjectPool.cs using Guid(c5f1a300eecdcfa42a6ba3f54bc48ab0) Importer(815301076,1909f56bfc062723c751e8b465ee728b) [PhysX] Initialized MultithreadedTaskDispatcher with 12 workers.
 -> (artifact id: 'ff326551666f302d4f459a9c025eacd5') in 0.001386 seconds
Number of updated asset objects reloaded before import = 0
Number of asset objects unloaded after import = 0
========================================================================
Received Prepare
Caller must complete domain reload
Begin MonoManager ReloadAssembly
- Loaded All Assemblies, in  0.409 seconds
Native extension for WindowsStandalone target not found
Native extension for iOS target not found
Native extension for Android target not found
Mono: successfully reloaded assembly
- Finished resetting the current domain, in  1.011 seconds
Domain Reload Profiling: 1417ms
	BeginReloadAssembly (127ms)
		ExecutionOrderSort (0ms)
		DisableScriptedObjects (4ms)
		BackupInstance (0ms)
		ReleaseScriptingObjects (0ms)
		CreateAndSetChildDomain (26ms)
	RebuildCommonClasses (26ms)
	RebuildNativeTypeToScriptingClass (10ms)
	initialDomainReloadingComplete (27ms)
	LoadAllAssembliesAndSetupDomain (215ms)
		LoadAssemblies (274ms)
		RebuildTransferFunctionScriptingTraits (0ms)
		AnalyzeDomain (11ms)
			TypeCache.Refresh (4ms)
				TypeCache.ScanAssembly (0ms)
			ScanForSourceGeneratedMonoScriptInfo (0ms)
			ResolveRequiredComponents (5ms)
	FinalizeReload (1012ms)
		ReleaseScriptCaches (0ms)
		RebuildScriptCaches (0ms)
		SetupLoadedEditorAssemblies (506ms)
			LogAssemblyErrors (0ms)
			InitializePlatformSupportModulesInManaged (29ms)
			SetLoadedEditorAssemblies (3ms)
			RefreshPlugins (0ms)
			BeforeProcessingInitializeOnLoad (93ms)
			ProcessInitializeOnLoadAttributes (353ms)
			ProcessInitializeOnLoadMethodAttributes (18ms)
			AfterProcessingInitializeOnLoad (9ms)
			EditorAssembliesLoaded (0ms)
		ExecutionOrderSort2 (0ms)
		AwakeInstancesAfterBackupRestoration (5ms)
Refreshing native plugins compatible for Editor in 4.74 ms, found 6 plugins.
Preloading 0 native plugins for Editor in 0.00 ms.
Unloading 3255 Unused Serialized files (Serialized files now loaded: 0)
Unloading 21 unused Assets / (336.3 KB). Loaded Objects now: 3769.
Memory consumption went from 127.4 MB to 127.1 MB.
Total: 2.380700 ms (FindLiveObjects: 0.189200 ms CreateObjectMapping: 0.076000 ms MarkObjects: 1.940000 ms  DeleteObjects: 0.174700 ms)

Prepare: number of updated asset objects reloaded= 0
AssetImportParameters requested are different than current active one (requested -> active):
  custom:scripting/monoscript/fileName/WEBMRecorderSettingsEditor.cs: 5559c87f45d3b65fac8d5ac4ef5e81c8 -> 
  custom:scripting/monoscript/fileName/UIElementHelper.cs: 9f9438adfe3361012ea6280d4cdb2df4 -> 
  custom:scripting/monoscript/fileName/AOVCameraInput.cs: c23c8ce885672bc57e25263b3efd067a -> 
  custom:scripting/monoscript/fileName/BaseTextureRecorder.cs: 90647cc400823b41df847a6cbfc29026 -> 
  custom:scripting/monoscript/fileName/Recorder.cs: a7e319d512627774f8215ba0b76f0bcb -> 
  custom:scripting/monoscript/fileName/AudioRecorder.cs: 89550121570f22445b4a1b28daea3cf9 -> 
  custom:scripting/monoscript/fileName/PanelSplitter.cs: 5ff6c6e385b6b12ca322a9c92ac6f371 -> 
  custom:scripting/monoscript/fileName/ImageRecorderSettings.cs: a7ab05fac9382c03607c40fe73956ed6 -> 
  custom:scripting/monoscript/fileName/RecorderClip.cs: 897017f45cb3c30f306724d1fa17a8fe -> 
  custom:scripting/monoscript/fileName/GIFRecorderSettings.cs: 979f88ae1e7731daed242ab2fdebbc0e -> 
  custom:container-demuxer-ogg: 62fdf1f143b41e24485cea50d1cbac27 -> 
  custom:scripting/monoscript/fileName/MovieRecorder.cs: 024785cf83e1399f425b2aa115d22e2b -> 
  custom:scripting/monoscript/fileName/RecorderControllerSettingsPresetEditor.cs: 49aed206ae65ed5ac6b420f7104cd52d -> 
  custom:scripting/monoscript/fileName/AudioInput.cs: 499e96d8f0b35d362bd956c0975bb873 -> 
  custom:scripting/monoscript/fileName/WEBMRecorderSettings.cs: c176c43abbe456aeea55c2aef862801b -> 
  custom:scripting/monoscript/fileName/RecorderControllerSettingsPreset.cs: 78b391c1384ac60213ef58d50e78d553 -> 
  custom:scripting/monoscript/fileName/GameViewInputSettings.cs: a7ae22123f532f5bbcb39c654c998b57 -> 
  custom:scripting/monoscript/fileName/GameViewInputPropertyDrawer.cs: ae2c8a99c5e33d3d1ffc8232415130e8 -> 
  custom:scripting/monoscript/fileName/Camera360Input.cs: dc473b118c57e0734b0cd3476e333c06 -> 
  custom:scripting/monoscript/fileName/RecorderPreferencesSettingsProvider.cs: d92d314b87f7c2170e267636ebf38224 -> 
  custom:scripting/monoscript/fileName/RecorderBindings.cs: ac25db5b587307cfea909607f62e5641 -> 
  custom:video-decoder-ogg-theora: a1e56fd34408186e4bbccfd4996cb3dc -> 
  custom:scripting/monoscript/fileName/GIFWrapper.cs: 6ef8898a12699129e8f81f06a649cad1 -> 
  custom:scripting/monoscript/fileName/SceneHook.cs: 80fa8928b499d44515dd60e0bc895128 -> 
  custom:scripting/monoscript/fileName/AnimationInput.cs: e810137278708a698c5ccddaeb1a1e64 -> 
  custom:scripting/monoscript/fileName/OutputResolutionPropertyDrawer.cs: 0e33ffdf424417a2e685685cfc04d4b1 -> 
  custom:scripting/monoscript/fileName/EnumHelper.cs: 117b5609cc2a1ae41785cd0c8767815f -> 
  custom:scripting/monoscript/fileName/OutputPath.cs: ee51fcffcd8929d224a5e3fb152d5f62 -> 
  custom:scripting/monoscript/fileName/FileNameGeneratorDrawer.cs: a3ea71dec141084df9b7ffa19c11e2cb -> 
  custom:framework-win-MediaFoundation: 216162199b28c13a410421893ffa2e32 -> 
  custom:scripting/monoscript/fileName/RecorderPreferencesWindowGUIScope.cs: 7a2eba6fcb6829ea8b200991a02c9c06 -> 
  custom:scripting/monoscript/fileName/AspectRatio.cs: 18e3efa554f8258b676d4de53e38b642 -> 
  custom:scripting/monoscript/fileName/CameraInputSettings.cs: 6738f6dd994f658d2cbf6f5f3ba05a0e -> 
  custom:scripting/monoscript/fileName/RefHandle.cs: 90647cc400823b41df847a6cbfc29026 -> 
  custom:scripting/monoscript/fileName/CameraCapture.cs: c6dcba1380d9a4fa09f4e36182a45a73 -> 
  custom:scripting/monoscript/fileName/RecorderControllerSettings.cs: 989e0caa64af9b76551d4ff6bd15f598 -> 
  custom:scripting/monoscript/fileName/TargetedPropertyDrawer.cs: 90647cc400823b41df847a6cbfc29026 -> 
  custom:scripting/monoscript/fileName/MovieRecorderSettings.cs: 02a667a67b113b1f65e3fcadcc882513 -> 
  custom:scripting/monoscript/fileName/RenderTextureInputSettings.cs: ebca820667a63031a7597db85d26451a -> 
  custom:scripting/monoscript/fileName/ImageRecorderEditor.cs: d3134ae4c1dfd8e056bace11130b7692 -> 
  custom:scripting/monoscript/fileName/ProResEncoderSettings.cs: 4aca03881946a7fe9acacf199434009e -> 
  custom:scripting/monoscript/fileName/_FrameRequestComponent.cs: b34f171daaafc65da55ea68e2ed89f2b -> 
  custom:scripting/monoscript/fileName/RenderTextureInput.cs: 5dea77837ae3c82bb14643cd82dc06dc -> 
  custom:scripting/monoscript/fileName/RecorderAnalytics.cs: 0fa40093f6ac3fe75e92d746d563e5ee -> 
  custom:scripting/monoscript/fileName/MP4RecorderSettingsEditor.cs: 68a64b16a7961d71fa7286fd1f782e9b -> 
  custom:scripting/monoscript/fileName/RecorderBindingsEditor.cs: f7451a0e1cea6404b2976d2b2c42e273 -> 
  custom:scripting/monoscript/fileName/BaseRenderTextureInput.cs: 5dc13661a5a0dca5d09ca211933a44e2 -> 
  custom:scripting/monoscript/fileName/StatusBarHelper.cs: da04a6ed046f8a62f416d5d3ea415bef -> 
  custom:scripting/precompiled-assembly-types:Unity.Recorder: bd5378c99f6216e06dd6e2c2a60a86a4 -> 
  custom:CustomObjectIndexerAttribute: 9a22284fe3817be447336de3de66b15e -> 
  custom:scripting/monoscript/fileName/Camera360InputSettings.cs: 3d5eaf1cb3a9df6f9d1d52f3c3018c46 -> 
  custom:scripting/monoscript/fileName/PNGRecorderSettingsEditor.cs: 4970e6657bb34f7efc2c7d8168c7358b -> 
  custom:scripting/monoscript/fileName/ImageHeightSelector.cs: d1a7972bf1d79d90f09ab23c718afe39 -> 
  custom:scripting/monoscript/fileName/AnimationInputSettings.cs: d64a99ebbd13660e9264cb4111ab9832 -> 
  custom:scripting/monoscript/fileName/MP4RecorderSettings.cs: 551f5535c05b86d6ee91684eced14987 -> 
  custom:scripting/monoscript/fileName/RecorderPreferencesSettings.cs: 761b0a55fc5e50239a1d0c4bfc968274 -> 
  custom:container-demuxer-webm: 4f35f7cbe854078d1ac9338744f61a02 -> 
  custom:scripting/monoscript/fileName/RecorderSettingsPrefsEditor.cs: ba9e697f1d269c2c960a41bc543fa408 -> 
  custom:scripting/monoscript/fileName/ProResWrapper.cs: 712515ef615766c98115c6a20d85d6c8 -> 
  custom:scripting/monoscript/fileName/RecordModePropertyDrawer.cs: 165332db07362bbcab2d8dc6d1e1dfda -> 
  custom:scripting/monoscript/fileName/ImageInputSettings.cs: 98a2aedd167d40f01804b04845eeaf15 -> 
  custom:scripting/monoscript/fileName/SerializableObjHelper.cs: f19f181f3f05e8e393225dd7030fb66a -> 
  custom:scripting/monoscript/fileName/InputPropertyDrawer.cs: 90647cc400823b41df847a6cbfc29026 -> 
  custom:scripting/monoscript/fileName/AudioInputSettings.cs: a2c930fca1dd5e27705fbacf39727bb4 -> 
  custom:scripting/monoscript/fileName/InputSettings.cs: 35c56ce5488c6b464726305dcbd33b3d -> 
  custom:scripting/monoscript/fileName/RecorderEditor.cs: 736e59ba52eea987abc47f36a836e575 -> 
  custom:scripting/monoscript/fileName/AudioRecorderSettings.cs: 0b00f2c93558486cc61a06f270f43fea -> 
  custom:scripting/monoscript/fileName/RecordersInventory.cs: fb714c8df18f9b7fc7f3361f604ae3dc -> 
  custom:scripting/monoscript/fileName/BaseFCRecorderSettings.cs: fab928553cedb8703ac192d6cf7b6294 -> 
  custom:scripting/monoscript/fileName/AOVRecorderSettings.cs: cdc731153cd2f1f739300a28ea6a6608 -> 
  custom:scripting/monoscript/fileName/EXRCompressionTypeDrawer.cs: 301cb614ecf84a4dab346c5f76ea2016 -> 
  custom:scripting/monoscript/fileName/AOVRecorder.cs: c53e83f1863b3ea80b6df3885cdb8c82 -> 
  custom:scripting/monoscript/fileName/IEncoderSettings.cs: c7d04fadacf538db841606cc656ae724 -> 
  custom:scripting/monoscript/fileName/ShutterProfileTypePropertyDrawer.cs: 18a32c647eca27716eabcb5a44f00e32 -> 
  custom:scripting/monoscript/fileName/MovieRecorderEditor.cs: eb00ddb8a76b8dfb7c88b7826a49d38b -> 
  custom:scripting/monoscript/fileName/RenderTextureInputSettingsPropertyDrawer.cs: 809602b52454cd1e6229756218a8f453 -> 
  custom:scripting/monoscript/fileName/RecorderPlayableBehaviour.cs: 80165a21f4cd0dda690f708a19d389bd -> 
  custom:scripting/monoscript/fileName/GifEncoderSettingsPropertyDrawer.cs: b36c9a7eaaefccda514b23d7e14761ca -> 
  custom:scripting/monoscript/fileName/PNGRecorder.cs: 08fd40f88cb6b18c96882f263639f57d -> 
  custom:scripting/monoscript/fileName/CameraInputSettingsPropertyDrawer.cs: 91928abf1abf88be098cb088d896aec5 -> 
  custom:scripting/monoscript/fileName/AudioRecorderEditor.cs: 565168dec291afe3fa470657cfc2c123 -> 
  custom:scripting/monoscript/fileName/AOVRecorderEditor.cs: 5ca53ccd6d7645709639507726114395 -> 
  custom:container-muxer-webm: aa71ff27fc2769a1b78a27578f13a17b -> 
  custom:video-decoder-webm-vp8: 9c59270c3fd7afecdb556c50c9e8de78 -> 
  custom:scripting/monoscript/fileName/RecordingSession.cs: f3ad08157c278a036224ca395f350890 -> 
  custom:scripting/monoscript/fileName/GameViewSize.cs: f6128a6515fcafce6db32fcdfa107254 -> 
  custom:scripting/monoscript/fileName/UnityHelpers.cs: b3e077029b574be508585124a9d839ef -> 
  custom:SearchIndexIgnoredProperties: e643bd26f0fe6173181afceb89e7c659 -> 
  custom:scripting/monoscript/fileName/GIFRecorder.cs: c00ece885699fb9084deaccd3eb27518 -> 
  custom:AudioImporter_EditorPlatform: d09bf68614088b80899f8185d706f6e7 -> 
  custom:scripting/monoscript/fileName/EXRRecorder.cs: 3f576ce8ddd959d51a4d7ba1999ecdbb -> 
  custom:scripting/monoscript/fileName/WEBMRecorder.cs: 391b6b920cfbc02401ea522620320c93 -> 
  custom:scripting/monoscript/fileName/RenderTextureSampler.cs: 1a7b9abab9548e1054dc40d6e2fa0270 -> 
  custom:scripting/monoscript/fileName/GifEncoder.cs: 40f336d5c5042a8a04556b4c5804a538 -> 
  custom:scripting/monoscript/fileName/GenericRecorder.cs: 90647cc400823b41df847a6cbfc29026 -> 
  custom:scripting/monoscript/fileName/ImageInputSelector.cs: f55822da877594150873922341be92b6 -> 
  custom:scripting/monoscript/fileName/AnimationRecorderSettingsEditor.cs: db1294bf3d48be44b6e4b2f2cc100b02 -> 
  custom:scripting/monoscript/fileName/RecorderTrack.cs: fac9638ece7eb7daaa1302fa170613fd -> 
  custom:scripting/monoscript/fileName/InputSettingsSelector.cs: 499a4ec92267406782b5c4f3472d53b9 -> 
  custom:scripting/monoscript/fileName/FileNameGenerator.cs: 5c8b6eb5291c3311189e0dfadac99363 -> 
  custom:scripting/monoscript/fileName/RecorderItem.cs: b62d2fcb9547a248575727d8a1646db8 -> 
  custom:scripting/monoscript/fileName/TextureFlipper.cs: 825b503b2ddab9cbd8ebbf3038075092 -> 
  custom:scripting/monoscript/fileName/AccumulationSettings.cs: fb962f0c2333934b681b167574f5e1cd -> 
  custom:scripting/monoscript/fileName/Camera360InputPropertyDrawer.cs: af647a2fe91bec98139246321cac865d -> 
  custom:scripting/monoscript/fileName/RecorderClipEditor.cs: 947ad5ff1f968d7fc40767d187070964 -> 
  custom:scripting/monoscript/fileName/EXRRecorderSettingsEditor.cs: c520a04c5f01331f2c8800e289ef6d6f -> 
  custom:scripting/monoscript/fileName/CoreEncoder.cs: dfaed86e82ad12e6a2b6740a0fb35820 -> 
  custom:scripting/monoscript/fileName/PNGRecorderSettings.cs: 79a421225358808ff14dd88c0355d1b6 -> 
  custom:scripting/monoscript/fileName/AspectRatioPropertyDrawer.cs: 9f18568574138839573389bde3e660a7 -> 
  custom:scripting/monoscript/fileName/ProResEncoder.cs: b375bf2d41e3d89081c3f2d1a0823bf3 -> 
  custom:scripting/monoscript/fileName/CameraInput.cs: bf7e0df3caf9e500f6d1c98c99e165ba -> 
  custom:scripting/monoscript/fileName/RecorderSettings.cs: bc3ef26ac157af28e5460886c0d5ef2e -> 
  custom:scripting/monoscript/fileName/RecorderClipTimelineEditor.cs: 2995d9f50ebc9245c6e9bd75c56415fb -> 
  custom:scripting/monoscript/fileName/EncoderSettingsAttribute.cs: 8352396dc11cff58c65c429fdb4fc67e -> 
  custom:scripting/monoscript/fileName/MP4Recorder.cs: af531c4e1f6d23547da08837eb16b729 -> 
  custom:scripting/monoscript/fileName/EncoderTypeUtilities.cs: a12c4c78a6cd4fb6b93180d59ad77be8 -> 
  custom:scripting/monoscript/fileName/PooledBufferAsyncGPUReadback.cs: 2a4e50c5dda177306c9ec935763c4378 -> 
  custom:scripting/monoscript/fileName/AnimationRecorder.cs: f749a4250195b5467bbf05e3a976b59f -> 
  custom:scripting/precompiled-assembly-types:Unity.Recorder.Base: 3fec19fdf10e3518c41e41a932f2042f -> 
  custom:scripting/monoscript/fileName/AnimationRecorderSettings.cs: 5cfb1544a40f93fe0ea879bb1361c877 -> 
  custom:scripting/monoscript/fileName/RenderTextureSamplerSettings.cs: 68adab84706346f2ecbdfd649ca9cf61 -> 
  custom:scripting/monoscript/fileName/RecordingContext.cs: af9af1e8b283703482ba133924b5585a -> 
  custom:scripting/monoscript/fileName/RecorderSelector.cs: c3cd2caacd181d6eff54dc260c4a1ffb -> 
  custom:video-encoder-webm-vp8: eb34c28f22e8b96e1ab97ce403110664 -> 
  custom:scripting/monoscript/fileName/RecorderInput.cs: 88fd8d8fd71b34ed7298a01f6c2d2e40 -> 
  custom:scripting/monoscript/fileName/RenderTextureSamplerPropertyDrawer.cs: b541817d9cc9b1341d2ddfa8823b718d -> 
  custom:scripting/monoscript/fileName/RecorderSettingsAttribute.cs: ddd228b25da7ba2ac10d13e1efacc875 -> 
  custom:audio-decoder-ogg-vorbis: bf7c407c2cedff20999df2af8eb42d56 -> 
  custom:scripting/monoscript/fileName/OutputPathDrawer.cs: cffc34c1be094e6caeb13ff3b26ca679 -> 
  custom:scripting/monoscript/fileName/EditorVersionsHelper.cs: 3ad9098caeeff0295dba8c0911f5333a -> 
  custom:scripting/monoscript/fileName/SettingAsset.cs: 7c3790954696ae83d71055079b387931 -> 
  custom:scripting/monoscript/fileName/OutputResolution.cs: 31c632d97e9a69bcc2ef10f6feb5bf62 -> 
  custom:scripting/monoscript/fileName/AccumulationSettingsPropertyDrawer.cs: bfc920db0de3c29c2967e88aac1c1027 -> 
  custom:scripting/monoscript/fileName/AnimationInputSettingsPropertyDrawer.cs: ebe1771fecebe7a93badf6354f59c990 -> 
  custom:scripting/monoscript/fileName/CoreEncoderSettings.cs: 2b5db1db3c1fa7de4175a7e143de3ce5 -> 
  custom:scripting/monoscript/fileName/VisualListItem.cs: 90647cc400823b41df847a6cbfc29026 -> 
  custom:scripting/monoscript/fileName/FrameRateProperyDrawer.cs: c478c798f5354f66af45b380be0629f9 -> 
  custom:scripting/monoscript/fileName/InputSettingsSelectorDrawer.cs: bca46dd5b59e2f574c94bef4cdb878fb -> 
  custom:scripting/monoscript/fileName/RecorderWindow.cs: 553a30d64d5ef1dcad6b00b4eeeb3829 -> 
  custom:scripting/monoscript/fileName/AOVCameraInputSettings.cs: 4d2fdf1142ce53d73cb43d39944ba516 -> 
  custom:scripting/monoscript/fileName/EnumProperyDrawer.cs: 90647cc400823b41df847a6cbfc29026 -> 
  custom:scripting/monoscript/fileName/AOVImageInputSelector.cs: b741d8d3a7cbb503c5bdf23d7e6792db -> 
  custom:scripting/monoscript/fileName/CoreEncoderSettingsPropertyDrawer.cs: c8bdf3420d844fd4604c0d0cf3815355 -> 
  custom:scripting/monoscript/fileName/GifEncoderSettings.cs: 812ca6afdf48b830953d76adab9d4030 -> 
  custom:scripting/monoscript/fileName/GIFRecorderSettingsEditor.cs: 4d0f46bcf58d188895fabae5334995ae -> 
  custom:scripting/monoscript/fileName/IEncoder.cs: 007c2ef621b0d92b5a7a6bae91d26090 -> 
  custom:scripting/monoscript/fileName/RecorderOptions.cs: 74782d297e80d8f56c0e05a7cde4e51d -> 
  custom:scripting/precompiled-assembly-types:Unity.Recorder.Editor: cd22b836ef1ca10e7d8c91c9be46b4bf -> 
  custom:scripting/monoscript/fileName/ProResEncoderSettingsPropertyDrawer.cs: 68c25e6d4459336217d4b9e22eb707b4 -> 
  custom:scripting/monoscript/fileName/ImageRecorder.cs: b804c29bfc59a61db184c1d275fe4101 -> 
  custom:scripting/monoscript/fileName/EditableLabel.cs: 4f8fa2c6092744ed6607a411e3f617c0 -> 
  custom:scripting/monoscript/fileName/GameViewInput.cs: 596e7ffa2d11b2002176644af3247ea6 -> 
  custom:audio-encoder-webm-vorbis: bf7c407c2cedff20999df2af8eb42d56 -> 
  custom:scripting/monoscript/fileName/SerializedDictionnary.cs: 90647cc400823b41df847a6cbfc29026 -> 
  custom:scripting/monoscript/fileName/HammersleySequence.cs: b06601f044912976f668045b7d4c79a8 -> 
  custom:scripting/monoscript/fileName/_RecorderComponent.cs: 8c268d1df4e18643d83ea9c6eeba2d9f -> 
  custom:scripting/monoscript/fileName/IAccumulation.cs: 38dee62d444423165276e3254554d005 -> 
  custom:scripting/monoscript/fileName/RecorderController.cs: 5760bd2995080b8d0d9d9e88ab8933c6 -> 
  custom:scripting/monoscript/fileName/EXRRecorderSettings.cs: bf113df492cb5b25e11ec144a73c2f74 -> 
========================================================================
Received Import Request.
  Time since last request: 111.810858 seconds.
  path: Assets/Prefabs/Cube.prefab
  artifactKey: Guid(6f465dab9e6bdbc40b292aa1082e7dd9) Importer(815301076,1909f56bfc062723c751e8b465ee728b)
Start importing Assets/Prefabs/Cube.prefab using Guid(6f465dab9e6bdbc40b292aa1082e7dd9) Importer(815301076,1909f56bfc062723c751e8b465ee728b) [PhysX] Initialized MultithreadedTaskDispatcher with 12 workers.
 -> (artifact id: '9d04fdfc94419e9d414e421f41762208') in 0.001495 seconds
Number of updated asset objects reloaded before import = 0
Number of asset objects unloaded after import = 0
========================================================================
Received Prepare
Caller must complete domain reload
Begin MonoManager ReloadAssembly
- Loaded All Assemblies, in  0.421 seconds
Native extension for WindowsStandalone target not found
Native extension for iOS target not found
Native extension for Android target not found
Mono: successfully reloaded assembly
- Finished resetting the current domain, in  0.984 seconds
Domain Reload Profiling: 1401ms
	BeginReloadAssembly (132ms)
		ExecutionOrderSort (0ms)
		DisableScriptedObjects (4ms)
		BackupInstance (0ms)
		ReleaseScriptingObjects (0ms)
		CreateAndSetChildDomain (29ms)
	RebuildCommonClasses (24ms)
	RebuildNativeTypeToScriptingClass (8ms)
	initialDomainReloadingComplete (27ms)
	LoadAllAssembliesAndSetupDomain (225ms)
		LoadAssemblies (279ms)
		RebuildTransferFunctionScriptingTraits (0ms)
		AnalyzeDomain (18ms)
			TypeCache.Refresh (7ms)
				TypeCache.ScanAssembly (0ms)
			ScanForSourceGeneratedMonoScriptInfo (5ms)
			ResolveRequiredComponents (5ms)
	FinalizeReload (984ms)
		ReleaseScriptCaches (0ms)
		RebuildScriptCaches (0ms)
		SetupLoadedEditorAssemblies (483ms)
			LogAssemblyErrors (0ms)
			InitializePlatformSupportModulesInManaged (29ms)
			SetLoadedEditorAssemblies (3ms)
			RefreshPlugins (0ms)
			BeforeProcessingInitializeOnLoad (84ms)
			ProcessInitializeOnLoadAttributes (341ms)
			ProcessInitializeOnLoadMethodAttributes (17ms)
			AfterProcessingInitializeOnLoad (9ms)
			EditorAssembliesLoaded (0ms)
		ExecutionOrderSort2 (0ms)
		AwakeInstancesAfterBackupRestoration (5ms)
Refreshing native plugins compatible for Editor in 5.15 ms, found 6 plugins.
Preloading 0 native plugins for Editor in 0.00 ms.
Unloading 3255 Unused Serialized files (Serialized files now loaded: 0)
Unloading 21 unused Assets / (335.8 KB). Loaded Objects now: 3772.
Memory consumption went from 127.4 MB to 127.1 MB.
Total: 2.375000 ms (FindLiveObjects: 0.190400 ms CreateObjectMapping: 0.078500 ms MarkObjects: 1.939700 ms  DeleteObjects: 0.165800 ms)

Prepare: number of updated asset objects reloaded= 0
AssetImportParameters requested are different than current active one (requested -> active):
  custom:scripting/monoscript/fileName/WEBMRecorderSettingsEditor.cs: 5559c87f45d3b65fac8d5ac4ef5e81c8 -> 
  custom:scripting/monoscript/fileName/UIElementHelper.cs: 9f9438adfe3361012ea6280d4cdb2df4 -> 
  custom:scripting/monoscript/fileName/AOVCameraInput.cs: c23c8ce885672bc57e25263b3efd067a -> 
  custom:scripting/monoscript/fileName/BaseTextureRecorder.cs: 90647cc400823b41df847a6cbfc29026 -> 
  custom:scripting/monoscript/fileName/Recorder.cs: a7e319d512627774f8215ba0b76f0bcb -> 
  custom:scripting/monoscript/fileName/AudioRecorder.cs: 89550121570f22445b4a1b28daea3cf9 -> 
  custom:scripting/monoscript/fileName/PanelSplitter.cs: 5ff6c6e385b6b12ca322a9c92ac6f371 -> 
  custom:scripting/monoscript/fileName/ImageRecorderSettings.cs: a7ab05fac9382c03607c40fe73956ed6 -> 
  custom:scripting/monoscript/fileName/RecorderClip.cs: 897017f45cb3c30f306724d1fa17a8fe -> 
  custom:scripting/monoscript/fileName/GIFRecorderSettings.cs: 979f88ae1e7731daed242ab2fdebbc0e -> 
  custom:container-demuxer-ogg: 62fdf1f143b41e24485cea50d1cbac27 -> 
  custom:scripting/monoscript/fileName/MovieRecorder.cs: 024785cf83e1399f425b2aa115d22e2b -> 
  custom:scripting/monoscript/fileName/RecorderControllerSettingsPresetEditor.cs: 49aed206ae65ed5ac6b420f7104cd52d -> 
  custom:scripting/monoscript/fileName/AudioInput.cs: 499e96d8f0b35d362bd956c0975bb873 -> 
  custom:scripting/monoscript/fileName/WEBMRecorderSettings.cs: c176c43abbe456aeea55c2aef862801b -> 
  custom:scripting/monoscript/fileName/RecorderControllerSettingsPreset.cs: 78b391c1384ac60213ef58d50e78d553 -> 
  custom:scripting/monoscript/fileName/GameViewInputSettings.cs: a7ae22123f532f5bbcb39c654c998b57 -> 
  custom:scripting/monoscript/fileName/GameViewInputPropertyDrawer.cs: ae2c8a99c5e33d3d1ffc8232415130e8 -> 
  custom:scripting/monoscript/fileName/Camera360Input.cs: dc473b118c57e0734b0cd3476e333c06 -> 
  custom:scripting/monoscript/fileName/RecorderPreferencesSettingsProvider.cs: d92d314b87f7c2170e267636ebf38224 -> 
  custom:scripting/monoscript/fileName/RecorderBindings.cs: ac25db5b587307cfea909607f62e5641 -> 
  custom:video-decoder-ogg-theora: a1e56fd34408186e4bbccfd4996cb3dc -> 
  custom:scripting/monoscript/fileName/GIFWrapper.cs: 6ef8898a12699129e8f81f06a649cad1 -> 
  custom:scripting/monoscript/fileName/SceneHook.cs: 80fa8928b499d44515dd60e0bc895128 -> 
  custom:scripting/monoscript/fileName/AnimationInput.cs: e810137278708a698c5ccddaeb1a1e64 -> 
  custom:scripting/monoscript/fileName/OutputResolutionPropertyDrawer.cs: 0e33ffdf424417a2e685685cfc04d4b1 -> 
  custom:scripting/monoscript/fileName/EnumHelper.cs: 117b5609cc2a1ae41785cd0c8767815f -> 
  custom:scripting/monoscript/fileName/OutputPath.cs: ee51fcffcd8929d224a5e3fb152d5f62 -> 
  custom:scripting/monoscript/fileName/FileNameGeneratorDrawer.cs: a3ea71dec141084df9b7ffa19c11e2cb -> 
  custom:framework-win-MediaFoundation: 216162199b28c13a410421893ffa2e32 -> 
  custom:scripting/monoscript/fileName/RecorderPreferencesWindowGUIScope.cs: 7a2eba6fcb6829ea8b200991a02c9c06 -> 
  custom:scripting/monoscript/fileName/AspectRatio.cs: 18e3efa554f8258b676d4de53e38b642 -> 
  custom:scripting/monoscript/fileName/CameraInputSettings.cs: 6738f6dd994f658d2cbf6f5f3ba05a0e -> 
  custom:scripting/monoscript/fileName/RefHandle.cs: 90647cc400823b41df847a6cbfc29026 -> 
  custom:scripting/monoscript/fileName/CameraCapture.cs: c6dcba1380d9a4fa09f4e36182a45a73 -> 
  custom:scripting/monoscript/fileName/RecorderControllerSettings.cs: 989e0caa64af9b76551d4ff6bd15f598 -> 
  custom:scripting/monoscript/fileName/TargetedPropertyDrawer.cs: 90647cc400823b41df847a6cbfc29026 -> 
  custom:scripting/monoscript/fileName/MovieRecorderSettings.cs: 02a667a67b113b1f65e3fcadcc882513 -> 
  custom:scripting/monoscript/fileName/RenderTextureInputSettings.cs: ebca820667a63031a7597db85d26451a -> 
  custom:scripting/monoscript/fileName/ImageRecorderEditor.cs: d3134ae4c1dfd8e056bace11130b7692 -> 
  custom:scripting/monoscript/fileName/ProResEncoderSettings.cs: 4aca03881946a7fe9acacf199434009e -> 
  custom:scripting/monoscript/fileName/_FrameRequestComponent.cs: b34f171daaafc65da55ea68e2ed89f2b -> 
  custom:scripting/monoscript/fileName/RenderTextureInput.cs: 5dea77837ae3c82bb14643cd82dc06dc -> 
  custom:scripting/monoscript/fileName/RecorderAnalytics.cs: 0fa40093f6ac3fe75e92d746d563e5ee -> 
  custom:scripting/monoscript/fileName/MP4RecorderSettingsEditor.cs: 68a64b16a7961d71fa7286fd1f782e9b -> 
  custom:scripting/monoscript/fileName/RecorderBindingsEditor.cs: f7451a0e1cea6404b2976d2b2c42e273 -> 
  custom:scripting/monoscript/fileName/BaseRenderTextureInput.cs: 5dc13661a5a0dca5d09ca211933a44e2 -> 
  custom:scripting/monoscript/fileName/StatusBarHelper.cs: da04a6ed046f8a62f416d5d3ea415bef -> 
  custom:scripting/precompiled-assembly-types:Unity.Recorder: bd5378c99f6216e06dd6e2c2a60a86a4 -> 
  custom:CustomObjectIndexerAttribute: 9a22284fe3817be447336de3de66b15e -> 
  custom:scripting/monoscript/fileName/Camera360InputSettings.cs: 3d5eaf1cb3a9df6f9d1d52f3c3018c46 -> 
  custom:scripting/monoscript/fileName/PNGRecorderSettingsEditor.cs: 4970e6657bb34f7efc2c7d8168c7358b -> 
  custom:scripting/monoscript/fileName/ImageHeightSelector.cs: d1a7972bf1d79d90f09ab23c718afe39 -> 
  custom:scripting/monoscript/fileName/AnimationInputSettings.cs: d64a99ebbd13660e9264cb4111ab9832 -> 
  custom:scripting/monoscript/fileName/MP4RecorderSettings.cs: 551f5535c05b86d6ee91684eced14987 -> 
  custom:scripting/monoscript/fileName/RecorderPreferencesSettings.cs: 761b0a55fc5e50239a1d0c4bfc968274 -> 
  custom:container-demuxer-webm: 4f35f7cbe854078d1ac9338744f61a02 -> 
  custom:scripting/monoscript/fileName/RecorderSettingsPrefsEditor.cs: ba9e697f1d269c2c960a41bc543fa408 -> 
  custom:scripting/monoscript/fileName/ProResWrapper.cs: 712515ef615766c98115c6a20d85d6c8 -> 
  custom:scripting/monoscript/fileName/RecordModePropertyDrawer.cs: 165332db07362bbcab2d8dc6d1e1dfda -> 
  custom:scripting/monoscript/fileName/ImageInputSettings.cs: 98a2aedd167d40f01804b04845eeaf15 -> 
  custom:scripting/monoscript/fileName/SerializableObjHelper.cs: f19f181f3f05e8e393225dd7030fb66a -> 
  custom:scripting/monoscript/fileName/InputPropertyDrawer.cs: 90647cc400823b41df847a6cbfc29026 -> 
  custom:scripting/monoscript/fileName/AudioInputSettings.cs: a2c930fca1dd5e27705fbacf39727bb4 -> 
  custom:scripting/monoscript/fileName/InputSettings.cs: 35c56ce5488c6b464726305dcbd33b3d -> 
  custom:scripting/monoscript/fileName/RecorderEditor.cs: 736e59ba52eea987abc47f36a836e575 -> 
  custom:scripting/monoscript/fileName/AudioRecorderSettings.cs: 0b00f2c93558486cc61a06f270f43fea -> 
  custom:scripting/monoscript/fileName/RecordersInventory.cs: fb714c8df18f9b7fc7f3361f604ae3dc -> 
  custom:scripting/monoscript/fileName/BaseFCRecorderSettings.cs: fab928553cedb8703ac192d6cf7b6294 -> 
  custom:scripting/monoscript/fileName/AOVRecorderSettings.cs: cdc731153cd2f1f739300a28ea6a6608 -> 
  custom:scripting/monoscript/fileName/EXRCompressionTypeDrawer.cs: 301cb614ecf84a4dab346c5f76ea2016 -> 
  custom:scripting/monoscript/fileName/AOVRecorder.cs: c53e83f1863b3ea80b6df3885cdb8c82 -> 
  custom:scripting/monoscript/fileName/IEncoderSettings.cs: c7d04fadacf538db841606cc656ae724 -> 
  custom:scripting/monoscript/fileName/ShutterProfileTypePropertyDrawer.cs: 18a32c647eca27716eabcb5a44f00e32 -> 
  custom:scripting/monoscript/fileName/MovieRecorderEditor.cs: eb00ddb8a76b8dfb7c88b7826a49d38b -> 
  custom:scripting/monoscript/fileName/RenderTextureInputSettingsPropertyDrawer.cs: 809602b52454cd1e6229756218a8f453 -> 
  custom:scripting/monoscript/fileName/RecorderPlayableBehaviour.cs: 80165a21f4cd0dda690f708a19d389bd -> 
  custom:scripting/monoscript/fileName/GifEncoderSettingsPropertyDrawer.cs: b36c9a7eaaefccda514b23d7e14761ca -> 
  custom:scripting/monoscript/fileName/PNGRecorder.cs: 08fd40f88cb6b18c96882f263639f57d -> 
  custom:scripting/monoscript/fileName/CameraInputSettingsPropertyDrawer.cs: 91928abf1abf88be098cb088d896aec5 -> 
  custom:scripting/monoscript/fileName/AudioRecorderEditor.cs: 565168dec291afe3fa470657cfc2c123 -> 
  custom:scripting/monoscript/fileName/AOVRecorderEditor.cs: 5ca53ccd6d7645709639507726114395 -> 
  custom:container-muxer-webm: aa71ff27fc2769a1b78a27578f13a17b -> 
  custom:video-decoder-webm-vp8: 9c59270c3fd7afecdb556c50c9e8de78 -> 
  custom:scripting/monoscript/fileName/RecordingSession.cs: f3ad08157c278a036224ca395f350890 -> 
  custom:scripting/monoscript/fileName/GameViewSize.cs: f6128a6515fcafce6db32fcdfa107254 -> 
  custom:scripting/monoscript/fileName/UnityHelpers.cs: b3e077029b574be508585124a9d839ef -> 
  custom:SearchIndexIgnoredProperties: e643bd26f0fe6173181afceb89e7c659 -> 
  custom:scripting/monoscript/fileName/GIFRecorder.cs: c00ece885699fb9084deaccd3eb27518 -> 
  custom:AudioImporter_EditorPlatform: d09bf68614088b80899f8185d706f6e7 -> 
  custom:scripting/monoscript/fileName/EXRRecorder.cs: 3f576ce8ddd959d51a4d7ba1999ecdbb -> 
  custom:scripting/monoscript/fileName/WEBMRecorder.cs: 391b6b920cfbc02401ea522620320c93 -> 
  custom:scripting/monoscript/fileName/RenderTextureSampler.cs: 1a7b9abab9548e1054dc40d6e2fa0270 -> 
  custom:scripting/monoscript/fileName/GifEncoder.cs: 40f336d5c5042a8a04556b4c5804a538 -> 
  custom:scripting/monoscript/fileName/GenericRecorder.cs: 90647cc400823b41df847a6cbfc29026 -> 
  custom:scripting/monoscript/fileName/ImageInputSelector.cs: f55822da877594150873922341be92b6 -> 
  custom:scripting/monoscript/fileName/AnimationRecorderSettingsEditor.cs: db1294bf3d48be44b6e4b2f2cc100b02 -> 
  custom:scripting/monoscript/fileName/RecorderTrack.cs: fac9638ece7eb7daaa1302fa170613fd -> 
  custom:scripting/monoscript/fileName/InputSettingsSelector.cs: 499a4ec92267406782b5c4f3472d53b9 -> 
  custom:scripting/monoscript/fileName/FileNameGenerator.cs: 5c8b6eb5291c3311189e0dfadac99363 -> 
  custom:scripting/monoscript/fileName/RecorderItem.cs: b62d2fcb9547a248575727d8a1646db8 -> 
  custom:scripting/monoscript/fileName/TextureFlipper.cs: 825b503b2ddab9cbd8ebbf3038075092 -> 
  custom:scripting/monoscript/fileName/AccumulationSettings.cs: fb962f0c2333934b681b167574f5e1cd -> 
  custom:scripting/monoscript/fileName/Camera360InputPropertyDrawer.cs: af647a2fe91bec98139246321cac865d -> 
  custom:scripting/monoscript/fileName/RecorderClipEditor.cs: 947ad5ff1f968d7fc40767d187070964 -> 
  custom:scripting/monoscript/fileName/EXRRecorderSettingsEditor.cs: c520a04c5f01331f2c8800e289ef6d6f -> 
  custom:scripting/monoscript/fileName/CoreEncoder.cs: dfaed86e82ad12e6a2b6740a0fb35820 -> 
  custom:scripting/monoscript/fileName/PNGRecorderSettings.cs: 79a421225358808ff14dd88c0355d1b6 -> 
  custom:scripting/monoscript/fileName/AspectRatioPropertyDrawer.cs: 9f18568574138839573389bde3e660a7 -> 
  custom:scripting/monoscript/fileName/ProResEncoder.cs: b375bf2d41e3d89081c3f2d1a0823bf3 -> 
  custom:scripting/monoscript/fileName/CameraInput.cs: bf7e0df3caf9e500f6d1c98c99e165ba -> 
  custom:scripting/monoscript/fileName/RecorderSettings.cs: bc3ef26ac157af28e5460886c0d5ef2e -> 
  custom:scripting/monoscript/fileName/RecorderClipTimelineEditor.cs: 2995d9f50ebc9245c6e9bd75c56415fb -> 
  custom:scripting/monoscript/fileName/EncoderSettingsAttribute.cs: 8352396dc11cff58c65c429fdb4fc67e -> 
  custom:scripting/monoscript/fileName/MP4Recorder.cs: af531c4e1f6d23547da08837eb16b729 -> 
  custom:scripting/monoscript/fileName/EncoderTypeUtilities.cs: a12c4c78a6cd4fb6b93180d59ad77be8 -> 
  custom:scripting/monoscript/fileName/PooledBufferAsyncGPUReadback.cs: 2a4e50c5dda177306c9ec935763c4378 -> 
  custom:scripting/monoscript/fileName/AnimationRecorder.cs: f749a4250195b5467bbf05e3a976b59f -> 
  custom:scripting/precompiled-assembly-types:Unity.Recorder.Base: 3fec19fdf10e3518c41e41a932f2042f -> 
  custom:scripting/monoscript/fileName/AnimationRecorderSettings.cs: 5cfb1544a40f93fe0ea879bb1361c877 -> 
  custom:scripting/monoscript/fileName/RenderTextureSamplerSettings.cs: 68adab84706346f2ecbdfd649ca9cf61 -> 
  custom:scripting/monoscript/fileName/RecordingContext.cs: af9af1e8b283703482ba133924b5585a -> 
  custom:scripting/monoscript/fileName/RecorderSelector.cs: c3cd2caacd181d6eff54dc260c4a1ffb -> 
  custom:video-encoder-webm-vp8: eb34c28f22e8b96e1ab97ce403110664 -> 
  custom:scripting/monoscript/fileName/RecorderInput.cs: 88fd8d8fd71b34ed7298a01f6c2d2e40 -> 
  custom:scripting/monoscript/fileName/RenderTextureSamplerPropertyDrawer.cs: b541817d9cc9b1341d2ddfa8823b718d -> 
  custom:scripting/monoscript/fileName/RecorderSettingsAttribute.cs: ddd228b25da7ba2ac10d13e1efacc875 -> 
  custom:audio-decoder-ogg-vorbis: bf7c407c2cedff20999df2af8eb42d56 -> 
  custom:scripting/monoscript/fileName/OutputPathDrawer.cs: cffc34c1be094e6caeb13ff3b26ca679 -> 
  custom:scripting/monoscript/fileName/EditorVersionsHelper.cs: 3ad9098caeeff0295dba8c0911f5333a -> 
  custom:scripting/monoscript/fileName/SettingAsset.cs: 7c3790954696ae83d71055079b387931 -> 
  custom:scripting/monoscript/fileName/OutputResolution.cs: 31c632d97e9a69bcc2ef10f6feb5bf62 -> 
  custom:scripting/monoscript/fileName/AccumulationSettingsPropertyDrawer.cs: bfc920db0de3c29c2967e88aac1c1027 -> 
  custom:scripting/monoscript/fileName/AnimationInputSettingsPropertyDrawer.cs: ebe1771fecebe7a93badf6354f59c990 -> 
  custom:scripting/monoscript/fileName/CoreEncoderSettings.cs: 2b5db1db3c1fa7de4175a7e143de3ce5 -> 
  custom:scripting/monoscript/fileName/VisualListItem.cs: 90647cc400823b41df847a6cbfc29026 -> 
  custom:scripting/monoscript/fileName/FrameRateProperyDrawer.cs: c478c798f5354f66af45b380be0629f9 -> 
  custom:scripting/monoscript/fileName/InputSettingsSelectorDrawer.cs: bca46dd5b59e2f574c94bef4cdb878fb -> 
  custom:scripting/monoscript/fileName/RecorderWindow.cs: 553a30d64d5ef1dcad6b00b4eeeb3829 -> 
  custom:scripting/monoscript/fileName/AOVCameraInputSettings.cs: 4d2fdf1142ce53d73cb43d39944ba516 -> 
  custom:scripting/monoscript/fileName/EnumProperyDrawer.cs: 90647cc400823b41df847a6cbfc29026 -> 
  custom:scripting/monoscript/fileName/AOVImageInputSelector.cs: b741d8d3a7cbb503c5bdf23d7e6792db -> 
  custom:scripting/monoscript/fileName/CoreEncoderSettingsPropertyDrawer.cs: c8bdf3420d844fd4604c0d0cf3815355 -> 
  custom:scripting/monoscript/fileName/GifEncoderSettings.cs: 812ca6afdf48b830953d76adab9d4030 -> 
  custom:scripting/monoscript/fileName/GIFRecorderSettingsEditor.cs: 4d0f46bcf58d188895fabae5334995ae -> 
  custom:scripting/monoscript/fileName/IEncoder.cs: 007c2ef621b0d92b5a7a6bae91d26090 -> 
  custom:scripting/monoscript/fileName/RecorderOptions.cs: 74782d297e80d8f56c0e05a7cde4e51d -> 
  custom:scripting/precompiled-assembly-types:Unity.Recorder.Editor: cd22b836ef1ca10e7d8c91c9be46b4bf -> 
  custom:scripting/monoscript/fileName/ProResEncoderSettingsPropertyDrawer.cs: 68c25e6d4459336217d4b9e22eb707b4 -> 
  custom:scripting/monoscript/fileName/ImageRecorder.cs: b804c29bfc59a61db184c1d275fe4101 -> 
  custom:scripting/monoscript/fileName/EditableLabel.cs: 4f8fa2c6092744ed6607a411e3f617c0 -> 
  custom:scripting/monoscript/fileName/GameViewInput.cs: 596e7ffa2d11b2002176644af3247ea6 -> 
  custom:audio-encoder-webm-vorbis: bf7c407c2cedff20999df2af8eb42d56 -> 
  custom:scripting/monoscript/fileName/SerializedDictionnary.cs: 90647cc400823b41df847a6cbfc29026 -> 
  custom:scripting/monoscript/fileName/HammersleySequence.cs: b06601f044912976f668045b7d4c79a8 -> 
  custom:scripting/monoscript/fileName/_RecorderComponent.cs: 8c268d1df4e18643d83ea9c6eeba2d9f -> 
  custom:scripting/monoscript/fileName/IAccumulation.cs: 38dee62d444423165276e3254554d005 -> 
  custom:scripting/monoscript/fileName/RecorderController.cs: 5760bd2995080b8d0d9d9e88ab8933c6 -> 
  custom:scripting/monoscript/fileName/EXRRecorderSettings.cs: bf113df492cb5b25e11ec144a73c2f74 -> 
========================================================================
Received Import Request.
  Time since last request: 4.938581 seconds.
  path: Assets/Prefabs/Cube.prefab
  artifactKey: Guid(6f465dab9e6bdbc40b292aa1082e7dd9) Importer(815301076,1909f56bfc062723c751e8b465ee728b)
Start importing Assets/Prefabs/Cube.prefab using Guid(6f465dab9e6bdbc40b292aa1082e7dd9) Importer(815301076,1909f56bfc062723c751e8b465ee728b) [PhysX] Initialized MultithreadedTaskDispatcher with 12 workers.
 -> (artifact id: '9d04fdfc94419e9d414e421f41762208') in 0.001379 seconds
Number of updated asset objects reloaded before import = 0
Number of asset objects unloaded after import = 0
========================================================================
Received Prepare
Caller must complete domain reload
Begin MonoManager ReloadAssembly
- Loaded All Assemblies, in  0.406 seconds
Native extension for WindowsStandalone target not found
Native extension for iOS target not found
Native extension for Android target not found
Mono: successfully reloaded assembly
- Finished resetting the current domain, in  0.978 seconds
Domain Reload Profiling: 1381ms
	BeginReloadAssembly (126ms)
		ExecutionOrderSort (0ms)
		DisableScriptedObjects (4ms)
		BackupInstance (0ms)
		ReleaseScriptingObjects (0ms)
		CreateAndSetChildDomain (23ms)
	RebuildCommonClasses (25ms)
	RebuildNativeTypeToScriptingClass (8ms)
	initialDomainReloadingComplete (29ms)
	LoadAllAssembliesAndSetupDomain (215ms)
		LoadAssemblies (274ms)
		RebuildTransferFunctionScriptingTraits (0ms)
		AnalyzeDomain (10ms)
			TypeCache.Refresh (4ms)
				TypeCache.ScanAssembly (0ms)
			ScanForSourceGeneratedMonoScriptInfo (0ms)
			ResolveRequiredComponents (5ms)
	FinalizeReload (978ms)
		ReleaseScriptCaches (0ms)
		RebuildScriptCaches (0ms)
		SetupLoadedEditorAssemblies (484ms)
			LogAssemblyErrors (0ms)
			InitializePlatformSupportModulesInManaged (28ms)
			SetLoadedEditorAssemblies (4ms)
			RefreshPlugins (0ms)
			BeforeProcessingInitializeOnLoad (87ms)
			ProcessInitializeOnLoadAttributes (337ms)
			ProcessInitializeOnLoadMethodAttributes (18ms)
			AfterProcessingInitializeOnLoad (9ms)
			EditorAssembliesLoaded (0ms)
		ExecutionOrderSort2 (0ms)
		AwakeInstancesAfterBackupRestoration (5ms)
Refreshing native plugins compatible for Editor in 5.64 ms, found 6 plugins.
Preloading 0 native plugins for Editor in 0.00 ms.
Unloading 3255 Unused Serialized files (Serialized files now loaded: 0)
Unloading 21 unused Assets / (336.3 KB). Loaded Objects now: 3775.
Memory consumption went from 127.4 MB to 127.1 MB.
Total: 2.387800 ms (FindLiveObjects: 0.199500 ms CreateObjectMapping: 0.103800 ms MarkObjects: 1.922000 ms  DeleteObjects: 0.162000 ms)

Prepare: number of updated asset objects reloaded= 0
AssetImportParameters requested are different than current active one (requested -> active):
  custom:scripting/monoscript/fileName/WEBMRecorderSettingsEditor.cs: 5559c87f45d3b65fac8d5ac4ef5e81c8 -> 
  custom:scripting/monoscript/fileName/UIElementHelper.cs: 9f9438adfe3361012ea6280d4cdb2df4 -> 
  custom:scripting/monoscript/fileName/AOVCameraInput.cs: c23c8ce885672bc57e25263b3efd067a -> 
  custom:scripting/monoscript/fileName/BaseTextureRecorder.cs: 90647cc400823b41df847a6cbfc29026 -> 
  custom:scripting/monoscript/fileName/Recorder.cs: a7e319d512627774f8215ba0b76f0bcb -> 
  custom:scripting/monoscript/fileName/AudioRecorder.cs: 89550121570f22445b4a1b28daea3cf9 -> 
  custom:scripting/monoscript/fileName/PanelSplitter.cs: 5ff6c6e385b6b12ca322a9c92ac6f371 -> 
  custom:scripting/monoscript/fileName/ImageRecorderSettings.cs: a7ab05fac9382c03607c40fe73956ed6 -> 
  custom:scripting/monoscript/fileName/RecorderClip.cs: 897017f45cb3c30f306724d1fa17a8fe -> 
  custom:scripting/monoscript/fileName/GIFRecorderSettings.cs: 979f88ae1e7731daed242ab2fdebbc0e -> 
  custom:container-demuxer-ogg: 62fdf1f143b41e24485cea50d1cbac27 -> 
  custom:scripting/monoscript/fileName/MovieRecorder.cs: 024785cf83e1399f425b2aa115d22e2b -> 
  custom:scripting/monoscript/fileName/RecorderControllerSettingsPresetEditor.cs: 49aed206ae65ed5ac6b420f7104cd52d -> 
  custom:scripting/monoscript/fileName/AudioInput.cs: 499e96d8f0b35d362bd956c0975bb873 -> 
  custom:scripting/monoscript/fileName/WEBMRecorderSettings.cs: c176c43abbe456aeea55c2aef862801b -> 
  custom:scripting/monoscript/fileName/RecorderControllerSettingsPreset.cs: 78b391c1384ac60213ef58d50e78d553 -> 
  custom:scripting/monoscript/fileName/GameViewInputSettings.cs: a7ae22123f532f5bbcb39c654c998b57 -> 
  custom:scripting/monoscript/fileName/GameViewInputPropertyDrawer.cs: ae2c8a99c5e33d3d1ffc8232415130e8 -> 
  custom:scripting/monoscript/fileName/Camera360Input.cs: dc473b118c57e0734b0cd3476e333c06 -> 
  custom:scripting/monoscript/fileName/RecorderPreferencesSettingsProvider.cs: d92d314b87f7c2170e267636ebf38224 -> 
  custom:scripting/monoscript/fileName/RecorderBindings.cs: ac25db5b587307cfea909607f62e5641 -> 
  custom:video-decoder-ogg-theora: a1e56fd34408186e4bbccfd4996cb3dc -> 
  custom:scripting/monoscript/fileName/GIFWrapper.cs: 6ef8898a12699129e8f81f06a649cad1 -> 
  custom:scripting/monoscript/fileName/SceneHook.cs: 80fa8928b499d44515dd60e0bc895128 -> 
  custom:scripting/monoscript/fileName/AnimationInput.cs: e810137278708a698c5ccddaeb1a1e64 -> 
  custom:scripting/monoscript/fileName/OutputResolutionPropertyDrawer.cs: 0e33ffdf424417a2e685685cfc04d4b1 -> 
  custom:scripting/monoscript/fileName/EnumHelper.cs: 117b5609cc2a1ae41785cd0c8767815f -> 
  custom:scripting/monoscript/fileName/OutputPath.cs: ee51fcffcd8929d224a5e3fb152d5f62 -> 
  custom:scripting/monoscript/fileName/FileNameGeneratorDrawer.cs: a3ea71dec141084df9b7ffa19c11e2cb -> 
  custom:framework-win-MediaFoundation: 216162199b28c13a410421893ffa2e32 -> 
  custom:scripting/monoscript/fileName/RecorderPreferencesWindowGUIScope.cs: 7a2eba6fcb6829ea8b200991a02c9c06 -> 
  custom:scripting/monoscript/fileName/AspectRatio.cs: 18e3efa554f8258b676d4de53e38b642 -> 
  custom:scripting/monoscript/fileName/CameraInputSettings.cs: 6738f6dd994f658d2cbf6f5f3ba05a0e -> 
  custom:scripting/monoscript/fileName/RefHandle.cs: 90647cc400823b41df847a6cbfc29026 -> 
  custom:scripting/monoscript/fileName/CameraCapture.cs: c6dcba1380d9a4fa09f4e36182a45a73 -> 
  custom:scripting/monoscript/fileName/RecorderControllerSettings.cs: 989e0caa64af9b76551d4ff6bd15f598 -> 
  custom:scripting/monoscript/fileName/TargetedPropertyDrawer.cs: 90647cc400823b41df847a6cbfc29026 -> 
  custom:scripting/monoscript/fileName/MovieRecorderSettings.cs: 02a667a67b113b1f65e3fcadcc882513 -> 
  custom:scripting/monoscript/fileName/RenderTextureInputSettings.cs: ebca820667a63031a7597db85d26451a -> 
  custom:scripting/monoscript/fileName/ImageRecorderEditor.cs: d3134ae4c1dfd8e056bace11130b7692 -> 
  custom:scripting/monoscript/fileName/ProResEncoderSettings.cs: 4aca03881946a7fe9acacf199434009e -> 
  custom:scripting/monoscript/fileName/_FrameRequestComponent.cs: b34f171daaafc65da55ea68e2ed89f2b -> 
  custom:scripting/monoscript/fileName/RenderTextureInput.cs: 5dea77837ae3c82bb14643cd82dc06dc -> 
  custom:scripting/monoscript/fileName/RecorderAnalytics.cs: 0fa40093f6ac3fe75e92d746d563e5ee -> 
  custom:scripting/monoscript/fileName/MP4RecorderSettingsEditor.cs: 68a64b16a7961d71fa7286fd1f782e9b -> 
  custom:scripting/monoscript/fileName/RecorderBindingsEditor.cs: f7451a0e1cea6404b2976d2b2c42e273 -> 
  custom:scripting/monoscript/fileName/BaseRenderTextureInput.cs: 5dc13661a5a0dca5d09ca211933a44e2 -> 
  custom:scripting/monoscript/fileName/StatusBarHelper.cs: da04a6ed046f8a62f416d5d3ea415bef -> 
  custom:scripting/precompiled-assembly-types:Unity.Recorder: bd5378c99f6216e06dd6e2c2a60a86a4 -> 
  custom:CustomObjectIndexerAttribute: 9a22284fe3817be447336de3de66b15e -> 
  custom:scripting/monoscript/fileName/Camera360InputSettings.cs: 3d5eaf1cb3a9df6f9d1d52f3c3018c46 -> 
  custom:scripting/monoscript/fileName/PNGRecorderSettingsEditor.cs: 4970e6657bb34f7efc2c7d8168c7358b -> 
  custom:scripting/monoscript/fileName/ImageHeightSelector.cs: d1a7972bf1d79d90f09ab23c718afe39 -> 
  custom:scripting/monoscript/fileName/AnimationInputSettings.cs: d64a99ebbd13660e9264cb4111ab9832 -> 
  custom:scripting/monoscript/fileName/MP4RecorderSettings.cs: 551f5535c05b86d6ee91684eced14987 -> 
  custom:scripting/monoscript/fileName/RecorderPreferencesSettings.cs: 761b0a55fc5e50239a1d0c4bfc968274 -> 
  custom:container-demuxer-webm: 4f35f7cbe854078d1ac9338744f61a02 -> 
  custom:scripting/monoscript/fileName/RecorderSettingsPrefsEditor.cs: ba9e697f1d269c2c960a41bc543fa408 -> 
  custom:scripting/monoscript/fileName/ProResWrapper.cs: 712515ef615766c98115c6a20d85d6c8 -> 
  custom:scripting/monoscript/fileName/RecordModePropertyDrawer.cs: 165332db07362bbcab2d8dc6d1e1dfda -> 
  custom:scripting/monoscript/fileName/ImageInputSettings.cs: 98a2aedd167d40f01804b04845eeaf15 -> 
  custom:scripting/monoscript/fileName/SerializableObjHelper.cs: f19f181f3f05e8e393225dd7030fb66a -> 
  custom:scripting/monoscript/fileName/InputPropertyDrawer.cs: 90647cc400823b41df847a6cbfc29026 -> 
  custom:scripting/monoscript/fileName/AudioInputSettings.cs: a2c930fca1dd5e27705fbacf39727bb4 -> 
  custom:scripting/monoscript/fileName/InputSettings.cs: 35c56ce5488c6b464726305dcbd33b3d -> 
  custom:scripting/monoscript/fileName/RecorderEditor.cs: 736e59ba52eea987abc47f36a836e575 -> 
  custom:scripting/monoscript/fileName/AudioRecorderSettings.cs: 0b00f2c93558486cc61a06f270f43fea -> 
  custom:scripting/monoscript/fileName/RecordersInventory.cs: fb714c8df18f9b7fc7f3361f604ae3dc -> 
  custom:scripting/monoscript/fileName/BaseFCRecorderSettings.cs: fab928553cedb8703ac192d6cf7b6294 -> 
  custom:scripting/monoscript/fileName/AOVRecorderSettings.cs: cdc731153cd2f1f739300a28ea6a6608 -> 
  custom:scripting/monoscript/fileName/EXRCompressionTypeDrawer.cs: 301cb614ecf84a4dab346c5f76ea2016 -> 
  custom:scripting/monoscript/fileName/AOVRecorder.cs: c53e83f1863b3ea80b6df3885cdb8c82 -> 
  custom:scripting/monoscript/fileName/IEncoderSettings.cs: c7d04fadacf538db841606cc656ae724 -> 
  custom:scripting/monoscript/fileName/ShutterProfileTypePropertyDrawer.cs: 18a32c647eca27716eabcb5a44f00e32 -> 
  custom:scripting/monoscript/fileName/MovieRecorderEditor.cs: eb00ddb8a76b8dfb7c88b7826a49d38b -> 
  custom:scripting/monoscript/fileName/RenderTextureInputSettingsPropertyDrawer.cs: 809602b52454cd1e6229756218a8f453 -> 
  custom:scripting/monoscript/fileName/RecorderPlayableBehaviour.cs: 80165a21f4cd0dda690f708a19d389bd -> 
  custom:scripting/monoscript/fileName/GifEncoderSettingsPropertyDrawer.cs: b36c9a7eaaefccda514b23d7e14761ca -> 
  custom:scripting/monoscript/fileName/PNGRecorder.cs: 08fd40f88cb6b18c96882f263639f57d -> 
  custom:scripting/monoscript/fileName/CameraInputSettingsPropertyDrawer.cs: 91928abf1abf88be098cb088d896aec5 -> 
  custom:scripting/monoscript/fileName/AudioRecorderEditor.cs: 565168dec291afe3fa470657cfc2c123 -> 
  custom:scripting/monoscript/fileName/AOVRecorderEditor.cs: 5ca53ccd6d7645709639507726114395 -> 
  custom:container-muxer-webm: aa71ff27fc2769a1b78a27578f13a17b -> 
  custom:video-decoder-webm-vp8: 9c59270c3fd7afecdb556c50c9e8de78 -> 
  custom:scripting/monoscript/fileName/RecordingSession.cs: f3ad08157c278a036224ca395f350890 -> 
  custom:scripting/monoscript/fileName/GameViewSize.cs: f6128a6515fcafce6db32fcdfa107254 -> 
  custom:scripting/monoscript/fileName/UnityHelpers.cs: b3e077029b574be508585124a9d839ef -> 
  custom:SearchIndexIgnoredProperties: e643bd26f0fe6173181afceb89e7c659 -> 
  custom:scripting/monoscript/fileName/GIFRecorder.cs: c00ece885699fb9084deaccd3eb27518 -> 
  custom:AudioImporter_EditorPlatform: d09bf68614088b80899f8185d706f6e7 -> 
  custom:scripting/monoscript/fileName/EXRRecorder.cs: 3f576ce8ddd959d51a4d7ba1999ecdbb -> 
  custom:scripting/monoscript/fileName/WEBMRecorder.cs: 391b6b920cfbc02401ea522620320c93 -> 
  custom:scripting/monoscript/fileName/RenderTextureSampler.cs: 1a7b9abab9548e1054dc40d6e2fa0270 -> 
  custom:scripting/monoscript/fileName/GifEncoder.cs: 40f336d5c5042a8a04556b4c5804a538 -> 
  custom:scripting/monoscript/fileName/GenericRecorder.cs: 90647cc400823b41df847a6cbfc29026 -> 
  custom:scripting/monoscript/fileName/ImageInputSelector.cs: f55822da877594150873922341be92b6 -> 
  custom:scripting/monoscript/fileName/AnimationRecorderSettingsEditor.cs: db1294bf3d48be44b6e4b2f2cc100b02 -> 
  custom:scripting/monoscript/fileName/RecorderTrack.cs: fac9638ece7eb7daaa1302fa170613fd -> 
  custom:scripting/monoscript/fileName/InputSettingsSelector.cs: 499a4ec92267406782b5c4f3472d53b9 -> 
  custom:scripting/monoscript/fileName/FileNameGenerator.cs: 5c8b6eb5291c3311189e0dfadac99363 -> 
  custom:scripting/monoscript/fileName/RecorderItem.cs: b62d2fcb9547a248575727d8a1646db8 -> 
  custom:scripting/monoscript/fileName/TextureFlipper.cs: 825b503b2ddab9cbd8ebbf3038075092 -> 
  custom:scripting/monoscript/fileName/AccumulationSettings.cs: fb962f0c2333934b681b167574f5e1cd -> 
  custom:scripting/monoscript/fileName/Camera360InputPropertyDrawer.cs: af647a2fe91bec98139246321cac865d -> 
  custom:scripting/monoscript/fileName/RecorderClipEditor.cs: 947ad5ff1f968d7fc40767d187070964 -> 
  custom:scripting/monoscript/fileName/EXRRecorderSettingsEditor.cs: c520a04c5f01331f2c8800e289ef6d6f -> 
  custom:scripting/monoscript/fileName/CoreEncoder.cs: dfaed86e82ad12e6a2b6740a0fb35820 -> 
  custom:scripting/monoscript/fileName/PNGRecorderSettings.cs: 79a421225358808ff14dd88c0355d1b6 -> 
  custom:scripting/monoscript/fileName/AspectRatioPropertyDrawer.cs: 9f18568574138839573389bde3e660a7 -> 
  custom:scripting/monoscript/fileName/ProResEncoder.cs: b375bf2d41e3d89081c3f2d1a0823bf3 -> 
  custom:scripting/monoscript/fileName/CameraInput.cs: bf7e0df3caf9e500f6d1c98c99e165ba -> 
  custom:scripting/monoscript/fileName/RecorderSettings.cs: bc3ef26ac157af28e5460886c0d5ef2e -> 
  custom:scripting/monoscript/fileName/RecorderClipTimelineEditor.cs: 2995d9f50ebc9245c6e9bd75c56415fb -> 
  custom:scripting/monoscript/fileName/EncoderSettingsAttribute.cs: 8352396dc11cff58c65c429fdb4fc67e -> 
  custom:scripting/monoscript/fileName/MP4Recorder.cs: af531c4e1f6d23547da08837eb16b729 -> 
  custom:scripting/monoscript/fileName/EncoderTypeUtilities.cs: a12c4c78a6cd4fb6b93180d59ad77be8 -> 
  custom:scripting/monoscript/fileName/PooledBufferAsyncGPUReadback.cs: 2a4e50c5dda177306c9ec935763c4378 -> 
  custom:scripting/monoscript/fileName/AnimationRecorder.cs: f749a4250195b5467bbf05e3a976b59f -> 
  custom:scripting/precompiled-assembly-types:Unity.Recorder.Base: 3fec19fdf10e3518c41e41a932f2042f -> 
  custom:scripting/monoscript/fileName/AnimationRecorderSettings.cs: 5cfb1544a40f93fe0ea879bb1361c877 -> 
  custom:scripting/monoscript/fileName/RenderTextureSamplerSettings.cs: 68adab84706346f2ecbdfd649ca9cf61 -> 
  custom:scripting/monoscript/fileName/RecordingContext.cs: af9af1e8b283703482ba133924b5585a -> 
  custom:scripting/monoscript/fileName/RecorderSelector.cs: c3cd2caacd181d6eff54dc260c4a1ffb -> 
  custom:video-encoder-webm-vp8: eb34c28f22e8b96e1ab97ce403110664 -> 
  custom:scripting/monoscript/fileName/RecorderInput.cs: 88fd8d8fd71b34ed7298a01f6c2d2e40 -> 
  custom:scripting/monoscript/fileName/RenderTextureSamplerPropertyDrawer.cs: b541817d9cc9b1341d2ddfa8823b718d -> 
  custom:scripting/monoscript/fileName/RecorderSettingsAttribute.cs: ddd228b25da7ba2ac10d13e1efacc875 -> 
  custom:audio-decoder-ogg-vorbis: bf7c407c2cedff20999df2af8eb42d56 -> 
  custom:scripting/monoscript/fileName/OutputPathDrawer.cs: cffc34c1be094e6caeb13ff3b26ca679 -> 
  custom:scripting/monoscript/fileName/EditorVersionsHelper.cs: 3ad9098caeeff0295dba8c0911f5333a -> 
  custom:scripting/monoscript/fileName/SettingAsset.cs: 7c3790954696ae83d71055079b387931 -> 
  custom:scripting/monoscript/fileName/OutputResolution.cs: 31c632d97e9a69bcc2ef10f6feb5bf62 -> 
  custom:scripting/monoscript/fileName/AccumulationSettingsPropertyDrawer.cs: bfc920db0de3c29c2967e88aac1c1027 -> 
  custom:scripting/monoscript/fileName/AnimationInputSettingsPropertyDrawer.cs: ebe1771fecebe7a93badf6354f59c990 -> 
  custom:scripting/monoscript/fileName/CoreEncoderSettings.cs: 2b5db1db3c1fa7de4175a7e143de3ce5 -> 
  custom:scripting/monoscript/fileName/VisualListItem.cs: 90647cc400823b41df847a6cbfc29026 -> 
  custom:scripting/monoscript/fileName/FrameRateProperyDrawer.cs: c478c798f5354f66af45b380be0629f9 -> 
  custom:scripting/monoscript/fileName/InputSettingsSelectorDrawer.cs: bca46dd5b59e2f574c94bef4cdb878fb -> 
  custom:scripting/monoscript/fileName/RecorderWindow.cs: 553a30d64d5ef1dcad6b00b4eeeb3829 -> 
  custom:scripting/monoscript/fileName/AOVCameraInputSettings.cs: 4d2fdf1142ce53d73cb43d39944ba516 -> 
  custom:scripting/monoscript/fileName/EnumProperyDrawer.cs: 90647cc400823b41df847a6cbfc29026 -> 
  custom:scripting/monoscript/fileName/AOVImageInputSelector.cs: b741d8d3a7cbb503c5bdf23d7e6792db -> 
  custom:scripting/monoscript/fileName/CoreEncoderSettingsPropertyDrawer.cs: c8bdf3420d844fd4604c0d0cf3815355 -> 
  custom:scripting/monoscript/fileName/GifEncoderSettings.cs: 812ca6afdf48b830953d76adab9d4030 -> 
  custom:scripting/monoscript/fileName/GIFRecorderSettingsEditor.cs: 4d0f46bcf58d188895fabae5334995ae -> 
  custom:scripting/monoscript/fileName/IEncoder.cs: 007c2ef621b0d92b5a7a6bae91d26090 -> 
  custom:scripting/monoscript/fileName/RecorderOptions.cs: 74782d297e80d8f56c0e05a7cde4e51d -> 
  custom:scripting/precompiled-assembly-types:Unity.Recorder.Editor: cd22b836ef1ca10e7d8c91c9be46b4bf -> 
  custom:scripting/monoscript/fileName/ProResEncoderSettingsPropertyDrawer.cs: 68c25e6d4459336217d4b9e22eb707b4 -> 
  custom:scripting/monoscript/fileName/ImageRecorder.cs: b804c29bfc59a61db184c1d275fe4101 -> 
  custom:scripting/monoscript/fileName/EditableLabel.cs: 4f8fa2c6092744ed6607a411e3f617c0 -> 
  custom:scripting/monoscript/fileName/GameViewInput.cs: 596e7ffa2d11b2002176644af3247ea6 -> 
  custom:audio-encoder-webm-vorbis: bf7c407c2cedff20999df2af8eb42d56 -> 
  custom:scripting/monoscript/fileName/SerializedDictionnary.cs: 90647cc400823b41df847a6cbfc29026 -> 
  custom:scripting/monoscript/fileName/HammersleySequence.cs: b06601f044912976f668045b7d4c79a8 -> 
  custom:scripting/monoscript/fileName/_RecorderComponent.cs: 8c268d1df4e18643d83ea9c6eeba2d9f -> 
  custom:scripting/monoscript/fileName/IAccumulation.cs: 38dee62d444423165276e3254554d005 -> 
  custom:scripting/monoscript/fileName/RecorderController.cs: 5760bd2995080b8d0d9d9e88ab8933c6 -> 
  custom:scripting/monoscript/fileName/EXRRecorderSettings.cs: bf113df492cb5b25e11ec144a73c2f74 -> 
========================================================================
Received Import Request.
  Time since last request: 8.322005 seconds.
  path: Assets/Prefabs/Cube.prefab
  artifactKey: Guid(6f465dab9e6bdbc40b292aa1082e7dd9) Importer(815301076,1909f56bfc062723c751e8b465ee728b)
Start importing Assets/Prefabs/Cube.prefab using Guid(6f465dab9e6bdbc40b292aa1082e7dd9) Importer(815301076,1909f56bfc062723c751e8b465ee728b) [PhysX] Initialized MultithreadedTaskDispatcher with 12 workers.
 -> (artifact id: '9d04fdfc94419e9d414e421f41762208') in 0.001611 seconds
Number of updated asset objects reloaded before import = 0
Number of asset objects unloaded after import = 0
========================================================================
Received Prepare
Caller must complete domain reload
Begin MonoManager ReloadAssembly
- Loaded All Assemblies, in  0.422 seconds
Native extension for WindowsStandalone target not found
Native extension for iOS target not found
Native extension for Android target not found
Mono: successfully reloaded assembly
- Finished resetting the current domain, in  0.983 seconds
Domain Reload Profiling: 1400ms
	BeginReloadAssembly (136ms)
		ExecutionOrderSort (0ms)
		DisableScriptedObjects (4ms)
		BackupInstance (0ms)
		ReleaseScriptingObjects (0ms)
		CreateAndSetChildDomain (33ms)
	RebuildCommonClasses (26ms)
	RebuildNativeTypeToScriptingClass (8ms)
	initialDomainReloadingComplete (28ms)
	LoadAllAssembliesAndSetupDomain (219ms)
		LoadAssemblies (278ms)
		RebuildTransferFunctionScriptingTraits (0ms)
		AnalyzeDomain (11ms)
			TypeCache.Refresh (5ms)
				TypeCache.ScanAssembly (0ms)
			ScanForSourceGeneratedMonoScriptInfo (0ms)
			ResolveRequiredComponents (5ms)
	FinalizeReload (983ms)
		ReleaseScriptCaches (0ms)
		RebuildScriptCaches (0ms)
		SetupLoadedEditorAssemblies (487ms)
			LogAssemblyErrors (0ms)
			InitializePlatformSupportModulesInManaged (30ms)
			SetLoadedEditorAssemblies (3ms)
			RefreshPlugins (0ms)
			BeforeProcessingInitializeOnLoad (86ms)
			ProcessInitializeOnLoadAttributes (340ms)
			ProcessInitializeOnLoadMethodAttributes (18ms)
			AfterProcessingInitializeOnLoad (9ms)
			EditorAssembliesLoaded (0ms)
		ExecutionOrderSort2 (0ms)
		AwakeInstancesAfterBackupRestoration (5ms)
Refreshing native plugins compatible for Editor in 5.56 ms, found 6 plugins.
Preloading 0 native plugins for Editor in 0.00 ms.
Unloading 3255 Unused Serialized files (Serialized files now loaded: 0)
Unloading 21 unused Assets / (336.3 KB). Loaded Objects now: 3778.
Memory consumption went from 127.4 MB to 127.1 MB.
Total: 3.473000 ms (FindLiveObjects: 0.321900 ms CreateObjectMapping: 0.088900 ms MarkObjects: 2.852500 ms  DeleteObjects: 0.209100 ms)

Prepare: number of updated asset objects reloaded= 0
AssetImportParameters requested are different than current active one (requested -> active):
  custom:scripting/monoscript/fileName/WEBMRecorderSettingsEditor.cs: 5559c87f45d3b65fac8d5ac4ef5e81c8 -> 
  custom:scripting/monoscript/fileName/UIElementHelper.cs: 9f9438adfe3361012ea6280d4cdb2df4 -> 
  custom:scripting/monoscript/fileName/AOVCameraInput.cs: c23c8ce885672bc57e25263b3efd067a -> 
  custom:scripting/monoscript/fileName/BaseTextureRecorder.cs: 90647cc400823b41df847a6cbfc29026 -> 
  custom:scripting/monoscript/fileName/Recorder.cs: a7e319d512627774f8215ba0b76f0bcb -> 
  custom:scripting/monoscript/fileName/AudioRecorder.cs: 89550121570f22445b4a1b28daea3cf9 -> 
  custom:scripting/monoscript/fileName/PanelSplitter.cs: 5ff6c6e385b6b12ca322a9c92ac6f371 -> 
  custom:scripting/monoscript/fileName/ImageRecorderSettings.cs: a7ab05fac9382c03607c40fe73956ed6 -> 
  custom:scripting/monoscript/fileName/RecorderClip.cs: 897017f45cb3c30f306724d1fa17a8fe -> 
  custom:scripting/monoscript/fileName/GIFRecorderSettings.cs: 979f88ae1e7731daed242ab2fdebbc0e -> 
  custom:container-demuxer-ogg: 62fdf1f143b41e24485cea50d1cbac27 -> 
  custom:scripting/monoscript/fileName/MovieRecorder.cs: 024785cf83e1399f425b2aa115d22e2b -> 
  custom:scripting/monoscript/fileName/RecorderControllerSettingsPresetEditor.cs: 49aed206ae65ed5ac6b420f7104cd52d -> 
  custom:scripting/monoscript/fileName/AudioInput.cs: 499e96d8f0b35d362bd956c0975bb873 -> 
  custom:scripting/monoscript/fileName/WEBMRecorderSettings.cs: c176c43abbe456aeea55c2aef862801b -> 
  custom:scripting/monoscript/fileName/RecorderControllerSettingsPreset.cs: 78b391c1384ac60213ef58d50e78d553 -> 
  custom:scripting/monoscript/fileName/GameViewInputSettings.cs: a7ae22123f532f5bbcb39c654c998b57 -> 
  custom:scripting/monoscript/fileName/GameViewInputPropertyDrawer.cs: ae2c8a99c5e33d3d1ffc8232415130e8 -> 
  custom:scripting/monoscript/fileName/Camera360Input.cs: dc473b118c57e0734b0cd3476e333c06 -> 
  custom:scripting/monoscript/fileName/RecorderPreferencesSettingsProvider.cs: d92d314b87f7c2170e267636ebf38224 -> 
  custom:scripting/monoscript/fileName/RecorderBindings.cs: ac25db5b587307cfea909607f62e5641 -> 
  custom:video-decoder-ogg-theora: a1e56fd34408186e4bbccfd4996cb3dc -> 
  custom:scripting/monoscript/fileName/GIFWrapper.cs: 6ef8898a12699129e8f81f06a649cad1 -> 
  custom:scripting/monoscript/fileName/SceneHook.cs: 80fa8928b499d44515dd60e0bc895128 -> 
  custom:scripting/monoscript/fileName/AnimationInput.cs: e810137278708a698c5ccddaeb1a1e64 -> 
  custom:scripting/monoscript/fileName/OutputResolutionPropertyDrawer.cs: 0e33ffdf424417a2e685685cfc04d4b1 -> 
  custom:scripting/monoscript/fileName/EnumHelper.cs: 117b5609cc2a1ae41785cd0c8767815f -> 
  custom:scripting/monoscript/fileName/OutputPath.cs: ee51fcffcd8929d224a5e3fb152d5f62 -> 
  custom:scripting/monoscript/fileName/FileNameGeneratorDrawer.cs: a3ea71dec141084df9b7ffa19c11e2cb -> 
  custom:framework-win-MediaFoundation: 216162199b28c13a410421893ffa2e32 -> 
  custom:scripting/monoscript/fileName/RecorderPreferencesWindowGUIScope.cs: 7a2eba6fcb6829ea8b200991a02c9c06 -> 
  custom:scripting/monoscript/fileName/AspectRatio.cs: 18e3efa554f8258b676d4de53e38b642 -> 
  custom:scripting/monoscript/fileName/CameraInputSettings.cs: 6738f6dd994f658d2cbf6f5f3ba05a0e -> 
  custom:scripting/monoscript/fileName/RefHandle.cs: 90647cc400823b41df847a6cbfc29026 -> 
  custom:scripting/monoscript/fileName/CameraCapture.cs: c6dcba1380d9a4fa09f4e36182a45a73 -> 
  custom:scripting/monoscript/fileName/RecorderControllerSettings.cs: 989e0caa64af9b76551d4ff6bd15f598 -> 
  custom:scripting/monoscript/fileName/TargetedPropertyDrawer.cs: 90647cc400823b41df847a6cbfc29026 -> 
  custom:scripting/monoscript/fileName/MovieRecorderSettings.cs: 02a667a67b113b1f65e3fcadcc882513 -> 
  custom:scripting/monoscript/fileName/RenderTextureInputSettings.cs: ebca820667a63031a7597db85d26451a -> 
  custom:scripting/monoscript/fileName/ImageRecorderEditor.cs: d3134ae4c1dfd8e056bace11130b7692 -> 
  custom:scripting/monoscript/fileName/ProResEncoderSettings.cs: 4aca03881946a7fe9acacf199434009e -> 
  custom:scripting/monoscript/fileName/_FrameRequestComponent.cs: b34f171daaafc65da55ea68e2ed89f2b -> 
  custom:scripting/monoscript/fileName/RenderTextureInput.cs: 5dea77837ae3c82bb14643cd82dc06dc -> 
  custom:scripting/monoscript/fileName/RecorderAnalytics.cs: 0fa40093f6ac3fe75e92d746d563e5ee -> 
  custom:scripting/monoscript/fileName/MP4RecorderSettingsEditor.cs: 68a64b16a7961d71fa7286fd1f782e9b -> 
  custom:scripting/monoscript/fileName/RecorderBindingsEditor.cs: f7451a0e1cea6404b2976d2b2c42e273 -> 
  custom:scripting/monoscript/fileName/BaseRenderTextureInput.cs: 5dc13661a5a0dca5d09ca211933a44e2 -> 
  custom:scripting/monoscript/fileName/StatusBarHelper.cs: da04a6ed046f8a62f416d5d3ea415bef -> 
  custom:scripting/precompiled-assembly-types:Unity.Recorder: bd5378c99f6216e06dd6e2c2a60a86a4 -> 
  custom:CustomObjectIndexerAttribute: 9a22284fe3817be447336de3de66b15e -> 
  custom:scripting/monoscript/fileName/Camera360InputSettings.cs: 3d5eaf1cb3a9df6f9d1d52f3c3018c46 -> 
  custom:scripting/monoscript/fileName/PNGRecorderSettingsEditor.cs: 4970e6657bb34f7efc2c7d8168c7358b -> 
  custom:scripting/monoscript/fileName/ImageHeightSelector.cs: d1a7972bf1d79d90f09ab23c718afe39 -> 
  custom:scripting/monoscript/fileName/AnimationInputSettings.cs: d64a99ebbd13660e9264cb4111ab9832 -> 
  custom:scripting/monoscript/fileName/MP4RecorderSettings.cs: 551f5535c05b86d6ee91684eced14987 -> 
  custom:scripting/monoscript/fileName/RecorderPreferencesSettings.cs: 761b0a55fc5e50239a1d0c4bfc968274 -> 
  custom:container-demuxer-webm: 4f35f7cbe854078d1ac9338744f61a02 -> 
  custom:scripting/monoscript/fileName/RecorderSettingsPrefsEditor.cs: ba9e697f1d269c2c960a41bc543fa408 -> 
  custom:scripting/monoscript/fileName/ProResWrapper.cs: 712515ef615766c98115c6a20d85d6c8 -> 
  custom:scripting/monoscript/fileName/RecordModePropertyDrawer.cs: 165332db07362bbcab2d8dc6d1e1dfda -> 
  custom:scripting/monoscript/fileName/ImageInputSettings.cs: 98a2aedd167d40f01804b04845eeaf15 -> 
  custom:scripting/monoscript/fileName/SerializableObjHelper.cs: f19f181f3f05e8e393225dd7030fb66a -> 
  custom:scripting/monoscript/fileName/InputPropertyDrawer.cs: 90647cc400823b41df847a6cbfc29026 -> 
  custom:scripting/monoscript/fileName/AudioInputSettings.cs: a2c930fca1dd5e27705fbacf39727bb4 -> 
  custom:scripting/monoscript/fileName/InputSettings.cs: 35c56ce5488c6b464726305dcbd33b3d -> 
  custom:scripting/monoscript/fileName/RecorderEditor.cs: 736e59ba52eea987abc47f36a836e575 -> 
  custom:scripting/monoscript/fileName/AudioRecorderSettings.cs: 0b00f2c93558486cc61a06f270f43fea -> 
  custom:scripting/monoscript/fileName/RecordersInventory.cs: fb714c8df18f9b7fc7f3361f604ae3dc -> 
  custom:scripting/monoscript/fileName/BaseFCRecorderSettings.cs: fab928553cedb8703ac192d6cf7b6294 -> 
  custom:scripting/monoscript/fileName/AOVRecorderSettings.cs: cdc731153cd2f1f739300a28ea6a6608 -> 
  custom:scripting/monoscript/fileName/EXRCompressionTypeDrawer.cs: 301cb614ecf84a4dab346c5f76ea2016 -> 
  custom:scripting/monoscript/fileName/AOVRecorder.cs: c53e83f1863b3ea80b6df3885cdb8c82 -> 
  custom:scripting/monoscript/fileName/IEncoderSettings.cs: c7d04fadacf538db841606cc656ae724 -> 
  custom:scripting/monoscript/fileName/ShutterProfileTypePropertyDrawer.cs: 18a32c647eca27716eabcb5a44f00e32 -> 
  custom:scripting/monoscript/fileName/MovieRecorderEditor.cs: eb00ddb8a76b8dfb7c88b7826a49d38b -> 
  custom:scripting/monoscript/fileName/RenderTextureInputSettingsPropertyDrawer.cs: 809602b52454cd1e6229756218a8f453 -> 
  custom:scripting/monoscript/fileName/RecorderPlayableBehaviour.cs: 80165a21f4cd0dda690f708a19d389bd -> 
  custom:scripting/monoscript/fileName/GifEncoderSettingsPropertyDrawer.cs: b36c9a7eaaefccda514b23d7e14761ca -> 
  custom:scripting/monoscript/fileName/PNGRecorder.cs: 08fd40f88cb6b18c96882f263639f57d -> 
  custom:scripting/monoscript/fileName/CameraInputSettingsPropertyDrawer.cs: 91928abf1abf88be098cb088d896aec5 -> 
  custom:scripting/monoscript/fileName/AudioRecorderEditor.cs: 565168dec291afe3fa470657cfc2c123 -> 
  custom:scripting/monoscript/fileName/AOVRecorderEditor.cs: 5ca53ccd6d7645709639507726114395 -> 
  custom:container-muxer-webm: aa71ff27fc2769a1b78a27578f13a17b -> 
  custom:video-decoder-webm-vp8: 9c59270c3fd7afecdb556c50c9e8de78 -> 
  custom:scripting/monoscript/fileName/RecordingSession.cs: f3ad08157c278a036224ca395f350890 -> 
  custom:scripting/monoscript/fileName/GameViewSize.cs: f6128a6515fcafce6db32fcdfa107254 -> 
  custom:scripting/monoscript/fileName/UnityHelpers.cs: b3e077029b574be508585124a9d839ef -> 
  custom:SearchIndexIgnoredProperties: e643bd26f0fe6173181afceb89e7c659 -> 
  custom:scripting/monoscript/fileName/GIFRecorder.cs: c00ece885699fb9084deaccd3eb27518 -> 
  custom:AudioImporter_EditorPlatform: d09bf68614088b80899f8185d706f6e7 -> 
  custom:scripting/monoscript/fileName/EXRRecorder.cs: 3f576ce8ddd959d51a4d7ba1999ecdbb -> 
  custom:scripting/monoscript/fileName/WEBMRecorder.cs: 391b6b920cfbc02401ea522620320c93 -> 
  custom:scripting/monoscript/fileName/RenderTextureSampler.cs: 1a7b9abab9548e1054dc40d6e2fa0270 -> 
  custom:scripting/monoscript/fileName/GifEncoder.cs: 40f336d5c5042a8a04556b4c5804a538 -> 
  custom:scripting/monoscript/fileName/GenericRecorder.cs: 90647cc400823b41df847a6cbfc29026 -> 
  custom:scripting/monoscript/fileName/ImageInputSelector.cs: f55822da877594150873922341be92b6 -> 
  custom:scripting/monoscript/fileName/AnimationRecorderSettingsEditor.cs: db1294bf3d48be44b6e4b2f2cc100b02 -> 
  custom:scripting/monoscript/fileName/RecorderTrack.cs: fac9638ece7eb7daaa1302fa170613fd -> 
  custom:scripting/monoscript/fileName/InputSettingsSelector.cs: 499a4ec92267406782b5c4f3472d53b9 -> 
  custom:scripting/monoscript/fileName/FileNameGenerator.cs: 5c8b6eb5291c3311189e0dfadac99363 -> 
  custom:scripting/monoscript/fileName/RecorderItem.cs: b62d2fcb9547a248575727d8a1646db8 -> 
  custom:scripting/monoscript/fileName/TextureFlipper.cs: 825b503b2ddab9cbd8ebbf3038075092 -> 
  custom:scripting/monoscript/fileName/AccumulationSettings.cs: fb962f0c2333934b681b167574f5e1cd -> 
  custom:scripting/monoscript/fileName/Camera360InputPropertyDrawer.cs: af647a2fe91bec98139246321cac865d -> 
  custom:scripting/monoscript/fileName/RecorderClipEditor.cs: 947ad5ff1f968d7fc40767d187070964 -> 
  custom:scripting/monoscript/fileName/EXRRecorderSettingsEditor.cs: c520a04c5f01331f2c8800e289ef6d6f -> 
  custom:scripting/monoscript/fileName/CoreEncoder.cs: dfaed86e82ad12e6a2b6740a0fb35820 -> 
  custom:scripting/monoscript/fileName/PNGRecorderSettings.cs: 79a421225358808ff14dd88c0355d1b6 -> 
  custom:scripting/monoscript/fileName/AspectRatioPropertyDrawer.cs: 9f18568574138839573389bde3e660a7 -> 
  custom:scripting/monoscript/fileName/ProResEncoder.cs: b375bf2d41e3d89081c3f2d1a0823bf3 -> 
  custom:scripting/monoscript/fileName/CameraInput.cs: bf7e0df3caf9e500f6d1c98c99e165ba -> 
  custom:scripting/monoscript/fileName/RecorderSettings.cs: bc3ef26ac157af28e5460886c0d5ef2e -> 
  custom:scripting/monoscript/fileName/RecorderClipTimelineEditor.cs: 2995d9f50ebc9245c6e9bd75c56415fb -> 
  custom:scripting/monoscript/fileName/EncoderSettingsAttribute.cs: 8352396dc11cff58c65c429fdb4fc67e -> 
  custom:scripting/monoscript/fileName/MP4Recorder.cs: af531c4e1f6d23547da08837eb16b729 -> 
  custom:scripting/monoscript/fileName/EncoderTypeUtilities.cs: a12c4c78a6cd4fb6b93180d59ad77be8 -> 
  custom:scripting/monoscript/fileName/PooledBufferAsyncGPUReadback.cs: 2a4e50c5dda177306c9ec935763c4378 -> 
  custom:scripting/monoscript/fileName/AnimationRecorder.cs: f749a4250195b5467bbf05e3a976b59f -> 
  custom:scripting/precompiled-assembly-types:Unity.Recorder.Base: 3fec19fdf10e3518c41e41a932f2042f -> 
  custom:scripting/monoscript/fileName/AnimationRecorderSettings.cs: 5cfb1544a40f93fe0ea879bb1361c877 -> 
  custom:scripting/monoscript/fileName/RenderTextureSamplerSettings.cs: 68adab84706346f2ecbdfd649ca9cf61 -> 
  custom:scripting/monoscript/fileName/RecordingContext.cs: af9af1e8b283703482ba133924b5585a -> 
  custom:scripting/monoscript/fileName/RecorderSelector.cs: c3cd2caacd181d6eff54dc260c4a1ffb -> 
  custom:video-encoder-webm-vp8: eb34c28f22e8b96e1ab97ce403110664 -> 
  custom:scripting/monoscript/fileName/RecorderInput.cs: 88fd8d8fd71b34ed7298a01f6c2d2e40 -> 
  custom:scripting/monoscript/fileName/RenderTextureSamplerPropertyDrawer.cs: b541817d9cc9b1341d2ddfa8823b718d -> 
  custom:scripting/monoscript/fileName/RecorderSettingsAttribute.cs: ddd228b25da7ba2ac10d13e1efacc875 -> 
  custom:audio-decoder-ogg-vorbis: bf7c407c2cedff20999df2af8eb42d56 -> 
  custom:scripting/monoscript/fileName/OutputPathDrawer.cs: cffc34c1be094e6caeb13ff3b26ca679 -> 
  custom:scripting/monoscript/fileName/EditorVersionsHelper.cs: 3ad9098caeeff0295dba8c0911f5333a -> 
  custom:scripting/monoscript/fileName/SettingAsset.cs: 7c3790954696ae83d71055079b387931 -> 
  custom:scripting/monoscript/fileName/OutputResolution.cs: 31c632d97e9a69bcc2ef10f6feb5bf62 -> 
  custom:scripting/monoscript/fileName/AccumulationSettingsPropertyDrawer.cs: bfc920db0de3c29c2967e88aac1c1027 -> 
  custom:scripting/monoscript/fileName/AnimationInputSettingsPropertyDrawer.cs: ebe1771fecebe7a93badf6354f59c990 -> 
  custom:scripting/monoscript/fileName/CoreEncoderSettings.cs: 2b5db1db3c1fa7de4175a7e143de3ce5 -> 
  custom:scripting/monoscript/fileName/VisualListItem.cs: 90647cc400823b41df847a6cbfc29026 -> 
  custom:scripting/monoscript/fileName/FrameRateProperyDrawer.cs: c478c798f5354f66af45b380be0629f9 -> 
  custom:scripting/monoscript/fileName/InputSettingsSelectorDrawer.cs: bca46dd5b59e2f574c94bef4cdb878fb -> 
  custom:scripting/monoscript/fileName/RecorderWindow.cs: 553a30d64d5ef1dcad6b00b4eeeb3829 -> 
  custom:scripting/monoscript/fileName/AOVCameraInputSettings.cs: 4d2fdf1142ce53d73cb43d39944ba516 -> 
  custom:scripting/monoscript/fileName/EnumProperyDrawer.cs: 90647cc400823b41df847a6cbfc29026 -> 
  custom:scripting/monoscript/fileName/AOVImageInputSelector.cs: b741d8d3a7cbb503c5bdf23d7e6792db -> 
  custom:scripting/monoscript/fileName/CoreEncoderSettingsPropertyDrawer.cs: c8bdf3420d844fd4604c0d0cf3815355 -> 
  custom:scripting/monoscript/fileName/GifEncoderSettings.cs: 812ca6afdf48b830953d76adab9d4030 -> 
  custom:scripting/monoscript/fileName/GIFRecorderSettingsEditor.cs: 4d0f46bcf58d188895fabae5334995ae -> 
  custom:scripting/monoscript/fileName/IEncoder.cs: 007c2ef621b0d92b5a7a6bae91d26090 -> 
  custom:scripting/monoscript/fileName/RecorderOptions.cs: 74782d297e80d8f56c0e05a7cde4e51d -> 
  custom:scripting/precompiled-assembly-types:Unity.Recorder.Editor: cd22b836ef1ca10e7d8c91c9be46b4bf -> 
  custom:scripting/monoscript/fileName/ProResEncoderSettingsPropertyDrawer.cs: 68c25e6d4459336217d4b9e22eb707b4 -> 
  custom:scripting/monoscript/fileName/ImageRecorder.cs: b804c29bfc59a61db184c1d275fe4101 -> 
  custom:scripting/monoscript/fileName/EditableLabel.cs: 4f8fa2c6092744ed6607a411e3f617c0 -> 
  custom:scripting/monoscript/fileName/GameViewInput.cs: 596e7ffa2d11b2002176644af3247ea6 -> 
  custom:audio-encoder-webm-vorbis: bf7c407c2cedff20999df2af8eb42d56 -> 
  custom:scripting/monoscript/fileName/SerializedDictionnary.cs: 90647cc400823b41df847a6cbfc29026 -> 
  custom:scripting/monoscript/fileName/HammersleySequence.cs: b06601f044912976f668045b7d4c79a8 -> 
  custom:scripting/monoscript/fileName/_RecorderComponent.cs: 8c268d1df4e18643d83ea9c6eeba2d9f -> 
  custom:scripting/monoscript/fileName/IAccumulation.cs: 38dee62d444423165276e3254554d005 -> 
  custom:scripting/monoscript/fileName/RecorderController.cs: 5760bd2995080b8d0d9d9e88ab8933c6 -> 
  custom:scripting/monoscript/fileName/EXRRecorderSettings.cs: bf113df492cb5b25e11ec144a73c2f74 -> 
========================================================================
Received Prepare
Caller must complete domain reload
Begin MonoManager ReloadAssembly
- Loaded All Assemblies, in  0.414 seconds
Native extension for WindowsStandalone target not found
Native extension for iOS target not found
Native extension for Android target not found
Mono: successfully reloaded assembly
- Finished resetting the current domain, in  0.973 seconds
Domain Reload Profiling: 1383ms
	BeginReloadAssembly (128ms)
		ExecutionOrderSort (0ms)
		DisableScriptedObjects (4ms)
		BackupInstance (0ms)
		ReleaseScriptingObjects (0ms)
		CreateAndSetChildDomain (26ms)
	RebuildCommonClasses (25ms)
	RebuildNativeTypeToScriptingClass (8ms)
	initialDomainReloadingComplete (27ms)
	LoadAllAssembliesAndSetupDomain (221ms)
		LoadAssemblies (281ms)
		RebuildTransferFunctionScriptingTraits (0ms)
		AnalyzeDomain (10ms)
			TypeCache.Refresh (4ms)
				TypeCache.ScanAssembly (0ms)
			ScanForSourceGeneratedMonoScriptInfo (0ms)
			ResolveRequiredComponents (4ms)
	FinalizeReload (974ms)
		ReleaseScriptCaches (0ms)
		RebuildScriptCaches (0ms)
		SetupLoadedEditorAssemblies (485ms)
			LogAssemblyErrors (0ms)
			InitializePlatformSupportModulesInManaged (28ms)
			SetLoadedEditorAssemblies (4ms)
			RefreshPlugins (0ms)
			BeforeProcessingInitializeOnLoad (87ms)
			ProcessInitializeOnLoadAttributes (339ms)
			ProcessInitializeOnLoadMethodAttributes (18ms)
			AfterProcessingInitializeOnLoad (10ms)
			EditorAssembliesLoaded (0ms)
		ExecutionOrderSort2 (0ms)
		AwakeInstancesAfterBackupRestoration (5ms)
Refreshing native plugins compatible for Editor in 5.79 ms, found 6 plugins.
Preloading 0 native plugins for Editor in 0.00 ms.
Unloading 3255 Unused Serialized files (Serialized files now loaded: 0)
Unloading 21 unused Assets / (336.1 KB). Loaded Objects now: 3781.
Memory consumption went from 127.4 MB to 127.1 MB.
Total: 2.353400 ms (FindLiveObjects: 0.191100 ms CreateObjectMapping: 0.077000 ms MarkObjects: 1.924100 ms  DeleteObjects: 0.160500 ms)

Prepare: number of updated asset objects reloaded= 0
AssetImportParameters requested are different than current active one (requested -> active):
  custom:scripting/monoscript/fileName/WEBMRecorderSettingsEditor.cs: 5559c87f45d3b65fac8d5ac4ef5e81c8 -> 
  custom:scripting/monoscript/fileName/UIElementHelper.cs: 9f9438adfe3361012ea6280d4cdb2df4 -> 
  custom:scripting/monoscript/fileName/AOVCameraInput.cs: c23c8ce885672bc57e25263b3efd067a -> 
  custom:scripting/monoscript/fileName/BaseTextureRecorder.cs: 90647cc400823b41df847a6cbfc29026 -> 
  custom:scripting/monoscript/fileName/Recorder.cs: a7e319d512627774f8215ba0b76f0bcb -> 
  custom:scripting/monoscript/fileName/AudioRecorder.cs: 89550121570f22445b4a1b28daea3cf9 -> 
  custom:scripting/monoscript/fileName/PanelSplitter.cs: 5ff6c6e385b6b12ca322a9c92ac6f371 -> 
  custom:scripting/monoscript/fileName/ImageRecorderSettings.cs: a7ab05fac9382c03607c40fe73956ed6 -> 
  custom:scripting/monoscript/fileName/RecorderClip.cs: 897017f45cb3c30f306724d1fa17a8fe -> 
  custom:scripting/monoscript/fileName/GIFRecorderSettings.cs: 979f88ae1e7731daed242ab2fdebbc0e -> 
  custom:container-demuxer-ogg: 62fdf1f143b41e24485cea50d1cbac27 -> 
  custom:scripting/monoscript/fileName/MovieRecorder.cs: 024785cf83e1399f425b2aa115d22e2b -> 
  custom:scripting/monoscript/fileName/RecorderControllerSettingsPresetEditor.cs: 49aed206ae65ed5ac6b420f7104cd52d -> 
  custom:scripting/monoscript/fileName/AudioInput.cs: 499e96d8f0b35d362bd956c0975bb873 -> 
  custom:scripting/monoscript/fileName/WEBMRecorderSettings.cs: c176c43abbe456aeea55c2aef862801b -> 
  custom:scripting/monoscript/fileName/RecorderControllerSettingsPreset.cs: 78b391c1384ac60213ef58d50e78d553 -> 
  custom:scripting/monoscript/fileName/GameViewInputSettings.cs: a7ae22123f532f5bbcb39c654c998b57 -> 
  custom:scripting/monoscript/fileName/GameViewInputPropertyDrawer.cs: ae2c8a99c5e33d3d1ffc8232415130e8 -> 
  custom:scripting/monoscript/fileName/Camera360Input.cs: dc473b118c57e0734b0cd3476e333c06 -> 
  custom:scripting/monoscript/fileName/RecorderPreferencesSettingsProvider.cs: d92d314b87f7c2170e267636ebf38224 -> 
  custom:scripting/monoscript/fileName/RecorderBindings.cs: ac25db5b587307cfea909607f62e5641 -> 
  custom:video-decoder-ogg-theora: a1e56fd34408186e4bbccfd4996cb3dc -> 
  custom:scripting/monoscript/fileName/GIFWrapper.cs: 6ef8898a12699129e8f81f06a649cad1 -> 
  custom:scripting/monoscript/fileName/SceneHook.cs: 80fa8928b499d44515dd60e0bc895128 -> 
  custom:scripting/monoscript/fileName/AnimationInput.cs: e810137278708a698c5ccddaeb1a1e64 -> 
  custom:scripting/monoscript/fileName/OutputResolutionPropertyDrawer.cs: 0e33ffdf424417a2e685685cfc04d4b1 -> 
  custom:scripting/monoscript/fileName/EnumHelper.cs: 117b5609cc2a1ae41785cd0c8767815f -> 
  custom:scripting/monoscript/fileName/OutputPath.cs: ee51fcffcd8929d224a5e3fb152d5f62 -> 
  custom:scripting/monoscript/fileName/FileNameGeneratorDrawer.cs: a3ea71dec141084df9b7ffa19c11e2cb -> 
  custom:framework-win-MediaFoundation: 216162199b28c13a410421893ffa2e32 -> 
  custom:scripting/monoscript/fileName/RecorderPreferencesWindowGUIScope.cs: 7a2eba6fcb6829ea8b200991a02c9c06 -> 
  custom:scripting/monoscript/fileName/AspectRatio.cs: 18e3efa554f8258b676d4de53e38b642 -> 
  custom:scripting/monoscript/fileName/CameraInputSettings.cs: 6738f6dd994f658d2cbf6f5f3ba05a0e -> 
  custom:scripting/monoscript/fileName/RefHandle.cs: 90647cc400823b41df847a6cbfc29026 -> 
  custom:scripting/monoscript/fileName/CameraCapture.cs: c6dcba1380d9a4fa09f4e36182a45a73 -> 
  custom:scripting/monoscript/fileName/RecorderControllerSettings.cs: 989e0caa64af9b76551d4ff6bd15f598 -> 
  custom:scripting/monoscript/fileName/TargetedPropertyDrawer.cs: 90647cc400823b41df847a6cbfc29026 -> 
  custom:scripting/monoscript/fileName/MovieRecorderSettings.cs: 02a667a67b113b1f65e3fcadcc882513 -> 
  custom:scripting/monoscript/fileName/RenderTextureInputSettings.cs: ebca820667a63031a7597db85d26451a -> 
  custom:scripting/monoscript/fileName/ImageRecorderEditor.cs: d3134ae4c1dfd8e056bace11130b7692 -> 
  custom:scripting/monoscript/fileName/ProResEncoderSettings.cs: 4aca03881946a7fe9acacf199434009e -> 
  custom:scripting/monoscript/fileName/_FrameRequestComponent.cs: b34f171daaafc65da55ea68e2ed89f2b -> 
  custom:scripting/monoscript/fileName/RenderTextureInput.cs: 5dea77837ae3c82bb14643cd82dc06dc -> 
  custom:scripting/monoscript/fileName/RecorderAnalytics.cs: 0fa40093f6ac3fe75e92d746d563e5ee -> 
  custom:scripting/monoscript/fileName/MP4RecorderSettingsEditor.cs: 68a64b16a7961d71fa7286fd1f782e9b -> 
  custom:scripting/monoscript/fileName/RecorderBindingsEditor.cs: f7451a0e1cea6404b2976d2b2c42e273 -> 
  custom:scripting/monoscript/fileName/BaseRenderTextureInput.cs: 5dc13661a5a0dca5d09ca211933a44e2 -> 
  custom:scripting/monoscript/fileName/StatusBarHelper.cs: da04a6ed046f8a62f416d5d3ea415bef -> 
  custom:scripting/precompiled-assembly-types:Unity.Recorder: bd5378c99f6216e06dd6e2c2a60a86a4 -> 
  custom:CustomObjectIndexerAttribute: 9a22284fe3817be447336de3de66b15e -> 
  custom:scripting/monoscript/fileName/Camera360InputSettings.cs: 3d5eaf1cb3a9df6f9d1d52f3c3018c46 -> 
  custom:scripting/monoscript/fileName/PNGRecorderSettingsEditor.cs: 4970e6657bb34f7efc2c7d8168c7358b -> 
  custom:scripting/monoscript/fileName/ImageHeightSelector.cs: d1a7972bf1d79d90f09ab23c718afe39 -> 
  custom:scripting/monoscript/fileName/AnimationInputSettings.cs: d64a99ebbd13660e9264cb4111ab9832 -> 
  custom:scripting/monoscript/fileName/MP4RecorderSettings.cs: 551f5535c05b86d6ee91684eced14987 -> 
  custom:scripting/monoscript/fileName/RecorderPreferencesSettings.cs: 761b0a55fc5e50239a1d0c4bfc968274 -> 
  custom:container-demuxer-webm: 4f35f7cbe854078d1ac9338744f61a02 -> 
  custom:scripting/monoscript/fileName/RecorderSettingsPrefsEditor.cs: ba9e697f1d269c2c960a41bc543fa408 -> 
  custom:scripting/monoscript/fileName/ProResWrapper.cs: 712515ef615766c98115c6a20d85d6c8 -> 
  custom:scripting/monoscript/fileName/RecordModePropertyDrawer.cs: 165332db07362bbcab2d8dc6d1e1dfda -> 
  custom:scripting/monoscript/fileName/ImageInputSettings.cs: 98a2aedd167d40f01804b04845eeaf15 -> 
  custom:scripting/monoscript/fileName/SerializableObjHelper.cs: f19f181f3f05e8e393225dd7030fb66a -> 
  custom:scripting/monoscript/fileName/InputPropertyDrawer.cs: 90647cc400823b41df847a6cbfc29026 -> 
  custom:scripting/monoscript/fileName/AudioInputSettings.cs: a2c930fca1dd5e27705fbacf39727bb4 -> 
  custom:scripting/monoscript/fileName/InputSettings.cs: 35c56ce5488c6b464726305dcbd33b3d -> 
  custom:scripting/monoscript/fileName/RecorderEditor.cs: 736e59ba52eea987abc47f36a836e575 -> 
  custom:scripting/monoscript/fileName/AudioRecorderSettings.cs: 0b00f2c93558486cc61a06f270f43fea -> 
  custom:scripting/monoscript/fileName/RecordersInventory.cs: fb714c8df18f9b7fc7f3361f604ae3dc -> 
  custom:scripting/monoscript/fileName/BaseFCRecorderSettings.cs: fab928553cedb8703ac192d6cf7b6294 -> 
  custom:scripting/monoscript/fileName/AOVRecorderSettings.cs: cdc731153cd2f1f739300a28ea6a6608 -> 
  custom:scripting/monoscript/fileName/EXRCompressionTypeDrawer.cs: 301cb614ecf84a4dab346c5f76ea2016 -> 
  custom:scripting/monoscript/fileName/AOVRecorder.cs: c53e83f1863b3ea80b6df3885cdb8c82 -> 
  custom:scripting/monoscript/fileName/IEncoderSettings.cs: c7d04fadacf538db841606cc656ae724 -> 
  custom:scripting/monoscript/fileName/ShutterProfileTypePropertyDrawer.cs: 18a32c647eca27716eabcb5a44f00e32 -> 
  custom:scripting/monoscript/fileName/MovieRecorderEditor.cs: eb00ddb8a76b8dfb7c88b7826a49d38b -> 
  custom:scripting/monoscript/fileName/RenderTextureInputSettingsPropertyDrawer.cs: 809602b52454cd1e6229756218a8f453 -> 
  custom:scripting/monoscript/fileName/RecorderPlayableBehaviour.cs: 80165a21f4cd0dda690f708a19d389bd -> 
  custom:scripting/monoscript/fileName/GifEncoderSettingsPropertyDrawer.cs: b36c9a7eaaefccda514b23d7e14761ca -> 
  custom:scripting/monoscript/fileName/PNGRecorder.cs: 08fd40f88cb6b18c96882f263639f57d -> 
  custom:scripting/monoscript/fileName/CameraInputSettingsPropertyDrawer.cs: 91928abf1abf88be098cb088d896aec5 -> 
  custom:scripting/monoscript/fileName/AudioRecorderEditor.cs: 565168dec291afe3fa470657cfc2c123 -> 
  custom:scripting/monoscript/fileName/AOVRecorderEditor.cs: 5ca53ccd6d7645709639507726114395 -> 
  custom:container-muxer-webm: aa71ff27fc2769a1b78a27578f13a17b -> 
  custom:video-decoder-webm-vp8: 9c59270c3fd7afecdb556c50c9e8de78 -> 
  custom:scripting/monoscript/fileName/RecordingSession.cs: f3ad08157c278a036224ca395f350890 -> 
  custom:scripting/monoscript/fileName/GameViewSize.cs: f6128a6515fcafce6db32fcdfa107254 -> 
  custom:scripting/monoscript/fileName/UnityHelpers.cs: b3e077029b574be508585124a9d839ef -> 
  custom:SearchIndexIgnoredProperties: e643bd26f0fe6173181afceb89e7c659 -> 
  custom:scripting/monoscript/fileName/GIFRecorder.cs: c00ece885699fb9084deaccd3eb27518 -> 
  custom:AudioImporter_EditorPlatform: d09bf68614088b80899f8185d706f6e7 -> 
  custom:scripting/monoscript/fileName/EXRRecorder.cs: 3f576ce8ddd959d51a4d7ba1999ecdbb -> 
  custom:scripting/monoscript/fileName/WEBMRecorder.cs: 391b6b920cfbc02401ea522620320c93 -> 
  custom:scripting/monoscript/fileName/RenderTextureSampler.cs: 1a7b9abab9548e1054dc40d6e2fa0270 -> 
  custom:scripting/monoscript/fileName/GifEncoder.cs: 40f336d5c5042a8a04556b4c5804a538 -> 
  custom:scripting/monoscript/fileName/GenericRecorder.cs: 90647cc400823b41df847a6cbfc29026 -> 
  custom:scripting/monoscript/fileName/ImageInputSelector.cs: f55822da877594150873922341be92b6 -> 
  custom:scripting/monoscript/fileName/AnimationRecorderSettingsEditor.cs: db1294bf3d48be44b6e4b2f2cc100b02 -> 
  custom:scripting/monoscript/fileName/RecorderTrack.cs: fac9638ece7eb7daaa1302fa170613fd -> 
  custom:scripting/monoscript/fileName/InputSettingsSelector.cs: 499a4ec92267406782b5c4f3472d53b9 -> 
  custom:scripting/monoscript/fileName/FileNameGenerator.cs: 5c8b6eb5291c3311189e0dfadac99363 -> 
  custom:scripting/monoscript/fileName/RecorderItem.cs: b62d2fcb9547a248575727d8a1646db8 -> 
  custom:scripting/monoscript/fileName/TextureFlipper.cs: 825b503b2ddab9cbd8ebbf3038075092 -> 
  custom:scripting/monoscript/fileName/AccumulationSettings.cs: fb962f0c2333934b681b167574f5e1cd -> 
  custom:scripting/monoscript/fileName/Camera360InputPropertyDrawer.cs: af647a2fe91bec98139246321cac865d -> 
  custom:scripting/monoscript/fileName/RecorderClipEditor.cs: 947ad5ff1f968d7fc40767d187070964 -> 
  custom:scripting/monoscript/fileName/EXRRecorderSettingsEditor.cs: c520a04c5f01331f2c8800e289ef6d6f -> 
  custom:scripting/monoscript/fileName/CoreEncoder.cs: dfaed86e82ad12e6a2b6740a0fb35820 -> 
  custom:scripting/monoscript/fileName/PNGRecorderSettings.cs: 79a421225358808ff14dd88c0355d1b6 -> 
  custom:scripting/monoscript/fileName/AspectRatioPropertyDrawer.cs: 9f18568574138839573389bde3e660a7 -> 
  custom:scripting/monoscript/fileName/ProResEncoder.cs: b375bf2d41e3d89081c3f2d1a0823bf3 -> 
  custom:scripting/monoscript/fileName/CameraInput.cs: bf7e0df3caf9e500f6d1c98c99e165ba -> 
  custom:scripting/monoscript/fileName/RecorderSettings.cs: bc3ef26ac157af28e5460886c0d5ef2e -> 
  custom:scripting/monoscript/fileName/RecorderClipTimelineEditor.cs: 2995d9f50ebc9245c6e9bd75c56415fb -> 
  custom:scripting/monoscript/fileName/EncoderSettingsAttribute.cs: 8352396dc11cff58c65c429fdb4fc67e -> 
  custom:scripting/monoscript/fileName/MP4Recorder.cs: af531c4e1f6d23547da08837eb16b729 -> 
  custom:scripting/monoscript/fileName/EncoderTypeUtilities.cs: a12c4c78a6cd4fb6b93180d59ad77be8 -> 
  custom:scripting/monoscript/fileName/PooledBufferAsyncGPUReadback.cs: 2a4e50c5dda177306c9ec935763c4378 -> 
  custom:scripting/monoscript/fileName/AnimationRecorder.cs: f749a4250195b5467bbf05e3a976b59f -> 
  custom:scripting/precompiled-assembly-types:Unity.Recorder.Base: 3fec19fdf10e3518c41e41a932f2042f -> 
  custom:scripting/monoscript/fileName/AnimationRecorderSettings.cs: 5cfb1544a40f93fe0ea879bb1361c877 -> 
  custom:scripting/monoscript/fileName/RenderTextureSamplerSettings.cs: 68adab84706346f2ecbdfd649ca9cf61 -> 
  custom:scripting/monoscript/fileName/RecordingContext.cs: af9af1e8b283703482ba133924b5585a -> 
  custom:scripting/monoscript/fileName/RecorderSelector.cs: c3cd2caacd181d6eff54dc260c4a1ffb -> 
  custom:video-encoder-webm-vp8: eb34c28f22e8b96e1ab97ce403110664 -> 
  custom:scripting/monoscript/fileName/RecorderInput.cs: 88fd8d8fd71b34ed7298a01f6c2d2e40 -> 
  custom:scripting/monoscript/fileName/RenderTextureSamplerPropertyDrawer.cs: b541817d9cc9b1341d2ddfa8823b718d -> 
  custom:scripting/monoscript/fileName/RecorderSettingsAttribute.cs: ddd228b25da7ba2ac10d13e1efacc875 -> 
  custom:audio-decoder-ogg-vorbis: bf7c407c2cedff20999df2af8eb42d56 -> 
  custom:scripting/monoscript/fileName/OutputPathDrawer.cs: cffc34c1be094e6caeb13ff3b26ca679 -> 
  custom:scripting/monoscript/fileName/EditorVersionsHelper.cs: 3ad9098caeeff0295dba8c0911f5333a -> 
  custom:scripting/monoscript/fileName/SettingAsset.cs: 7c3790954696ae83d71055079b387931 -> 
  custom:scripting/monoscript/fileName/OutputResolution.cs: 31c632d97e9a69bcc2ef10f6feb5bf62 -> 
  custom:scripting/monoscript/fileName/AccumulationSettingsPropertyDrawer.cs: bfc920db0de3c29c2967e88aac1c1027 -> 
  custom:scripting/monoscript/fileName/AnimationInputSettingsPropertyDrawer.cs: ebe1771fecebe7a93badf6354f59c990 -> 
  custom:scripting/monoscript/fileName/CoreEncoderSettings.cs: 2b5db1db3c1fa7de4175a7e143de3ce5 -> 
  custom:scripting/monoscript/fileName/VisualListItem.cs: 90647cc400823b41df847a6cbfc29026 -> 
  custom:scripting/monoscript/fileName/FrameRateProperyDrawer.cs: c478c798f5354f66af45b380be0629f9 -> 
  custom:scripting/monoscript/fileName/InputSettingsSelectorDrawer.cs: bca46dd5b59e2f574c94bef4cdb878fb -> 
  custom:scripting/monoscript/fileName/RecorderWindow.cs: 553a30d64d5ef1dcad6b00b4eeeb3829 -> 
  custom:scripting/monoscript/fileName/AOVCameraInputSettings.cs: 4d2fdf1142ce53d73cb43d39944ba516 -> 
  custom:scripting/monoscript/fileName/EnumProperyDrawer.cs: 90647cc400823b41df847a6cbfc29026 -> 
  custom:scripting/monoscript/fileName/AOVImageInputSelector.cs: b741d8d3a7cbb503c5bdf23d7e6792db -> 
  custom:scripting/monoscript/fileName/CoreEncoderSettingsPropertyDrawer.cs: c8bdf3420d844fd4604c0d0cf3815355 -> 
  custom:scripting/monoscript/fileName/GifEncoderSettings.cs: 812ca6afdf48b830953d76adab9d4030 -> 
  custom:scripting/monoscript/fileName/GIFRecorderSettingsEditor.cs: 4d0f46bcf58d188895fabae5334995ae -> 
  custom:scripting/monoscript/fileName/IEncoder.cs: 007c2ef621b0d92b5a7a6bae91d26090 -> 
  custom:scripting/monoscript/fileName/RecorderOptions.cs: 74782d297e80d8f56c0e05a7cde4e51d -> 
  custom:scripting/precompiled-assembly-types:Unity.Recorder.Editor: cd22b836ef1ca10e7d8c91c9be46b4bf -> 
  custom:scripting/monoscript/fileName/ProResEncoderSettingsPropertyDrawer.cs: 68c25e6d4459336217d4b9e22eb707b4 -> 
  custom:scripting/monoscript/fileName/ImageRecorder.cs: b804c29bfc59a61db184c1d275fe4101 -> 
  custom:scripting/monoscript/fileName/EditableLabel.cs: 4f8fa2c6092744ed6607a411e3f617c0 -> 
  custom:scripting/monoscript/fileName/GameViewInput.cs: 596e7ffa2d11b2002176644af3247ea6 -> 
  custom:audio-encoder-webm-vorbis: bf7c407c2cedff20999df2af8eb42d56 -> 
  custom:scripting/monoscript/fileName/SerializedDictionnary.cs: 90647cc400823b41df847a6cbfc29026 -> 
  custom:scripting/monoscript/fileName/HammersleySequence.cs: b06601f044912976f668045b7d4c79a8 -> 
  custom:scripting/monoscript/fileName/_RecorderComponent.cs: 8c268d1df4e18643d83ea9c6eeba2d9f -> 
  custom:scripting/monoscript/fileName/IAccumulation.cs: 38dee62d444423165276e3254554d005 -> 
  custom:scripting/monoscript/fileName/RecorderController.cs: 5760bd2995080b8d0d9d9e88ab8933c6 -> 
  custom:scripting/monoscript/fileName/EXRRecorderSettings.cs: bf113df492cb5b25e11ec144a73c2f74 -> 
========================================================================
Received Import Request.
  Time since last request: 79.423922 seconds.
  path: Assets/Prefabs/Cube.prefab
  artifactKey: Guid(6f465dab9e6bdbc40b292aa1082e7dd9) Importer(815301076,1909f56bfc062723c751e8b465ee728b)
Start importing Assets/Prefabs/Cube.prefab using Guid(6f465dab9e6bdbc40b292aa1082e7dd9) Importer(815301076,1909f56bfc062723c751e8b465ee728b) [PhysX] Initialized MultithreadedTaskDispatcher with 12 workers.
 -> (artifact id: '9d04fdfc94419e9d414e421f41762208') in 0.001420 seconds
Number of updated asset objects reloaded before import = 0
Number of asset objects unloaded after import = 0
========================================================================
Received Import Request.
  Time since last request: 166.099334 seconds.
  path: Assets/Prefabs/Cube.prefab
  artifactKey: Guid(6f465dab9e6bdbc40b292aa1082e7dd9) Importer(815301076,1909f56bfc062723c751e8b465ee728b)
Start importing Assets/Prefabs/Cube.prefab using Guid(6f465dab9e6bdbc40b292aa1082e7dd9) Importer(815301076,1909f56bfc062723c751e8b465ee728b) [PhysX] Initialized MultithreadedTaskDispatcher with 12 workers.
 -> (artifact id: '9d04fdfc94419e9d414e421f41762208') in 0.000584 seconds
Number of updated asset objects reloaded before import = 0
Number of asset objects unloaded after import = 0
========================================================================
Received Prepare
Caller must complete domain reload
Begin MonoManager ReloadAssembly
- Loaded All Assemblies, in  0.432 seconds
Native extension for WindowsStandalone target not found
Native extension for iOS target not found
Native extension for Android target not found
Mono: successfully reloaded assembly
- Finished resetting the current domain, in  1.002 seconds
Domain Reload Profiling: 1430ms
	BeginReloadAssembly (134ms)
		ExecutionOrderSort (0ms)
		DisableScriptedObjects (4ms)
		BackupInstance (0ms)
		ReleaseScriptingObjects (0ms)
		CreateAndSetChildDomain (25ms)
	RebuildCommonClasses (34ms)
	RebuildNativeTypeToScriptingClass (9ms)
	initialDomainReloadingComplete (28ms)
	LoadAllAssembliesAndSetupDomain (224ms)
		LoadAssemblies (280ms)
		RebuildTransferFunctionScriptingTraits (0ms)
		AnalyzeDomain (17ms)
			TypeCache.Refresh (6ms)
				TypeCache.ScanAssembly (0ms)
			ScanForSourceGeneratedMonoScriptInfo (5ms)
			ResolveRequiredComponents (5ms)
	FinalizeReload (1002ms)
		ReleaseScriptCaches (0ms)
		RebuildScriptCaches (0ms)
		SetupLoadedEditorAssemblies (511ms)
			LogAssemblyErrors (0ms)
			InitializePlatformSupportModulesInManaged (35ms)
			SetLoadedEditorAssemblies (4ms)
			RefreshPlugins (0ms)
			BeforeProcessingInitializeOnLoad (110ms)
			ProcessInitializeOnLoadAttributes (326ms)
			ProcessInitializeOnLoadMethodAttributes (25ms)
			AfterProcessingInitializeOnLoad (10ms)
			EditorAssembliesLoaded (0ms)
		ExecutionOrderSort2 (0ms)
		AwakeInstancesAfterBackupRestoration (5ms)
Refreshing native plugins compatible for Editor in 5.29 ms, found 6 plugins.
Preloading 0 native plugins for Editor in 0.00 ms.
Unloading 3255 Unused Serialized files (Serialized files now loaded: 0)
Unloading 21 unused Assets / (336.2 KB). Loaded Objects now: 3784.
Memory consumption went from 127.4 MB to 127.1 MB.
Total: 2.323600 ms (FindLiveObjects: 0.184900 ms CreateObjectMapping: 0.076600 ms MarkObjects: 1.898000 ms  DeleteObjects: 0.163500 ms)

Prepare: number of updated asset objects reloaded= 0
AssetImportParameters requested are different than current active one (requested -> active):
  custom:scripting/monoscript/fileName/WEBMRecorderSettingsEditor.cs: 5559c87f45d3b65fac8d5ac4ef5e81c8 -> 
  custom:scripting/monoscript/fileName/UIElementHelper.cs: 9f9438adfe3361012ea6280d4cdb2df4 -> 
  custom:scripting/monoscript/fileName/AOVCameraInput.cs: c23c8ce885672bc57e25263b3efd067a -> 
  custom:scripting/monoscript/fileName/BaseTextureRecorder.cs: 90647cc400823b41df847a6cbfc29026 -> 
  custom:scripting/monoscript/fileName/Recorder.cs: a7e319d512627774f8215ba0b76f0bcb -> 
  custom:scripting/monoscript/fileName/AudioRecorder.cs: 89550121570f22445b4a1b28daea3cf9 -> 
  custom:scripting/monoscript/fileName/PanelSplitter.cs: 5ff6c6e385b6b12ca322a9c92ac6f371 -> 
  custom:scripting/monoscript/fileName/ImageRecorderSettings.cs: a7ab05fac9382c03607c40fe73956ed6 -> 
  custom:scripting/monoscript/fileName/RecorderClip.cs: 897017f45cb3c30f306724d1fa17a8fe -> 
  custom:scripting/monoscript/fileName/GIFRecorderSettings.cs: 979f88ae1e7731daed242ab2fdebbc0e -> 
  custom:container-demuxer-ogg: 62fdf1f143b41e24485cea50d1cbac27 -> 
  custom:scripting/monoscript/fileName/MovieRecorder.cs: 024785cf83e1399f425b2aa115d22e2b -> 
  custom:scripting/monoscript/fileName/RecorderControllerSettingsPresetEditor.cs: 49aed206ae65ed5ac6b420f7104cd52d -> 
  custom:scripting/monoscript/fileName/AudioInput.cs: 499e96d8f0b35d362bd956c0975bb873 -> 
  custom:scripting/monoscript/fileName/WEBMRecorderSettings.cs: c176c43abbe456aeea55c2aef862801b -> 
  custom:scripting/monoscript/fileName/RecorderControllerSettingsPreset.cs: 78b391c1384ac60213ef58d50e78d553 -> 
  custom:scripting/monoscript/fileName/GameViewInputSettings.cs: a7ae22123f532f5bbcb39c654c998b57 -> 
  custom:scripting/monoscript/fileName/GameViewInputPropertyDrawer.cs: ae2c8a99c5e33d3d1ffc8232415130e8 -> 
  custom:scripting/monoscript/fileName/Camera360Input.cs: dc473b118c57e0734b0cd3476e333c06 -> 
  custom:scripting/monoscript/fileName/RecorderPreferencesSettingsProvider.cs: d92d314b87f7c2170e267636ebf38224 -> 
  custom:scripting/monoscript/fileName/RecorderBindings.cs: ac25db5b587307cfea909607f62e5641 -> 
  custom:video-decoder-ogg-theora: a1e56fd34408186e4bbccfd4996cb3dc -> 
  custom:scripting/monoscript/fileName/GIFWrapper.cs: 6ef8898a12699129e8f81f06a649cad1 -> 
  custom:scripting/monoscript/fileName/SceneHook.cs: 80fa8928b499d44515dd60e0bc895128 -> 
  custom:scripting/monoscript/fileName/AnimationInput.cs: e810137278708a698c5ccddaeb1a1e64 -> 
  custom:scripting/monoscript/fileName/OutputResolutionPropertyDrawer.cs: 0e33ffdf424417a2e685685cfc04d4b1 -> 
  custom:scripting/monoscript/fileName/EnumHelper.cs: 117b5609cc2a1ae41785cd0c8767815f -> 
  custom:scripting/monoscript/fileName/OutputPath.cs: ee51fcffcd8929d224a5e3fb152d5f62 -> 
  custom:scripting/monoscript/fileName/FileNameGeneratorDrawer.cs: a3ea71dec141084df9b7ffa19c11e2cb -> 
  custom:framework-win-MediaFoundation: 216162199b28c13a410421893ffa2e32 -> 
  custom:scripting/monoscript/fileName/RecorderPreferencesWindowGUIScope.cs: 7a2eba6fcb6829ea8b200991a02c9c06 -> 
  custom:scripting/monoscript/fileName/AspectRatio.cs: 18e3efa554f8258b676d4de53e38b642 -> 
  custom:scripting/monoscript/fileName/CameraInputSettings.cs: 6738f6dd994f658d2cbf6f5f3ba05a0e -> 
  custom:scripting/monoscript/fileName/RefHandle.cs: 90647cc400823b41df847a6cbfc29026 -> 
  custom:scripting/monoscript/fileName/CameraCapture.cs: c6dcba1380d9a4fa09f4e36182a45a73 -> 
  custom:scripting/monoscript/fileName/RecorderControllerSettings.cs: 989e0caa64af9b76551d4ff6bd15f598 -> 
  custom:scripting/monoscript/fileName/TargetedPropertyDrawer.cs: 90647cc400823b41df847a6cbfc29026 -> 
  custom:scripting/monoscript/fileName/MovieRecorderSettings.cs: 02a667a67b113b1f65e3fcadcc882513 -> 
  custom:scripting/monoscript/fileName/RenderTextureInputSettings.cs: ebca820667a63031a7597db85d26451a -> 
  custom:scripting/monoscript/fileName/ImageRecorderEditor.cs: d3134ae4c1dfd8e056bace11130b7692 -> 
  custom:scripting/monoscript/fileName/ProResEncoderSettings.cs: 4aca03881946a7fe9acacf199434009e -> 
  custom:scripting/monoscript/fileName/_FrameRequestComponent.cs: b34f171daaafc65da55ea68e2ed89f2b -> 
  custom:scripting/monoscript/fileName/RenderTextureInput.cs: 5dea77837ae3c82bb14643cd82dc06dc -> 
  custom:scripting/monoscript/fileName/RecorderAnalytics.cs: 0fa40093f6ac3fe75e92d746d563e5ee -> 
  custom:scripting/monoscript/fileName/MP4RecorderSettingsEditor.cs: 68a64b16a7961d71fa7286fd1f782e9b -> 
  custom:scripting/monoscript/fileName/RecorderBindingsEditor.cs: f7451a0e1cea6404b2976d2b2c42e273 -> 
  custom:scripting/monoscript/fileName/BaseRenderTextureInput.cs: 5dc13661a5a0dca5d09ca211933a44e2 -> 
  custom:scripting/monoscript/fileName/StatusBarHelper.cs: da04a6ed046f8a62f416d5d3ea415bef -> 
  custom:scripting/precompiled-assembly-types:Unity.Recorder: bd5378c99f6216e06dd6e2c2a60a86a4 -> 
  custom:CustomObjectIndexerAttribute: 9a22284fe3817be447336de3de66b15e -> 
  custom:scripting/monoscript/fileName/Camera360InputSettings.cs: 3d5eaf1cb3a9df6f9d1d52f3c3018c46 -> 
  custom:scripting/monoscript/fileName/PNGRecorderSettingsEditor.cs: 4970e6657bb34f7efc2c7d8168c7358b -> 
  custom:scripting/monoscript/fileName/ImageHeightSelector.cs: d1a7972bf1d79d90f09ab23c718afe39 -> 
  custom:scripting/monoscript/fileName/AnimationInputSettings.cs: d64a99ebbd13660e9264cb4111ab9832 -> 
  custom:scripting/monoscript/fileName/MP4RecorderSettings.cs: 551f5535c05b86d6ee91684eced14987 -> 
  custom:scripting/monoscript/fileName/RecorderPreferencesSettings.cs: 761b0a55fc5e50239a1d0c4bfc968274 -> 
  custom:container-demuxer-webm: 4f35f7cbe854078d1ac9338744f61a02 -> 
  custom:scripting/monoscript/fileName/RecorderSettingsPrefsEditor.cs: ba9e697f1d269c2c960a41bc543fa408 -> 
  custom:scripting/monoscript/fileName/ProResWrapper.cs: 712515ef615766c98115c6a20d85d6c8 -> 
  custom:scripting/monoscript/fileName/RecordModePropertyDrawer.cs: 165332db07362bbcab2d8dc6d1e1dfda -> 
  custom:scripting/monoscript/fileName/ImageInputSettings.cs: 98a2aedd167d40f01804b04845eeaf15 -> 
  custom:scripting/monoscript/fileName/SerializableObjHelper.cs: f19f181f3f05e8e393225dd7030fb66a -> 
  custom:scripting/monoscript/fileName/InputPropertyDrawer.cs: 90647cc400823b41df847a6cbfc29026 -> 
  custom:scripting/monoscript/fileName/AudioInputSettings.cs: a2c930fca1dd5e27705fbacf39727bb4 -> 
  custom:scripting/monoscript/fileName/InputSettings.cs: 35c56ce5488c6b464726305dcbd33b3d -> 
  custom:scripting/monoscript/fileName/RecorderEditor.cs: 736e59ba52eea987abc47f36a836e575 -> 
  custom:scripting/monoscript/fileName/AudioRecorderSettings.cs: 0b00f2c93558486cc61a06f270f43fea -> 
  custom:scripting/monoscript/fileName/RecordersInventory.cs: fb714c8df18f9b7fc7f3361f604ae3dc -> 
  custom:scripting/monoscript/fileName/BaseFCRecorderSettings.cs: fab928553cedb8703ac192d6cf7b6294 -> 
  custom:scripting/monoscript/fileName/AOVRecorderSettings.cs: cdc731153cd2f1f739300a28ea6a6608 -> 
  custom:scripting/monoscript/fileName/EXRCompressionTypeDrawer.cs: 301cb614ecf84a4dab346c5f76ea2016 -> 
  custom:scripting/monoscript/fileName/AOVRecorder.cs: c53e83f1863b3ea80b6df3885cdb8c82 -> 
  custom:scripting/monoscript/fileName/IEncoderSettings.cs: c7d04fadacf538db841606cc656ae724 -> 
  custom:scripting/monoscript/fileName/ShutterProfileTypePropertyDrawer.cs: 18a32c647eca27716eabcb5a44f00e32 -> 
  custom:scripting/monoscript/fileName/MovieRecorderEditor.cs: eb00ddb8a76b8dfb7c88b7826a49d38b -> 
  custom:scripting/monoscript/fileName/RenderTextureInputSettingsPropertyDrawer.cs: 809602b52454cd1e6229756218a8f453 -> 
  custom:scripting/monoscript/fileName/RecorderPlayableBehaviour.cs: 80165a21f4cd0dda690f708a19d389bd -> 
  custom:scripting/monoscript/fileName/GifEncoderSettingsPropertyDrawer.cs: b36c9a7eaaefccda514b23d7e14761ca -> 
  custom:scripting/monoscript/fileName/PNGRecorder.cs: 08fd40f88cb6b18c96882f263639f57d -> 
  custom:scripting/monoscript/fileName/CameraInputSettingsPropertyDrawer.cs: 91928abf1abf88be098cb088d896aec5 -> 
  custom:scripting/monoscript/fileName/AudioRecorderEditor.cs: 565168dec291afe3fa470657cfc2c123 -> 
  custom:scripting/monoscript/fileName/AOVRecorderEditor.cs: 5ca53ccd6d7645709639507726114395 -> 
  custom:container-muxer-webm: aa71ff27fc2769a1b78a27578f13a17b -> 
  custom:video-decoder-webm-vp8: 9c59270c3fd7afecdb556c50c9e8de78 -> 
  custom:scripting/monoscript/fileName/RecordingSession.cs: f3ad08157c278a036224ca395f350890 -> 
  custom:scripting/monoscript/fileName/GameViewSize.cs: f6128a6515fcafce6db32fcdfa107254 -> 
  custom:scripting/monoscript/fileName/UnityHelpers.cs: b3e077029b574be508585124a9d839ef -> 
  custom:SearchIndexIgnoredProperties: e643bd26f0fe6173181afceb89e7c659 -> 
  custom:scripting/monoscript/fileName/GIFRecorder.cs: c00ece885699fb9084deaccd3eb27518 -> 
  custom:AudioImporter_EditorPlatform: d09bf68614088b80899f8185d706f6e7 -> 
  custom:scripting/monoscript/fileName/EXRRecorder.cs: 3f576ce8ddd959d51a4d7ba1999ecdbb -> 
  custom:scripting/monoscript/fileName/WEBMRecorder.cs: 391b6b920cfbc02401ea522620320c93 -> 
  custom:scripting/monoscript/fileName/RenderTextureSampler.cs: 1a7b9abab9548e1054dc40d6e2fa0270 -> 
  custom:scripting/monoscript/fileName/GifEncoder.cs: 40f336d5c5042a8a04556b4c5804a538 -> 
  custom:scripting/monoscript/fileName/GenericRecorder.cs: 90647cc400823b41df847a6cbfc29026 -> 
  custom:scripting/monoscript/fileName/ImageInputSelector.cs: f55822da877594150873922341be92b6 -> 
  custom:scripting/monoscript/fileName/AnimationRecorderSettingsEditor.cs: db1294bf3d48be44b6e4b2f2cc100b02 -> 
  custom:scripting/monoscript/fileName/RecorderTrack.cs: fac9638ece7eb7daaa1302fa170613fd -> 
  custom:scripting/monoscript/fileName/InputSettingsSelector.cs: 499a4ec92267406782b5c4f3472d53b9 -> 
  custom:scripting/monoscript/fileName/FileNameGenerator.cs: 5c8b6eb5291c3311189e0dfadac99363 -> 
  custom:scripting/monoscript/fileName/RecorderItem.cs: b62d2fcb9547a248575727d8a1646db8 -> 
  custom:scripting/monoscript/fileName/TextureFlipper.cs: 825b503b2ddab9cbd8ebbf3038075092 -> 
  custom:scripting/monoscript/fileName/AccumulationSettings.cs: fb962f0c2333934b681b167574f5e1cd -> 
  custom:scripting/monoscript/fileName/Camera360InputPropertyDrawer.cs: af647a2fe91bec98139246321cac865d -> 
  custom:scripting/monoscript/fileName/RecorderClipEditor.cs: 947ad5ff1f968d7fc40767d187070964 -> 
  custom:scripting/monoscript/fileName/EXRRecorderSettingsEditor.cs: c520a04c5f01331f2c8800e289ef6d6f -> 
  custom:scripting/monoscript/fileName/CoreEncoder.cs: dfaed86e82ad12e6a2b6740a0fb35820 -> 
  custom:scripting/monoscript/fileName/PNGRecorderSettings.cs: 79a421225358808ff14dd88c0355d1b6 -> 
  custom:scripting/monoscript/fileName/AspectRatioPropertyDrawer.cs: 9f18568574138839573389bde3e660a7 -> 
  custom:scripting/monoscript/fileName/ProResEncoder.cs: b375bf2d41e3d89081c3f2d1a0823bf3 -> 
  custom:scripting/monoscript/fileName/CameraInput.cs: bf7e0df3caf9e500f6d1c98c99e165ba -> 
  custom:scripting/monoscript/fileName/RecorderSettings.cs: bc3ef26ac157af28e5460886c0d5ef2e -> 
  custom:scripting/monoscript/fileName/RecorderClipTimelineEditor.cs: 2995d9f50ebc9245c6e9bd75c56415fb -> 
  custom:scripting/monoscript/fileName/EncoderSettingsAttribute.cs: 8352396dc11cff58c65c429fdb4fc67e -> 
  custom:scripting/monoscript/fileName/MP4Recorder.cs: af531c4e1f6d23547da08837eb16b729 -> 
  custom:scripting/monoscript/fileName/EncoderTypeUtilities.cs: a12c4c78a6cd4fb6b93180d59ad77be8 -> 
  custom:scripting/monoscript/fileName/PooledBufferAsyncGPUReadback.cs: 2a4e50c5dda177306c9ec935763c4378 -> 
  custom:scripting/monoscript/fileName/AnimationRecorder.cs: f749a4250195b5467bbf05e3a976b59f -> 
  custom:scripting/precompiled-assembly-types:Unity.Recorder.Base: 3fec19fdf10e3518c41e41a932f2042f -> 
  custom:scripting/monoscript/fileName/AnimationRecorderSettings.cs: 5cfb1544a40f93fe0ea879bb1361c877 -> 
  custom:scripting/monoscript/fileName/RenderTextureSamplerSettings.cs: 68adab84706346f2ecbdfd649ca9cf61 -> 
  custom:scripting/monoscript/fileName/RecordingContext.cs: af9af1e8b283703482ba133924b5585a -> 
  custom:scripting/monoscript/fileName/RecorderSelector.cs: c3cd2caacd181d6eff54dc260c4a1ffb -> 
  custom:video-encoder-webm-vp8: eb34c28f22e8b96e1ab97ce403110664 -> 
  custom:scripting/monoscript/fileName/RecorderInput.cs: 88fd8d8fd71b34ed7298a01f6c2d2e40 -> 
  custom:scripting/monoscript/fileName/RenderTextureSamplerPropertyDrawer.cs: b541817d9cc9b1341d2ddfa8823b718d -> 
  custom:scripting/monoscript/fileName/RecorderSettingsAttribute.cs: ddd228b25da7ba2ac10d13e1efacc875 -> 
  custom:audio-decoder-ogg-vorbis: bf7c407c2cedff20999df2af8eb42d56 -> 
  custom:scripting/monoscript/fileName/OutputPathDrawer.cs: cffc34c1be094e6caeb13ff3b26ca679 -> 
  custom:scripting/monoscript/fileName/EditorVersionsHelper.cs: 3ad9098caeeff0295dba8c0911f5333a -> 
  custom:scripting/monoscript/fileName/SettingAsset.cs: 7c3790954696ae83d71055079b387931 -> 
  custom:scripting/monoscript/fileName/OutputResolution.cs: 31c632d97e9a69bcc2ef10f6feb5bf62 -> 
  custom:scripting/monoscript/fileName/AccumulationSettingsPropertyDrawer.cs: bfc920db0de3c29c2967e88aac1c1027 -> 
  custom:scripting/monoscript/fileName/AnimationInputSettingsPropertyDrawer.cs: ebe1771fecebe7a93badf6354f59c990 -> 
  custom:scripting/monoscript/fileName/CoreEncoderSettings.cs: 2b5db1db3c1fa7de4175a7e143de3ce5 -> 
  custom:scripting/monoscript/fileName/VisualListItem.cs: 90647cc400823b41df847a6cbfc29026 -> 
  custom:scripting/monoscript/fileName/FrameRateProperyDrawer.cs: c478c798f5354f66af45b380be0629f9 -> 
  custom:scripting/monoscript/fileName/InputSettingsSelectorDrawer.cs: bca46dd5b59e2f574c94bef4cdb878fb -> 
  custom:scripting/monoscript/fileName/RecorderWindow.cs: 553a30d64d5ef1dcad6b00b4eeeb3829 -> 
  custom:scripting/monoscript/fileName/AOVCameraInputSettings.cs: 4d2fdf1142ce53d73cb43d39944ba516 -> 
  custom:scripting/monoscript/fileName/EnumProperyDrawer.cs: 90647cc400823b41df847a6cbfc29026 -> 
  custom:scripting/monoscript/fileName/AOVImageInputSelector.cs: b741d8d3a7cbb503c5bdf23d7e6792db -> 
  custom:scripting/monoscript/fileName/CoreEncoderSettingsPropertyDrawer.cs: c8bdf3420d844fd4604c0d0cf3815355 -> 
  custom:scripting/monoscript/fileName/GifEncoderSettings.cs: 812ca6afdf48b830953d76adab9d4030 -> 
  custom:scripting/monoscript/fileName/GIFRecorderSettingsEditor.cs: 4d0f46bcf58d188895fabae5334995ae -> 
  custom:scripting/monoscript/fileName/IEncoder.cs: 007c2ef621b0d92b5a7a6bae91d26090 -> 
  custom:scripting/monoscript/fileName/RecorderOptions.cs: 74782d297e80d8f56c0e05a7cde4e51d -> 
  custom:scripting/precompiled-assembly-types:Unity.Recorder.Editor: cd22b836ef1ca10e7d8c91c9be46b4bf -> 
  custom:scripting/monoscript/fileName/ProResEncoderSettingsPropertyDrawer.cs: 68c25e6d4459336217d4b9e22eb707b4 -> 
  custom:scripting/monoscript/fileName/ImageRecorder.cs: b804c29bfc59a61db184c1d275fe4101 -> 
  custom:scripting/monoscript/fileName/EditableLabel.cs: 4f8fa2c6092744ed6607a411e3f617c0 -> 
  custom:scripting/monoscript/fileName/GameViewInput.cs: 596e7ffa2d11b2002176644af3247ea6 -> 
  custom:audio-encoder-webm-vorbis: bf7c407c2cedff20999df2af8eb42d56 -> 
  custom:scripting/monoscript/fileName/SerializedDictionnary.cs: 90647cc400823b41df847a6cbfc29026 -> 
  custom:scripting/monoscript/fileName/HammersleySequence.cs: b06601f044912976f668045b7d4c79a8 -> 
  custom:scripting/monoscript/fileName/_RecorderComponent.cs: 8c268d1df4e18643d83ea9c6eeba2d9f -> 
  custom:scripting/monoscript/fileName/IAccumulation.cs: 38dee62d444423165276e3254554d005 -> 
  custom:scripting/monoscript/fileName/RecorderController.cs: 5760bd2995080b8d0d9d9e88ab8933c6 -> 
  custom:scripting/monoscript/fileName/EXRRecorderSettings.cs: bf113df492cb5b25e11ec144a73c2f74 -> 
========================================================================
Received Import Request.
  Time since last request: 4.782794 seconds.
  path: Assets/Prefabs/Cube.prefab
  artifactKey: Guid(6f465dab9e6bdbc40b292aa1082e7dd9) Importer(815301076,1909f56bfc062723c751e8b465ee728b)
Start importing Assets/Prefabs/Cube.prefab using Guid(6f465dab9e6bdbc40b292aa1082e7dd9) Importer(815301076,1909f56bfc062723c751e8b465ee728b) [PhysX] Initialized MultithreadedTaskDispatcher with 12 workers.
 -> (artifact id: '9d04fdfc94419e9d414e421f41762208') in 0.001484 seconds
Number of updated asset objects reloaded before import = 0
Number of asset objects unloaded after import = 0
========================================================================
Received Import Request.
  Time since last request: 97.930888 seconds.
  path: Assets/Prefabs/Cube.prefab
  artifactKey: Guid(6f465dab9e6bdbc40b292aa1082e7dd9) Importer(815301076,1909f56bfc062723c751e8b465ee728b)
Start importing Assets/Prefabs/Cube.prefab using Guid(6f465dab9e6bdbc40b292aa1082e7dd9) Importer(815301076,1909f56bfc062723c751e8b465ee728b) [PhysX] Initialized MultithreadedTaskDispatcher with 12 workers.
 -> (artifact id: '9d04fdfc94419e9d414e421f41762208') in 0.000437 seconds
Number of updated asset objects reloaded before import = 0
Number of asset objects unloaded after import = 0
========================================================================
Received Prepare
Caller must complete domain reload
Begin MonoManager ReloadAssembly
- Loaded All Assemblies, in  0.443 seconds
Native extension for WindowsStandalone target not found
Native extension for iOS target not found
Native extension for Android target not found
Mono: successfully reloaded assembly
- Finished resetting the current domain, in  0.954 seconds
Domain Reload Profiling: 1394ms
	BeginReloadAssembly (132ms)
		ExecutionOrderSort (0ms)
		DisableScriptedObjects (4ms)
		BackupInstance (0ms)
		ReleaseScriptingObjects (0ms)
		CreateAndSetChildDomain (24ms)
	RebuildCommonClasses (25ms)
	RebuildNativeTypeToScriptingClass (9ms)
	initialDomainReloadingComplete (31ms)
	LoadAllAssembliesAndSetupDomain (243ms)
		LoadAssemblies (301ms)
		RebuildTransferFunctionScriptingTraits (0ms)
		AnalyzeDomain (17ms)
			TypeCache.Refresh (6ms)
				TypeCache.ScanAssembly (0ms)
			ScanForSourceGeneratedMonoScriptInfo (5ms)
			ResolveRequiredComponents (5ms)
	FinalizeReload (954ms)
		ReleaseScriptCaches (0ms)
		RebuildScriptCaches (0ms)
		SetupLoadedEditorAssemblies (464ms)
			LogAssemblyErrors (0ms)
			InitializePlatformSupportModulesInManaged (28ms)
			SetLoadedEditorAssemblies (3ms)
			RefreshPlugins (0ms)
			BeforeProcessingInitializeOnLoad (85ms)
			ProcessInitializeOnLoadAttributes (321ms)
			ProcessInitializeOnLoadMethodAttributes (16ms)
			AfterProcessingInitializeOnLoad (9ms)
			EditorAssembliesLoaded (0ms)
		ExecutionOrderSort2 (0ms)
		AwakeInstancesAfterBackupRestoration (5ms)
Refreshing native plugins compatible for Editor in 4.87 ms, found 6 plugins.
Preloading 0 native plugins for Editor in 0.00 ms.
Unloading 3255 Unused Serialized files (Serialized files now loaded: 0)
Unloading 21 unused Assets / (336.0 KB). Loaded Objects now: 3787.
Memory consumption went from 127.4 MB to 127.1 MB.
Total: 2.258900 ms (FindLiveObjects: 0.181900 ms CreateObjectMapping: 0.074600 ms MarkObjects: 1.845900 ms  DeleteObjects: 0.156000 ms)

Prepare: number of updated asset objects reloaded= 0
AssetImportParameters requested are different than current active one (requested -> active):
  custom:scripting/monoscript/fileName/WEBMRecorderSettingsEditor.cs: 5559c87f45d3b65fac8d5ac4ef5e81c8 -> 
  custom:scripting/monoscript/fileName/UIElementHelper.cs: 9f9438adfe3361012ea6280d4cdb2df4 -> 
  custom:scripting/monoscript/fileName/AOVCameraInput.cs: c23c8ce885672bc57e25263b3efd067a -> 
  custom:scripting/monoscript/fileName/BaseTextureRecorder.cs: 90647cc400823b41df847a6cbfc29026 -> 
  custom:scripting/monoscript/fileName/Recorder.cs: a7e319d512627774f8215ba0b76f0bcb -> 
  custom:scripting/monoscript/fileName/AudioRecorder.cs: 89550121570f22445b4a1b28daea3cf9 -> 
  custom:scripting/monoscript/fileName/PanelSplitter.cs: 5ff6c6e385b6b12ca322a9c92ac6f371 -> 
  custom:scripting/monoscript/fileName/ImageRecorderSettings.cs: a7ab05fac9382c03607c40fe73956ed6 -> 
  custom:scripting/monoscript/fileName/RecorderClip.cs: 897017f45cb3c30f306724d1fa17a8fe -> 
  custom:scripting/monoscript/fileName/GIFRecorderSettings.cs: 979f88ae1e7731daed242ab2fdebbc0e -> 
  custom:container-demuxer-ogg: 62fdf1f143b41e24485cea50d1cbac27 -> 
  custom:scripting/monoscript/fileName/MovieRecorder.cs: 024785cf83e1399f425b2aa115d22e2b -> 
  custom:scripting/monoscript/fileName/RecorderControllerSettingsPresetEditor.cs: 49aed206ae65ed5ac6b420f7104cd52d -> 
  custom:scripting/monoscript/fileName/AudioInput.cs: 499e96d8f0b35d362bd956c0975bb873 -> 
  custom:scripting/monoscript/fileName/WEBMRecorderSettings.cs: c176c43abbe456aeea55c2aef862801b -> 
  custom:scripting/monoscript/fileName/RecorderControllerSettingsPreset.cs: 78b391c1384ac60213ef58d50e78d553 -> 
  custom:scripting/monoscript/fileName/GameViewInputSettings.cs: a7ae22123f532f5bbcb39c654c998b57 -> 
  custom:scripting/monoscript/fileName/GameViewInputPropertyDrawer.cs: ae2c8a99c5e33d3d1ffc8232415130e8 -> 
  custom:scripting/monoscript/fileName/Camera360Input.cs: dc473b118c57e0734b0cd3476e333c06 -> 
  custom:scripting/monoscript/fileName/RecorderPreferencesSettingsProvider.cs: d92d314b87f7c2170e267636ebf38224 -> 
  custom:scripting/monoscript/fileName/RecorderBindings.cs: ac25db5b587307cfea909607f62e5641 -> 
  custom:video-decoder-ogg-theora: a1e56fd34408186e4bbccfd4996cb3dc -> 
  custom:scripting/monoscript/fileName/GIFWrapper.cs: 6ef8898a12699129e8f81f06a649cad1 -> 
  custom:scripting/monoscript/fileName/SceneHook.cs: 80fa8928b499d44515dd60e0bc895128 -> 
  custom:scripting/monoscript/fileName/AnimationInput.cs: e810137278708a698c5ccddaeb1a1e64 -> 
  custom:scripting/monoscript/fileName/OutputResolutionPropertyDrawer.cs: 0e33ffdf424417a2e685685cfc04d4b1 -> 
  custom:scripting/monoscript/fileName/EnumHelper.cs: 117b5609cc2a1ae41785cd0c8767815f -> 
  custom:scripting/monoscript/fileName/OutputPath.cs: ee51fcffcd8929d224a5e3fb152d5f62 -> 
  custom:scripting/monoscript/fileName/FileNameGeneratorDrawer.cs: a3ea71dec141084df9b7ffa19c11e2cb -> 
  custom:framework-win-MediaFoundation: 216162199b28c13a410421893ffa2e32 -> 
  custom:scripting/monoscript/fileName/RecorderPreferencesWindowGUIScope.cs: 7a2eba6fcb6829ea8b200991a02c9c06 -> 
  custom:scripting/monoscript/fileName/AspectRatio.cs: 18e3efa554f8258b676d4de53e38b642 -> 
  custom:scripting/monoscript/fileName/CameraInputSettings.cs: 6738f6dd994f658d2cbf6f5f3ba05a0e -> 
  custom:scripting/monoscript/fileName/RefHandle.cs: 90647cc400823b41df847a6cbfc29026 -> 
  custom:scripting/monoscript/fileName/CameraCapture.cs: c6dcba1380d9a4fa09f4e36182a45a73 -> 
  custom:scripting/monoscript/fileName/RecorderControllerSettings.cs: 989e0caa64af9b76551d4ff6bd15f598 -> 
  custom:scripting/monoscript/fileName/TargetedPropertyDrawer.cs: 90647cc400823b41df847a6cbfc29026 -> 
  custom:scripting/monoscript/fileName/MovieRecorderSettings.cs: 02a667a67b113b1f65e3fcadcc882513 -> 
  custom:scripting/monoscript/fileName/RenderTextureInputSettings.cs: ebca820667a63031a7597db85d26451a -> 
  custom:scripting/monoscript/fileName/ImageRecorderEditor.cs: d3134ae4c1dfd8e056bace11130b7692 -> 
  custom:scripting/monoscript/fileName/ProResEncoderSettings.cs: 4aca03881946a7fe9acacf199434009e -> 
  custom:scripting/monoscript/fileName/_FrameRequestComponent.cs: b34f171daaafc65da55ea68e2ed89f2b -> 
  custom:scripting/monoscript/fileName/RenderTextureInput.cs: 5dea77837ae3c82bb14643cd82dc06dc -> 
  custom:scripting/monoscript/fileName/RecorderAnalytics.cs: 0fa40093f6ac3fe75e92d746d563e5ee -> 
  custom:scripting/monoscript/fileName/MP4RecorderSettingsEditor.cs: 68a64b16a7961d71fa7286fd1f782e9b -> 
  custom:scripting/monoscript/fileName/RecorderBindingsEditor.cs: f7451a0e1cea6404b2976d2b2c42e273 -> 
  custom:scripting/monoscript/fileName/BaseRenderTextureInput.cs: 5dc13661a5a0dca5d09ca211933a44e2 -> 
  custom:scripting/monoscript/fileName/StatusBarHelper.cs: da04a6ed046f8a62f416d5d3ea415bef -> 
  custom:scripting/precompiled-assembly-types:Unity.Recorder: bd5378c99f6216e06dd6e2c2a60a86a4 -> 
  custom:CustomObjectIndexerAttribute: 9a22284fe3817be447336de3de66b15e -> 
  custom:scripting/monoscript/fileName/Camera360InputSettings.cs: 3d5eaf1cb3a9df6f9d1d52f3c3018c46 -> 
  custom:scripting/monoscript/fileName/PNGRecorderSettingsEditor.cs: 4970e6657bb34f7efc2c7d8168c7358b -> 
  custom:scripting/monoscript/fileName/ImageHeightSelector.cs: d1a7972bf1d79d90f09ab23c718afe39 -> 
  custom:scripting/monoscript/fileName/AnimationInputSettings.cs: d64a99ebbd13660e9264cb4111ab9832 -> 
  custom:scripting/monoscript/fileName/MP4RecorderSettings.cs: 551f5535c05b86d6ee91684eced14987 -> 
  custom:scripting/monoscript/fileName/RecorderPreferencesSettings.cs: 761b0a55fc5e50239a1d0c4bfc968274 -> 
  custom:container-demuxer-webm: 4f35f7cbe854078d1ac9338744f61a02 -> 
  custom:scripting/monoscript/fileName/RecorderSettingsPrefsEditor.cs: ba9e697f1d269c2c960a41bc543fa408 -> 
  custom:scripting/monoscript/fileName/ProResWrapper.cs: 712515ef615766c98115c6a20d85d6c8 -> 
  custom:scripting/monoscript/fileName/RecordModePropertyDrawer.cs: 165332db07362bbcab2d8dc6d1e1dfda -> 
  custom:scripting/monoscript/fileName/ImageInputSettings.cs: 98a2aedd167d40f01804b04845eeaf15 -> 
  custom:scripting/monoscript/fileName/SerializableObjHelper.cs: f19f181f3f05e8e393225dd7030fb66a -> 
  custom:scripting/monoscript/fileName/InputPropertyDrawer.cs: 90647cc400823b41df847a6cbfc29026 -> 
  custom:scripting/monoscript/fileName/AudioInputSettings.cs: a2c930fca1dd5e27705fbacf39727bb4 -> 
  custom:scripting/monoscript/fileName/InputSettings.cs: 35c56ce5488c6b464726305dcbd33b3d -> 
  custom:scripting/monoscript/fileName/RecorderEditor.cs: 736e59ba52eea987abc47f36a836e575 -> 
  custom:scripting/monoscript/fileName/AudioRecorderSettings.cs: 0b00f2c93558486cc61a06f270f43fea -> 
  custom:scripting/monoscript/fileName/RecordersInventory.cs: fb714c8df18f9b7fc7f3361f604ae3dc -> 
  custom:scripting/monoscript/fileName/BaseFCRecorderSettings.cs: fab928553cedb8703ac192d6cf7b6294 -> 
  custom:scripting/monoscript/fileName/AOVRecorderSettings.cs: cdc731153cd2f1f739300a28ea6a6608 -> 
  custom:scripting/monoscript/fileName/EXRCompressionTypeDrawer.cs: 301cb614ecf84a4dab346c5f76ea2016 -> 
  custom:scripting/monoscript/fileName/AOVRecorder.cs: c53e83f1863b3ea80b6df3885cdb8c82 -> 
  custom:scripting/monoscript/fileName/IEncoderSettings.cs: c7d04fadacf538db841606cc656ae724 -> 
  custom:scripting/monoscript/fileName/ShutterProfileTypePropertyDrawer.cs: 18a32c647eca27716eabcb5a44f00e32 -> 
  custom:scripting/monoscript/fileName/MovieRecorderEditor.cs: eb00ddb8a76b8dfb7c88b7826a49d38b -> 
  custom:scripting/monoscript/fileName/RenderTextureInputSettingsPropertyDrawer.cs: 809602b52454cd1e6229756218a8f453 -> 
  custom:scripting/monoscript/fileName/RecorderPlayableBehaviour.cs: 80165a21f4cd0dda690f708a19d389bd -> 
  custom:scripting/monoscript/fileName/GifEncoderSettingsPropertyDrawer.cs: b36c9a7eaaefccda514b23d7e14761ca -> 
  custom:scripting/monoscript/fileName/PNGRecorder.cs: 08fd40f88cb6b18c96882f263639f57d -> 
  custom:scripting/monoscript/fileName/CameraInputSettingsPropertyDrawer.cs: 91928abf1abf88be098cb088d896aec5 -> 
  custom:scripting/monoscript/fileName/AudioRecorderEditor.cs: 565168dec291afe3fa470657cfc2c123 -> 
  custom:scripting/monoscript/fileName/AOVRecorderEditor.cs: 5ca53ccd6d7645709639507726114395 -> 
  custom:container-muxer-webm: aa71ff27fc2769a1b78a27578f13a17b -> 
  custom:video-decoder-webm-vp8: 9c59270c3fd7afecdb556c50c9e8de78 -> 
  custom:scripting/monoscript/fileName/RecordingSession.cs: f3ad08157c278a036224ca395f350890 -> 
  custom:scripting/monoscript/fileName/GameViewSize.cs: f6128a6515fcafce6db32fcdfa107254 -> 
  custom:scripting/monoscript/fileName/UnityHelpers.cs: b3e077029b574be508585124a9d839ef -> 
  custom:SearchIndexIgnoredProperties: e643bd26f0fe6173181afceb89e7c659 -> 
  custom:scripting/monoscript/fileName/GIFRecorder.cs: c00ece885699fb9084deaccd3eb27518 -> 
  custom:AudioImporter_EditorPlatform: d09bf68614088b80899f8185d706f6e7 -> 
  custom:scripting/monoscript/fileName/EXRRecorder.cs: 3f576ce8ddd959d51a4d7ba1999ecdbb -> 
  custom:scripting/monoscript/fileName/WEBMRecorder.cs: 391b6b920cfbc02401ea522620320c93 -> 
  custom:scripting/monoscript/fileName/RenderTextureSampler.cs: 1a7b9abab9548e1054dc40d6e2fa0270 -> 
  custom:scripting/monoscript/fileName/GifEncoder.cs: 40f336d5c5042a8a04556b4c5804a538 -> 
  custom:scripting/monoscript/fileName/GenericRecorder.cs: 90647cc400823b41df847a6cbfc29026 -> 
  custom:scripting/monoscript/fileName/ImageInputSelector.cs: f55822da877594150873922341be92b6 -> 
  custom:scripting/monoscript/fileName/AnimationRecorderSettingsEditor.cs: db1294bf3d48be44b6e4b2f2cc100b02 -> 
  custom:scripting/monoscript/fileName/RecorderTrack.cs: fac9638ece7eb7daaa1302fa170613fd -> 
  custom:scripting/monoscript/fileName/InputSettingsSelector.cs: 499a4ec92267406782b5c4f3472d53b9 -> 
  custom:scripting/monoscript/fileName/FileNameGenerator.cs: 5c8b6eb5291c3311189e0dfadac99363 -> 
  custom:scripting/monoscript/fileName/RecorderItem.cs: b62d2fcb9547a248575727d8a1646db8 -> 
  custom:scripting/monoscript/fileName/TextureFlipper.cs: 825b503b2ddab9cbd8ebbf3038075092 -> 
  custom:scripting/monoscript/fileName/AccumulationSettings.cs: fb962f0c2333934b681b167574f5e1cd -> 
  custom:scripting/monoscript/fileName/Camera360InputPropertyDrawer.cs: af647a2fe91bec98139246321cac865d -> 
  custom:scripting/monoscript/fileName/RecorderClipEditor.cs: 947ad5ff1f968d7fc40767d187070964 -> 
  custom:scripting/monoscript/fileName/EXRRecorderSettingsEditor.cs: c520a04c5f01331f2c8800e289ef6d6f -> 
  custom:scripting/monoscript/fileName/CoreEncoder.cs: dfaed86e82ad12e6a2b6740a0fb35820 -> 
  custom:scripting/monoscript/fileName/PNGRecorderSettings.cs: 79a421225358808ff14dd88c0355d1b6 -> 
  custom:scripting/monoscript/fileName/AspectRatioPropertyDrawer.cs: 9f18568574138839573389bde3e660a7 -> 
  custom:scripting/monoscript/fileName/ProResEncoder.cs: b375bf2d41e3d89081c3f2d1a0823bf3 -> 
  custom:scripting/monoscript/fileName/CameraInput.cs: bf7e0df3caf9e500f6d1c98c99e165ba -> 
  custom:scripting/monoscript/fileName/RecorderSettings.cs: bc3ef26ac157af28e5460886c0d5ef2e -> 
  custom:scripting/monoscript/fileName/RecorderClipTimelineEditor.cs: 2995d9f50ebc9245c6e9bd75c56415fb -> 
  custom:scripting/monoscript/fileName/EncoderSettingsAttribute.cs: 8352396dc11cff58c65c429fdb4fc67e -> 
  custom:scripting/monoscript/fileName/MP4Recorder.cs: af531c4e1f6d23547da08837eb16b729 -> 
  custom:scripting/monoscript/fileName/EncoderTypeUtilities.cs: a12c4c78a6cd4fb6b93180d59ad77be8 -> 
  custom:scripting/monoscript/fileName/PooledBufferAsyncGPUReadback.cs: 2a4e50c5dda177306c9ec935763c4378 -> 
  custom:scripting/monoscript/fileName/AnimationRecorder.cs: f749a4250195b5467bbf05e3a976b59f -> 
  custom:scripting/precompiled-assembly-types:Unity.Recorder.Base: 3fec19fdf10e3518c41e41a932f2042f -> 
  custom:scripting/monoscript/fileName/AnimationRecorderSettings.cs: 5cfb1544a40f93fe0ea879bb1361c877 -> 
  custom:scripting/monoscript/fileName/RenderTextureSamplerSettings.cs: 68adab84706346f2ecbdfd649ca9cf61 -> 
  custom:scripting/monoscript/fileName/RecordingContext.cs: af9af1e8b283703482ba133924b5585a -> 
  custom:scripting/monoscript/fileName/RecorderSelector.cs: c3cd2caacd181d6eff54dc260c4a1ffb -> 
  custom:video-encoder-webm-vp8: eb34c28f22e8b96e1ab97ce403110664 -> 
  custom:scripting/monoscript/fileName/RecorderInput.cs: 88fd8d8fd71b34ed7298a01f6c2d2e40 -> 
  custom:scripting/monoscript/fileName/RenderTextureSamplerPropertyDrawer.cs: b541817d9cc9b1341d2ddfa8823b718d -> 
  custom:scripting/monoscript/fileName/RecorderSettingsAttribute.cs: ddd228b25da7ba2ac10d13e1efacc875 -> 
  custom:audio-decoder-ogg-vorbis: bf7c407c2cedff20999df2af8eb42d56 -> 
  custom:scripting/monoscript/fileName/OutputPathDrawer.cs: cffc34c1be094e6caeb13ff3b26ca679 -> 
  custom:scripting/monoscript/fileName/EditorVersionsHelper.cs: 3ad9098caeeff0295dba8c0911f5333a -> 
  custom:scripting/monoscript/fileName/SettingAsset.cs: 7c3790954696ae83d71055079b387931 -> 
  custom:scripting/monoscript/fileName/OutputResolution.cs: 31c632d97e9a69bcc2ef10f6feb5bf62 -> 
  custom:scripting/monoscript/fileName/AccumulationSettingsPropertyDrawer.cs: bfc920db0de3c29c2967e88aac1c1027 -> 
  custom:scripting/monoscript/fileName/AnimationInputSettingsPropertyDrawer.cs: ebe1771fecebe7a93badf6354f59c990 -> 
  custom:scripting/monoscript/fileName/CoreEncoderSettings.cs: 2b5db1db3c1fa7de4175a7e143de3ce5 -> 
  custom:scripting/monoscript/fileName/VisualListItem.cs: 90647cc400823b41df847a6cbfc29026 -> 
  custom:scripting/monoscript/fileName/FrameRateProperyDrawer.cs: c478c798f5354f66af45b380be0629f9 -> 
  custom:scripting/monoscript/fileName/InputSettingsSelectorDrawer.cs: bca46dd5b59e2f574c94bef4cdb878fb -> 
  custom:scripting/monoscript/fileName/RecorderWindow.cs: 553a30d64d5ef1dcad6b00b4eeeb3829 -> 
  custom:scripting/monoscript/fileName/AOVCameraInputSettings.cs: 4d2fdf1142ce53d73cb43d39944ba516 -> 
  custom:scripting/monoscript/fileName/EnumProperyDrawer.cs: 90647cc400823b41df847a6cbfc29026 -> 
  custom:scripting/monoscript/fileName/AOVImageInputSelector.cs: b741d8d3a7cbb503c5bdf23d7e6792db -> 
  custom:scripting/monoscript/fileName/CoreEncoderSettingsPropertyDrawer.cs: c8bdf3420d844fd4604c0d0cf3815355 -> 
  custom:scripting/monoscript/fileName/GifEncoderSettings.cs: 812ca6afdf48b830953d76adab9d4030 -> 
  custom:scripting/monoscript/fileName/GIFRecorderSettingsEditor.cs: 4d0f46bcf58d188895fabae5334995ae -> 
  custom:scripting/monoscript/fileName/IEncoder.cs: 007c2ef621b0d92b5a7a6bae91d26090 -> 
  custom:scripting/monoscript/fileName/RecorderOptions.cs: 74782d297e80d8f56c0e05a7cde4e51d -> 
  custom:scripting/precompiled-assembly-types:Unity.Recorder.Editor: cd22b836ef1ca10e7d8c91c9be46b4bf -> 
  custom:scripting/monoscript/fileName/ProResEncoderSettingsPropertyDrawer.cs: 68c25e6d4459336217d4b9e22eb707b4 -> 
  custom:scripting/monoscript/fileName/ImageRecorder.cs: b804c29bfc59a61db184c1d275fe4101 -> 
  custom:scripting/monoscript/fileName/EditableLabel.cs: 4f8fa2c6092744ed6607a411e3f617c0 -> 
  custom:scripting/monoscript/fileName/GameViewInput.cs: 596e7ffa2d11b2002176644af3247ea6 -> 
  custom:audio-encoder-webm-vorbis: bf7c407c2cedff20999df2af8eb42d56 -> 
  custom:scripting/monoscript/fileName/SerializedDictionnary.cs: 90647cc400823b41df847a6cbfc29026 -> 
  custom:scripting/monoscript/fileName/HammersleySequence.cs: b06601f044912976f668045b7d4c79a8 -> 
  custom:scripting/monoscript/fileName/_RecorderComponent.cs: 8c268d1df4e18643d83ea9c6eeba2d9f -> 
  custom:scripting/monoscript/fileName/IAccumulation.cs: 38dee62d444423165276e3254554d005 -> 
  custom:scripting/monoscript/fileName/RecorderController.cs: 5760bd2995080b8d0d9d9e88ab8933c6 -> 
  custom:scripting/monoscript/fileName/EXRRecorderSettings.cs: bf113df492cb5b25e11ec144a73c2f74 -> 
========================================================================
Received Prepare
Caller must complete domain reload
Begin MonoManager ReloadAssembly
- Loaded All Assemblies, in  0.419 seconds
Native extension for WindowsStandalone target not found
Native extension for iOS target not found
Native extension for Android target not found
Mono: successfully reloaded assembly
- Finished resetting the current domain, in  0.953 seconds
Domain Reload Profiling: 1369ms
	BeginReloadAssembly (127ms)
		ExecutionOrderSort (0ms)
		DisableScriptedObjects (4ms)
		BackupInstance (0ms)
		ReleaseScriptingObjects (0ms)
		CreateAndSetChildDomain (23ms)
	RebuildCommonClasses (30ms)
	RebuildNativeTypeToScriptingClass (8ms)
	initialDomainReloadingComplete (27ms)
	LoadAllAssembliesAndSetupDomain (223ms)
		LoadAssemblies (285ms)
		RebuildTransferFunctionScriptingTraits (0ms)
		AnalyzeDomain (10ms)
			TypeCache.Refresh (4ms)
				TypeCache.ScanAssembly (0ms)
			ScanForSourceGeneratedMonoScriptInfo (0ms)
			ResolveRequiredComponents (4ms)
	FinalizeReload (953ms)
		ReleaseScriptCaches (0ms)
		RebuildScriptCaches (0ms)
		SetupLoadedEditorAssemblies (475ms)
			LogAssemblyErrors (0ms)
			InitializePlatformSupportModulesInManaged (29ms)
			SetLoadedEditorAssemblies (5ms)
			RefreshPlugins (0ms)
			BeforeProcessingInitializeOnLoad (85ms)
			ProcessInitializeOnLoadAttributes (330ms)
			ProcessInitializeOnLoadMethodAttributes (16ms)
			AfterProcessingInitializeOnLoad (9ms)
			EditorAssembliesLoaded (0ms)
		ExecutionOrderSort2 (0ms)
		AwakeInstancesAfterBackupRestoration (5ms)
Refreshing native plugins compatible for Editor in 5.44 ms, found 6 plugins.
Preloading 0 native plugins for Editor in 0.00 ms.
Unloading 3255 Unused Serialized files (Serialized files now loaded: 0)
Unloading 21 unused Assets / (335.9 KB). Loaded Objects now: 3790.
Memory consumption went from 127.4 MB to 127.1 MB.
Total: 2.357300 ms (FindLiveObjects: 0.196000 ms CreateObjectMapping: 0.082300 ms MarkObjects: 1.907900 ms  DeleteObjects: 0.170400 ms)

Prepare: number of updated asset objects reloaded= 0
AssetImportParameters requested are different than current active one (requested -> active):
  custom:scripting/monoscript/fileName/WEBMRecorderSettingsEditor.cs: 5559c87f45d3b65fac8d5ac4ef5e81c8 -> 
  custom:scripting/monoscript/fileName/UIElementHelper.cs: 9f9438adfe3361012ea6280d4cdb2df4 -> 
  custom:scripting/monoscript/fileName/AOVCameraInput.cs: c23c8ce885672bc57e25263b3efd067a -> 
  custom:scripting/monoscript/fileName/BaseTextureRecorder.cs: 90647cc400823b41df847a6cbfc29026 -> 
  custom:scripting/monoscript/fileName/Recorder.cs: a7e319d512627774f8215ba0b76f0bcb -> 
  custom:scripting/monoscript/fileName/AudioRecorder.cs: 89550121570f22445b4a1b28daea3cf9 -> 
  custom:scripting/monoscript/fileName/PanelSplitter.cs: 5ff6c6e385b6b12ca322a9c92ac6f371 -> 
  custom:scripting/monoscript/fileName/ImageRecorderSettings.cs: a7ab05fac9382c03607c40fe73956ed6 -> 
  custom:scripting/monoscript/fileName/RecorderClip.cs: 897017f45cb3c30f306724d1fa17a8fe -> 
  custom:scripting/monoscript/fileName/GIFRecorderSettings.cs: 979f88ae1e7731daed242ab2fdebbc0e -> 
  custom:container-demuxer-ogg: 62fdf1f143b41e24485cea50d1cbac27 -> 
  custom:scripting/monoscript/fileName/MovieRecorder.cs: 024785cf83e1399f425b2aa115d22e2b -> 
  custom:scripting/monoscript/fileName/RecorderControllerSettingsPresetEditor.cs: 49aed206ae65ed5ac6b420f7104cd52d -> 
  custom:scripting/monoscript/fileName/AudioInput.cs: 499e96d8f0b35d362bd956c0975bb873 -> 
  custom:scripting/monoscript/fileName/WEBMRecorderSettings.cs: c176c43abbe456aeea55c2aef862801b -> 
  custom:scripting/monoscript/fileName/RecorderControllerSettingsPreset.cs: 78b391c1384ac60213ef58d50e78d553 -> 
  custom:scripting/monoscript/fileName/GameViewInputSettings.cs: a7ae22123f532f5bbcb39c654c998b57 -> 
  custom:scripting/monoscript/fileName/GameViewInputPropertyDrawer.cs: ae2c8a99c5e33d3d1ffc8232415130e8 -> 
  custom:scripting/monoscript/fileName/Camera360Input.cs: dc473b118c57e0734b0cd3476e333c06 -> 
  custom:scripting/monoscript/fileName/RecorderPreferencesSettingsProvider.cs: d92d314b87f7c2170e267636ebf38224 -> 
  custom:scripting/monoscript/fileName/RecorderBindings.cs: ac25db5b587307cfea909607f62e5641 -> 
  custom:video-decoder-ogg-theora: a1e56fd34408186e4bbccfd4996cb3dc -> 
  custom:scripting/monoscript/fileName/GIFWrapper.cs: 6ef8898a12699129e8f81f06a649cad1 -> 
  custom:scripting/monoscript/fileName/SceneHook.cs: 80fa8928b499d44515dd60e0bc895128 -> 
  custom:scripting/monoscript/fileName/AnimationInput.cs: e810137278708a698c5ccddaeb1a1e64 -> 
  custom:scripting/monoscript/fileName/OutputResolutionPropertyDrawer.cs: 0e33ffdf424417a2e685685cfc04d4b1 -> 
  custom:scripting/monoscript/fileName/EnumHelper.cs: 117b5609cc2a1ae41785cd0c8767815f -> 
  custom:scripting/monoscript/fileName/OutputPath.cs: ee51fcffcd8929d224a5e3fb152d5f62 -> 
  custom:scripting/monoscript/fileName/FileNameGeneratorDrawer.cs: a3ea71dec141084df9b7ffa19c11e2cb -> 
  custom:framework-win-MediaFoundation: 216162199b28c13a410421893ffa2e32 -> 
  custom:scripting/monoscript/fileName/RecorderPreferencesWindowGUIScope.cs: 7a2eba6fcb6829ea8b200991a02c9c06 -> 
  custom:scripting/monoscript/fileName/AspectRatio.cs: 18e3efa554f8258b676d4de53e38b642 -> 
  custom:scripting/monoscript/fileName/CameraInputSettings.cs: 6738f6dd994f658d2cbf6f5f3ba05a0e -> 
  custom:scripting/monoscript/fileName/RefHandle.cs: 90647cc400823b41df847a6cbfc29026 -> 
  custom:scripting/monoscript/fileName/CameraCapture.cs: c6dcba1380d9a4fa09f4e36182a45a73 -> 
  custom:scripting/monoscript/fileName/RecorderControllerSettings.cs: 989e0caa64af9b76551d4ff6bd15f598 -> 
  custom:scripting/monoscript/fileName/TargetedPropertyDrawer.cs: 90647cc400823b41df847a6cbfc29026 -> 
  custom:scripting/monoscript/fileName/MovieRecorderSettings.cs: 02a667a67b113b1f65e3fcadcc882513 -> 
  custom:scripting/monoscript/fileName/RenderTextureInputSettings.cs: ebca820667a63031a7597db85d26451a -> 
  custom:scripting/monoscript/fileName/ImageRecorderEditor.cs: d3134ae4c1dfd8e056bace11130b7692 -> 
  custom:scripting/monoscript/fileName/ProResEncoderSettings.cs: 4aca03881946a7fe9acacf199434009e -> 
  custom:scripting/monoscript/fileName/_FrameRequestComponent.cs: b34f171daaafc65da55ea68e2ed89f2b -> 
  custom:scripting/monoscript/fileName/RenderTextureInput.cs: 5dea77837ae3c82bb14643cd82dc06dc -> 
  custom:scripting/monoscript/fileName/RecorderAnalytics.cs: 0fa40093f6ac3fe75e92d746d563e5ee -> 
  custom:scripting/monoscript/fileName/MP4RecorderSettingsEditor.cs: 68a64b16a7961d71fa7286fd1f782e9b -> 
  custom:scripting/monoscript/fileName/RecorderBindingsEditor.cs: f7451a0e1cea6404b2976d2b2c42e273 -> 
  custom:scripting/monoscript/fileName/BaseRenderTextureInput.cs: 5dc13661a5a0dca5d09ca211933a44e2 -> 
  custom:scripting/monoscript/fileName/StatusBarHelper.cs: da04a6ed046f8a62f416d5d3ea415bef -> 
  custom:scripting/precompiled-assembly-types:Unity.Recorder: bd5378c99f6216e06dd6e2c2a60a86a4 -> 
  custom:CustomObjectIndexerAttribute: 9a22284fe3817be447336de3de66b15e -> 
  custom:scripting/monoscript/fileName/Camera360InputSettings.cs: 3d5eaf1cb3a9df6f9d1d52f3c3018c46 -> 
  custom:scripting/monoscript/fileName/PNGRecorderSettingsEditor.cs: 4970e6657bb34f7efc2c7d8168c7358b -> 
  custom:scripting/monoscript/fileName/ImageHeightSelector.cs: d1a7972bf1d79d90f09ab23c718afe39 -> 
  custom:scripting/monoscript/fileName/AnimationInputSettings.cs: d64a99ebbd13660e9264cb4111ab9832 -> 
  custom:scripting/monoscript/fileName/MP4RecorderSettings.cs: 551f5535c05b86d6ee91684eced14987 -> 
  custom:scripting/monoscript/fileName/RecorderPreferencesSettings.cs: 761b0a55fc5e50239a1d0c4bfc968274 -> 
  custom:container-demuxer-webm: 4f35f7cbe854078d1ac9338744f61a02 -> 
  custom:scripting/monoscript/fileName/RecorderSettingsPrefsEditor.cs: ba9e697f1d269c2c960a41bc543fa408 -> 
  custom:scripting/monoscript/fileName/ProResWrapper.cs: 712515ef615766c98115c6a20d85d6c8 -> 
  custom:scripting/monoscript/fileName/RecordModePropertyDrawer.cs: 165332db07362bbcab2d8dc6d1e1dfda -> 
  custom:scripting/monoscript/fileName/ImageInputSettings.cs: 98a2aedd167d40f01804b04845eeaf15 -> 
  custom:scripting/monoscript/fileName/SerializableObjHelper.cs: f19f181f3f05e8e393225dd7030fb66a -> 
  custom:scripting/monoscript/fileName/InputPropertyDrawer.cs: 90647cc400823b41df847a6cbfc29026 -> 
  custom:scripting/monoscript/fileName/AudioInputSettings.cs: a2c930fca1dd5e27705fbacf39727bb4 -> 
  custom:scripting/monoscript/fileName/InputSettings.cs: 35c56ce5488c6b464726305dcbd33b3d -> 
  custom:scripting/monoscript/fileName/RecorderEditor.cs: 736e59ba52eea987abc47f36a836e575 -> 
  custom:scripting/monoscript/fileName/AudioRecorderSettings.cs: 0b00f2c93558486cc61a06f270f43fea -> 
  custom:scripting/monoscript/fileName/RecordersInventory.cs: fb714c8df18f9b7fc7f3361f604ae3dc -> 
  custom:scripting/monoscript/fileName/BaseFCRecorderSettings.cs: fab928553cedb8703ac192d6cf7b6294 -> 
  custom:scripting/monoscript/fileName/AOVRecorderSettings.cs: cdc731153cd2f1f739300a28ea6a6608 -> 
  custom:scripting/monoscript/fileName/EXRCompressionTypeDrawer.cs: 301cb614ecf84a4dab346c5f76ea2016 -> 
  custom:scripting/monoscript/fileName/AOVRecorder.cs: c53e83f1863b3ea80b6df3885cdb8c82 -> 
  custom:scripting/monoscript/fileName/IEncoderSettings.cs: c7d04fadacf538db841606cc656ae724 -> 
  custom:scripting/monoscript/fileName/ShutterProfileTypePropertyDrawer.cs: 18a32c647eca27716eabcb5a44f00e32 -> 
  custom:scripting/monoscript/fileName/MovieRecorderEditor.cs: eb00ddb8a76b8dfb7c88b7826a49d38b -> 
  custom:scripting/monoscript/fileName/RenderTextureInputSettingsPropertyDrawer.cs: 809602b52454cd1e6229756218a8f453 -> 
  custom:scripting/monoscript/fileName/RecorderPlayableBehaviour.cs: 80165a21f4cd0dda690f708a19d389bd -> 
  custom:scripting/monoscript/fileName/GifEncoderSettingsPropertyDrawer.cs: b36c9a7eaaefccda514b23d7e14761ca -> 
  custom:scripting/monoscript/fileName/PNGRecorder.cs: 08fd40f88cb6b18c96882f263639f57d -> 
  custom:scripting/monoscript/fileName/CameraInputSettingsPropertyDrawer.cs: 91928abf1abf88be098cb088d896aec5 -> 
  custom:scripting/monoscript/fileName/AudioRecorderEditor.cs: 565168dec291afe3fa470657cfc2c123 -> 
  custom:scripting/monoscript/fileName/AOVRecorderEditor.cs: 5ca53ccd6d7645709639507726114395 -> 
  custom:container-muxer-webm: aa71ff27fc2769a1b78a27578f13a17b -> 
  custom:video-decoder-webm-vp8: 9c59270c3fd7afecdb556c50c9e8de78 -> 
  custom:scripting/monoscript/fileName/RecordingSession.cs: f3ad08157c278a036224ca395f350890 -> 
  custom:scripting/monoscript/fileName/GameViewSize.cs: f6128a6515fcafce6db32fcdfa107254 -> 
  custom:scripting/monoscript/fileName/UnityHelpers.cs: b3e077029b574be508585124a9d839ef -> 
  custom:SearchIndexIgnoredProperties: e643bd26f0fe6173181afceb89e7c659 -> 
  custom:scripting/monoscript/fileName/GIFRecorder.cs: c00ece885699fb9084deaccd3eb27518 -> 
  custom:AudioImporter_EditorPlatform: d09bf68614088b80899f8185d706f6e7 -> 
  custom:scripting/monoscript/fileName/EXRRecorder.cs: 3f576ce8ddd959d51a4d7ba1999ecdbb -> 
  custom:scripting/monoscript/fileName/WEBMRecorder.cs: 391b6b920cfbc02401ea522620320c93 -> 
  custom:scripting/monoscript/fileName/RenderTextureSampler.cs: 1a7b9abab9548e1054dc40d6e2fa0270 -> 
  custom:scripting/monoscript/fileName/GifEncoder.cs: 40f336d5c5042a8a04556b4c5804a538 -> 
  custom:scripting/monoscript/fileName/GenericRecorder.cs: 90647cc400823b41df847a6cbfc29026 -> 
  custom:scripting/monoscript/fileName/ImageInputSelector.cs: f55822da877594150873922341be92b6 -> 
  custom:scripting/monoscript/fileName/AnimationRecorderSettingsEditor.cs: db1294bf3d48be44b6e4b2f2cc100b02 -> 
  custom:scripting/monoscript/fileName/RecorderTrack.cs: fac9638ece7eb7daaa1302fa170613fd -> 
  custom:scripting/monoscript/fileName/InputSettingsSelector.cs: 499a4ec92267406782b5c4f3472d53b9 -> 
  custom:scripting/monoscript/fileName/FileNameGenerator.cs: 5c8b6eb5291c3311189e0dfadac99363 -> 
  custom:scripting/monoscript/fileName/RecorderItem.cs: b62d2fcb9547a248575727d8a1646db8 -> 
  custom:scripting/monoscript/fileName/TextureFlipper.cs: 825b503b2ddab9cbd8ebbf3038075092 -> 
  custom:scripting/monoscript/fileName/AccumulationSettings.cs: fb962f0c2333934b681b167574f5e1cd -> 
  custom:scripting/monoscript/fileName/Camera360InputPropertyDrawer.cs: af647a2fe91bec98139246321cac865d -> 
  custom:scripting/monoscript/fileName/RecorderClipEditor.cs: 947ad5ff1f968d7fc40767d187070964 -> 
  custom:scripting/monoscript/fileName/EXRRecorderSettingsEditor.cs: c520a04c5f01331f2c8800e289ef6d6f -> 
  custom:scripting/monoscript/fileName/CoreEncoder.cs: dfaed86e82ad12e6a2b6740a0fb35820 -> 
  custom:scripting/monoscript/fileName/PNGRecorderSettings.cs: 79a421225358808ff14dd88c0355d1b6 -> 
  custom:scripting/monoscript/fileName/AspectRatioPropertyDrawer.cs: 9f18568574138839573389bde3e660a7 -> 
  custom:scripting/monoscript/fileName/ProResEncoder.cs: b375bf2d41e3d89081c3f2d1a0823bf3 -> 
  custom:scripting/monoscript/fileName/CameraInput.cs: bf7e0df3caf9e500f6d1c98c99e165ba -> 
  custom:scripting/monoscript/fileName/RecorderSettings.cs: bc3ef26ac157af28e5460886c0d5ef2e -> 
  custom:scripting/monoscript/fileName/RecorderClipTimelineEditor.cs: 2995d9f50ebc9245c6e9bd75c56415fb -> 
  custom:scripting/monoscript/fileName/EncoderSettingsAttribute.cs: 8352396dc11cff58c65c429fdb4fc67e -> 
  custom:scripting/monoscript/fileName/MP4Recorder.cs: af531c4e1f6d23547da08837eb16b729 -> 
  custom:scripting/monoscript/fileName/EncoderTypeUtilities.cs: a12c4c78a6cd4fb6b93180d59ad77be8 -> 
  custom:scripting/monoscript/fileName/PooledBufferAsyncGPUReadback.cs: 2a4e50c5dda177306c9ec935763c4378 -> 
  custom:scripting/monoscript/fileName/AnimationRecorder.cs: f749a4250195b5467bbf05e3a976b59f -> 
  custom:scripting/precompiled-assembly-types:Unity.Recorder.Base: 3fec19fdf10e3518c41e41a932f2042f -> 
  custom:scripting/monoscript/fileName/AnimationRecorderSettings.cs: 5cfb1544a40f93fe0ea879bb1361c877 -> 
  custom:scripting/monoscript/fileName/RenderTextureSamplerSettings.cs: 68adab84706346f2ecbdfd649ca9cf61 -> 
  custom:scripting/monoscript/fileName/RecordingContext.cs: af9af1e8b283703482ba133924b5585a -> 
  custom:scripting/monoscript/fileName/RecorderSelector.cs: c3cd2caacd181d6eff54dc260c4a1ffb -> 
  custom:video-encoder-webm-vp8: eb34c28f22e8b96e1ab97ce403110664 -> 
  custom:scripting/monoscript/fileName/RecorderInput.cs: 88fd8d8fd71b34ed7298a01f6c2d2e40 -> 
  custom:scripting/monoscript/fileName/RenderTextureSamplerPropertyDrawer.cs: b541817d9cc9b1341d2ddfa8823b718d -> 
  custom:scripting/monoscript/fileName/RecorderSettingsAttribute.cs: ddd228b25da7ba2ac10d13e1efacc875 -> 
  custom:audio-decoder-ogg-vorbis: bf7c407c2cedff20999df2af8eb42d56 -> 
  custom:scripting/monoscript/fileName/OutputPathDrawer.cs: cffc34c1be094e6caeb13ff3b26ca679 -> 
  custom:scripting/monoscript/fileName/EditorVersionsHelper.cs: 3ad9098caeeff0295dba8c0911f5333a -> 
  custom:scripting/monoscript/fileName/SettingAsset.cs: 7c3790954696ae83d71055079b387931 -> 
  custom:scripting/monoscript/fileName/OutputResolution.cs: 31c632d97e9a69bcc2ef10f6feb5bf62 -> 
  custom:scripting/monoscript/fileName/AccumulationSettingsPropertyDrawer.cs: bfc920db0de3c29c2967e88aac1c1027 -> 
  custom:scripting/monoscript/fileName/AnimationInputSettingsPropertyDrawer.cs: ebe1771fecebe7a93badf6354f59c990 -> 
  custom:scripting/monoscript/fileName/CoreEncoderSettings.cs: 2b5db1db3c1fa7de4175a7e143de3ce5 -> 
  custom:scripting/monoscript/fileName/VisualListItem.cs: 90647cc400823b41df847a6cbfc29026 -> 
  custom:scripting/monoscript/fileName/FrameRateProperyDrawer.cs: c478c798f5354f66af45b380be0629f9 -> 
  custom:scripting/monoscript/fileName/InputSettingsSelectorDrawer.cs: bca46dd5b59e2f574c94bef4cdb878fb -> 
  custom:scripting/monoscript/fileName/RecorderWindow.cs: 553a30d64d5ef1dcad6b00b4eeeb3829 -> 
  custom:scripting/monoscript/fileName/AOVCameraInputSettings.cs: 4d2fdf1142ce53d73cb43d39944ba516 -> 
  custom:scripting/monoscript/fileName/EnumProperyDrawer.cs: 90647cc400823b41df847a6cbfc29026 -> 
  custom:scripting/monoscript/fileName/AOVImageInputSelector.cs: b741d8d3a7cbb503c5bdf23d7e6792db -> 
  custom:scripting/monoscript/fileName/CoreEncoderSettingsPropertyDrawer.cs: c8bdf3420d844fd4604c0d0cf3815355 -> 
  custom:scripting/monoscript/fileName/GifEncoderSettings.cs: 812ca6afdf48b830953d76adab9d4030 -> 
  custom:scripting/monoscript/fileName/GIFRecorderSettingsEditor.cs: 4d0f46bcf58d188895fabae5334995ae -> 
  custom:scripting/monoscript/fileName/IEncoder.cs: 007c2ef621b0d92b5a7a6bae91d26090 -> 
  custom:scripting/monoscript/fileName/RecorderOptions.cs: 74782d297e80d8f56c0e05a7cde4e51d -> 
  custom:scripting/precompiled-assembly-types:Unity.Recorder.Editor: cd22b836ef1ca10e7d8c91c9be46b4bf -> 
  custom:scripting/monoscript/fileName/ProResEncoderSettingsPropertyDrawer.cs: 68c25e6d4459336217d4b9e22eb707b4 -> 
  custom:scripting/monoscript/fileName/ImageRecorder.cs: b804c29bfc59a61db184c1d275fe4101 -> 
  custom:scripting/monoscript/fileName/EditableLabel.cs: 4f8fa2c6092744ed6607a411e3f617c0 -> 
  custom:scripting/monoscript/fileName/GameViewInput.cs: 596e7ffa2d11b2002176644af3247ea6 -> 
  custom:audio-encoder-webm-vorbis: bf7c407c2cedff20999df2af8eb42d56 -> 
  custom:scripting/monoscript/fileName/SerializedDictionnary.cs: 90647cc400823b41df847a6cbfc29026 -> 
  custom:scripting/monoscript/fileName/HammersleySequence.cs: b06601f044912976f668045b7d4c79a8 -> 
  custom:scripting/monoscript/fileName/_RecorderComponent.cs: 8c268d1df4e18643d83ea9c6eeba2d9f -> 
  custom:scripting/monoscript/fileName/IAccumulation.cs: 38dee62d444423165276e3254554d005 -> 
  custom:scripting/monoscript/fileName/RecorderController.cs: 5760bd2995080b8d0d9d9e88ab8933c6 -> 
  custom:scripting/monoscript/fileName/EXRRecorderSettings.cs: bf113df492cb5b25e11ec144a73c2f74 -> 
========================================================================
Received Prepare
Caller must complete domain reload
Begin MonoManager ReloadAssembly
- Loaded All Assemblies, in  0.410 seconds
Native extension for WindowsStandalone target not found
Native extension for iOS target not found
Native extension for Android target not found
Mono: successfully reloaded assembly
- Finished resetting the current domain, in  0.964 seconds
Domain Reload Profiling: 1371ms
	BeginReloadAssembly (125ms)
		ExecutionOrderSort (0ms)
		DisableScriptedObjects (4ms)
		BackupInstance (0ms)
		ReleaseScriptingObjects (0ms)
		CreateAndSetChildDomain (24ms)
	RebuildCommonClasses (25ms)
	RebuildNativeTypeToScriptingClass (8ms)
	initialDomainReloadingComplete (27ms)
	LoadAllAssembliesAndSetupDomain (221ms)
		LoadAssemblies (280ms)
		RebuildTransferFunctionScriptingTraits (0ms)
		AnalyzeDomain (10ms)
			TypeCache.Refresh (4ms)
				TypeCache.ScanAssembly (0ms)
			ScanForSourceGeneratedMonoScriptInfo (0ms)
			ResolveRequiredComponents (5ms)
	FinalizeReload (965ms)
		ReleaseScriptCaches (0ms)
		RebuildScriptCaches (0ms)
		SetupLoadedEditorAssemblies (480ms)
			LogAssemblyErrors (0ms)
			InitializePlatformSupportModulesInManaged (28ms)
			SetLoadedEditorAssemblies (3ms)
			RefreshPlugins (0ms)
			BeforeProcessingInitializeOnLoad (85ms)
			ProcessInitializeOnLoadAttributes (336ms)
			ProcessInitializeOnLoadMethodAttributes (18ms)
			AfterProcessingInitializeOnLoad (9ms)
			EditorAssembliesLoaded (0ms)
		ExecutionOrderSort2 (0ms)
		AwakeInstancesAfterBackupRestoration (5ms)
Refreshing native plugins compatible for Editor in 4.93 ms, found 6 plugins.
Preloading 0 native plugins for Editor in 0.00 ms.
Unloading 3255 Unused Serialized files (Serialized files now loaded: 0)
Unloading 21 unused Assets / (336.1 KB). Loaded Objects now: 3793.
Memory consumption went from 127.4 MB to 127.1 MB.
Total: 2.392800 ms (FindLiveObjects: 0.196300 ms CreateObjectMapping: 0.077400 ms MarkObjects: 1.948600 ms  DeleteObjects: 0.170000 ms)

Prepare: number of updated asset objects reloaded= 0
AssetImportParameters requested are different than current active one (requested -> active):
  custom:scripting/monoscript/fileName/WEBMRecorderSettingsEditor.cs: 5559c87f45d3b65fac8d5ac4ef5e81c8 -> 
  custom:scripting/monoscript/fileName/UIElementHelper.cs: 9f9438adfe3361012ea6280d4cdb2df4 -> 
  custom:scripting/monoscript/fileName/AOVCameraInput.cs: c23c8ce885672bc57e25263b3efd067a -> 
  custom:scripting/monoscript/fileName/BaseTextureRecorder.cs: 90647cc400823b41df847a6cbfc29026 -> 
  custom:scripting/monoscript/fileName/Recorder.cs: a7e319d512627774f8215ba0b76f0bcb -> 
  custom:scripting/monoscript/fileName/AudioRecorder.cs: 89550121570f22445b4a1b28daea3cf9 -> 
  custom:scripting/monoscript/fileName/PanelSplitter.cs: 5ff6c6e385b6b12ca322a9c92ac6f371 -> 
  custom:scripting/monoscript/fileName/ImageRecorderSettings.cs: a7ab05fac9382c03607c40fe73956ed6 -> 
  custom:scripting/monoscript/fileName/RecorderClip.cs: 897017f45cb3c30f306724d1fa17a8fe -> 
  custom:scripting/monoscript/fileName/GIFRecorderSettings.cs: 979f88ae1e7731daed242ab2fdebbc0e -> 
  custom:container-demuxer-ogg: 62fdf1f143b41e24485cea50d1cbac27 -> 
  custom:scripting/monoscript/fileName/MovieRecorder.cs: 024785cf83e1399f425b2aa115d22e2b -> 
  custom:scripting/monoscript/fileName/RecorderControllerSettingsPresetEditor.cs: 49aed206ae65ed5ac6b420f7104cd52d -> 
  custom:scripting/monoscript/fileName/AudioInput.cs: 499e96d8f0b35d362bd956c0975bb873 -> 
  custom:scripting/monoscript/fileName/WEBMRecorderSettings.cs: c176c43abbe456aeea55c2aef862801b -> 
  custom:scripting/monoscript/fileName/RecorderControllerSettingsPreset.cs: 78b391c1384ac60213ef58d50e78d553 -> 
  custom:scripting/monoscript/fileName/GameViewInputSettings.cs: a7ae22123f532f5bbcb39c654c998b57 -> 
  custom:scripting/monoscript/fileName/GameViewInputPropertyDrawer.cs: ae2c8a99c5e33d3d1ffc8232415130e8 -> 
  custom:scripting/monoscript/fileName/Camera360Input.cs: dc473b118c57e0734b0cd3476e333c06 -> 
  custom:scripting/monoscript/fileName/RecorderPreferencesSettingsProvider.cs: d92d314b87f7c2170e267636ebf38224 -> 
  custom:scripting/monoscript/fileName/RecorderBindings.cs: ac25db5b587307cfea909607f62e5641 -> 
  custom:video-decoder-ogg-theora: a1e56fd34408186e4bbccfd4996cb3dc -> 
  custom:scripting/monoscript/fileName/GIFWrapper.cs: 6ef8898a12699129e8f81f06a649cad1 -> 
  custom:scripting/monoscript/fileName/SceneHook.cs: 80fa8928b499d44515dd60e0bc895128 -> 
  custom:scripting/monoscript/fileName/AnimationInput.cs: e810137278708a698c5ccddaeb1a1e64 -> 
  custom:scripting/monoscript/fileName/OutputResolutionPropertyDrawer.cs: 0e33ffdf424417a2e685685cfc04d4b1 -> 
  custom:scripting/monoscript/fileName/EnumHelper.cs: 117b5609cc2a1ae41785cd0c8767815f -> 
  custom:scripting/monoscript/fileName/OutputPath.cs: ee51fcffcd8929d224a5e3fb152d5f62 -> 
  custom:scripting/monoscript/fileName/FileNameGeneratorDrawer.cs: a3ea71dec141084df9b7ffa19c11e2cb -> 
  custom:framework-win-MediaFoundation: 216162199b28c13a410421893ffa2e32 -> 
  custom:scripting/monoscript/fileName/RecorderPreferencesWindowGUIScope.cs: 7a2eba6fcb6829ea8b200991a02c9c06 -> 
  custom:scripting/monoscript/fileName/AspectRatio.cs: 18e3efa554f8258b676d4de53e38b642 -> 
  custom:scripting/monoscript/fileName/CameraInputSettings.cs: 6738f6dd994f658d2cbf6f5f3ba05a0e -> 
  custom:scripting/monoscript/fileName/RefHandle.cs: 90647cc400823b41df847a6cbfc29026 -> 
  custom:scripting/monoscript/fileName/CameraCapture.cs: c6dcba1380d9a4fa09f4e36182a45a73 -> 
  custom:scripting/monoscript/fileName/RecorderControllerSettings.cs: 989e0caa64af9b76551d4ff6bd15f598 -> 
  custom:scripting/monoscript/fileName/TargetedPropertyDrawer.cs: 90647cc400823b41df847a6cbfc29026 -> 
  custom:scripting/monoscript/fileName/MovieRecorderSettings.cs: 02a667a67b113b1f65e3fcadcc882513 -> 
  custom:scripting/monoscript/fileName/RenderTextureInputSettings.cs: ebca820667a63031a7597db85d26451a -> 
  custom:scripting/monoscript/fileName/ImageRecorderEditor.cs: d3134ae4c1dfd8e056bace11130b7692 -> 
  custom:scripting/monoscript/fileName/ProResEncoderSettings.cs: 4aca03881946a7fe9acacf199434009e -> 
  custom:scripting/monoscript/fileName/_FrameRequestComponent.cs: b34f171daaafc65da55ea68e2ed89f2b -> 
  custom:scripting/monoscript/fileName/RenderTextureInput.cs: 5dea77837ae3c82bb14643cd82dc06dc -> 
  custom:scripting/monoscript/fileName/RecorderAnalytics.cs: 0fa40093f6ac3fe75e92d746d563e5ee -> 
  custom:scripting/monoscript/fileName/MP4RecorderSettingsEditor.cs: 68a64b16a7961d71fa7286fd1f782e9b -> 
  custom:scripting/monoscript/fileName/RecorderBindingsEditor.cs: f7451a0e1cea6404b2976d2b2c42e273 -> 
  custom:scripting/monoscript/fileName/BaseRenderTextureInput.cs: 5dc13661a5a0dca5d09ca211933a44e2 -> 
  custom:scripting/monoscript/fileName/StatusBarHelper.cs: da04a6ed046f8a62f416d5d3ea415bef -> 
  custom:scripting/precompiled-assembly-types:Unity.Recorder: bd5378c99f6216e06dd6e2c2a60a86a4 -> 
  custom:CustomObjectIndexerAttribute: 9a22284fe3817be447336de3de66b15e -> 
  custom:scripting/monoscript/fileName/Camera360InputSettings.cs: 3d5eaf1cb3a9df6f9d1d52f3c3018c46 -> 
  custom:scripting/monoscript/fileName/PNGRecorderSettingsEditor.cs: 4970e6657bb34f7efc2c7d8168c7358b -> 
  custom:scripting/monoscript/fileName/ImageHeightSelector.cs: d1a7972bf1d79d90f09ab23c718afe39 -> 
  custom:scripting/monoscript/fileName/AnimationInputSettings.cs: d64a99ebbd13660e9264cb4111ab9832 -> 
  custom:scripting/monoscript/fileName/MP4RecorderSettings.cs: 551f5535c05b86d6ee91684eced14987 -> 
  custom:scripting/monoscript/fileName/RecorderPreferencesSettings.cs: 761b0a55fc5e50239a1d0c4bfc968274 -> 
  custom:container-demuxer-webm: 4f35f7cbe854078d1ac9338744f61a02 -> 
  custom:scripting/monoscript/fileName/RecorderSettingsPrefsEditor.cs: ba9e697f1d269c2c960a41bc543fa408 -> 
  custom:scripting/monoscript/fileName/ProResWrapper.cs: 712515ef615766c98115c6a20d85d6c8 -> 
  custom:scripting/monoscript/fileName/RecordModePropertyDrawer.cs: 165332db07362bbcab2d8dc6d1e1dfda -> 
  custom:scripting/monoscript/fileName/ImageInputSettings.cs: 98a2aedd167d40f01804b04845eeaf15 -> 
  custom:scripting/monoscript/fileName/SerializableObjHelper.cs: f19f181f3f05e8e393225dd7030fb66a -> 
  custom:scripting/monoscript/fileName/InputPropertyDrawer.cs: 90647cc400823b41df847a6cbfc29026 -> 
  custom:scripting/monoscript/fileName/AudioInputSettings.cs: a2c930fca1dd5e27705fbacf39727bb4 -> 
  custom:scripting/monoscript/fileName/InputSettings.cs: 35c56ce5488c6b464726305dcbd33b3d -> 
  custom:scripting/monoscript/fileName/RecorderEditor.cs: 736e59ba52eea987abc47f36a836e575 -> 
  custom:scripting/monoscript/fileName/AudioRecorderSettings.cs: 0b00f2c93558486cc61a06f270f43fea -> 
  custom:scripting/monoscript/fileName/RecordersInventory.cs: fb714c8df18f9b7fc7f3361f604ae3dc -> 
  custom:scripting/monoscript/fileName/BaseFCRecorderSettings.cs: fab928553cedb8703ac192d6cf7b6294 -> 
  custom:scripting/monoscript/fileName/AOVRecorderSettings.cs: cdc731153cd2f1f739300a28ea6a6608 -> 
  custom:scripting/monoscript/fileName/EXRCompressionTypeDrawer.cs: 301cb614ecf84a4dab346c5f76ea2016 -> 
  custom:scripting/monoscript/fileName/AOVRecorder.cs: c53e83f1863b3ea80b6df3885cdb8c82 -> 
  custom:scripting/monoscript/fileName/IEncoderSettings.cs: c7d04fadacf538db841606cc656ae724 -> 
  custom:scripting/monoscript/fileName/ShutterProfileTypePropertyDrawer.cs: 18a32c647eca27716eabcb5a44f00e32 -> 
  custom:scripting/monoscript/fileName/MovieRecorderEditor.cs: eb00ddb8a76b8dfb7c88b7826a49d38b -> 
  custom:scripting/monoscript/fileName/RenderTextureInputSettingsPropertyDrawer.cs: 809602b52454cd1e6229756218a8f453 -> 
  custom:scripting/monoscript/fileName/RecorderPlayableBehaviour.cs: 80165a21f4cd0dda690f708a19d389bd -> 
  custom:scripting/monoscript/fileName/GifEncoderSettingsPropertyDrawer.cs: b36c9a7eaaefccda514b23d7e14761ca -> 
  custom:scripting/monoscript/fileName/PNGRecorder.cs: 08fd40f88cb6b18c96882f263639f57d -> 
  custom:scripting/monoscript/fileName/CameraInputSettingsPropertyDrawer.cs: 91928abf1abf88be098cb088d896aec5 -> 
  custom:scripting/monoscript/fileName/AudioRecorderEditor.cs: 565168dec291afe3fa470657cfc2c123 -> 
  custom:scripting/monoscript/fileName/AOVRecorderEditor.cs: 5ca53ccd6d7645709639507726114395 -> 
  custom:container-muxer-webm: aa71ff27fc2769a1b78a27578f13a17b -> 
  custom:video-decoder-webm-vp8: 9c59270c3fd7afecdb556c50c9e8de78 -> 
  custom:scripting/monoscript/fileName/RecordingSession.cs: f3ad08157c278a036224ca395f350890 -> 
  custom:scripting/monoscript/fileName/GameViewSize.cs: f6128a6515fcafce6db32fcdfa107254 -> 
  custom:scripting/monoscript/fileName/UnityHelpers.cs: b3e077029b574be508585124a9d839ef -> 
  custom:SearchIndexIgnoredProperties: e643bd26f0fe6173181afceb89e7c659 -> 
  custom:scripting/monoscript/fileName/GIFRecorder.cs: c00ece885699fb9084deaccd3eb27518 -> 
  custom:AudioImporter_EditorPlatform: d09bf68614088b80899f8185d706f6e7 -> 
  custom:scripting/monoscript/fileName/EXRRecorder.cs: 3f576ce8ddd959d51a4d7ba1999ecdbb -> 
  custom:scripting/monoscript/fileName/WEBMRecorder.cs: 391b6b920cfbc02401ea522620320c93 -> 
  custom:scripting/monoscript/fileName/RenderTextureSampler.cs: 1a7b9abab9548e1054dc40d6e2fa0270 -> 
  custom:scripting/monoscript/fileName/GifEncoder.cs: 40f336d5c5042a8a04556b4c5804a538 -> 
  custom:scripting/monoscript/fileName/GenericRecorder.cs: 90647cc400823b41df847a6cbfc29026 -> 
  custom:scripting/monoscript/fileName/ImageInputSelector.cs: f55822da877594150873922341be92b6 -> 
  custom:scripting/monoscript/fileName/AnimationRecorderSettingsEditor.cs: db1294bf3d48be44b6e4b2f2cc100b02 -> 
  custom:scripting/monoscript/fileName/RecorderTrack.cs: fac9638ece7eb7daaa1302fa170613fd -> 
  custom:scripting/monoscript/fileName/InputSettingsSelector.cs: 499a4ec92267406782b5c4f3472d53b9 -> 
  custom:scripting/monoscript/fileName/FileNameGenerator.cs: 5c8b6eb5291c3311189e0dfadac99363 -> 
  custom:scripting/monoscript/fileName/RecorderItem.cs: b62d2fcb9547a248575727d8a1646db8 -> 
  custom:scripting/monoscript/fileName/TextureFlipper.cs: 825b503b2ddab9cbd8ebbf3038075092 -> 
  custom:scripting/monoscript/fileName/AccumulationSettings.cs: fb962f0c2333934b681b167574f5e1cd -> 
  custom:scripting/monoscript/fileName/Camera360InputPropertyDrawer.cs: af647a2fe91bec98139246321cac865d -> 
  custom:scripting/monoscript/fileName/RecorderClipEditor.cs: 947ad5ff1f968d7fc40767d187070964 -> 
  custom:scripting/monoscript/fileName/EXRRecorderSettingsEditor.cs: c520a04c5f01331f2c8800e289ef6d6f -> 
  custom:scripting/monoscript/fileName/CoreEncoder.cs: dfaed86e82ad12e6a2b6740a0fb35820 -> 
  custom:scripting/monoscript/fileName/PNGRecorderSettings.cs: 79a421225358808ff14dd88c0355d1b6 -> 
  custom:scripting/monoscript/fileName/AspectRatioPropertyDrawer.cs: 9f18568574138839573389bde3e660a7 -> 
  custom:scripting/monoscript/fileName/ProResEncoder.cs: b375bf2d41e3d89081c3f2d1a0823bf3 -> 
  custom:scripting/monoscript/fileName/CameraInput.cs: bf7e0df3caf9e500f6d1c98c99e165ba -> 
  custom:scripting/monoscript/fileName/RecorderSettings.cs: bc3ef26ac157af28e5460886c0d5ef2e -> 
  custom:scripting/monoscript/fileName/RecorderClipTimelineEditor.cs: 2995d9f50ebc9245c6e9bd75c56415fb -> 
  custom:scripting/monoscript/fileName/EncoderSettingsAttribute.cs: 8352396dc11cff58c65c429fdb4fc67e -> 
  custom:scripting/monoscript/fileName/MP4Recorder.cs: af531c4e1f6d23547da08837eb16b729 -> 
  custom:scripting/monoscript/fileName/EncoderTypeUtilities.cs: a12c4c78a6cd4fb6b93180d59ad77be8 -> 
  custom:scripting/monoscript/fileName/PooledBufferAsyncGPUReadback.cs: 2a4e50c5dda177306c9ec935763c4378 -> 
  custom:scripting/monoscript/fileName/AnimationRecorder.cs: f749a4250195b5467bbf05e3a976b59f -> 
  custom:scripting/precompiled-assembly-types:Unity.Recorder.Base: 3fec19fdf10e3518c41e41a932f2042f -> 
  custom:scripting/monoscript/fileName/AnimationRecorderSettings.cs: 5cfb1544a40f93fe0ea879bb1361c877 -> 
  custom:scripting/monoscript/fileName/RenderTextureSamplerSettings.cs: 68adab84706346f2ecbdfd649ca9cf61 -> 
  custom:scripting/monoscript/fileName/RecordingContext.cs: af9af1e8b283703482ba133924b5585a -> 
  custom:scripting/monoscript/fileName/RecorderSelector.cs: c3cd2caacd181d6eff54dc260c4a1ffb -> 
  custom:video-encoder-webm-vp8: eb34c28f22e8b96e1ab97ce403110664 -> 
  custom:scripting/monoscript/fileName/RecorderInput.cs: 88fd8d8fd71b34ed7298a01f6c2d2e40 -> 
  custom:scripting/monoscript/fileName/RenderTextureSamplerPropertyDrawer.cs: b541817d9cc9b1341d2ddfa8823b718d -> 
  custom:scripting/monoscript/fileName/RecorderSettingsAttribute.cs: ddd228b25da7ba2ac10d13e1efacc875 -> 
  custom:audio-decoder-ogg-vorbis: bf7c407c2cedff20999df2af8eb42d56 -> 
  custom:scripting/monoscript/fileName/OutputPathDrawer.cs: cffc34c1be094e6caeb13ff3b26ca679 -> 
  custom:scripting/monoscript/fileName/EditorVersionsHelper.cs: 3ad9098caeeff0295dba8c0911f5333a -> 
  custom:scripting/monoscript/fileName/SettingAsset.cs: 7c3790954696ae83d71055079b387931 -> 
  custom:scripting/monoscript/fileName/OutputResolution.cs: 31c632d97e9a69bcc2ef10f6feb5bf62 -> 
  custom:scripting/monoscript/fileName/AccumulationSettingsPropertyDrawer.cs: bfc920db0de3c29c2967e88aac1c1027 -> 
  custom:scripting/monoscript/fileName/AnimationInputSettingsPropertyDrawer.cs: ebe1771fecebe7a93badf6354f59c990 -> 
  custom:scripting/monoscript/fileName/CoreEncoderSettings.cs: 2b5db1db3c1fa7de4175a7e143de3ce5 -> 
  custom:scripting/monoscript/fileName/VisualListItem.cs: 90647cc400823b41df847a6cbfc29026 -> 
  custom:scripting/monoscript/fileName/FrameRateProperyDrawer.cs: c478c798f5354f66af45b380be0629f9 -> 
  custom:scripting/monoscript/fileName/InputSettingsSelectorDrawer.cs: bca46dd5b59e2f574c94bef4cdb878fb -> 
  custom:scripting/monoscript/fileName/RecorderWindow.cs: 553a30d64d5ef1dcad6b00b4eeeb3829 -> 
  custom:scripting/monoscript/fileName/AOVCameraInputSettings.cs: 4d2fdf1142ce53d73cb43d39944ba516 -> 
  custom:scripting/monoscript/fileName/EnumProperyDrawer.cs: 90647cc400823b41df847a6cbfc29026 -> 
  custom:scripting/monoscript/fileName/AOVImageInputSelector.cs: b741d8d3a7cbb503c5bdf23d7e6792db -> 
  custom:scripting/monoscript/fileName/CoreEncoderSettingsPropertyDrawer.cs: c8bdf3420d844fd4604c0d0cf3815355 -> 
  custom:scripting/monoscript/fileName/GifEncoderSettings.cs: 812ca6afdf48b830953d76adab9d4030 -> 
  custom:scripting/monoscript/fileName/GIFRecorderSettingsEditor.cs: 4d0f46bcf58d188895fabae5334995ae -> 
  custom:scripting/monoscript/fileName/IEncoder.cs: 007c2ef621b0d92b5a7a6bae91d26090 -> 
  custom:scripting/monoscript/fileName/RecorderOptions.cs: 74782d297e80d8f56c0e05a7cde4e51d -> 
  custom:scripting/precompiled-assembly-types:Unity.Recorder.Editor: cd22b836ef1ca10e7d8c91c9be46b4bf -> 
  custom:scripting/monoscript/fileName/ProResEncoderSettingsPropertyDrawer.cs: 68c25e6d4459336217d4b9e22eb707b4 -> 
  custom:scripting/monoscript/fileName/ImageRecorder.cs: b804c29bfc59a61db184c1d275fe4101 -> 
  custom:scripting/monoscript/fileName/EditableLabel.cs: 4f8fa2c6092744ed6607a411e3f617c0 -> 
  custom:scripting/monoscript/fileName/GameViewInput.cs: 596e7ffa2d11b2002176644af3247ea6 -> 
  custom:audio-encoder-webm-vorbis: bf7c407c2cedff20999df2af8eb42d56 -> 
  custom:scripting/monoscript/fileName/SerializedDictionnary.cs: 90647cc400823b41df847a6cbfc29026 -> 
  custom:scripting/monoscript/fileName/HammersleySequence.cs: b06601f044912976f668045b7d4c79a8 -> 
  custom:scripting/monoscript/fileName/_RecorderComponent.cs: 8c268d1df4e18643d83ea9c6eeba2d9f -> 
  custom:scripting/monoscript/fileName/IAccumulation.cs: 38dee62d444423165276e3254554d005 -> 
  custom:scripting/monoscript/fileName/RecorderController.cs: 5760bd2995080b8d0d9d9e88ab8933c6 -> 
  custom:scripting/monoscript/fileName/EXRRecorderSettings.cs: bf113df492cb5b25e11ec144a73c2f74 -> 
========================================================================
Received Import Request.
  Time since last request: 13.546886 seconds.
  path: Assets/Prefabs/Cube.prefab
  artifactKey: Guid(6f465dab9e6bdbc40b292aa1082e7dd9) Importer(815301076,1909f56bfc062723c751e8b465ee728b)
Start importing Assets/Prefabs/Cube.prefab using Guid(6f465dab9e6bdbc40b292aa1082e7dd9) Importer(815301076,1909f56bfc062723c751e8b465ee728b) [PhysX] Initialized MultithreadedTaskDispatcher with 12 workers.
 -> (artifact id: '9d04fdfc94419e9d414e421f41762208') in 0.001414 seconds
Number of updated asset objects reloaded before import = 0
Number of asset objects unloaded after import = 0
========================================================================
Received Import Request.
  Time since last request: 28.566072 seconds.
  path: Assets/Prefabs/Cube.prefab
  artifactKey: Guid(6f465dab9e6bdbc40b292aa1082e7dd9) Importer(815301076,1909f56bfc062723c751e8b465ee728b)
Start importing Assets/Prefabs/Cube.prefab using Guid(6f465dab9e6bdbc40b292aa1082e7dd9) Importer(815301076,1909f56bfc062723c751e8b465ee728b) [PhysX] Initialized MultithreadedTaskDispatcher with 12 workers.
 -> (artifact id: '9d04fdfc94419e9d414e421f41762208') in 0.000437 seconds
Number of updated asset objects reloaded before import = 0
Number of asset objects unloaded after import = 0
========================================================================
Received Prepare
Caller must complete domain reload
Begin MonoManager ReloadAssembly
- Loaded All Assemblies, in  0.444 seconds
Native extension for WindowsStandalone target not found
Native extension for iOS target not found
Native extension for Android target not found
Mono: successfully reloaded assembly
- Finished resetting the current domain, in  0.942 seconds
Domain Reload Profiling: 1382ms
	BeginReloadAssembly (132ms)
		ExecutionOrderSort (0ms)
		DisableScriptedObjects (4ms)
		BackupInstance (0ms)
		ReleaseScriptingObjects (0ms)
		CreateAndSetChildDomain (24ms)
	RebuildCommonClasses (30ms)
	RebuildNativeTypeToScriptingClass (8ms)
	initialDomainReloadingComplete (27ms)
	LoadAllAssembliesAndSetupDomain (242ms)
		LoadAssemblies (299ms)
		RebuildTransferFunctionScriptingTraits (0ms)
		AnalyzeDomain (18ms)
			TypeCache.Refresh (7ms)
				TypeCache.ScanAssembly (0ms)
			ScanForSourceGeneratedMonoScriptInfo (5ms)
			ResolveRequiredComponents (5ms)
	FinalizeReload (942ms)
		ReleaseScriptCaches (0ms)
		RebuildScriptCaches (0ms)
		SetupLoadedEditorAssemblies (462ms)
			LogAssemblyErrors (0ms)
			InitializePlatformSupportModulesInManaged (27ms)
			SetLoadedEditorAssemblies (3ms)
			RefreshPlugins (0ms)
			BeforeProcessingInitializeOnLoad (82ms)
			ProcessInitializeOnLoadAttributes (324ms)
			ProcessInitializeOnLoadMethodAttributes (16ms)
			AfterProcessingInitializeOnLoad (9ms)
			EditorAssembliesLoaded (0ms)
		ExecutionOrderSort2 (0ms)
		AwakeInstancesAfterBackupRestoration (5ms)
Refreshing native plugins compatible for Editor in 5.10 ms, found 6 plugins.
Preloading 0 native plugins for Editor in 0.00 ms.
Unloading 3255 Unused Serialized files (Serialized files now loaded: 0)
Unloading 21 unused Assets / (335.7 KB). Loaded Objects now: 3796.
Memory consumption went from 127.4 MB to 127.1 MB.
Total: 2.467300 ms (FindLiveObjects: 0.182000 ms CreateObjectMapping: 0.075600 ms MarkObjects: 2.041500 ms  DeleteObjects: 0.167800 ms)

Prepare: number of updated asset objects reloaded= 0
AssetImportParameters requested are different than current active one (requested -> active):
  custom:scripting/monoscript/fileName/WEBMRecorderSettingsEditor.cs: 5559c87f45d3b65fac8d5ac4ef5e81c8 -> 
  custom:scripting/monoscript/fileName/UIElementHelper.cs: 9f9438adfe3361012ea6280d4cdb2df4 -> 
  custom:scripting/monoscript/fileName/AOVCameraInput.cs: c23c8ce885672bc57e25263b3efd067a -> 
  custom:scripting/monoscript/fileName/BaseTextureRecorder.cs: 90647cc400823b41df847a6cbfc29026 -> 
  custom:scripting/monoscript/fileName/Recorder.cs: a7e319d512627774f8215ba0b76f0bcb -> 
  custom:scripting/monoscript/fileName/AudioRecorder.cs: 89550121570f22445b4a1b28daea3cf9 -> 
  custom:scripting/monoscript/fileName/PanelSplitter.cs: 5ff6c6e385b6b12ca322a9c92ac6f371 -> 
  custom:scripting/monoscript/fileName/ImageRecorderSettings.cs: a7ab05fac9382c03607c40fe73956ed6 -> 
  custom:scripting/monoscript/fileName/RecorderClip.cs: 897017f45cb3c30f306724d1fa17a8fe -> 
  custom:scripting/monoscript/fileName/GIFRecorderSettings.cs: 979f88ae1e7731daed242ab2fdebbc0e -> 
  custom:container-demuxer-ogg: 62fdf1f143b41e24485cea50d1cbac27 -> 
  custom:scripting/monoscript/fileName/MovieRecorder.cs: 024785cf83e1399f425b2aa115d22e2b -> 
  custom:scripting/monoscript/fileName/RecorderControllerSettingsPresetEditor.cs: 49aed206ae65ed5ac6b420f7104cd52d -> 
  custom:scripting/monoscript/fileName/AudioInput.cs: 499e96d8f0b35d362bd956c0975bb873 -> 
  custom:scripting/monoscript/fileName/WEBMRecorderSettings.cs: c176c43abbe456aeea55c2aef862801b -> 
  custom:scripting/monoscript/fileName/RecorderControllerSettingsPreset.cs: 78b391c1384ac60213ef58d50e78d553 -> 
  custom:scripting/monoscript/fileName/GameViewInputSettings.cs: a7ae22123f532f5bbcb39c654c998b57 -> 
  custom:scripting/monoscript/fileName/GameViewInputPropertyDrawer.cs: ae2c8a99c5e33d3d1ffc8232415130e8 -> 
  custom:scripting/monoscript/fileName/Camera360Input.cs: dc473b118c57e0734b0cd3476e333c06 -> 
  custom:scripting/monoscript/fileName/RecorderPreferencesSettingsProvider.cs: d92d314b87f7c2170e267636ebf38224 -> 
  custom:scripting/monoscript/fileName/RecorderBindings.cs: ac25db5b587307cfea909607f62e5641 -> 
  custom:video-decoder-ogg-theora: a1e56fd34408186e4bbccfd4996cb3dc -> 
  custom:scripting/monoscript/fileName/GIFWrapper.cs: 6ef8898a12699129e8f81f06a649cad1 -> 
  custom:scripting/monoscript/fileName/SceneHook.cs: 80fa8928b499d44515dd60e0bc895128 -> 
  custom:scripting/monoscript/fileName/AnimationInput.cs: e810137278708a698c5ccddaeb1a1e64 -> 
  custom:scripting/monoscript/fileName/OutputResolutionPropertyDrawer.cs: 0e33ffdf424417a2e685685cfc04d4b1 -> 
  custom:scripting/monoscript/fileName/EnumHelper.cs: 117b5609cc2a1ae41785cd0c8767815f -> 
  custom:scripting/monoscript/fileName/OutputPath.cs: ee51fcffcd8929d224a5e3fb152d5f62 -> 
  custom:scripting/monoscript/fileName/FileNameGeneratorDrawer.cs: a3ea71dec141084df9b7ffa19c11e2cb -> 
  custom:framework-win-MediaFoundation: 216162199b28c13a410421893ffa2e32 -> 
  custom:scripting/monoscript/fileName/RecorderPreferencesWindowGUIScope.cs: 7a2eba6fcb6829ea8b200991a02c9c06 -> 
  custom:scripting/monoscript/fileName/AspectRatio.cs: 18e3efa554f8258b676d4de53e38b642 -> 
  custom:scripting/monoscript/fileName/CameraInputSettings.cs: 6738f6dd994f658d2cbf6f5f3ba05a0e -> 
  custom:scripting/monoscript/fileName/RefHandle.cs: 90647cc400823b41df847a6cbfc29026 -> 
  custom:scripting/monoscript/fileName/CameraCapture.cs: c6dcba1380d9a4fa09f4e36182a45a73 -> 
  custom:scripting/monoscript/fileName/RecorderControllerSettings.cs: 989e0caa64af9b76551d4ff6bd15f598 -> 
  custom:scripting/monoscript/fileName/TargetedPropertyDrawer.cs: 90647cc400823b41df847a6cbfc29026 -> 
  custom:scripting/monoscript/fileName/MovieRecorderSettings.cs: 02a667a67b113b1f65e3fcadcc882513 -> 
  custom:scripting/monoscript/fileName/RenderTextureInputSettings.cs: ebca820667a63031a7597db85d26451a -> 
  custom:scripting/monoscript/fileName/ImageRecorderEditor.cs: d3134ae4c1dfd8e056bace11130b7692 -> 
  custom:scripting/monoscript/fileName/ProResEncoderSettings.cs: 4aca03881946a7fe9acacf199434009e -> 
  custom:scripting/monoscript/fileName/_FrameRequestComponent.cs: b34f171daaafc65da55ea68e2ed89f2b -> 
  custom:scripting/monoscript/fileName/RenderTextureInput.cs: 5dea77837ae3c82bb14643cd82dc06dc -> 
  custom:scripting/monoscript/fileName/RecorderAnalytics.cs: 0fa40093f6ac3fe75e92d746d563e5ee -> 
  custom:scripting/monoscript/fileName/MP4RecorderSettingsEditor.cs: 68a64b16a7961d71fa7286fd1f782e9b -> 
  custom:scripting/monoscript/fileName/RecorderBindingsEditor.cs: f7451a0e1cea6404b2976d2b2c42e273 -> 
  custom:scripting/monoscript/fileName/BaseRenderTextureInput.cs: 5dc13661a5a0dca5d09ca211933a44e2 -> 
  custom:scripting/monoscript/fileName/StatusBarHelper.cs: da04a6ed046f8a62f416d5d3ea415bef -> 
  custom:scripting/precompiled-assembly-types:Unity.Recorder: bd5378c99f6216e06dd6e2c2a60a86a4 -> 
  custom:CustomObjectIndexerAttribute: 9a22284fe3817be447336de3de66b15e -> 
  custom:scripting/monoscript/fileName/Camera360InputSettings.cs: 3d5eaf1cb3a9df6f9d1d52f3c3018c46 -> 
  custom:scripting/monoscript/fileName/PNGRecorderSettingsEditor.cs: 4970e6657bb34f7efc2c7d8168c7358b -> 
  custom:scripting/monoscript/fileName/ImageHeightSelector.cs: d1a7972bf1d79d90f09ab23c718afe39 -> 
  custom:scripting/monoscript/fileName/AnimationInputSettings.cs: d64a99ebbd13660e9264cb4111ab9832 -> 
  custom:scripting/monoscript/fileName/MP4RecorderSettings.cs: 551f5535c05b86d6ee91684eced14987 -> 
  custom:scripting/monoscript/fileName/RecorderPreferencesSettings.cs: 761b0a55fc5e50239a1d0c4bfc968274 -> 
  custom:container-demuxer-webm: 4f35f7cbe854078d1ac9338744f61a02 -> 
  custom:scripting/monoscript/fileName/RecorderSettingsPrefsEditor.cs: ba9e697f1d269c2c960a41bc543fa408 -> 
  custom:scripting/monoscript/fileName/ProResWrapper.cs: 712515ef615766c98115c6a20d85d6c8 -> 
  custom:scripting/monoscript/fileName/RecordModePropertyDrawer.cs: 165332db07362bbcab2d8dc6d1e1dfda -> 
  custom:scripting/monoscript/fileName/ImageInputSettings.cs: 98a2aedd167d40f01804b04845eeaf15 -> 
  custom:scripting/monoscript/fileName/SerializableObjHelper.cs: f19f181f3f05e8e393225dd7030fb66a -> 
  custom:scripting/monoscript/fileName/InputPropertyDrawer.cs: 90647cc400823b41df847a6cbfc29026 -> 
  custom:scripting/monoscript/fileName/AudioInputSettings.cs: a2c930fca1dd5e27705fbacf39727bb4 -> 
  custom:scripting/monoscript/fileName/InputSettings.cs: 35c56ce5488c6b464726305dcbd33b3d -> 
  custom:scripting/monoscript/fileName/RecorderEditor.cs: 736e59ba52eea987abc47f36a836e575 -> 
  custom:scripting/monoscript/fileName/AudioRecorderSettings.cs: 0b00f2c93558486cc61a06f270f43fea -> 
  custom:scripting/monoscript/fileName/RecordersInventory.cs: fb714c8df18f9b7fc7f3361f604ae3dc -> 
  custom:scripting/monoscript/fileName/BaseFCRecorderSettings.cs: fab928553cedb8703ac192d6cf7b6294 -> 
  custom:scripting/monoscript/fileName/AOVRecorderSettings.cs: cdc731153cd2f1f739300a28ea6a6608 -> 
  custom:scripting/monoscript/fileName/EXRCompressionTypeDrawer.cs: 301cb614ecf84a4dab346c5f76ea2016 -> 
  custom:scripting/monoscript/fileName/AOVRecorder.cs: c53e83f1863b3ea80b6df3885cdb8c82 -> 
  custom:scripting/monoscript/fileName/IEncoderSettings.cs: c7d04fadacf538db841606cc656ae724 -> 
  custom:scripting/monoscript/fileName/ShutterProfileTypePropertyDrawer.cs: 18a32c647eca27716eabcb5a44f00e32 -> 
  custom:scripting/monoscript/fileName/MovieRecorderEditor.cs: eb00ddb8a76b8dfb7c88b7826a49d38b -> 
  custom:scripting/monoscript/fileName/RenderTextureInputSettingsPropertyDrawer.cs: 809602b52454cd1e6229756218a8f453 -> 
  custom:scripting/monoscript/fileName/RecorderPlayableBehaviour.cs: 80165a21f4cd0dda690f708a19d389bd -> 
  custom:scripting/monoscript/fileName/GifEncoderSettingsPropertyDrawer.cs: b36c9a7eaaefccda514b23d7e14761ca -> 
  custom:scripting/monoscript/fileName/PNGRecorder.cs: 08fd40f88cb6b18c96882f263639f57d -> 
  custom:scripting/monoscript/fileName/CameraInputSettingsPropertyDrawer.cs: 91928abf1abf88be098cb088d896aec5 -> 
  custom:scripting/monoscript/fileName/AudioRecorderEditor.cs: 565168dec291afe3fa470657cfc2c123 -> 
  custom:scripting/monoscript/fileName/AOVRecorderEditor.cs: 5ca53ccd6d7645709639507726114395 -> 
  custom:container-muxer-webm: aa71ff27fc2769a1b78a27578f13a17b -> 
  custom:video-decoder-webm-vp8: 9c59270c3fd7afecdb556c50c9e8de78 -> 
  custom:scripting/monoscript/fileName/RecordingSession.cs: f3ad08157c278a036224ca395f350890 -> 
  custom:scripting/monoscript/fileName/GameViewSize.cs: f6128a6515fcafce6db32fcdfa107254 -> 
  custom:scripting/monoscript/fileName/UnityHelpers.cs: b3e077029b574be508585124a9d839ef -> 
  custom:SearchIndexIgnoredProperties: e643bd26f0fe6173181afceb89e7c659 -> 
  custom:scripting/monoscript/fileName/GIFRecorder.cs: c00ece885699fb9084deaccd3eb27518 -> 
  custom:AudioImporter_EditorPlatform: d09bf68614088b80899f8185d706f6e7 -> 
  custom:scripting/monoscript/fileName/EXRRecorder.cs: 3f576ce8ddd959d51a4d7ba1999ecdbb -> 
  custom:scripting/monoscript/fileName/WEBMRecorder.cs: 391b6b920cfbc02401ea522620320c93 -> 
  custom:scripting/monoscript/fileName/RenderTextureSampler.cs: 1a7b9abab9548e1054dc40d6e2fa0270 -> 
  custom:scripting/monoscript/fileName/GifEncoder.cs: 40f336d5c5042a8a04556b4c5804a538 -> 
  custom:scripting/monoscript/fileName/GenericRecorder.cs: 90647cc400823b41df847a6cbfc29026 -> 
  custom:scripting/monoscript/fileName/ImageInputSelector.cs: f55822da877594150873922341be92b6 -> 
  custom:scripting/monoscript/fileName/AnimationRecorderSettingsEditor.cs: db1294bf3d48be44b6e4b2f2cc100b02 -> 
  custom:scripting/monoscript/fileName/RecorderTrack.cs: fac9638ece7eb7daaa1302fa170613fd -> 
  custom:scripting/monoscript/fileName/InputSettingsSelector.cs: 499a4ec92267406782b5c4f3472d53b9 -> 
  custom:scripting/monoscript/fileName/FileNameGenerator.cs: 5c8b6eb5291c3311189e0dfadac99363 -> 
  custom:scripting/monoscript/fileName/RecorderItem.cs: b62d2fcb9547a248575727d8a1646db8 -> 
  custom:scripting/monoscript/fileName/TextureFlipper.cs: 825b503b2ddab9cbd8ebbf3038075092 -> 
  custom:scripting/monoscript/fileName/AccumulationSettings.cs: fb962f0c2333934b681b167574f5e1cd -> 
  custom:scripting/monoscript/fileName/Camera360InputPropertyDrawer.cs: af647a2fe91bec98139246321cac865d -> 
  custom:scripting/monoscript/fileName/RecorderClipEditor.cs: 947ad5ff1f968d7fc40767d187070964 -> 
  custom:scripting/monoscript/fileName/EXRRecorderSettingsEditor.cs: c520a04c5f01331f2c8800e289ef6d6f -> 
  custom:scripting/monoscript/fileName/CoreEncoder.cs: dfaed86e82ad12e6a2b6740a0fb35820 -> 
  custom:scripting/monoscript/fileName/PNGRecorderSettings.cs: 79a421225358808ff14dd88c0355d1b6 -> 
  custom:scripting/monoscript/fileName/AspectRatioPropertyDrawer.cs: 9f18568574138839573389bde3e660a7 -> 
  custom:scripting/monoscript/fileName/ProResEncoder.cs: b375bf2d41e3d89081c3f2d1a0823bf3 -> 
  custom:scripting/monoscript/fileName/CameraInput.cs: bf7e0df3caf9e500f6d1c98c99e165ba -> 
  custom:scripting/monoscript/fileName/RecorderSettings.cs: bc3ef26ac157af28e5460886c0d5ef2e -> 
  custom:scripting/monoscript/fileName/RecorderClipTimelineEditor.cs: 2995d9f50ebc9245c6e9bd75c56415fb -> 
  custom:scripting/monoscript/fileName/EncoderSettingsAttribute.cs: 8352396dc11cff58c65c429fdb4fc67e -> 
  custom:scripting/monoscript/fileName/MP4Recorder.cs: af531c4e1f6d23547da08837eb16b729 -> 
  custom:scripting/monoscript/fileName/EncoderTypeUtilities.cs: a12c4c78a6cd4fb6b93180d59ad77be8 -> 
  custom:scripting/monoscript/fileName/PooledBufferAsyncGPUReadback.cs: 2a4e50c5dda177306c9ec935763c4378 -> 
  custom:scripting/monoscript/fileName/AnimationRecorder.cs: f749a4250195b5467bbf05e3a976b59f -> 
  custom:scripting/precompiled-assembly-types:Unity.Recorder.Base: 3fec19fdf10e3518c41e41a932f2042f -> 
  custom:scripting/monoscript/fileName/AnimationRecorderSettings.cs: 5cfb1544a40f93fe0ea879bb1361c877 -> 
  custom:scripting/monoscript/fileName/RenderTextureSamplerSettings.cs: 68adab84706346f2ecbdfd649ca9cf61 -> 
  custom:scripting/monoscript/fileName/RecordingContext.cs: af9af1e8b283703482ba133924b5585a -> 
  custom:scripting/monoscript/fileName/RecorderSelector.cs: c3cd2caacd181d6eff54dc260c4a1ffb -> 
  custom:video-encoder-webm-vp8: eb34c28f22e8b96e1ab97ce403110664 -> 
  custom:scripting/monoscript/fileName/RecorderInput.cs: 88fd8d8fd71b34ed7298a01f6c2d2e40 -> 
  custom:scripting/monoscript/fileName/RenderTextureSamplerPropertyDrawer.cs: b541817d9cc9b1341d2ddfa8823b718d -> 
  custom:scripting/monoscript/fileName/RecorderSettingsAttribute.cs: ddd228b25da7ba2ac10d13e1efacc875 -> 
  custom:audio-decoder-ogg-vorbis: bf7c407c2cedff20999df2af8eb42d56 -> 
  custom:scripting/monoscript/fileName/OutputPathDrawer.cs: cffc34c1be094e6caeb13ff3b26ca679 -> 
  custom:scripting/monoscript/fileName/EditorVersionsHelper.cs: 3ad9098caeeff0295dba8c0911f5333a -> 
  custom:scripting/monoscript/fileName/SettingAsset.cs: 7c3790954696ae83d71055079b387931 -> 
  custom:scripting/monoscript/fileName/OutputResolution.cs: 31c632d97e9a69bcc2ef10f6feb5bf62 -> 
  custom:scripting/monoscript/fileName/AccumulationSettingsPropertyDrawer.cs: bfc920db0de3c29c2967e88aac1c1027 -> 
  custom:scripting/monoscript/fileName/AnimationInputSettingsPropertyDrawer.cs: ebe1771fecebe7a93badf6354f59c990 -> 
  custom:scripting/monoscript/fileName/CoreEncoderSettings.cs: 2b5db1db3c1fa7de4175a7e143de3ce5 -> 
  custom:scripting/monoscript/fileName/VisualListItem.cs: 90647cc400823b41df847a6cbfc29026 -> 
  custom:scripting/monoscript/fileName/FrameRateProperyDrawer.cs: c478c798f5354f66af45b380be0629f9 -> 
  custom:scripting/monoscript/fileName/InputSettingsSelectorDrawer.cs: bca46dd5b59e2f574c94bef4cdb878fb -> 
  custom:scripting/monoscript/fileName/RecorderWindow.cs: 553a30d64d5ef1dcad6b00b4eeeb3829 -> 
  custom:scripting/monoscript/fileName/AOVCameraInputSettings.cs: 4d2fdf1142ce53d73cb43d39944ba516 -> 
  custom:scripting/monoscript/fileName/EnumProperyDrawer.cs: 90647cc400823b41df847a6cbfc29026 -> 
  custom:scripting/monoscript/fileName/AOVImageInputSelector.cs: b741d8d3a7cbb503c5bdf23d7e6792db -> 
  custom:scripting/monoscript/fileName/CoreEncoderSettingsPropertyDrawer.cs: c8bdf3420d844fd4604c0d0cf3815355 -> 
  custom:scripting/monoscript/fileName/GifEncoderSettings.cs: 812ca6afdf48b830953d76adab9d4030 -> 
  custom:scripting/monoscript/fileName/GIFRecorderSettingsEditor.cs: 4d0f46bcf58d188895fabae5334995ae -> 
  custom:scripting/monoscript/fileName/IEncoder.cs: 007c2ef621b0d92b5a7a6bae91d26090 -> 
  custom:scripting/monoscript/fileName/RecorderOptions.cs: 74782d297e80d8f56c0e05a7cde4e51d -> 
  custom:scripting/precompiled-assembly-types:Unity.Recorder.Editor: cd22b836ef1ca10e7d8c91c9be46b4bf -> 
  custom:scripting/monoscript/fileName/ProResEncoderSettingsPropertyDrawer.cs: 68c25e6d4459336217d4b9e22eb707b4 -> 
  custom:scripting/monoscript/fileName/ImageRecorder.cs: b804c29bfc59a61db184c1d275fe4101 -> 
  custom:scripting/monoscript/fileName/EditableLabel.cs: 4f8fa2c6092744ed6607a411e3f617c0 -> 
  custom:scripting/monoscript/fileName/GameViewInput.cs: 596e7ffa2d11b2002176644af3247ea6 -> 
  custom:audio-encoder-webm-vorbis: bf7c407c2cedff20999df2af8eb42d56 -> 
  custom:scripting/monoscript/fileName/SerializedDictionnary.cs: 90647cc400823b41df847a6cbfc29026 -> 
  custom:scripting/monoscript/fileName/HammersleySequence.cs: b06601f044912976f668045b7d4c79a8 -> 
  custom:scripting/monoscript/fileName/_RecorderComponent.cs: 8c268d1df4e18643d83ea9c6eeba2d9f -> 
  custom:scripting/monoscript/fileName/IAccumulation.cs: 38dee62d444423165276e3254554d005 -> 
  custom:scripting/monoscript/fileName/RecorderController.cs: 5760bd2995080b8d0d9d9e88ab8933c6 -> 
  custom:scripting/monoscript/fileName/EXRRecorderSettings.cs: bf113df492cb5b25e11ec144a73c2f74 -> 
========================================================================
Received Import Request.
  Time since last request: 4.655375 seconds.
  path: Assets/Prefabs/Cube.prefab
  artifactKey: Guid(6f465dab9e6bdbc40b292aa1082e7dd9) Importer(815301076,1909f56bfc062723c751e8b465ee728b)
Start importing Assets/Prefabs/Cube.prefab using Guid(6f465dab9e6bdbc40b292aa1082e7dd9) Importer(815301076,1909f56bfc062723c751e8b465ee728b) [PhysX] Initialized MultithreadedTaskDispatcher with 12 workers.
 -> (artifact id: '9d04fdfc94419e9d414e421f41762208') in 0.001445 seconds
Number of updated asset objects reloaded before import = 0
Number of asset objects unloaded after import = 0
========================================================================
Received Prepare
Caller must complete domain reload
Begin MonoManager ReloadAssembly
- Loaded All Assemblies, in  0.412 seconds
Native extension for WindowsStandalone target not found
Native extension for iOS target not found
Native extension for Android target not found
Mono: successfully reloaded assembly
- Finished resetting the current domain, in  0.967 seconds
Domain Reload Profiling: 1375ms
	BeginReloadAssembly (126ms)
		ExecutionOrderSort (0ms)
		DisableScriptedObjects (4ms)
		BackupInstance (0ms)
		ReleaseScriptingObjects (0ms)
		CreateAndSetChildDomain (24ms)
	RebuildCommonClasses (26ms)
	RebuildNativeTypeToScriptingClass (9ms)
	initialDomainReloadingComplete (27ms)
	LoadAllAssembliesAndSetupDomain (220ms)
		LoadAssemblies (279ms)
		RebuildTransferFunctionScriptingTraits (0ms)
		AnalyzeDomain (11ms)
			TypeCache.Refresh (4ms)
				TypeCache.ScanAssembly (0ms)
			ScanForSourceGeneratedMonoScriptInfo (0ms)
			ResolveRequiredComponents (4ms)
	FinalizeReload (967ms)
		ReleaseScriptCaches (0ms)
		RebuildScriptCaches (0ms)
		SetupLoadedEditorAssemblies (486ms)
			LogAssemblyErrors (0ms)
			InitializePlatformSupportModulesInManaged (30ms)
			SetLoadedEditorAssemblies (5ms)
			RefreshPlugins (0ms)
			BeforeProcessingInitializeOnLoad (86ms)
			ProcessInitializeOnLoadAttributes (337ms)
			ProcessInitializeOnLoadMethodAttributes (18ms)
			AfterProcessingInitializeOnLoad (9ms)
			EditorAssembliesLoaded (0ms)
		ExecutionOrderSort2 (0ms)
		AwakeInstancesAfterBackupRestoration (5ms)
Refreshing native plugins compatible for Editor in 5.30 ms, found 6 plugins.
Preloading 0 native plugins for Editor in 0.00 ms.
Unloading 3255 Unused Serialized files (Serialized files now loaded: 0)
Unloading 21 unused Assets / (336.0 KB). Loaded Objects now: 3799.
Memory consumption went from 127.4 MB to 127.1 MB.
Total: 2.495500 ms (FindLiveObjects: 0.187000 ms CreateObjectMapping: 0.076500 ms MarkObjects: 2.061000 ms  DeleteObjects: 0.170300 ms)

Prepare: number of updated asset objects reloaded= 0
AssetImportParameters requested are different than current active one (requested -> active):
  custom:scripting/monoscript/fileName/WEBMRecorderSettingsEditor.cs: 5559c87f45d3b65fac8d5ac4ef5e81c8 -> 
  custom:scripting/monoscript/fileName/UIElementHelper.cs: 9f9438adfe3361012ea6280d4cdb2df4 -> 
  custom:scripting/monoscript/fileName/AOVCameraInput.cs: c23c8ce885672bc57e25263b3efd067a -> 
  custom:scripting/monoscript/fileName/BaseTextureRecorder.cs: 90647cc400823b41df847a6cbfc29026 -> 
  custom:scripting/monoscript/fileName/Recorder.cs: a7e319d512627774f8215ba0b76f0bcb -> 
  custom:scripting/monoscript/fileName/AudioRecorder.cs: 89550121570f22445b4a1b28daea3cf9 -> 
  custom:scripting/monoscript/fileName/PanelSplitter.cs: 5ff6c6e385b6b12ca322a9c92ac6f371 -> 
  custom:scripting/monoscript/fileName/ImageRecorderSettings.cs: a7ab05fac9382c03607c40fe73956ed6 -> 
  custom:scripting/monoscript/fileName/RecorderClip.cs: 897017f45cb3c30f306724d1fa17a8fe -> 
  custom:scripting/monoscript/fileName/GIFRecorderSettings.cs: 979f88ae1e7731daed242ab2fdebbc0e -> 
  custom:container-demuxer-ogg: 62fdf1f143b41e24485cea50d1cbac27 -> 
  custom:scripting/monoscript/fileName/MovieRecorder.cs: 024785cf83e1399f425b2aa115d22e2b -> 
  custom:scripting/monoscript/fileName/RecorderControllerSettingsPresetEditor.cs: 49aed206ae65ed5ac6b420f7104cd52d -> 
  custom:scripting/monoscript/fileName/AudioInput.cs: 499e96d8f0b35d362bd956c0975bb873 -> 
  custom:scripting/monoscript/fileName/WEBMRecorderSettings.cs: c176c43abbe456aeea55c2aef862801b -> 
  custom:scripting/monoscript/fileName/RecorderControllerSettingsPreset.cs: 78b391c1384ac60213ef58d50e78d553 -> 
  custom:scripting/monoscript/fileName/GameViewInputSettings.cs: a7ae22123f532f5bbcb39c654c998b57 -> 
  custom:scripting/monoscript/fileName/GameViewInputPropertyDrawer.cs: ae2c8a99c5e33d3d1ffc8232415130e8 -> 
  custom:scripting/monoscript/fileName/Camera360Input.cs: dc473b118c57e0734b0cd3476e333c06 -> 
  custom:scripting/monoscript/fileName/RecorderPreferencesSettingsProvider.cs: d92d314b87f7c2170e267636ebf38224 -> 
  custom:scripting/monoscript/fileName/RecorderBindings.cs: ac25db5b587307cfea909607f62e5641 -> 
  custom:video-decoder-ogg-theora: a1e56fd34408186e4bbccfd4996cb3dc -> 
  custom:scripting/monoscript/fileName/GIFWrapper.cs: 6ef8898a12699129e8f81f06a649cad1 -> 
  custom:scripting/monoscript/fileName/SceneHook.cs: 80fa8928b499d44515dd60e0bc895128 -> 
  custom:scripting/monoscript/fileName/AnimationInput.cs: e810137278708a698c5ccddaeb1a1e64 -> 
  custom:scripting/monoscript/fileName/OutputResolutionPropertyDrawer.cs: 0e33ffdf424417a2e685685cfc04d4b1 -> 
  custom:scripting/monoscript/fileName/EnumHelper.cs: 117b5609cc2a1ae41785cd0c8767815f -> 
  custom:scripting/monoscript/fileName/OutputPath.cs: ee51fcffcd8929d224a5e3fb152d5f62 -> 
  custom:scripting/monoscript/fileName/FileNameGeneratorDrawer.cs: a3ea71dec141084df9b7ffa19c11e2cb -> 
  custom:framework-win-MediaFoundation: 216162199b28c13a410421893ffa2e32 -> 
  custom:scripting/monoscript/fileName/RecorderPreferencesWindowGUIScope.cs: 7a2eba6fcb6829ea8b200991a02c9c06 -> 
  custom:scripting/monoscript/fileName/AspectRatio.cs: 18e3efa554f8258b676d4de53e38b642 -> 
  custom:scripting/monoscript/fileName/CameraInputSettings.cs: 6738f6dd994f658d2cbf6f5f3ba05a0e -> 
  custom:scripting/monoscript/fileName/RefHandle.cs: 90647cc400823b41df847a6cbfc29026 -> 
  custom:scripting/monoscript/fileName/CameraCapture.cs: c6dcba1380d9a4fa09f4e36182a45a73 -> 
  custom:scripting/monoscript/fileName/RecorderControllerSettings.cs: 989e0caa64af9b76551d4ff6bd15f598 -> 
  custom:scripting/monoscript/fileName/TargetedPropertyDrawer.cs: 90647cc400823b41df847a6cbfc29026 -> 
  custom:scripting/monoscript/fileName/MovieRecorderSettings.cs: 02a667a67b113b1f65e3fcadcc882513 -> 
  custom:scripting/monoscript/fileName/RenderTextureInputSettings.cs: ebca820667a63031a7597db85d26451a -> 
  custom:scripting/monoscript/fileName/ImageRecorderEditor.cs: d3134ae4c1dfd8e056bace11130b7692 -> 
  custom:scripting/monoscript/fileName/ProResEncoderSettings.cs: 4aca03881946a7fe9acacf199434009e -> 
  custom:scripting/monoscript/fileName/_FrameRequestComponent.cs: b34f171daaafc65da55ea68e2ed89f2b -> 
  custom:scripting/monoscript/fileName/RenderTextureInput.cs: 5dea77837ae3c82bb14643cd82dc06dc -> 
  custom:scripting/monoscript/fileName/RecorderAnalytics.cs: 0fa40093f6ac3fe75e92d746d563e5ee -> 
  custom:scripting/monoscript/fileName/MP4RecorderSettingsEditor.cs: 68a64b16a7961d71fa7286fd1f782e9b -> 
  custom:scripting/monoscript/fileName/RecorderBindingsEditor.cs: f7451a0e1cea6404b2976d2b2c42e273 -> 
  custom:scripting/monoscript/fileName/BaseRenderTextureInput.cs: 5dc13661a5a0dca5d09ca211933a44e2 -> 
  custom:scripting/monoscript/fileName/StatusBarHelper.cs: da04a6ed046f8a62f416d5d3ea415bef -> 
  custom:scripting/precompiled-assembly-types:Unity.Recorder: bd5378c99f6216e06dd6e2c2a60a86a4 -> 
  custom:CustomObjectIndexerAttribute: 9a22284fe3817be447336de3de66b15e -> 
  custom:scripting/monoscript/fileName/Camera360InputSettings.cs: 3d5eaf1cb3a9df6f9d1d52f3c3018c46 -> 
  custom:scripting/monoscript/fileName/PNGRecorderSettingsEditor.cs: 4970e6657bb34f7efc2c7d8168c7358b -> 
  custom:scripting/monoscript/fileName/ImageHeightSelector.cs: d1a7972bf1d79d90f09ab23c718afe39 -> 
  custom:scripting/monoscript/fileName/AnimationInputSettings.cs: d64a99ebbd13660e9264cb4111ab9832 -> 
  custom:scripting/monoscript/fileName/MP4RecorderSettings.cs: 551f5535c05b86d6ee91684eced14987 -> 
  custom:scripting/monoscript/fileName/RecorderPreferencesSettings.cs: 761b0a55fc5e50239a1d0c4bfc968274 -> 
  custom:container-demuxer-webm: 4f35f7cbe854078d1ac9338744f61a02 -> 
  custom:scripting/monoscript/fileName/RecorderSettingsPrefsEditor.cs: ba9e697f1d269c2c960a41bc543fa408 -> 
  custom:scripting/monoscript/fileName/ProResWrapper.cs: 712515ef615766c98115c6a20d85d6c8 -> 
  custom:scripting/monoscript/fileName/RecordModePropertyDrawer.cs: 165332db07362bbcab2d8dc6d1e1dfda -> 
  custom:scripting/monoscript/fileName/ImageInputSettings.cs: 98a2aedd167d40f01804b04845eeaf15 -> 
  custom:scripting/monoscript/fileName/SerializableObjHelper.cs: f19f181f3f05e8e393225dd7030fb66a -> 
  custom:scripting/monoscript/fileName/InputPropertyDrawer.cs: 90647cc400823b41df847a6cbfc29026 -> 
  custom:scripting/monoscript/fileName/AudioInputSettings.cs: a2c930fca1dd5e27705fbacf39727bb4 -> 
  custom:scripting/monoscript/fileName/InputSettings.cs: 35c56ce5488c6b464726305dcbd33b3d -> 
  custom:scripting/monoscript/fileName/RecorderEditor.cs: 736e59ba52eea987abc47f36a836e575 -> 
  custom:scripting/monoscript/fileName/AudioRecorderSettings.cs: 0b00f2c93558486cc61a06f270f43fea -> 
  custom:scripting/monoscript/fileName/RecordersInventory.cs: fb714c8df18f9b7fc7f3361f604ae3dc -> 
  custom:scripting/monoscript/fileName/BaseFCRecorderSettings.cs: fab928553cedb8703ac192d6cf7b6294 -> 
  custom:scripting/monoscript/fileName/AOVRecorderSettings.cs: cdc731153cd2f1f739300a28ea6a6608 -> 
  custom:scripting/monoscript/fileName/EXRCompressionTypeDrawer.cs: 301cb614ecf84a4dab346c5f76ea2016 -> 
  custom:scripting/monoscript/fileName/AOVRecorder.cs: c53e83f1863b3ea80b6df3885cdb8c82 -> 
  custom:scripting/monoscript/fileName/IEncoderSettings.cs: c7d04fadacf538db841606cc656ae724 -> 
  custom:scripting/monoscript/fileName/ShutterProfileTypePropertyDrawer.cs: 18a32c647eca27716eabcb5a44f00e32 -> 
  custom:scripting/monoscript/fileName/MovieRecorderEditor.cs: eb00ddb8a76b8dfb7c88b7826a49d38b -> 
  custom:scripting/monoscript/fileName/RenderTextureInputSettingsPropertyDrawer.cs: 809602b52454cd1e6229756218a8f453 -> 
  custom:scripting/monoscript/fileName/RecorderPlayableBehaviour.cs: 80165a21f4cd0dda690f708a19d389bd -> 
  custom:scripting/monoscript/fileName/GifEncoderSettingsPropertyDrawer.cs: b36c9a7eaaefccda514b23d7e14761ca -> 
  custom:scripting/monoscript/fileName/PNGRecorder.cs: 08fd40f88cb6b18c96882f263639f57d -> 
  custom:scripting/monoscript/fileName/CameraInputSettingsPropertyDrawer.cs: 91928abf1abf88be098cb088d896aec5 -> 
  custom:scripting/monoscript/fileName/AudioRecorderEditor.cs: 565168dec291afe3fa470657cfc2c123 -> 
  custom:scripting/monoscript/fileName/AOVRecorderEditor.cs: 5ca53ccd6d7645709639507726114395 -> 
  custom:container-muxer-webm: aa71ff27fc2769a1b78a27578f13a17b -> 
  custom:video-decoder-webm-vp8: 9c59270c3fd7afecdb556c50c9e8de78 -> 
  custom:scripting/monoscript/fileName/RecordingSession.cs: f3ad08157c278a036224ca395f350890 -> 
  custom:scripting/monoscript/fileName/GameViewSize.cs: f6128a6515fcafce6db32fcdfa107254 -> 
  custom:scripting/monoscript/fileName/UnityHelpers.cs: b3e077029b574be508585124a9d839ef -> 
  custom:SearchIndexIgnoredProperties: e643bd26f0fe6173181afceb89e7c659 -> 
  custom:scripting/monoscript/fileName/GIFRecorder.cs: c00ece885699fb9084deaccd3eb27518 -> 
  custom:AudioImporter_EditorPlatform: d09bf68614088b80899f8185d706f6e7 -> 
  custom:scripting/monoscript/fileName/EXRRecorder.cs: 3f576ce8ddd959d51a4d7ba1999ecdbb -> 
  custom:scripting/monoscript/fileName/WEBMRecorder.cs: 391b6b920cfbc02401ea522620320c93 -> 
  custom:scripting/monoscript/fileName/RenderTextureSampler.cs: 1a7b9abab9548e1054dc40d6e2fa0270 -> 
  custom:scripting/monoscript/fileName/GifEncoder.cs: 40f336d5c5042a8a04556b4c5804a538 -> 
  custom:scripting/monoscript/fileName/GenericRecorder.cs: 90647cc400823b41df847a6cbfc29026 -> 
  custom:scripting/monoscript/fileName/ImageInputSelector.cs: f55822da877594150873922341be92b6 -> 
  custom:scripting/monoscript/fileName/AnimationRecorderSettingsEditor.cs: db1294bf3d48be44b6e4b2f2cc100b02 -> 
  custom:scripting/monoscript/fileName/RecorderTrack.cs: fac9638ece7eb7daaa1302fa170613fd -> 
  custom:scripting/monoscript/fileName/InputSettingsSelector.cs: 499a4ec92267406782b5c4f3472d53b9 -> 
  custom:scripting/monoscript/fileName/FileNameGenerator.cs: 5c8b6eb5291c3311189e0dfadac99363 -> 
  custom:scripting/monoscript/fileName/RecorderItem.cs: b62d2fcb9547a248575727d8a1646db8 -> 
  custom:scripting/monoscript/fileName/TextureFlipper.cs: 825b503b2ddab9cbd8ebbf3038075092 -> 
  custom:scripting/monoscript/fileName/AccumulationSettings.cs: fb962f0c2333934b681b167574f5e1cd -> 
  custom:scripting/monoscript/fileName/Camera360InputPropertyDrawer.cs: af647a2fe91bec98139246321cac865d -> 
  custom:scripting/monoscript/fileName/RecorderClipEditor.cs: 947ad5ff1f968d7fc40767d187070964 -> 
  custom:scripting/monoscript/fileName/EXRRecorderSettingsEditor.cs: c520a04c5f01331f2c8800e289ef6d6f -> 
  custom:scripting/monoscript/fileName/CoreEncoder.cs: dfaed86e82ad12e6a2b6740a0fb35820 -> 
  custom:scripting/monoscript/fileName/PNGRecorderSettings.cs: 79a421225358808ff14dd88c0355d1b6 -> 
  custom:scripting/monoscript/fileName/AspectRatioPropertyDrawer.cs: 9f18568574138839573389bde3e660a7 -> 
  custom:scripting/monoscript/fileName/ProResEncoder.cs: b375bf2d41e3d89081c3f2d1a0823bf3 -> 
  custom:scripting/monoscript/fileName/CameraInput.cs: bf7e0df3caf9e500f6d1c98c99e165ba -> 
  custom:scripting/monoscript/fileName/RecorderSettings.cs: bc3ef26ac157af28e5460886c0d5ef2e -> 
  custom:scripting/monoscript/fileName/RecorderClipTimelineEditor.cs: 2995d9f50ebc9245c6e9bd75c56415fb -> 
  custom:scripting/monoscript/fileName/EncoderSettingsAttribute.cs: 8352396dc11cff58c65c429fdb4fc67e -> 
  custom:scripting/monoscript/fileName/MP4Recorder.cs: af531c4e1f6d23547da08837eb16b729 -> 
  custom:scripting/monoscript/fileName/EncoderTypeUtilities.cs: a12c4c78a6cd4fb6b93180d59ad77be8 -> 
  custom:scripting/monoscript/fileName/PooledBufferAsyncGPUReadback.cs: 2a4e50c5dda177306c9ec935763c4378 -> 
  custom:scripting/monoscript/fileName/AnimationRecorder.cs: f749a4250195b5467bbf05e3a976b59f -> 
  custom:scripting/precompiled-assembly-types:Unity.Recorder.Base: 3fec19fdf10e3518c41e41a932f2042f -> 
  custom:scripting/monoscript/fileName/AnimationRecorderSettings.cs: 5cfb1544a40f93fe0ea879bb1361c877 -> 
  custom:scripting/monoscript/fileName/RenderTextureSamplerSettings.cs: 68adab84706346f2ecbdfd649ca9cf61 -> 
  custom:scripting/monoscript/fileName/RecordingContext.cs: af9af1e8b283703482ba133924b5585a -> 
  custom:scripting/monoscript/fileName/RecorderSelector.cs: c3cd2caacd181d6eff54dc260c4a1ffb -> 
  custom:video-encoder-webm-vp8: eb34c28f22e8b96e1ab97ce403110664 -> 
  custom:scripting/monoscript/fileName/RecorderInput.cs: 88fd8d8fd71b34ed7298a01f6c2d2e40 -> 
  custom:scripting/monoscript/fileName/RenderTextureSamplerPropertyDrawer.cs: b541817d9cc9b1341d2ddfa8823b718d -> 
  custom:scripting/monoscript/fileName/RecorderSettingsAttribute.cs: ddd228b25da7ba2ac10d13e1efacc875 -> 
  custom:audio-decoder-ogg-vorbis: bf7c407c2cedff20999df2af8eb42d56 -> 
  custom:scripting/monoscript/fileName/OutputPathDrawer.cs: cffc34c1be094e6caeb13ff3b26ca679 -> 
  custom:scripting/monoscript/fileName/EditorVersionsHelper.cs: 3ad9098caeeff0295dba8c0911f5333a -> 
  custom:scripting/monoscript/fileName/SettingAsset.cs: 7c3790954696ae83d71055079b387931 -> 
  custom:scripting/monoscript/fileName/OutputResolution.cs: 31c632d97e9a69bcc2ef10f6feb5bf62 -> 
  custom:scripting/monoscript/fileName/AccumulationSettingsPropertyDrawer.cs: bfc920db0de3c29c2967e88aac1c1027 -> 
  custom:scripting/monoscript/fileName/AnimationInputSettingsPropertyDrawer.cs: ebe1771fecebe7a93badf6354f59c990 -> 
  custom:scripting/monoscript/fileName/CoreEncoderSettings.cs: 2b5db1db3c1fa7de4175a7e143de3ce5 -> 
  custom:scripting/monoscript/fileName/VisualListItem.cs: 90647cc400823b41df847a6cbfc29026 -> 
  custom:scripting/monoscript/fileName/FrameRateProperyDrawer.cs: c478c798f5354f66af45b380be0629f9 -> 
  custom:scripting/monoscript/fileName/InputSettingsSelectorDrawer.cs: bca46dd5b59e2f574c94bef4cdb878fb -> 
  custom:scripting/monoscript/fileName/RecorderWindow.cs: 553a30d64d5ef1dcad6b00b4eeeb3829 -> 
  custom:scripting/monoscript/fileName/AOVCameraInputSettings.cs: 4d2fdf1142ce53d73cb43d39944ba516 -> 
  custom:scripting/monoscript/fileName/EnumProperyDrawer.cs: 90647cc400823b41df847a6cbfc29026 -> 
  custom:scripting/monoscript/fileName/AOVImageInputSelector.cs: b741d8d3a7cbb503c5bdf23d7e6792db -> 
  custom:scripting/monoscript/fileName/CoreEncoderSettingsPropertyDrawer.cs: c8bdf3420d844fd4604c0d0cf3815355 -> 
  custom:scripting/monoscript/fileName/GifEncoderSettings.cs: 812ca6afdf48b830953d76adab9d4030 -> 
  custom:scripting/monoscript/fileName/GIFRecorderSettingsEditor.cs: 4d0f46bcf58d188895fabae5334995ae -> 
  custom:scripting/monoscript/fileName/IEncoder.cs: 007c2ef621b0d92b5a7a6bae91d26090 -> 
  custom:scripting/monoscript/fileName/RecorderOptions.cs: 74782d297e80d8f56c0e05a7cde4e51d -> 
  custom:scripting/precompiled-assembly-types:Unity.Recorder.Editor: cd22b836ef1ca10e7d8c91c9be46b4bf -> 
  custom:scripting/monoscript/fileName/ProResEncoderSettingsPropertyDrawer.cs: 68c25e6d4459336217d4b9e22eb707b4 -> 
  custom:scripting/monoscript/fileName/ImageRecorder.cs: b804c29bfc59a61db184c1d275fe4101 -> 
  custom:scripting/monoscript/fileName/EditableLabel.cs: 4f8fa2c6092744ed6607a411e3f617c0 -> 
  custom:scripting/monoscript/fileName/GameViewInput.cs: 596e7ffa2d11b2002176644af3247ea6 -> 
  custom:audio-encoder-webm-vorbis: bf7c407c2cedff20999df2af8eb42d56 -> 
  custom:scripting/monoscript/fileName/SerializedDictionnary.cs: 90647cc400823b41df847a6cbfc29026 -> 
  custom:scripting/monoscript/fileName/HammersleySequence.cs: b06601f044912976f668045b7d4c79a8 -> 
  custom:scripting/monoscript/fileName/_RecorderComponent.cs: 8c268d1df4e18643d83ea9c6eeba2d9f -> 
  custom:scripting/monoscript/fileName/IAccumulation.cs: 38dee62d444423165276e3254554d005 -> 
  custom:scripting/monoscript/fileName/RecorderController.cs: 5760bd2995080b8d0d9d9e88ab8933c6 -> 
  custom:scripting/monoscript/fileName/EXRRecorderSettings.cs: bf113df492cb5b25e11ec144a73c2f74 -> 
========================================================================
Received Import Request.
  Time since last request: 3.877536 seconds.
  path: Assets/Prefabs/Cube.prefab
  artifactKey: Guid(6f465dab9e6bdbc40b292aa1082e7dd9) Importer(815301076,1909f56bfc062723c751e8b465ee728b)
Start importing Assets/Prefabs/Cube.prefab using Guid(6f465dab9e6bdbc40b292aa1082e7dd9) Importer(815301076,1909f56bfc062723c751e8b465ee728b) [PhysX] Initialized MultithreadedTaskDispatcher with 12 workers.
 -> (artifact id: '9d04fdfc94419e9d414e421f41762208') in 0.001456 seconds
Number of updated asset objects reloaded before import = 0
Number of asset objects unloaded after import = 0
========================================================================
Received Prepare
Caller must complete domain reload
Begin MonoManager ReloadAssembly
- Loaded All Assemblies, in  0.414 seconds
Native extension for WindowsStandalone target not found
Native extension for iOS target not found
Native extension for Android target not found
Mono: successfully reloaded assembly
- Finished resetting the current domain, in  0.991 seconds
Domain Reload Profiling: 1401ms
	BeginReloadAssembly (132ms)
		ExecutionOrderSort (0ms)
		DisableScriptedObjects (4ms)
		BackupInstance (0ms)
		ReleaseScriptingObjects (0ms)
		CreateAndSetChildDomain (25ms)
	RebuildCommonClasses (25ms)
	RebuildNativeTypeToScriptingClass (8ms)
	initialDomainReloadingComplete (27ms)
	LoadAllAssembliesAndSetupDomain (218ms)
		LoadAssemblies (280ms)
		RebuildTransferFunctionScriptingTraits (0ms)
		AnalyzeDomain (13ms)
			TypeCache.Refresh (4ms)
				TypeCache.ScanAssembly (0ms)
			ScanForSourceGeneratedMonoScriptInfo (0ms)
			ResolveRequiredComponents (7ms)
	FinalizeReload (991ms)
		ReleaseScriptCaches (0ms)
		RebuildScriptCaches (0ms)
		SetupLoadedEditorAssemblies (497ms)
			LogAssemblyErrors (0ms)
			InitializePlatformSupportModulesInManaged (33ms)
			SetLoadedEditorAssemblies (3ms)
			RefreshPlugins (0ms)
			BeforeProcessingInitializeOnLoad (85ms)
			ProcessInitializeOnLoadAttributes (348ms)
			ProcessInitializeOnLoadMethodAttributes (18ms)
			AfterProcessingInitializeOnLoad (10ms)
			EditorAssembliesLoaded (0ms)
		ExecutionOrderSort2 (0ms)
		AwakeInstancesAfterBackupRestoration (5ms)
Refreshing native plugins compatible for Editor in 5.33 ms, found 6 plugins.
Preloading 0 native plugins for Editor in 0.00 ms.
Unloading 3255 Unused Serialized files (Serialized files now loaded: 0)
Unloading 21 unused Assets / (335.9 KB). Loaded Objects now: 3802.
Memory consumption went from 127.4 MB to 127.1 MB.
Total: 2.469800 ms (FindLiveObjects: 0.199100 ms CreateObjectMapping: 0.122500 ms MarkObjects: 1.988900 ms  DeleteObjects: 0.158800 ms)

Prepare: number of updated asset objects reloaded= 0
AssetImportParameters requested are different than current active one (requested -> active):
  custom:scripting/monoscript/fileName/WEBMRecorderSettingsEditor.cs: 5559c87f45d3b65fac8d5ac4ef5e81c8 -> 
  custom:scripting/monoscript/fileName/UIElementHelper.cs: 9f9438adfe3361012ea6280d4cdb2df4 -> 
  custom:scripting/monoscript/fileName/AOVCameraInput.cs: c23c8ce885672bc57e25263b3efd067a -> 
  custom:scripting/monoscript/fileName/BaseTextureRecorder.cs: 90647cc400823b41df847a6cbfc29026 -> 
  custom:scripting/monoscript/fileName/Recorder.cs: a7e319d512627774f8215ba0b76f0bcb -> 
  custom:scripting/monoscript/fileName/AudioRecorder.cs: 89550121570f22445b4a1b28daea3cf9 -> 
  custom:scripting/monoscript/fileName/PanelSplitter.cs: 5ff6c6e385b6b12ca322a9c92ac6f371 -> 
  custom:scripting/monoscript/fileName/ImageRecorderSettings.cs: a7ab05fac9382c03607c40fe73956ed6 -> 
  custom:scripting/monoscript/fileName/RecorderClip.cs: 897017f45cb3c30f306724d1fa17a8fe -> 
  custom:scripting/monoscript/fileName/GIFRecorderSettings.cs: 979f88ae1e7731daed242ab2fdebbc0e -> 
  custom:container-demuxer-ogg: 62fdf1f143b41e24485cea50d1cbac27 -> 
  custom:scripting/monoscript/fileName/MovieRecorder.cs: 024785cf83e1399f425b2aa115d22e2b -> 
  custom:scripting/monoscript/fileName/RecorderControllerSettingsPresetEditor.cs: 49aed206ae65ed5ac6b420f7104cd52d -> 
  custom:scripting/monoscript/fileName/AudioInput.cs: 499e96d8f0b35d362bd956c0975bb873 -> 
  custom:scripting/monoscript/fileName/WEBMRecorderSettings.cs: c176c43abbe456aeea55c2aef862801b -> 
  custom:scripting/monoscript/fileName/RecorderControllerSettingsPreset.cs: 78b391c1384ac60213ef58d50e78d553 -> 
  custom:scripting/monoscript/fileName/GameViewInputSettings.cs: a7ae22123f532f5bbcb39c654c998b57 -> 
  custom:scripting/monoscript/fileName/GameViewInputPropertyDrawer.cs: ae2c8a99c5e33d3d1ffc8232415130e8 -> 
  custom:scripting/monoscript/fileName/Camera360Input.cs: dc473b118c57e0734b0cd3476e333c06 -> 
  custom:scripting/monoscript/fileName/RecorderPreferencesSettingsProvider.cs: d92d314b87f7c2170e267636ebf38224 -> 
  custom:scripting/monoscript/fileName/RecorderBindings.cs: ac25db5b587307cfea909607f62e5641 -> 
  custom:video-decoder-ogg-theora: a1e56fd34408186e4bbccfd4996cb3dc -> 
  custom:scripting/monoscript/fileName/GIFWrapper.cs: 6ef8898a12699129e8f81f06a649cad1 -> 
  custom:scripting/monoscript/fileName/SceneHook.cs: 80fa8928b499d44515dd60e0bc895128 -> 
  custom:scripting/monoscript/fileName/AnimationInput.cs: e810137278708a698c5ccddaeb1a1e64 -> 
  custom:scripting/monoscript/fileName/OutputResolutionPropertyDrawer.cs: 0e33ffdf424417a2e685685cfc04d4b1 -> 
  custom:scripting/monoscript/fileName/EnumHelper.cs: 117b5609cc2a1ae41785cd0c8767815f -> 
  custom:scripting/monoscript/fileName/OutputPath.cs: ee51fcffcd8929d224a5e3fb152d5f62 -> 
  custom:scripting/monoscript/fileName/FileNameGeneratorDrawer.cs: a3ea71dec141084df9b7ffa19c11e2cb -> 
  custom:framework-win-MediaFoundation: 216162199b28c13a410421893ffa2e32 -> 
  custom:scripting/monoscript/fileName/RecorderPreferencesWindowGUIScope.cs: 7a2eba6fcb6829ea8b200991a02c9c06 -> 
  custom:scripting/monoscript/fileName/AspectRatio.cs: 18e3efa554f8258b676d4de53e38b642 -> 
  custom:scripting/monoscript/fileName/CameraInputSettings.cs: 6738f6dd994f658d2cbf6f5f3ba05a0e -> 
  custom:scripting/monoscript/fileName/RefHandle.cs: 90647cc400823b41df847a6cbfc29026 -> 
  custom:scripting/monoscript/fileName/CameraCapture.cs: c6dcba1380d9a4fa09f4e36182a45a73 -> 
  custom:scripting/monoscript/fileName/RecorderControllerSettings.cs: 989e0caa64af9b76551d4ff6bd15f598 -> 
  custom:scripting/monoscript/fileName/TargetedPropertyDrawer.cs: 90647cc400823b41df847a6cbfc29026 -> 
  custom:scripting/monoscript/fileName/MovieRecorderSettings.cs: 02a667a67b113b1f65e3fcadcc882513 -> 
  custom:scripting/monoscript/fileName/RenderTextureInputSettings.cs: ebca820667a63031a7597db85d26451a -> 
  custom:scripting/monoscript/fileName/ImageRecorderEditor.cs: d3134ae4c1dfd8e056bace11130b7692 -> 
  custom:scripting/monoscript/fileName/ProResEncoderSettings.cs: 4aca03881946a7fe9acacf199434009e -> 
  custom:scripting/monoscript/fileName/_FrameRequestComponent.cs: b34f171daaafc65da55ea68e2ed89f2b -> 
  custom:scripting/monoscript/fileName/RenderTextureInput.cs: 5dea77837ae3c82bb14643cd82dc06dc -> 
  custom:scripting/monoscript/fileName/RecorderAnalytics.cs: 0fa40093f6ac3fe75e92d746d563e5ee -> 
  custom:scripting/monoscript/fileName/MP4RecorderSettingsEditor.cs: 68a64b16a7961d71fa7286fd1f782e9b -> 
  custom:scripting/monoscript/fileName/RecorderBindingsEditor.cs: f7451a0e1cea6404b2976d2b2c42e273 -> 
  custom:scripting/monoscript/fileName/BaseRenderTextureInput.cs: 5dc13661a5a0dca5d09ca211933a44e2 -> 
  custom:scripting/monoscript/fileName/StatusBarHelper.cs: da04a6ed046f8a62f416d5d3ea415bef -> 
  custom:scripting/precompiled-assembly-types:Unity.Recorder: bd5378c99f6216e06dd6e2c2a60a86a4 -> 
  custom:CustomObjectIndexerAttribute: 9a22284fe3817be447336de3de66b15e -> 
  custom:scripting/monoscript/fileName/Camera360InputSettings.cs: 3d5eaf1cb3a9df6f9d1d52f3c3018c46 -> 
  custom:scripting/monoscript/fileName/PNGRecorderSettingsEditor.cs: 4970e6657bb34f7efc2c7d8168c7358b -> 
  custom:scripting/monoscript/fileName/ImageHeightSelector.cs: d1a7972bf1d79d90f09ab23c718afe39 -> 
  custom:scripting/monoscript/fileName/AnimationInputSettings.cs: d64a99ebbd13660e9264cb4111ab9832 -> 
  custom:scripting/monoscript/fileName/MP4RecorderSettings.cs: 551f5535c05b86d6ee91684eced14987 -> 
  custom:scripting/monoscript/fileName/RecorderPreferencesSettings.cs: 761b0a55fc5e50239a1d0c4bfc968274 -> 
  custom:container-demuxer-webm: 4f35f7cbe854078d1ac9338744f61a02 -> 
  custom:scripting/monoscript/fileName/RecorderSettingsPrefsEditor.cs: ba9e697f1d269c2c960a41bc543fa408 -> 
  custom:scripting/monoscript/fileName/ProResWrapper.cs: 712515ef615766c98115c6a20d85d6c8 -> 
  custom:scripting/monoscript/fileName/RecordModePropertyDrawer.cs: 165332db07362bbcab2d8dc6d1e1dfda -> 
  custom:scripting/monoscript/fileName/ImageInputSettings.cs: 98a2aedd167d40f01804b04845eeaf15 -> 
  custom:scripting/monoscript/fileName/SerializableObjHelper.cs: f19f181f3f05e8e393225dd7030fb66a -> 
  custom:scripting/monoscript/fileName/InputPropertyDrawer.cs: 90647cc400823b41df847a6cbfc29026 -> 
  custom:scripting/monoscript/fileName/AudioInputSettings.cs: a2c930fca1dd5e27705fbacf39727bb4 -> 
  custom:scripting/monoscript/fileName/InputSettings.cs: 35c56ce5488c6b464726305dcbd33b3d -> 
  custom:scripting/monoscript/fileName/RecorderEditor.cs: 736e59ba52eea987abc47f36a836e575 -> 
  custom:scripting/monoscript/fileName/AudioRecorderSettings.cs: 0b00f2c93558486cc61a06f270f43fea -> 
  custom:scripting/monoscript/fileName/RecordersInventory.cs: fb714c8df18f9b7fc7f3361f604ae3dc -> 
  custom:scripting/monoscript/fileName/BaseFCRecorderSettings.cs: fab928553cedb8703ac192d6cf7b6294 -> 
  custom:scripting/monoscript/fileName/AOVRecorderSettings.cs: cdc731153cd2f1f739300a28ea6a6608 -> 
  custom:scripting/monoscript/fileName/EXRCompressionTypeDrawer.cs: 301cb614ecf84a4dab346c5f76ea2016 -> 
  custom:scripting/monoscript/fileName/AOVRecorder.cs: c53e83f1863b3ea80b6df3885cdb8c82 -> 
  custom:scripting/monoscript/fileName/IEncoderSettings.cs: c7d04fadacf538db841606cc656ae724 -> 
  custom:scripting/monoscript/fileName/ShutterProfileTypePropertyDrawer.cs: 18a32c647eca27716eabcb5a44f00e32 -> 
  custom:scripting/monoscript/fileName/MovieRecorderEditor.cs: eb00ddb8a76b8dfb7c88b7826a49d38b -> 
  custom:scripting/monoscript/fileName/RenderTextureInputSettingsPropertyDrawer.cs: 809602b52454cd1e6229756218a8f453 -> 
  custom:scripting/monoscript/fileName/RecorderPlayableBehaviour.cs: 80165a21f4cd0dda690f708a19d389bd -> 
  custom:scripting/monoscript/fileName/GifEncoderSettingsPropertyDrawer.cs: b36c9a7eaaefccda514b23d7e14761ca -> 
  custom:scripting/monoscript/fileName/PNGRecorder.cs: 08fd40f88cb6b18c96882f263639f57d -> 
  custom:scripting/monoscript/fileName/CameraInputSettingsPropertyDrawer.cs: 91928abf1abf88be098cb088d896aec5 -> 
  custom:scripting/monoscript/fileName/AudioRecorderEditor.cs: 565168dec291afe3fa470657cfc2c123 -> 
  custom:scripting/monoscript/fileName/AOVRecorderEditor.cs: 5ca53ccd6d7645709639507726114395 -> 
  custom:container-muxer-webm: aa71ff27fc2769a1b78a27578f13a17b -> 
  custom:video-decoder-webm-vp8: 9c59270c3fd7afecdb556c50c9e8de78 -> 
  custom:scripting/monoscript/fileName/RecordingSession.cs: f3ad08157c278a036224ca395f350890 -> 
  custom:scripting/monoscript/fileName/GameViewSize.cs: f6128a6515fcafce6db32fcdfa107254 -> 
  custom:scripting/monoscript/fileName/UnityHelpers.cs: b3e077029b574be508585124a9d839ef -> 
  custom:SearchIndexIgnoredProperties: e643bd26f0fe6173181afceb89e7c659 -> 
  custom:scripting/monoscript/fileName/GIFRecorder.cs: c00ece885699fb9084deaccd3eb27518 -> 
  custom:AudioImporter_EditorPlatform: d09bf68614088b80899f8185d706f6e7 -> 
  custom:scripting/monoscript/fileName/EXRRecorder.cs: 3f576ce8ddd959d51a4d7ba1999ecdbb -> 
  custom:scripting/monoscript/fileName/WEBMRecorder.cs: 391b6b920cfbc02401ea522620320c93 -> 
  custom:scripting/monoscript/fileName/RenderTextureSampler.cs: 1a7b9abab9548e1054dc40d6e2fa0270 -> 
  custom:scripting/monoscript/fileName/GifEncoder.cs: 40f336d5c5042a8a04556b4c5804a538 -> 
  custom:scripting/monoscript/fileName/GenericRecorder.cs: 90647cc400823b41df847a6cbfc29026 -> 
  custom:scripting/monoscript/fileName/ImageInputSelector.cs: f55822da877594150873922341be92b6 -> 
  custom:scripting/monoscript/fileName/AnimationRecorderSettingsEditor.cs: db1294bf3d48be44b6e4b2f2cc100b02 -> 
  custom:scripting/monoscript/fileName/RecorderTrack.cs: fac9638ece7eb7daaa1302fa170613fd -> 
  custom:scripting/monoscript/fileName/InputSettingsSelector.cs: 499a4ec92267406782b5c4f3472d53b9 -> 
  custom:scripting/monoscript/fileName/FileNameGenerator.cs: 5c8b6eb5291c3311189e0dfadac99363 -> 
  custom:scripting/monoscript/fileName/RecorderItem.cs: b62d2fcb9547a248575727d8a1646db8 -> 
  custom:scripting/monoscript/fileName/TextureFlipper.cs: 825b503b2ddab9cbd8ebbf3038075092 -> 
  custom:scripting/monoscript/fileName/AccumulationSettings.cs: fb962f0c2333934b681b167574f5e1cd -> 
  custom:scripting/monoscript/fileName/Camera360InputPropertyDrawer.cs: af647a2fe91bec98139246321cac865d -> 
  custom:scripting/monoscript/fileName/RecorderClipEditor.cs: 947ad5ff1f968d7fc40767d187070964 -> 
  custom:scripting/monoscript/fileName/EXRRecorderSettingsEditor.cs: c520a04c5f01331f2c8800e289ef6d6f -> 
  custom:scripting/monoscript/fileName/CoreEncoder.cs: dfaed86e82ad12e6a2b6740a0fb35820 -> 
  custom:scripting/monoscript/fileName/PNGRecorderSettings.cs: 79a421225358808ff14dd88c0355d1b6 -> 
  custom:scripting/monoscript/fileName/AspectRatioPropertyDrawer.cs: 9f18568574138839573389bde3e660a7 -> 
  custom:scripting/monoscript/fileName/ProResEncoder.cs: b375bf2d41e3d89081c3f2d1a0823bf3 -> 
  custom:scripting/monoscript/fileName/CameraInput.cs: bf7e0df3caf9e500f6d1c98c99e165ba -> 
  custom:scripting/monoscript/fileName/RecorderSettings.cs: bc3ef26ac157af28e5460886c0d5ef2e -> 
  custom:scripting/monoscript/fileName/RecorderClipTimelineEditor.cs: 2995d9f50ebc9245c6e9bd75c56415fb -> 
  custom:scripting/monoscript/fileName/EncoderSettingsAttribute.cs: 8352396dc11cff58c65c429fdb4fc67e -> 
  custom:scripting/monoscript/fileName/MP4Recorder.cs: af531c4e1f6d23547da08837eb16b729 -> 
  custom:scripting/monoscript/fileName/EncoderTypeUtilities.cs: a12c4c78a6cd4fb6b93180d59ad77be8 -> 
  custom:scripting/monoscript/fileName/PooledBufferAsyncGPUReadback.cs: 2a4e50c5dda177306c9ec935763c4378 -> 
  custom:scripting/monoscript/fileName/AnimationRecorder.cs: f749a4250195b5467bbf05e3a976b59f -> 
  custom:scripting/precompiled-assembly-types:Unity.Recorder.Base: 3fec19fdf10e3518c41e41a932f2042f -> 
  custom:scripting/monoscript/fileName/AnimationRecorderSettings.cs: 5cfb1544a40f93fe0ea879bb1361c877 -> 
  custom:scripting/monoscript/fileName/RenderTextureSamplerSettings.cs: 68adab84706346f2ecbdfd649ca9cf61 -> 
  custom:scripting/monoscript/fileName/RecordingContext.cs: af9af1e8b283703482ba133924b5585a -> 
  custom:scripting/monoscript/fileName/RecorderSelector.cs: c3cd2caacd181d6eff54dc260c4a1ffb -> 
  custom:video-encoder-webm-vp8: eb34c28f22e8b96e1ab97ce403110664 -> 
  custom:scripting/monoscript/fileName/RecorderInput.cs: 88fd8d8fd71b34ed7298a01f6c2d2e40 -> 
  custom:scripting/monoscript/fileName/RenderTextureSamplerPropertyDrawer.cs: b541817d9cc9b1341d2ddfa8823b718d -> 
  custom:scripting/monoscript/fileName/RecorderSettingsAttribute.cs: ddd228b25da7ba2ac10d13e1efacc875 -> 
  custom:audio-decoder-ogg-vorbis: bf7c407c2cedff20999df2af8eb42d56 -> 
  custom:scripting/monoscript/fileName/OutputPathDrawer.cs: cffc34c1be094e6caeb13ff3b26ca679 -> 
  custom:scripting/monoscript/fileName/EditorVersionsHelper.cs: 3ad9098caeeff0295dba8c0911f5333a -> 
  custom:scripting/monoscript/fileName/SettingAsset.cs: 7c3790954696ae83d71055079b387931 -> 
  custom:scripting/monoscript/fileName/OutputResolution.cs: 31c632d97e9a69bcc2ef10f6feb5bf62 -> 
  custom:scripting/monoscript/fileName/AccumulationSettingsPropertyDrawer.cs: bfc920db0de3c29c2967e88aac1c1027 -> 
  custom:scripting/monoscript/fileName/AnimationInputSettingsPropertyDrawer.cs: ebe1771fecebe7a93badf6354f59c990 -> 
  custom:scripting/monoscript/fileName/CoreEncoderSettings.cs: 2b5db1db3c1fa7de4175a7e143de3ce5 -> 
  custom:scripting/monoscript/fileName/VisualListItem.cs: 90647cc400823b41df847a6cbfc29026 -> 
  custom:scripting/monoscript/fileName/FrameRateProperyDrawer.cs: c478c798f5354f66af45b380be0629f9 -> 
  custom:scripting/monoscript/fileName/InputSettingsSelectorDrawer.cs: bca46dd5b59e2f574c94bef4cdb878fb -> 
  custom:scripting/monoscript/fileName/RecorderWindow.cs: 553a30d64d5ef1dcad6b00b4eeeb3829 -> 
  custom:scripting/monoscript/fileName/AOVCameraInputSettings.cs: 4d2fdf1142ce53d73cb43d39944ba516 -> 
  custom:scripting/monoscript/fileName/EnumProperyDrawer.cs: 90647cc400823b41df847a6cbfc29026 -> 
  custom:scripting/monoscript/fileName/AOVImageInputSelector.cs: b741d8d3a7cbb503c5bdf23d7e6792db -> 
  custom:scripting/monoscript/fileName/CoreEncoderSettingsPropertyDrawer.cs: c8bdf3420d844fd4604c0d0cf3815355 -> 
  custom:scripting/monoscript/fileName/GifEncoderSettings.cs: 812ca6afdf48b830953d76adab9d4030 -> 
  custom:scripting/monoscript/fileName/GIFRecorderSettingsEditor.cs: 4d0f46bcf58d188895fabae5334995ae -> 
  custom:scripting/monoscript/fileName/IEncoder.cs: 007c2ef621b0d92b5a7a6bae91d26090 -> 
  custom:scripting/monoscript/fileName/RecorderOptions.cs: 74782d297e80d8f56c0e05a7cde4e51d -> 
  custom:scripting/precompiled-assembly-types:Unity.Recorder.Editor: cd22b836ef1ca10e7d8c91c9be46b4bf -> 
  custom:scripting/monoscript/fileName/ProResEncoderSettingsPropertyDrawer.cs: 68c25e6d4459336217d4b9e22eb707b4 -> 
  custom:scripting/monoscript/fileName/ImageRecorder.cs: b804c29bfc59a61db184c1d275fe4101 -> 
  custom:scripting/monoscript/fileName/EditableLabel.cs: 4f8fa2c6092744ed6607a411e3f617c0 -> 
  custom:scripting/monoscript/fileName/GameViewInput.cs: 596e7ffa2d11b2002176644af3247ea6 -> 
  custom:audio-encoder-webm-vorbis: bf7c407c2cedff20999df2af8eb42d56 -> 
  custom:scripting/monoscript/fileName/SerializedDictionnary.cs: 90647cc400823b41df847a6cbfc29026 -> 
  custom:scripting/monoscript/fileName/HammersleySequence.cs: b06601f044912976f668045b7d4c79a8 -> 
  custom:scripting/monoscript/fileName/_RecorderComponent.cs: 8c268d1df4e18643d83ea9c6eeba2d9f -> 
  custom:scripting/monoscript/fileName/IAccumulation.cs: 38dee62d444423165276e3254554d005 -> 
  custom:scripting/monoscript/fileName/RecorderController.cs: 5760bd2995080b8d0d9d9e88ab8933c6 -> 
  custom:scripting/monoscript/fileName/EXRRecorderSettings.cs: bf113df492cb5b25e11ec144a73c2f74 -> 
========================================================================
Received Import Request.
  Time since last request: 78.244574 seconds.
  path: Assets/Prefabs/Cube.prefab
  artifactKey: Guid(6f465dab9e6bdbc40b292aa1082e7dd9) Importer(815301076,1909f56bfc062723c751e8b465ee728b)
Start importing Assets/Prefabs/Cube.prefab using Guid(6f465dab9e6bdbc40b292aa1082e7dd9) Importer(815301076,1909f56bfc062723c751e8b465ee728b) [PhysX] Initialized MultithreadedTaskDispatcher with 12 workers.
 -> (artifact id: '9d04fdfc94419e9d414e421f41762208') in 0.001597 seconds
Number of updated asset objects reloaded before import = 0
Number of asset objects unloaded after import = 0
========================================================================
Received Prepare
Caller must complete domain reload
Begin MonoManager ReloadAssembly
- Loaded All Assemblies, in  0.424 seconds
Native extension for WindowsStandalone target not found
Native extension for iOS target not found
Native extension for Android target not found
Mono: successfully reloaded assembly
- Finished resetting the current domain, in  0.952 seconds
Domain Reload Profiling: 1373ms
	BeginReloadAssembly (128ms)
		ExecutionOrderSort (0ms)
		DisableScriptedObjects (4ms)
		BackupInstance (0ms)
		ReleaseScriptingObjects (0ms)
		CreateAndSetChildDomain (26ms)
	RebuildCommonClasses (26ms)
	RebuildNativeTypeToScriptingClass (11ms)
	initialDomainReloadingComplete (28ms)
	LoadAllAssembliesAndSetupDomain (228ms)
		LoadAssemblies (280ms)
		RebuildTransferFunctionScriptingTraits (0ms)
		AnalyzeDomain (17ms)
			TypeCache.Refresh (6ms)
				TypeCache.ScanAssembly (0ms)
			ScanForSourceGeneratedMonoScriptInfo (5ms)
			ResolveRequiredComponents (5ms)
	FinalizeReload (952ms)
		ReleaseScriptCaches (0ms)
		RebuildScriptCaches (0ms)
		SetupLoadedEditorAssemblies (470ms)
			LogAssemblyErrors (0ms)
			InitializePlatformSupportModulesInManaged (27ms)
			SetLoadedEditorAssemblies (3ms)
			RefreshPlugins (0ms)
			BeforeProcessingInitializeOnLoad (87ms)
			ProcessInitializeOnLoadAttributes (326ms)
			ProcessInitializeOnLoadMethodAttributes (17ms)
			AfterProcessingInitializeOnLoad (9ms)
			EditorAssembliesLoaded (0ms)
		ExecutionOrderSort2 (0ms)
		AwakeInstancesAfterBackupRestoration (6ms)
Refreshing native plugins compatible for Editor in 5.13 ms, found 6 plugins.
Preloading 0 native plugins for Editor in 0.00 ms.
Unloading 3255 Unused Serialized files (Serialized files now loaded: 0)
Unloading 21 unused Assets / (336.2 KB). Loaded Objects now: 3805.
Memory consumption went from 127.4 MB to 127.1 MB.
Total: 2.303800 ms (FindLiveObjects: 0.176200 ms CreateObjectMapping: 0.075200 ms MarkObjects: 1.893400 ms  DeleteObjects: 0.158600 ms)

Prepare: number of updated asset objects reloaded= 0
AssetImportParameters requested are different than current active one (requested -> active):
  custom:scripting/monoscript/fileName/WEBMRecorderSettingsEditor.cs: 5559c87f45d3b65fac8d5ac4ef5e81c8 -> 
  custom:scripting/monoscript/fileName/UIElementHelper.cs: 9f9438adfe3361012ea6280d4cdb2df4 -> 
  custom:scripting/monoscript/fileName/AOVCameraInput.cs: c23c8ce885672bc57e25263b3efd067a -> 
  custom:scripting/monoscript/fileName/BaseTextureRecorder.cs: 90647cc400823b41df847a6cbfc29026 -> 
  custom:scripting/monoscript/fileName/Recorder.cs: a7e319d512627774f8215ba0b76f0bcb -> 
  custom:scripting/monoscript/fileName/AudioRecorder.cs: 89550121570f22445b4a1b28daea3cf9 -> 
  custom:scripting/monoscript/fileName/PanelSplitter.cs: 5ff6c6e385b6b12ca322a9c92ac6f371 -> 
  custom:scripting/monoscript/fileName/ImageRecorderSettings.cs: a7ab05fac9382c03607c40fe73956ed6 -> 
  custom:scripting/monoscript/fileName/RecorderClip.cs: 897017f45cb3c30f306724d1fa17a8fe -> 
  custom:scripting/monoscript/fileName/GIFRecorderSettings.cs: 979f88ae1e7731daed242ab2fdebbc0e -> 
  custom:container-demuxer-ogg: 62fdf1f143b41e24485cea50d1cbac27 -> 
  custom:scripting/monoscript/fileName/MovieRecorder.cs: 024785cf83e1399f425b2aa115d22e2b -> 
  custom:scripting/monoscript/fileName/RecorderControllerSettingsPresetEditor.cs: 49aed206ae65ed5ac6b420f7104cd52d -> 
  custom:scripting/monoscript/fileName/AudioInput.cs: 499e96d8f0b35d362bd956c0975bb873 -> 
  custom:scripting/monoscript/fileName/WEBMRecorderSettings.cs: c176c43abbe456aeea55c2aef862801b -> 
  custom:scripting/monoscript/fileName/RecorderControllerSettingsPreset.cs: 78b391c1384ac60213ef58d50e78d553 -> 
  custom:scripting/monoscript/fileName/GameViewInputSettings.cs: a7ae22123f532f5bbcb39c654c998b57 -> 
  custom:scripting/monoscript/fileName/GameViewInputPropertyDrawer.cs: ae2c8a99c5e33d3d1ffc8232415130e8 -> 
  custom:scripting/monoscript/fileName/Camera360Input.cs: dc473b118c57e0734b0cd3476e333c06 -> 
  custom:scripting/monoscript/fileName/RecorderPreferencesSettingsProvider.cs: d92d314b87f7c2170e267636ebf38224 -> 
  custom:scripting/monoscript/fileName/RecorderBindings.cs: ac25db5b587307cfea909607f62e5641 -> 
  custom:video-decoder-ogg-theora: a1e56fd34408186e4bbccfd4996cb3dc -> 
  custom:scripting/monoscript/fileName/GIFWrapper.cs: 6ef8898a12699129e8f81f06a649cad1 -> 
  custom:scripting/monoscript/fileName/SceneHook.cs: 80fa8928b499d44515dd60e0bc895128 -> 
  custom:scripting/monoscript/fileName/AnimationInput.cs: e810137278708a698c5ccddaeb1a1e64 -> 
  custom:scripting/monoscript/fileName/OutputResolutionPropertyDrawer.cs: 0e33ffdf424417a2e685685cfc04d4b1 -> 
  custom:scripting/monoscript/fileName/EnumHelper.cs: 117b5609cc2a1ae41785cd0c8767815f -> 
  custom:scripting/monoscript/fileName/OutputPath.cs: ee51fcffcd8929d224a5e3fb152d5f62 -> 
  custom:scripting/monoscript/fileName/FileNameGeneratorDrawer.cs: a3ea71dec141084df9b7ffa19c11e2cb -> 
  custom:framework-win-MediaFoundation: 216162199b28c13a410421893ffa2e32 -> 
  custom:scripting/monoscript/fileName/RecorderPreferencesWindowGUIScope.cs: 7a2eba6fcb6829ea8b200991a02c9c06 -> 
  custom:scripting/monoscript/fileName/AspectRatio.cs: 18e3efa554f8258b676d4de53e38b642 -> 
  custom:scripting/monoscript/fileName/CameraInputSettings.cs: 6738f6dd994f658d2cbf6f5f3ba05a0e -> 
  custom:scripting/monoscript/fileName/RefHandle.cs: 90647cc400823b41df847a6cbfc29026 -> 
  custom:scripting/monoscript/fileName/CameraCapture.cs: c6dcba1380d9a4fa09f4e36182a45a73 -> 
  custom:scripting/monoscript/fileName/RecorderControllerSettings.cs: 989e0caa64af9b76551d4ff6bd15f598 -> 
  custom:scripting/monoscript/fileName/TargetedPropertyDrawer.cs: 90647cc400823b41df847a6cbfc29026 -> 
  custom:scripting/monoscript/fileName/MovieRecorderSettings.cs: 02a667a67b113b1f65e3fcadcc882513 -> 
  custom:scripting/monoscript/fileName/RenderTextureInputSettings.cs: ebca820667a63031a7597db85d26451a -> 
  custom:scripting/monoscript/fileName/ImageRecorderEditor.cs: d3134ae4c1dfd8e056bace11130b7692 -> 
  custom:scripting/monoscript/fileName/ProResEncoderSettings.cs: 4aca03881946a7fe9acacf199434009e -> 
  custom:scripting/monoscript/fileName/_FrameRequestComponent.cs: b34f171daaafc65da55ea68e2ed89f2b -> 
  custom:scripting/monoscript/fileName/RenderTextureInput.cs: 5dea77837ae3c82bb14643cd82dc06dc -> 
  custom:scripting/monoscript/fileName/RecorderAnalytics.cs: 0fa40093f6ac3fe75e92d746d563e5ee -> 
  custom:scripting/monoscript/fileName/MP4RecorderSettingsEditor.cs: 68a64b16a7961d71fa7286fd1f782e9b -> 
  custom:scripting/monoscript/fileName/RecorderBindingsEditor.cs: f7451a0e1cea6404b2976d2b2c42e273 -> 
  custom:scripting/monoscript/fileName/BaseRenderTextureInput.cs: 5dc13661a5a0dca5d09ca211933a44e2 -> 
  custom:scripting/monoscript/fileName/StatusBarHelper.cs: da04a6ed046f8a62f416d5d3ea415bef -> 
  custom:scripting/precompiled-assembly-types:Unity.Recorder: bd5378c99f6216e06dd6e2c2a60a86a4 -> 
  custom:CustomObjectIndexerAttribute: 9a22284fe3817be447336de3de66b15e -> 
  custom:scripting/monoscript/fileName/Camera360InputSettings.cs: 3d5eaf1cb3a9df6f9d1d52f3c3018c46 -> 
  custom:scripting/monoscript/fileName/PNGRecorderSettingsEditor.cs: 4970e6657bb34f7efc2c7d8168c7358b -> 
  custom:scripting/monoscript/fileName/ImageHeightSelector.cs: d1a7972bf1d79d90f09ab23c718afe39 -> 
  custom:scripting/monoscript/fileName/AnimationInputSettings.cs: d64a99ebbd13660e9264cb4111ab9832 -> 
  custom:scripting/monoscript/fileName/MP4RecorderSettings.cs: 551f5535c05b86d6ee91684eced14987 -> 
  custom:scripting/monoscript/fileName/RecorderPreferencesSettings.cs: 761b0a55fc5e50239a1d0c4bfc968274 -> 
  custom:container-demuxer-webm: 4f35f7cbe854078d1ac9338744f61a02 -> 
  custom:scripting/monoscript/fileName/RecorderSettingsPrefsEditor.cs: ba9e697f1d269c2c960a41bc543fa408 -> 
  custom:scripting/monoscript/fileName/ProResWrapper.cs: 712515ef615766c98115c6a20d85d6c8 -> 
  custom:scripting/monoscript/fileName/RecordModePropertyDrawer.cs: 165332db07362bbcab2d8dc6d1e1dfda -> 
  custom:scripting/monoscript/fileName/ImageInputSettings.cs: 98a2aedd167d40f01804b04845eeaf15 -> 
  custom:scripting/monoscript/fileName/SerializableObjHelper.cs: f19f181f3f05e8e393225dd7030fb66a -> 
  custom:scripting/monoscript/fileName/InputPropertyDrawer.cs: 90647cc400823b41df847a6cbfc29026 -> 
  custom:scripting/monoscript/fileName/AudioInputSettings.cs: a2c930fca1dd5e27705fbacf39727bb4 -> 
  custom:scripting/monoscript/fileName/InputSettings.cs: 35c56ce5488c6b464726305dcbd33b3d -> 
  custom:scripting/monoscript/fileName/RecorderEditor.cs: 736e59ba52eea987abc47f36a836e575 -> 
  custom:scripting/monoscript/fileName/AudioRecorderSettings.cs: 0b00f2c93558486cc61a06f270f43fea -> 
  custom:scripting/monoscript/fileName/RecordersInventory.cs: fb714c8df18f9b7fc7f3361f604ae3dc -> 
  custom:scripting/monoscript/fileName/BaseFCRecorderSettings.cs: fab928553cedb8703ac192d6cf7b6294 -> 
  custom:scripting/monoscript/fileName/AOVRecorderSettings.cs: cdc731153cd2f1f739300a28ea6a6608 -> 
  custom:scripting/monoscript/fileName/EXRCompressionTypeDrawer.cs: 301cb614ecf84a4dab346c5f76ea2016 -> 
  custom:scripting/monoscript/fileName/AOVRecorder.cs: c53e83f1863b3ea80b6df3885cdb8c82 -> 
  custom:scripting/monoscript/fileName/IEncoderSettings.cs: c7d04fadacf538db841606cc656ae724 -> 
  custom:scripting/monoscript/fileName/ShutterProfileTypePropertyDrawer.cs: 18a32c647eca27716eabcb5a44f00e32 -> 
  custom:scripting/monoscript/fileName/MovieRecorderEditor.cs: eb00ddb8a76b8dfb7c88b7826a49d38b -> 
  custom:scripting/monoscript/fileName/RenderTextureInputSettingsPropertyDrawer.cs: 809602b52454cd1e6229756218a8f453 -> 
  custom:scripting/monoscript/fileName/RecorderPlayableBehaviour.cs: 80165a21f4cd0dda690f708a19d389bd -> 
  custom:scripting/monoscript/fileName/GifEncoderSettingsPropertyDrawer.cs: b36c9a7eaaefccda514b23d7e14761ca -> 
  custom:scripting/monoscript/fileName/PNGRecorder.cs: 08fd40f88cb6b18c96882f263639f57d -> 
  custom:scripting/monoscript/fileName/CameraInputSettingsPropertyDrawer.cs: 91928abf1abf88be098cb088d896aec5 -> 
  custom:scripting/monoscript/fileName/AudioRecorderEditor.cs: 565168dec291afe3fa470657cfc2c123 -> 
  custom:scripting/monoscript/fileName/AOVRecorderEditor.cs: 5ca53ccd6d7645709639507726114395 -> 
  custom:container-muxer-webm: aa71ff27fc2769a1b78a27578f13a17b -> 
  custom:video-decoder-webm-vp8: 9c59270c3fd7afecdb556c50c9e8de78 -> 
  custom:scripting/monoscript/fileName/RecordingSession.cs: f3ad08157c278a036224ca395f350890 -> 
  custom:scripting/monoscript/fileName/GameViewSize.cs: f6128a6515fcafce6db32fcdfa107254 -> 
  custom:scripting/monoscript/fileName/UnityHelpers.cs: b3e077029b574be508585124a9d839ef -> 
  custom:SearchIndexIgnoredProperties: e643bd26f0fe6173181afceb89e7c659 -> 
  custom:scripting/monoscript/fileName/GIFRecorder.cs: c00ece885699fb9084deaccd3eb27518 -> 
  custom:AudioImporter_EditorPlatform: d09bf68614088b80899f8185d706f6e7 -> 
  custom:scripting/monoscript/fileName/EXRRecorder.cs: 3f576ce8ddd959d51a4d7ba1999ecdbb -> 
  custom:scripting/monoscript/fileName/WEBMRecorder.cs: 391b6b920cfbc02401ea522620320c93 -> 
  custom:scripting/monoscript/fileName/RenderTextureSampler.cs: 1a7b9abab9548e1054dc40d6e2fa0270 -> 
  custom:scripting/monoscript/fileName/GifEncoder.cs: 40f336d5c5042a8a04556b4c5804a538 -> 
  custom:scripting/monoscript/fileName/GenericRecorder.cs: 90647cc400823b41df847a6cbfc29026 -> 
  custom:scripting/monoscript/fileName/ImageInputSelector.cs: f55822da877594150873922341be92b6 -> 
  custom:scripting/monoscript/fileName/AnimationRecorderSettingsEditor.cs: db1294bf3d48be44b6e4b2f2cc100b02 -> 
  custom:scripting/monoscript/fileName/RecorderTrack.cs: fac9638ece7eb7daaa1302fa170613fd -> 
  custom:scripting/monoscript/fileName/InputSettingsSelector.cs: 499a4ec92267406782b5c4f3472d53b9 -> 
  custom:scripting/monoscript/fileName/FileNameGenerator.cs: 5c8b6eb5291c3311189e0dfadac99363 -> 
  custom:scripting/monoscript/fileName/RecorderItem.cs: b62d2fcb9547a248575727d8a1646db8 -> 
  custom:scripting/monoscript/fileName/TextureFlipper.cs: 825b503b2ddab9cbd8ebbf3038075092 -> 
  custom:scripting/monoscript/fileName/AccumulationSettings.cs: fb962f0c2333934b681b167574f5e1cd -> 
  custom:scripting/monoscript/fileName/Camera360InputPropertyDrawer.cs: af647a2fe91bec98139246321cac865d -> 
  custom:scripting/monoscript/fileName/RecorderClipEditor.cs: 947ad5ff1f968d7fc40767d187070964 -> 
  custom:scripting/monoscript/fileName/EXRRecorderSettingsEditor.cs: c520a04c5f01331f2c8800e289ef6d6f -> 
  custom:scripting/monoscript/fileName/CoreEncoder.cs: dfaed86e82ad12e6a2b6740a0fb35820 -> 
  custom:scripting/monoscript/fileName/PNGRecorderSettings.cs: 79a421225358808ff14dd88c0355d1b6 -> 
  custom:scripting/monoscript/fileName/AspectRatioPropertyDrawer.cs: 9f18568574138839573389bde3e660a7 -> 
  custom:scripting/monoscript/fileName/ProResEncoder.cs: b375bf2d41e3d89081c3f2d1a0823bf3 -> 
  custom:scripting/monoscript/fileName/CameraInput.cs: bf7e0df3caf9e500f6d1c98c99e165ba -> 
  custom:scripting/monoscript/fileName/RecorderSettings.cs: bc3ef26ac157af28e5460886c0d5ef2e -> 
  custom:scripting/monoscript/fileName/RecorderClipTimelineEditor.cs: 2995d9f50ebc9245c6e9bd75c56415fb -> 
  custom:scripting/monoscript/fileName/EncoderSettingsAttribute.cs: 8352396dc11cff58c65c429fdb4fc67e -> 
  custom:scripting/monoscript/fileName/MP4Recorder.cs: af531c4e1f6d23547da08837eb16b729 -> 
  custom:scripting/monoscript/fileName/EncoderTypeUtilities.cs: a12c4c78a6cd4fb6b93180d59ad77be8 -> 
  custom:scripting/monoscript/fileName/PooledBufferAsyncGPUReadback.cs: 2a4e50c5dda177306c9ec935763c4378 -> 
  custom:scripting/monoscript/fileName/AnimationRecorder.cs: f749a4250195b5467bbf05e3a976b59f -> 
  custom:scripting/precompiled-assembly-types:Unity.Recorder.Base: 3fec19fdf10e3518c41e41a932f2042f -> 
  custom:scripting/monoscript/fileName/AnimationRecorderSettings.cs: 5cfb1544a40f93fe0ea879bb1361c877 -> 
  custom:scripting/monoscript/fileName/RenderTextureSamplerSettings.cs: 68adab84706346f2ecbdfd649ca9cf61 -> 
  custom:scripting/monoscript/fileName/RecordingContext.cs: af9af1e8b283703482ba133924b5585a -> 
  custom:scripting/monoscript/fileName/RecorderSelector.cs: c3cd2caacd181d6eff54dc260c4a1ffb -> 
  custom:video-encoder-webm-vp8: eb34c28f22e8b96e1ab97ce403110664 -> 
  custom:scripting/monoscript/fileName/RecorderInput.cs: 88fd8d8fd71b34ed7298a01f6c2d2e40 -> 
  custom:scripting/monoscript/fileName/RenderTextureSamplerPropertyDrawer.cs: b541817d9cc9b1341d2ddfa8823b718d -> 
  custom:scripting/monoscript/fileName/RecorderSettingsAttribute.cs: ddd228b25da7ba2ac10d13e1efacc875 -> 
  custom:audio-decoder-ogg-vorbis: bf7c407c2cedff20999df2af8eb42d56 -> 
  custom:scripting/monoscript/fileName/OutputPathDrawer.cs: cffc34c1be094e6caeb13ff3b26ca679 -> 
  custom:scripting/monoscript/fileName/EditorVersionsHelper.cs: 3ad9098caeeff0295dba8c0911f5333a -> 
  custom:scripting/monoscript/fileName/SettingAsset.cs: 7c3790954696ae83d71055079b387931 -> 
  custom:scripting/monoscript/fileName/OutputResolution.cs: 31c632d97e9a69bcc2ef10f6feb5bf62 -> 
  custom:scripting/monoscript/fileName/AccumulationSettingsPropertyDrawer.cs: bfc920db0de3c29c2967e88aac1c1027 -> 
  custom:scripting/monoscript/fileName/AnimationInputSettingsPropertyDrawer.cs: ebe1771fecebe7a93badf6354f59c990 -> 
  custom:scripting/monoscript/fileName/CoreEncoderSettings.cs: 2b5db1db3c1fa7de4175a7e143de3ce5 -> 
  custom:scripting/monoscript/fileName/VisualListItem.cs: 90647cc400823b41df847a6cbfc29026 -> 
  custom:scripting/monoscript/fileName/FrameRateProperyDrawer.cs: c478c798f5354f66af45b380be0629f9 -> 
  custom:scripting/monoscript/fileName/InputSettingsSelectorDrawer.cs: bca46dd5b59e2f574c94bef4cdb878fb -> 
  custom:scripting/monoscript/fileName/RecorderWindow.cs: 553a30d64d5ef1dcad6b00b4eeeb3829 -> 
  custom:scripting/monoscript/fileName/AOVCameraInputSettings.cs: 4d2fdf1142ce53d73cb43d39944ba516 -> 
  custom:scripting/monoscript/fileName/EnumProperyDrawer.cs: 90647cc400823b41df847a6cbfc29026 -> 
  custom:scripting/monoscript/fileName/AOVImageInputSelector.cs: b741d8d3a7cbb503c5bdf23d7e6792db -> 
  custom:scripting/monoscript/fileName/CoreEncoderSettingsPropertyDrawer.cs: c8bdf3420d844fd4604c0d0cf3815355 -> 
  custom:scripting/monoscript/fileName/GifEncoderSettings.cs: 812ca6afdf48b830953d76adab9d4030 -> 
  custom:scripting/monoscript/fileName/GIFRecorderSettingsEditor.cs: 4d0f46bcf58d188895fabae5334995ae -> 
  custom:scripting/monoscript/fileName/IEncoder.cs: 007c2ef621b0d92b5a7a6bae91d26090 -> 
  custom:scripting/monoscript/fileName/RecorderOptions.cs: 74782d297e80d8f56c0e05a7cde4e51d -> 
  custom:scripting/precompiled-assembly-types:Unity.Recorder.Editor: cd22b836ef1ca10e7d8c91c9be46b4bf -> 
  custom:scripting/monoscript/fileName/ProResEncoderSettingsPropertyDrawer.cs: 68c25e6d4459336217d4b9e22eb707b4 -> 
  custom:scripting/monoscript/fileName/ImageRecorder.cs: b804c29bfc59a61db184c1d275fe4101 -> 
  custom:scripting/monoscript/fileName/EditableLabel.cs: 4f8fa2c6092744ed6607a411e3f617c0 -> 
  custom:scripting/monoscript/fileName/GameViewInput.cs: 596e7ffa2d11b2002176644af3247ea6 -> 
  custom:audio-encoder-webm-vorbis: bf7c407c2cedff20999df2af8eb42d56 -> 
  custom:scripting/monoscript/fileName/SerializedDictionnary.cs: 90647cc400823b41df847a6cbfc29026 -> 
  custom:scripting/monoscript/fileName/HammersleySequence.cs: b06601f044912976f668045b7d4c79a8 -> 
  custom:scripting/monoscript/fileName/_RecorderComponent.cs: 8c268d1df4e18643d83ea9c6eeba2d9f -> 
  custom:scripting/monoscript/fileName/IAccumulation.cs: 38dee62d444423165276e3254554d005 -> 
  custom:scripting/monoscript/fileName/RecorderController.cs: 5760bd2995080b8d0d9d9e88ab8933c6 -> 
  custom:scripting/monoscript/fileName/EXRRecorderSettings.cs: bf113df492cb5b25e11ec144a73c2f74 -> 
========================================================================
Received Import Request.
  Time since last request: 4.652928 seconds.
  path: Assets/Prefabs/Cube.prefab
  artifactKey: Guid(6f465dab9e6bdbc40b292aa1082e7dd9) Importer(815301076,1909f56bfc062723c751e8b465ee728b)
Start importing Assets/Prefabs/Cube.prefab using Guid(6f465dab9e6bdbc40b292aa1082e7dd9) Importer(815301076,1909f56bfc062723c751e8b465ee728b) [PhysX] Initialized MultithreadedTaskDispatcher with 12 workers.
 -> (artifact id: '9d04fdfc94419e9d414e421f41762208') in 0.001394 seconds
Number of updated asset objects reloaded before import = 0
Number of asset objects unloaded after import = 0
========================================================================
Received Import Request.
  Time since last request: 26.830675 seconds.
  path: Assets/Prefabs/Cube.prefab
  artifactKey: Guid(6f465dab9e6bdbc40b292aa1082e7dd9) Importer(815301076,1909f56bfc062723c751e8b465ee728b)
Start importing Assets/Prefabs/Cube.prefab using Guid(6f465dab9e6bdbc40b292aa1082e7dd9) Importer(815301076,1909f56bfc062723c751e8b465ee728b) [PhysX] Initialized MultithreadedTaskDispatcher with 12 workers.
 -> (artifact id: '9d04fdfc94419e9d414e421f41762208') in 0.000444 seconds
Number of updated asset objects reloaded before import = 0
Number of asset objects unloaded after import = 0
========================================================================
Received Prepare
Caller must complete domain reload
Begin MonoManager ReloadAssembly
- Loaded All Assemblies, in  0.425 seconds
Native extension for WindowsStandalone target not found
Native extension for iOS target not found
Native extension for Android target not found
Mono: successfully reloaded assembly
- Finished resetting the current domain, in  0.954 seconds
Domain Reload Profiling: 1375ms
	BeginReloadAssembly (126ms)
		ExecutionOrderSort (0ms)
		DisableScriptedObjects (4ms)
		BackupInstance (0ms)
		ReleaseScriptingObjects (0ms)
		CreateAndSetChildDomain (24ms)
	RebuildCommonClasses (25ms)
	RebuildNativeTypeToScriptingClass (8ms)
	initialDomainReloadingComplete (29ms)
	LoadAllAssembliesAndSetupDomain (233ms)
		LoadAssemblies (285ms)
		RebuildTransferFunctionScriptingTraits (0ms)
		AnalyzeDomain (17ms)
			TypeCache.Refresh (6ms)
				TypeCache.ScanAssembly (0ms)
			ScanForSourceGeneratedMonoScriptInfo (5ms)
			ResolveRequiredComponents (5ms)
	FinalizeReload (954ms)
		ReleaseScriptCaches (0ms)
		RebuildScriptCaches (0ms)
		SetupLoadedEditorAssemblies (473ms)
			LogAssemblyErrors (0ms)
			InitializePlatformSupportModulesInManaged (28ms)
			SetLoadedEditorAssemblies (3ms)
			RefreshPlugins (0ms)
			BeforeProcessingInitializeOnLoad (86ms)
			ProcessInitializeOnLoadAttributes (330ms)
			ProcessInitializeOnLoadMethodAttributes (16ms)
			AfterProcessingInitializeOnLoad (9ms)
			EditorAssembliesLoaded (0ms)
		ExecutionOrderSort2 (0ms)
		AwakeInstancesAfterBackupRestoration (5ms)
Refreshing native plugins compatible for Editor in 4.83 ms, found 6 plugins.
Preloading 0 native plugins for Editor in 0.00 ms.
Unloading 3255 Unused Serialized files (Serialized files now loaded: 0)
Unloading 21 unused Assets / (336.1 KB). Loaded Objects now: 3808.
Memory consumption went from 127.4 MB to 127.1 MB.
Total: 2.654100 ms (FindLiveObjects: 0.211100 ms CreateObjectMapping: 0.125700 ms MarkObjects: 2.159000 ms  DeleteObjects: 0.157900 ms)

Prepare: number of updated asset objects reloaded= 0
AssetImportParameters requested are different than current active one (requested -> active):
  custom:scripting/monoscript/fileName/WEBMRecorderSettingsEditor.cs: 5559c87f45d3b65fac8d5ac4ef5e81c8 -> 
  custom:scripting/monoscript/fileName/UIElementHelper.cs: 9f9438adfe3361012ea6280d4cdb2df4 -> 
  custom:scripting/monoscript/fileName/AOVCameraInput.cs: c23c8ce885672bc57e25263b3efd067a -> 
  custom:scripting/monoscript/fileName/BaseTextureRecorder.cs: 90647cc400823b41df847a6cbfc29026 -> 
  custom:scripting/monoscript/fileName/Recorder.cs: a7e319d512627774f8215ba0b76f0bcb -> 
  custom:scripting/monoscript/fileName/AudioRecorder.cs: 89550121570f22445b4a1b28daea3cf9 -> 
  custom:scripting/monoscript/fileName/PanelSplitter.cs: 5ff6c6e385b6b12ca322a9c92ac6f371 -> 
  custom:scripting/monoscript/fileName/ImageRecorderSettings.cs: a7ab05fac9382c03607c40fe73956ed6 -> 
  custom:scripting/monoscript/fileName/RecorderClip.cs: 897017f45cb3c30f306724d1fa17a8fe -> 
  custom:scripting/monoscript/fileName/GIFRecorderSettings.cs: 979f88ae1e7731daed242ab2fdebbc0e -> 
  custom:container-demuxer-ogg: 62fdf1f143b41e24485cea50d1cbac27 -> 
  custom:scripting/monoscript/fileName/MovieRecorder.cs: 024785cf83e1399f425b2aa115d22e2b -> 
  custom:scripting/monoscript/fileName/RecorderControllerSettingsPresetEditor.cs: 49aed206ae65ed5ac6b420f7104cd52d -> 
  custom:scripting/monoscript/fileName/AudioInput.cs: 499e96d8f0b35d362bd956c0975bb873 -> 
  custom:scripting/monoscript/fileName/WEBMRecorderSettings.cs: c176c43abbe456aeea55c2aef862801b -> 
  custom:scripting/monoscript/fileName/RecorderControllerSettingsPreset.cs: 78b391c1384ac60213ef58d50e78d553 -> 
  custom:scripting/monoscript/fileName/GameViewInputSettings.cs: a7ae22123f532f5bbcb39c654c998b57 -> 
  custom:scripting/monoscript/fileName/GameViewInputPropertyDrawer.cs: ae2c8a99c5e33d3d1ffc8232415130e8 -> 
  custom:scripting/monoscript/fileName/Camera360Input.cs: dc473b118c57e0734b0cd3476e333c06 -> 
  custom:scripting/monoscript/fileName/RecorderPreferencesSettingsProvider.cs: d92d314b87f7c2170e267636ebf38224 -> 
  custom:scripting/monoscript/fileName/RecorderBindings.cs: ac25db5b587307cfea909607f62e5641 -> 
  custom:video-decoder-ogg-theora: a1e56fd34408186e4bbccfd4996cb3dc -> 
  custom:scripting/monoscript/fileName/GIFWrapper.cs: 6ef8898a12699129e8f81f06a649cad1 -> 
  custom:scripting/monoscript/fileName/SceneHook.cs: 80fa8928b499d44515dd60e0bc895128 -> 
  custom:scripting/monoscript/fileName/AnimationInput.cs: e810137278708a698c5ccddaeb1a1e64 -> 
  custom:scripting/monoscript/fileName/OutputResolutionPropertyDrawer.cs: 0e33ffdf424417a2e685685cfc04d4b1 -> 
  custom:scripting/monoscript/fileName/EnumHelper.cs: 117b5609cc2a1ae41785cd0c8767815f -> 
  custom:scripting/monoscript/fileName/OutputPath.cs: ee51fcffcd8929d224a5e3fb152d5f62 -> 
  custom:scripting/monoscript/fileName/FileNameGeneratorDrawer.cs: a3ea71dec141084df9b7ffa19c11e2cb -> 
  custom:framework-win-MediaFoundation: 216162199b28c13a410421893ffa2e32 -> 
  custom:scripting/monoscript/fileName/RecorderPreferencesWindowGUIScope.cs: 7a2eba6fcb6829ea8b200991a02c9c06 -> 
  custom:scripting/monoscript/fileName/AspectRatio.cs: 18e3efa554f8258b676d4de53e38b642 -> 
  custom:scripting/monoscript/fileName/CameraInputSettings.cs: 6738f6dd994f658d2cbf6f5f3ba05a0e -> 
  custom:scripting/monoscript/fileName/RefHandle.cs: 90647cc400823b41df847a6cbfc29026 -> 
  custom:scripting/monoscript/fileName/CameraCapture.cs: c6dcba1380d9a4fa09f4e36182a45a73 -> 
  custom:scripting/monoscript/fileName/RecorderControllerSettings.cs: 989e0caa64af9b76551d4ff6bd15f598 -> 
  custom:scripting/monoscript/fileName/TargetedPropertyDrawer.cs: 90647cc400823b41df847a6cbfc29026 -> 
  custom:scripting/monoscript/fileName/MovieRecorderSettings.cs: 02a667a67b113b1f65e3fcadcc882513 -> 
  custom:scripting/monoscript/fileName/RenderTextureInputSettings.cs: ebca820667a63031a7597db85d26451a -> 
  custom:scripting/monoscript/fileName/ImageRecorderEditor.cs: d3134ae4c1dfd8e056bace11130b7692 -> 
  custom:scripting/monoscript/fileName/ProResEncoderSettings.cs: 4aca03881946a7fe9acacf199434009e -> 
  custom:scripting/monoscript/fileName/_FrameRequestComponent.cs: b34f171daaafc65da55ea68e2ed89f2b -> 
  custom:scripting/monoscript/fileName/RenderTextureInput.cs: 5dea77837ae3c82bb14643cd82dc06dc -> 
  custom:scripting/monoscript/fileName/RecorderAnalytics.cs: 0fa40093f6ac3fe75e92d746d563e5ee -> 
  custom:scripting/monoscript/fileName/MP4RecorderSettingsEditor.cs: 68a64b16a7961d71fa7286fd1f782e9b -> 
  custom:scripting/monoscript/fileName/RecorderBindingsEditor.cs: f7451a0e1cea6404b2976d2b2c42e273 -> 
  custom:scripting/monoscript/fileName/BaseRenderTextureInput.cs: 5dc13661a5a0dca5d09ca211933a44e2 -> 
  custom:scripting/monoscript/fileName/StatusBarHelper.cs: da04a6ed046f8a62f416d5d3ea415bef -> 
  custom:scripting/precompiled-assembly-types:Unity.Recorder: bd5378c99f6216e06dd6e2c2a60a86a4 -> 
  custom:CustomObjectIndexerAttribute: 9a22284fe3817be447336de3de66b15e -> 
  custom:scripting/monoscript/fileName/Camera360InputSettings.cs: 3d5eaf1cb3a9df6f9d1d52f3c3018c46 -> 
  custom:scripting/monoscript/fileName/PNGRecorderSettingsEditor.cs: 4970e6657bb34f7efc2c7d8168c7358b -> 
  custom:scripting/monoscript/fileName/ImageHeightSelector.cs: d1a7972bf1d79d90f09ab23c718afe39 -> 
  custom:scripting/monoscript/fileName/AnimationInputSettings.cs: d64a99ebbd13660e9264cb4111ab9832 -> 
  custom:scripting/monoscript/fileName/MP4RecorderSettings.cs: 551f5535c05b86d6ee91684eced14987 -> 
  custom:scripting/monoscript/fileName/RecorderPreferencesSettings.cs: 761b0a55fc5e50239a1d0c4bfc968274 -> 
  custom:container-demuxer-webm: 4f35f7cbe854078d1ac9338744f61a02 -> 
  custom:scripting/monoscript/fileName/RecorderSettingsPrefsEditor.cs: ba9e697f1d269c2c960a41bc543fa408 -> 
  custom:scripting/monoscript/fileName/ProResWrapper.cs: 712515ef615766c98115c6a20d85d6c8 -> 
  custom:scripting/monoscript/fileName/RecordModePropertyDrawer.cs: 165332db07362bbcab2d8dc6d1e1dfda -> 
  custom:scripting/monoscript/fileName/ImageInputSettings.cs: 98a2aedd167d40f01804b04845eeaf15 -> 
  custom:scripting/monoscript/fileName/SerializableObjHelper.cs: f19f181f3f05e8e393225dd7030fb66a -> 
  custom:scripting/monoscript/fileName/InputPropertyDrawer.cs: 90647cc400823b41df847a6cbfc29026 -> 
  custom:scripting/monoscript/fileName/AudioInputSettings.cs: a2c930fca1dd5e27705fbacf39727bb4 -> 
  custom:scripting/monoscript/fileName/InputSettings.cs: 35c56ce5488c6b464726305dcbd33b3d -> 
  custom:scripting/monoscript/fileName/RecorderEditor.cs: 736e59ba52eea987abc47f36a836e575 -> 
  custom:scripting/monoscript/fileName/AudioRecorderSettings.cs: 0b00f2c93558486cc61a06f270f43fea -> 
  custom:scripting/monoscript/fileName/RecordersInventory.cs: fb714c8df18f9b7fc7f3361f604ae3dc -> 
  custom:scripting/monoscript/fileName/BaseFCRecorderSettings.cs: fab928553cedb8703ac192d6cf7b6294 -> 
  custom:scripting/monoscript/fileName/AOVRecorderSettings.cs: cdc731153cd2f1f739300a28ea6a6608 -> 
  custom:scripting/monoscript/fileName/EXRCompressionTypeDrawer.cs: 301cb614ecf84a4dab346c5f76ea2016 -> 
  custom:scripting/monoscript/fileName/AOVRecorder.cs: c53e83f1863b3ea80b6df3885cdb8c82 -> 
  custom:scripting/monoscript/fileName/IEncoderSettings.cs: c7d04fadacf538db841606cc656ae724 -> 
  custom:scripting/monoscript/fileName/ShutterProfileTypePropertyDrawer.cs: 18a32c647eca27716eabcb5a44f00e32 -> 
  custom:scripting/monoscript/fileName/MovieRecorderEditor.cs: eb00ddb8a76b8dfb7c88b7826a49d38b -> 
  custom:scripting/monoscript/fileName/RenderTextureInputSettingsPropertyDrawer.cs: 809602b52454cd1e6229756218a8f453 -> 
  custom:scripting/monoscript/fileName/RecorderPlayableBehaviour.cs: 80165a21f4cd0dda690f708a19d389bd -> 
  custom:scripting/monoscript/fileName/GifEncoderSettingsPropertyDrawer.cs: b36c9a7eaaefccda514b23d7e14761ca -> 
  custom:scripting/monoscript/fileName/PNGRecorder.cs: 08fd40f88cb6b18c96882f263639f57d -> 
  custom:scripting/monoscript/fileName/CameraInputSettingsPropertyDrawer.cs: 91928abf1abf88be098cb088d896aec5 -> 
  custom:scripting/monoscript/fileName/AudioRecorderEditor.cs: 565168dec291afe3fa470657cfc2c123 -> 
  custom:scripting/monoscript/fileName/AOVRecorderEditor.cs: 5ca53ccd6d7645709639507726114395 -> 
  custom:container-muxer-webm: aa71ff27fc2769a1b78a27578f13a17b -> 
  custom:video-decoder-webm-vp8: 9c59270c3fd7afecdb556c50c9e8de78 -> 
  custom:scripting/monoscript/fileName/RecordingSession.cs: f3ad08157c278a036224ca395f350890 -> 
  custom:scripting/monoscript/fileName/GameViewSize.cs: f6128a6515fcafce6db32fcdfa107254 -> 
  custom:scripting/monoscript/fileName/UnityHelpers.cs: b3e077029b574be508585124a9d839ef -> 
  custom:SearchIndexIgnoredProperties: e643bd26f0fe6173181afceb89e7c659 -> 
  custom:scripting/monoscript/fileName/GIFRecorder.cs: c00ece885699fb9084deaccd3eb27518 -> 
  custom:AudioImporter_EditorPlatform: d09bf68614088b80899f8185d706f6e7 -> 
  custom:scripting/monoscript/fileName/EXRRecorder.cs: 3f576ce8ddd959d51a4d7ba1999ecdbb -> 
  custom:scripting/monoscript/fileName/WEBMRecorder.cs: 391b6b920cfbc02401ea522620320c93 -> 
  custom:scripting/monoscript/fileName/RenderTextureSampler.cs: 1a7b9abab9548e1054dc40d6e2fa0270 -> 
  custom:scripting/monoscript/fileName/GifEncoder.cs: 40f336d5c5042a8a04556b4c5804a538 -> 
  custom:scripting/monoscript/fileName/GenericRecorder.cs: 90647cc400823b41df847a6cbfc29026 -> 
  custom:scripting/monoscript/fileName/ImageInputSelector.cs: f55822da877594150873922341be92b6 -> 
  custom:scripting/monoscript/fileName/AnimationRecorderSettingsEditor.cs: db1294bf3d48be44b6e4b2f2cc100b02 -> 
  custom:scripting/monoscript/fileName/RecorderTrack.cs: fac9638ece7eb7daaa1302fa170613fd -> 
  custom:scripting/monoscript/fileName/InputSettingsSelector.cs: 499a4ec92267406782b5c4f3472d53b9 -> 
  custom:scripting/monoscript/fileName/FileNameGenerator.cs: 5c8b6eb5291c3311189e0dfadac99363 -> 
  custom:scripting/monoscript/fileName/RecorderItem.cs: b62d2fcb9547a248575727d8a1646db8 -> 
  custom:scripting/monoscript/fileName/TextureFlipper.cs: 825b503b2ddab9cbd8ebbf3038075092 -> 
  custom:scripting/monoscript/fileName/AccumulationSettings.cs: fb962f0c2333934b681b167574f5e1cd -> 
  custom:scripting/monoscript/fileName/Camera360InputPropertyDrawer.cs: af647a2fe91bec98139246321cac865d -> 
  custom:scripting/monoscript/fileName/RecorderClipEditor.cs: 947ad5ff1f968d7fc40767d187070964 -> 
  custom:scripting/monoscript/fileName/EXRRecorderSettingsEditor.cs: c520a04c5f01331f2c8800e289ef6d6f -> 
  custom:scripting/monoscript/fileName/CoreEncoder.cs: dfaed86e82ad12e6a2b6740a0fb35820 -> 
  custom:scripting/monoscript/fileName/PNGRecorderSettings.cs: 79a421225358808ff14dd88c0355d1b6 -> 
  custom:scripting/monoscript/fileName/AspectRatioPropertyDrawer.cs: 9f18568574138839573389bde3e660a7 -> 
  custom:scripting/monoscript/fileName/ProResEncoder.cs: b375bf2d41e3d89081c3f2d1a0823bf3 -> 
  custom:scripting/monoscript/fileName/CameraInput.cs: bf7e0df3caf9e500f6d1c98c99e165ba -> 
  custom:scripting/monoscript/fileName/RecorderSettings.cs: bc3ef26ac157af28e5460886c0d5ef2e -> 
  custom:scripting/monoscript/fileName/RecorderClipTimelineEditor.cs: 2995d9f50ebc9245c6e9bd75c56415fb -> 
  custom:scripting/monoscript/fileName/EncoderSettingsAttribute.cs: 8352396dc11cff58c65c429fdb4fc67e -> 
  custom:scripting/monoscript/fileName/MP4Recorder.cs: af531c4e1f6d23547da08837eb16b729 -> 
  custom:scripting/monoscript/fileName/EncoderTypeUtilities.cs: a12c4c78a6cd4fb6b93180d59ad77be8 -> 
  custom:scripting/monoscript/fileName/PooledBufferAsyncGPUReadback.cs: 2a4e50c5dda177306c9ec935763c4378 -> 
  custom:scripting/monoscript/fileName/AnimationRecorder.cs: f749a4250195b5467bbf05e3a976b59f -> 
  custom:scripting/precompiled-assembly-types:Unity.Recorder.Base: 3fec19fdf10e3518c41e41a932f2042f -> 
  custom:scripting/monoscript/fileName/AnimationRecorderSettings.cs: 5cfb1544a40f93fe0ea879bb1361c877 -> 
  custom:scripting/monoscript/fileName/RenderTextureSamplerSettings.cs: 68adab84706346f2ecbdfd649ca9cf61 -> 
  custom:scripting/monoscript/fileName/RecordingContext.cs: af9af1e8b283703482ba133924b5585a -> 
  custom:scripting/monoscript/fileName/RecorderSelector.cs: c3cd2caacd181d6eff54dc260c4a1ffb -> 
  custom:video-encoder-webm-vp8: eb34c28f22e8b96e1ab97ce403110664 -> 
  custom:scripting/monoscript/fileName/RecorderInput.cs: 88fd8d8fd71b34ed7298a01f6c2d2e40 -> 
  custom:scripting/monoscript/fileName/RenderTextureSamplerPropertyDrawer.cs: b541817d9cc9b1341d2ddfa8823b718d -> 
  custom:scripting/monoscript/fileName/RecorderSettingsAttribute.cs: ddd228b25da7ba2ac10d13e1efacc875 -> 
  custom:audio-decoder-ogg-vorbis: bf7c407c2cedff20999df2af8eb42d56 -> 
  custom:scripting/monoscript/fileName/OutputPathDrawer.cs: cffc34c1be094e6caeb13ff3b26ca679 -> 
  custom:scripting/monoscript/fileName/EditorVersionsHelper.cs: 3ad9098caeeff0295dba8c0911f5333a -> 
  custom:scripting/monoscript/fileName/SettingAsset.cs: 7c3790954696ae83d71055079b387931 -> 
  custom:scripting/monoscript/fileName/OutputResolution.cs: 31c632d97e9a69bcc2ef10f6feb5bf62 -> 
  custom:scripting/monoscript/fileName/AccumulationSettingsPropertyDrawer.cs: bfc920db0de3c29c2967e88aac1c1027 -> 
  custom:scripting/monoscript/fileName/AnimationInputSettingsPropertyDrawer.cs: ebe1771fecebe7a93badf6354f59c990 -> 
  custom:scripting/monoscript/fileName/CoreEncoderSettings.cs: 2b5db1db3c1fa7de4175a7e143de3ce5 -> 
  custom:scripting/monoscript/fileName/VisualListItem.cs: 90647cc400823b41df847a6cbfc29026 -> 
  custom:scripting/monoscript/fileName/FrameRateProperyDrawer.cs: c478c798f5354f66af45b380be0629f9 -> 
  custom:scripting/monoscript/fileName/InputSettingsSelectorDrawer.cs: bca46dd5b59e2f574c94bef4cdb878fb -> 
  custom:scripting/monoscript/fileName/RecorderWindow.cs: 553a30d64d5ef1dcad6b00b4eeeb3829 -> 
  custom:scripting/monoscript/fileName/AOVCameraInputSettings.cs: 4d2fdf1142ce53d73cb43d39944ba516 -> 
  custom:scripting/monoscript/fileName/EnumProperyDrawer.cs: 90647cc400823b41df847a6cbfc29026 -> 
  custom:scripting/monoscript/fileName/AOVImageInputSelector.cs: b741d8d3a7cbb503c5bdf23d7e6792db -> 
  custom:scripting/monoscript/fileName/CoreEncoderSettingsPropertyDrawer.cs: c8bdf3420d844fd4604c0d0cf3815355 -> 
  custom:scripting/monoscript/fileName/GifEncoderSettings.cs: 812ca6afdf48b830953d76adab9d4030 -> 
  custom:scripting/monoscript/fileName/GIFRecorderSettingsEditor.cs: 4d0f46bcf58d188895fabae5334995ae -> 
  custom:scripting/monoscript/fileName/IEncoder.cs: 007c2ef621b0d92b5a7a6bae91d26090 -> 
  custom:scripting/monoscript/fileName/RecorderOptions.cs: 74782d297e80d8f56c0e05a7cde4e51d -> 
  custom:scripting/precompiled-assembly-types:Unity.Recorder.Editor: cd22b836ef1ca10e7d8c91c9be46b4bf -> 
  custom:scripting/monoscript/fileName/ProResEncoderSettingsPropertyDrawer.cs: 68c25e6d4459336217d4b9e22eb707b4 -> 
  custom:scripting/monoscript/fileName/ImageRecorder.cs: b804c29bfc59a61db184c1d275fe4101 -> 
  custom:scripting/monoscript/fileName/EditableLabel.cs: 4f8fa2c6092744ed6607a411e3f617c0 -> 
  custom:scripting/monoscript/fileName/GameViewInput.cs: 596e7ffa2d11b2002176644af3247ea6 -> 
  custom:audio-encoder-webm-vorbis: bf7c407c2cedff20999df2af8eb42d56 -> 
  custom:scripting/monoscript/fileName/SerializedDictionnary.cs: 90647cc400823b41df847a6cbfc29026 -> 
  custom:scripting/monoscript/fileName/HammersleySequence.cs: b06601f044912976f668045b7d4c79a8 -> 
  custom:scripting/monoscript/fileName/_RecorderComponent.cs: 8c268d1df4e18643d83ea9c6eeba2d9f -> 
  custom:scripting/monoscript/fileName/IAccumulation.cs: 38dee62d444423165276e3254554d005 -> 
  custom:scripting/monoscript/fileName/RecorderController.cs: 5760bd2995080b8d0d9d9e88ab8933c6 -> 
  custom:scripting/monoscript/fileName/EXRRecorderSettings.cs: bf113df492cb5b25e11ec144a73c2f74 -> 
========================================================================
Received Prepare
Caller must complete domain reload
Begin MonoManager ReloadAssembly
- Loaded All Assemblies, in  0.409 seconds
Native extension for WindowsStandalone target not found
Native extension for iOS target not found
Native extension for Android target not found
Mono: successfully reloaded assembly
- Finished resetting the current domain, in  0.976 seconds
Domain Reload Profiling: 1381ms
	BeginReloadAssembly (125ms)
		ExecutionOrderSort (0ms)
		DisableScriptedObjects (4ms)
		BackupInstance (0ms)
		ReleaseScriptingObjects (0ms)
		CreateAndSetChildDomain (25ms)
	RebuildCommonClasses (24ms)
	RebuildNativeTypeToScriptingClass (11ms)
	initialDomainReloadingComplete (31ms)
	LoadAllAssembliesAndSetupDomain (214ms)
		LoadAssemblies (272ms)
		RebuildTransferFunctionScriptingTraits (0ms)
		AnalyzeDomain (10ms)
			TypeCache.Refresh (4ms)
				TypeCache.ScanAssembly (0ms)
			ScanForSourceGeneratedMonoScriptInfo (0ms)
			ResolveRequiredComponents (4ms)
	FinalizeReload (976ms)
		ReleaseScriptCaches (0ms)
		RebuildScriptCaches (0ms)
		SetupLoadedEditorAssemblies (487ms)
			LogAssemblyErrors (0ms)
			InitializePlatformSupportModulesInManaged (30ms)
			SetLoadedEditorAssemblies (4ms)
			RefreshPlugins (0ms)
			BeforeProcessingInitializeOnLoad (87ms)
			ProcessInitializeOnLoadAttributes (337ms)
			ProcessInitializeOnLoadMethodAttributes (18ms)
			AfterProcessingInitializeOnLoad (10ms)
			EditorAssembliesLoaded (0ms)
		ExecutionOrderSort2 (0ms)
		AwakeInstancesAfterBackupRestoration (5ms)
Refreshing native plugins compatible for Editor in 5.41 ms, found 6 plugins.
Preloading 0 native plugins for Editor in 0.00 ms.
Unloading 3255 Unused Serialized files (Serialized files now loaded: 0)
Unloading 21 unused Assets / (336.2 KB). Loaded Objects now: 3811.
Memory consumption went from 127.4 MB to 127.1 MB.
Total: 2.396100 ms (FindLiveObjects: 0.205300 ms CreateObjectMapping: 0.078100 ms MarkObjects: 1.948800 ms  DeleteObjects: 0.163300 ms)

Prepare: number of updated asset objects reloaded= 0
AssetImportParameters requested are different than current active one (requested -> active):
  custom:scripting/monoscript/fileName/WEBMRecorderSettingsEditor.cs: 5559c87f45d3b65fac8d5ac4ef5e81c8 -> 
  custom:scripting/monoscript/fileName/UIElementHelper.cs: 9f9438adfe3361012ea6280d4cdb2df4 -> 
  custom:scripting/monoscript/fileName/AOVCameraInput.cs: c23c8ce885672bc57e25263b3efd067a -> 
  custom:scripting/monoscript/fileName/BaseTextureRecorder.cs: 90647cc400823b41df847a6cbfc29026 -> 
  custom:scripting/monoscript/fileName/Recorder.cs: a7e319d512627774f8215ba0b76f0bcb -> 
  custom:scripting/monoscript/fileName/AudioRecorder.cs: 89550121570f22445b4a1b28daea3cf9 -> 
  custom:scripting/monoscript/fileName/PanelSplitter.cs: 5ff6c6e385b6b12ca322a9c92ac6f371 -> 
  custom:scripting/monoscript/fileName/ImageRecorderSettings.cs: a7ab05fac9382c03607c40fe73956ed6 -> 
  custom:scripting/monoscript/fileName/RecorderClip.cs: 897017f45cb3c30f306724d1fa17a8fe -> 
  custom:scripting/monoscript/fileName/GIFRecorderSettings.cs: 979f88ae1e7731daed242ab2fdebbc0e -> 
  custom:container-demuxer-ogg: 62fdf1f143b41e24485cea50d1cbac27 -> 
  custom:scripting/monoscript/fileName/MovieRecorder.cs: 024785cf83e1399f425b2aa115d22e2b -> 
  custom:scripting/monoscript/fileName/RecorderControllerSettingsPresetEditor.cs: 49aed206ae65ed5ac6b420f7104cd52d -> 
  custom:scripting/monoscript/fileName/AudioInput.cs: 499e96d8f0b35d362bd956c0975bb873 -> 
  custom:scripting/monoscript/fileName/WEBMRecorderSettings.cs: c176c43abbe456aeea55c2aef862801b -> 
  custom:scripting/monoscript/fileName/RecorderControllerSettingsPreset.cs: 78b391c1384ac60213ef58d50e78d553 -> 
  custom:scripting/monoscript/fileName/GameViewInputSettings.cs: a7ae22123f532f5bbcb39c654c998b57 -> 
  custom:scripting/monoscript/fileName/GameViewInputPropertyDrawer.cs: ae2c8a99c5e33d3d1ffc8232415130e8 -> 
  custom:scripting/monoscript/fileName/Camera360Input.cs: dc473b118c57e0734b0cd3476e333c06 -> 
  custom:scripting/monoscript/fileName/RecorderPreferencesSettingsProvider.cs: d92d314b87f7c2170e267636ebf38224 -> 
  custom:scripting/monoscript/fileName/RecorderBindings.cs: ac25db5b587307cfea909607f62e5641 -> 
  custom:video-decoder-ogg-theora: a1e56fd34408186e4bbccfd4996cb3dc -> 
  custom:scripting/monoscript/fileName/GIFWrapper.cs: 6ef8898a12699129e8f81f06a649cad1 -> 
  custom:scripting/monoscript/fileName/SceneHook.cs: 80fa8928b499d44515dd60e0bc895128 -> 
  custom:scripting/monoscript/fileName/AnimationInput.cs: e810137278708a698c5ccddaeb1a1e64 -> 
  custom:scripting/monoscript/fileName/OutputResolutionPropertyDrawer.cs: 0e33ffdf424417a2e685685cfc04d4b1 -> 
  custom:scripting/monoscript/fileName/EnumHelper.cs: 117b5609cc2a1ae41785cd0c8767815f -> 
  custom:scripting/monoscript/fileName/OutputPath.cs: ee51fcffcd8929d224a5e3fb152d5f62 -> 
  custom:scripting/monoscript/fileName/FileNameGeneratorDrawer.cs: a3ea71dec141084df9b7ffa19c11e2cb -> 
  custom:framework-win-MediaFoundation: 216162199b28c13a410421893ffa2e32 -> 
  custom:scripting/monoscript/fileName/RecorderPreferencesWindowGUIScope.cs: 7a2eba6fcb6829ea8b200991a02c9c06 -> 
  custom:scripting/monoscript/fileName/AspectRatio.cs: 18e3efa554f8258b676d4de53e38b642 -> 
  custom:scripting/monoscript/fileName/CameraInputSettings.cs: 6738f6dd994f658d2cbf6f5f3ba05a0e -> 
  custom:scripting/monoscript/fileName/RefHandle.cs: 90647cc400823b41df847a6cbfc29026 -> 
  custom:scripting/monoscript/fileName/CameraCapture.cs: c6dcba1380d9a4fa09f4e36182a45a73 -> 
  custom:scripting/monoscript/fileName/RecorderControllerSettings.cs: 989e0caa64af9b76551d4ff6bd15f598 -> 
  custom:scripting/monoscript/fileName/TargetedPropertyDrawer.cs: 90647cc400823b41df847a6cbfc29026 -> 
  custom:scripting/monoscript/fileName/MovieRecorderSettings.cs: 02a667a67b113b1f65e3fcadcc882513 -> 
  custom:scripting/monoscript/fileName/RenderTextureInputSettings.cs: ebca820667a63031a7597db85d26451a -> 
  custom:scripting/monoscript/fileName/ImageRecorderEditor.cs: d3134ae4c1dfd8e056bace11130b7692 -> 
  custom:scripting/monoscript/fileName/ProResEncoderSettings.cs: 4aca03881946a7fe9acacf199434009e -> 
  custom:scripting/monoscript/fileName/_FrameRequestComponent.cs: b34f171daaafc65da55ea68e2ed89f2b -> 
  custom:scripting/monoscript/fileName/RenderTextureInput.cs: 5dea77837ae3c82bb14643cd82dc06dc -> 
  custom:scripting/monoscript/fileName/RecorderAnalytics.cs: 0fa40093f6ac3fe75e92d746d563e5ee -> 
  custom:scripting/monoscript/fileName/MP4RecorderSettingsEditor.cs: 68a64b16a7961d71fa7286fd1f782e9b -> 
  custom:scripting/monoscript/fileName/RecorderBindingsEditor.cs: f7451a0e1cea6404b2976d2b2c42e273 -> 
  custom:scripting/monoscript/fileName/BaseRenderTextureInput.cs: 5dc13661a5a0dca5d09ca211933a44e2 -> 
  custom:scripting/monoscript/fileName/StatusBarHelper.cs: da04a6ed046f8a62f416d5d3ea415bef -> 
  custom:scripting/precompiled-assembly-types:Unity.Recorder: bd5378c99f6216e06dd6e2c2a60a86a4 -> 
  custom:CustomObjectIndexerAttribute: 9a22284fe3817be447336de3de66b15e -> 
  custom:scripting/monoscript/fileName/Camera360InputSettings.cs: 3d5eaf1cb3a9df6f9d1d52f3c3018c46 -> 
  custom:scripting/monoscript/fileName/PNGRecorderSettingsEditor.cs: 4970e6657bb34f7efc2c7d8168c7358b -> 
  custom:scripting/monoscript/fileName/ImageHeightSelector.cs: d1a7972bf1d79d90f09ab23c718afe39 -> 
  custom:scripting/monoscript/fileName/AnimationInputSettings.cs: d64a99ebbd13660e9264cb4111ab9832 -> 
  custom:scripting/monoscript/fileName/MP4RecorderSettings.cs: 551f5535c05b86d6ee91684eced14987 -> 
  custom:scripting/monoscript/fileName/RecorderPreferencesSettings.cs: 761b0a55fc5e50239a1d0c4bfc968274 -> 
  custom:container-demuxer-webm: 4f35f7cbe854078d1ac9338744f61a02 -> 
  custom:scripting/monoscript/fileName/RecorderSettingsPrefsEditor.cs: ba9e697f1d269c2c960a41bc543fa408 -> 
  custom:scripting/monoscript/fileName/ProResWrapper.cs: 712515ef615766c98115c6a20d85d6c8 -> 
  custom:scripting/monoscript/fileName/RecordModePropertyDrawer.cs: 165332db07362bbcab2d8dc6d1e1dfda -> 
  custom:scripting/monoscript/fileName/ImageInputSettings.cs: 98a2aedd167d40f01804b04845eeaf15 -> 
  custom:scripting/monoscript/fileName/SerializableObjHelper.cs: f19f181f3f05e8e393225dd7030fb66a -> 
  custom:scripting/monoscript/fileName/InputPropertyDrawer.cs: 90647cc400823b41df847a6cbfc29026 -> 
  custom:scripting/monoscript/fileName/AudioInputSettings.cs: a2c930fca1dd5e27705fbacf39727bb4 -> 
  custom:scripting/monoscript/fileName/InputSettings.cs: 35c56ce5488c6b464726305dcbd33b3d -> 
  custom:scripting/monoscript/fileName/RecorderEditor.cs: 736e59ba52eea987abc47f36a836e575 -> 
  custom:scripting/monoscript/fileName/AudioRecorderSettings.cs: 0b00f2c93558486cc61a06f270f43fea -> 
  custom:scripting/monoscript/fileName/RecordersInventory.cs: fb714c8df18f9b7fc7f3361f604ae3dc -> 
  custom:scripting/monoscript/fileName/BaseFCRecorderSettings.cs: fab928553cedb8703ac192d6cf7b6294 -> 
  custom:scripting/monoscript/fileName/AOVRecorderSettings.cs: cdc731153cd2f1f739300a28ea6a6608 -> 
  custom:scripting/monoscript/fileName/EXRCompressionTypeDrawer.cs: 301cb614ecf84a4dab346c5f76ea2016 -> 
  custom:scripting/monoscript/fileName/AOVRecorder.cs: c53e83f1863b3ea80b6df3885cdb8c82 -> 
  custom:scripting/monoscript/fileName/IEncoderSettings.cs: c7d04fadacf538db841606cc656ae724 -> 
  custom:scripting/monoscript/fileName/ShutterProfileTypePropertyDrawer.cs: 18a32c647eca27716eabcb5a44f00e32 -> 
  custom:scripting/monoscript/fileName/MovieRecorderEditor.cs: eb00ddb8a76b8dfb7c88b7826a49d38b -> 
  custom:scripting/monoscript/fileName/RenderTextureInputSettingsPropertyDrawer.cs: 809602b52454cd1e6229756218a8f453 -> 
  custom:scripting/monoscript/fileName/RecorderPlayableBehaviour.cs: 80165a21f4cd0dda690f708a19d389bd -> 
  custom:scripting/monoscript/fileName/GifEncoderSettingsPropertyDrawer.cs: b36c9a7eaaefccda514b23d7e14761ca -> 
  custom:scripting/monoscript/fileName/PNGRecorder.cs: 08fd40f88cb6b18c96882f263639f57d -> 
  custom:scripting/monoscript/fileName/CameraInputSettingsPropertyDrawer.cs: 91928abf1abf88be098cb088d896aec5 -> 
  custom:scripting/monoscript/fileName/AudioRecorderEditor.cs: 565168dec291afe3fa470657cfc2c123 -> 
  custom:scripting/monoscript/fileName/AOVRecorderEditor.cs: 5ca53ccd6d7645709639507726114395 -> 
  custom:container-muxer-webm: aa71ff27fc2769a1b78a27578f13a17b -> 
  custom:video-decoder-webm-vp8: 9c59270c3fd7afecdb556c50c9e8de78 -> 
  custom:scripting/monoscript/fileName/RecordingSession.cs: f3ad08157c278a036224ca395f350890 -> 
  custom:scripting/monoscript/fileName/GameViewSize.cs: f6128a6515fcafce6db32fcdfa107254 -> 
  custom:scripting/monoscript/fileName/UnityHelpers.cs: b3e077029b574be508585124a9d839ef -> 
  custom:SearchIndexIgnoredProperties: e643bd26f0fe6173181afceb89e7c659 -> 
  custom:scripting/monoscript/fileName/GIFRecorder.cs: c00ece885699fb9084deaccd3eb27518 -> 
  custom:AudioImporter_EditorPlatform: d09bf68614088b80899f8185d706f6e7 -> 
  custom:scripting/monoscript/fileName/EXRRecorder.cs: 3f576ce8ddd959d51a4d7ba1999ecdbb -> 
  custom:scripting/monoscript/fileName/WEBMRecorder.cs: 391b6b920cfbc02401ea522620320c93 -> 
  custom:scripting/monoscript/fileName/RenderTextureSampler.cs: 1a7b9abab9548e1054dc40d6e2fa0270 -> 
  custom:scripting/monoscript/fileName/GifEncoder.cs: 40f336d5c5042a8a04556b4c5804a538 -> 
  custom:scripting/monoscript/fileName/GenericRecorder.cs: 90647cc400823b41df847a6cbfc29026 -> 
  custom:scripting/monoscript/fileName/ImageInputSelector.cs: f55822da877594150873922341be92b6 -> 
  custom:scripting/monoscript/fileName/AnimationRecorderSettingsEditor.cs: db1294bf3d48be44b6e4b2f2cc100b02 -> 
  custom:scripting/monoscript/fileName/RecorderTrack.cs: fac9638ece7eb7daaa1302fa170613fd -> 
  custom:scripting/monoscript/fileName/InputSettingsSelector.cs: 499a4ec92267406782b5c4f3472d53b9 -> 
  custom:scripting/monoscript/fileName/FileNameGenerator.cs: 5c8b6eb5291c3311189e0dfadac99363 -> 
  custom:scripting/monoscript/fileName/RecorderItem.cs: b62d2fcb9547a248575727d8a1646db8 -> 
  custom:scripting/monoscript/fileName/TextureFlipper.cs: 825b503b2ddab9cbd8ebbf3038075092 -> 
  custom:scripting/monoscript/fileName/AccumulationSettings.cs: fb962f0c2333934b681b167574f5e1cd -> 
  custom:scripting/monoscript/fileName/Camera360InputPropertyDrawer.cs: af647a2fe91bec98139246321cac865d -> 
  custom:scripting/monoscript/fileName/RecorderClipEditor.cs: 947ad5ff1f968d7fc40767d187070964 -> 
  custom:scripting/monoscript/fileName/EXRRecorderSettingsEditor.cs: c520a04c5f01331f2c8800e289ef6d6f -> 
  custom:scripting/monoscript/fileName/CoreEncoder.cs: dfaed86e82ad12e6a2b6740a0fb35820 -> 
  custom:scripting/monoscript/fileName/PNGRecorderSettings.cs: 79a421225358808ff14dd88c0355d1b6 -> 
  custom:scripting/monoscript/fileName/AspectRatioPropertyDrawer.cs: 9f18568574138839573389bde3e660a7 -> 
  custom:scripting/monoscript/fileName/ProResEncoder.cs: b375bf2d41e3d89081c3f2d1a0823bf3 -> 
  custom:scripting/monoscript/fileName/CameraInput.cs: bf7e0df3caf9e500f6d1c98c99e165ba -> 
  custom:scripting/monoscript/fileName/RecorderSettings.cs: bc3ef26ac157af28e5460886c0d5ef2e -> 
  custom:scripting/monoscript/fileName/RecorderClipTimelineEditor.cs: 2995d9f50ebc9245c6e9bd75c56415fb -> 
  custom:scripting/monoscript/fileName/EncoderSettingsAttribute.cs: 8352396dc11cff58c65c429fdb4fc67e -> 
  custom:scripting/monoscript/fileName/MP4Recorder.cs: af531c4e1f6d23547da08837eb16b729 -> 
  custom:scripting/monoscript/fileName/EncoderTypeUtilities.cs: a12c4c78a6cd4fb6b93180d59ad77be8 -> 
  custom:scripting/monoscript/fileName/PooledBufferAsyncGPUReadback.cs: 2a4e50c5dda177306c9ec935763c4378 -> 
  custom:scripting/monoscript/fileName/AnimationRecorder.cs: f749a4250195b5467bbf05e3a976b59f -> 
  custom:scripting/precompiled-assembly-types:Unity.Recorder.Base: 3fec19fdf10e3518c41e41a932f2042f -> 
  custom:scripting/monoscript/fileName/AnimationRecorderSettings.cs: 5cfb1544a40f93fe0ea879bb1361c877 -> 
  custom:scripting/monoscript/fileName/RenderTextureSamplerSettings.cs: 68adab84706346f2ecbdfd649ca9cf61 -> 
  custom:scripting/monoscript/fileName/RecordingContext.cs: af9af1e8b283703482ba133924b5585a -> 
  custom:scripting/monoscript/fileName/RecorderSelector.cs: c3cd2caacd181d6eff54dc260c4a1ffb -> 
  custom:video-encoder-webm-vp8: eb34c28f22e8b96e1ab97ce403110664 -> 
  custom:scripting/monoscript/fileName/RecorderInput.cs: 88fd8d8fd71b34ed7298a01f6c2d2e40 -> 
  custom:scripting/monoscript/fileName/RenderTextureSamplerPropertyDrawer.cs: b541817d9cc9b1341d2ddfa8823b718d -> 
  custom:scripting/monoscript/fileName/RecorderSettingsAttribute.cs: ddd228b25da7ba2ac10d13e1efacc875 -> 
  custom:audio-decoder-ogg-vorbis: bf7c407c2cedff20999df2af8eb42d56 -> 
  custom:scripting/monoscript/fileName/OutputPathDrawer.cs: cffc34c1be094e6caeb13ff3b26ca679 -> 
  custom:scripting/monoscript/fileName/EditorVersionsHelper.cs: 3ad9098caeeff0295dba8c0911f5333a -> 
  custom:scripting/monoscript/fileName/SettingAsset.cs: 7c3790954696ae83d71055079b387931 -> 
  custom:scripting/monoscript/fileName/OutputResolution.cs: 31c632d97e9a69bcc2ef10f6feb5bf62 -> 
  custom:scripting/monoscript/fileName/AccumulationSettingsPropertyDrawer.cs: bfc920db0de3c29c2967e88aac1c1027 -> 
  custom:scripting/monoscript/fileName/AnimationInputSettingsPropertyDrawer.cs: ebe1771fecebe7a93badf6354f59c990 -> 
  custom:scripting/monoscript/fileName/CoreEncoderSettings.cs: 2b5db1db3c1fa7de4175a7e143de3ce5 -> 
  custom:scripting/monoscript/fileName/VisualListItem.cs: 90647cc400823b41df847a6cbfc29026 -> 
  custom:scripting/monoscript/fileName/FrameRateProperyDrawer.cs: c478c798f5354f66af45b380be0629f9 -> 
  custom:scripting/monoscript/fileName/InputSettingsSelectorDrawer.cs: bca46dd5b59e2f574c94bef4cdb878fb -> 
  custom:scripting/monoscript/fileName/RecorderWindow.cs: 553a30d64d5ef1dcad6b00b4eeeb3829 -> 
  custom:scripting/monoscript/fileName/AOVCameraInputSettings.cs: 4d2fdf1142ce53d73cb43d39944ba516 -> 
  custom:scripting/monoscript/fileName/EnumProperyDrawer.cs: 90647cc400823b41df847a6cbfc29026 -> 
  custom:scripting/monoscript/fileName/AOVImageInputSelector.cs: b741d8d3a7cbb503c5bdf23d7e6792db -> 
  custom:scripting/monoscript/fileName/CoreEncoderSettingsPropertyDrawer.cs: c8bdf3420d844fd4604c0d0cf3815355 -> 
  custom:scripting/monoscript/fileName/GifEncoderSettings.cs: 812ca6afdf48b830953d76adab9d4030 -> 
  custom:scripting/monoscript/fileName/GIFRecorderSettingsEditor.cs: 4d0f46bcf58d188895fabae5334995ae -> 
  custom:scripting/monoscript/fileName/IEncoder.cs: 007c2ef621b0d92b5a7a6bae91d26090 -> 
  custom:scripting/monoscript/fileName/RecorderOptions.cs: 74782d297e80d8f56c0e05a7cde4e51d -> 
  custom:scripting/precompiled-assembly-types:Unity.Recorder.Editor: cd22b836ef1ca10e7d8c91c9be46b4bf -> 
  custom:scripting/monoscript/fileName/ProResEncoderSettingsPropertyDrawer.cs: 68c25e6d4459336217d4b9e22eb707b4 -> 
  custom:scripting/monoscript/fileName/ImageRecorder.cs: b804c29bfc59a61db184c1d275fe4101 -> 
  custom:scripting/monoscript/fileName/EditableLabel.cs: 4f8fa2c6092744ed6607a411e3f617c0 -> 
  custom:scripting/monoscript/fileName/GameViewInput.cs: 596e7ffa2d11b2002176644af3247ea6 -> 
  custom:audio-encoder-webm-vorbis: bf7c407c2cedff20999df2af8eb42d56 -> 
  custom:scripting/monoscript/fileName/SerializedDictionnary.cs: 90647cc400823b41df847a6cbfc29026 -> 
  custom:scripting/monoscript/fileName/HammersleySequence.cs: b06601f044912976f668045b7d4c79a8 -> 
  custom:scripting/monoscript/fileName/_RecorderComponent.cs: 8c268d1df4e18643d83ea9c6eeba2d9f -> 
  custom:scripting/monoscript/fileName/IAccumulation.cs: 38dee62d444423165276e3254554d005 -> 
  custom:scripting/monoscript/fileName/RecorderController.cs: 5760bd2995080b8d0d9d9e88ab8933c6 -> 
  custom:scripting/monoscript/fileName/EXRRecorderSettings.cs: bf113df492cb5b25e11ec144a73c2f74 -> 
========================================================================
Received Import Request.
  Time since last request: 8.353097 seconds.
  path: Assets/Prefabs/Cube.prefab
  artifactKey: Guid(6f465dab9e6bdbc40b292aa1082e7dd9) Importer(815301076,1909f56bfc062723c751e8b465ee728b)
Start importing Assets/Prefabs/Cube.prefab using Guid(6f465dab9e6bdbc40b292aa1082e7dd9) Importer(815301076,1909f56bfc062723c751e8b465ee728b) [PhysX] Initialized MultithreadedTaskDispatcher with 12 workers.
 -> (artifact id: '9d04fdfc94419e9d414e421f41762208') in 0.001463 seconds
Number of updated asset objects reloaded before import = 0
Number of asset objects unloaded after import = 0
========================================================================
Received Import Request.
  Time since last request: 10.723762 seconds.
  path: Assets/Prefabs/Cube.prefab
  artifactKey: Guid(6f465dab9e6bdbc40b292aa1082e7dd9) Importer(815301076,1909f56bfc062723c751e8b465ee728b)
Start importing Assets/Prefabs/Cube.prefab using Guid(6f465dab9e6bdbc40b292aa1082e7dd9) Importer(815301076,1909f56bfc062723c751e8b465ee728b) [PhysX] Initialized MultithreadedTaskDispatcher with 12 workers.
 -> (artifact id: '9d04fdfc94419e9d414e421f41762208') in 0.000461 seconds
Number of updated asset objects reloaded before import = 0
Number of asset objects unloaded after import = 0
========================================================================
Received Prepare
Caller must complete domain reload
Begin MonoManager ReloadAssembly
- Loaded All Assemblies, in  0.440 seconds
Native extension for WindowsStandalone target not found
Native extension for iOS target not found
Native extension for Android target not found
Mono: successfully reloaded assembly
- Finished resetting the current domain, in  0.996 seconds
Domain Reload Profiling: 1432ms
	BeginReloadAssembly (138ms)
		ExecutionOrderSort (0ms)
		DisableScriptedObjects (4ms)
		BackupInstance (0ms)
		ReleaseScriptingObjects (0ms)
		CreateAndSetChildDomain (27ms)
	RebuildCommonClasses (26ms)
	RebuildNativeTypeToScriptingClass (9ms)
	initialDomainReloadingComplete (27ms)
	LoadAllAssembliesAndSetupDomain (237ms)
		LoadAssemblies (297ms)
		RebuildTransferFunctionScriptingTraits (0ms)
		AnalyzeDomain (17ms)
			TypeCache.Refresh (6ms)
				TypeCache.ScanAssembly (0ms)
			ScanForSourceGeneratedMonoScriptInfo (5ms)
			ResolveRequiredComponents (5ms)
	FinalizeReload (996ms)
		ReleaseScriptCaches (0ms)
		RebuildScriptCaches (0ms)
		SetupLoadedEditorAssemblies (488ms)
			LogAssemblyErrors (0ms)
			InitializePlatformSupportModulesInManaged (34ms)
			SetLoadedEditorAssemblies (3ms)
			RefreshPlugins (0ms)
			BeforeProcessingInitializeOnLoad (86ms)
			ProcessInitializeOnLoadAttributes (337ms)
			ProcessInitializeOnLoadMethodAttributes (17ms)
			AfterProcessingInitializeOnLoad (10ms)
			EditorAssembliesLoaded (0ms)
		ExecutionOrderSort2 (0ms)
		AwakeInstancesAfterBackupRestoration (5ms)
Refreshing native plugins compatible for Editor in 5.13 ms, found 6 plugins.
Preloading 0 native plugins for Editor in 0.00 ms.
Unloading 3255 Unused Serialized files (Serialized files now loaded: 0)
Unloading 21 unused Assets / (336.0 KB). Loaded Objects now: 3814.
Memory consumption went from 127.4 MB to 127.1 MB.
Total: 2.548300 ms (FindLiveObjects: 0.233700 ms CreateObjectMapping: 0.123800 ms MarkObjects: 2.003800 ms  DeleteObjects: 0.186400 ms)

Prepare: number of updated asset objects reloaded= 0
AssetImportParameters requested are different than current active one (requested -> active):
  custom:scripting/monoscript/fileName/WEBMRecorderSettingsEditor.cs: 5559c87f45d3b65fac8d5ac4ef5e81c8 -> 
  custom:scripting/monoscript/fileName/UIElementHelper.cs: 9f9438adfe3361012ea6280d4cdb2df4 -> 
  custom:scripting/monoscript/fileName/AOVCameraInput.cs: c23c8ce885672bc57e25263b3efd067a -> 
  custom:scripting/monoscript/fileName/BaseTextureRecorder.cs: 90647cc400823b41df847a6cbfc29026 -> 
  custom:scripting/monoscript/fileName/Recorder.cs: a7e319d512627774f8215ba0b76f0bcb -> 
  custom:scripting/monoscript/fileName/AudioRecorder.cs: 89550121570f22445b4a1b28daea3cf9 -> 
  custom:scripting/monoscript/fileName/PanelSplitter.cs: 5ff6c6e385b6b12ca322a9c92ac6f371 -> 
  custom:scripting/monoscript/fileName/ImageRecorderSettings.cs: a7ab05fac9382c03607c40fe73956ed6 -> 
  custom:scripting/monoscript/fileName/RecorderClip.cs: 897017f45cb3c30f306724d1fa17a8fe -> 
  custom:scripting/monoscript/fileName/GIFRecorderSettings.cs: 979f88ae1e7731daed242ab2fdebbc0e -> 
  custom:container-demuxer-ogg: 62fdf1f143b41e24485cea50d1cbac27 -> 
  custom:scripting/monoscript/fileName/MovieRecorder.cs: 024785cf83e1399f425b2aa115d22e2b -> 
  custom:scripting/monoscript/fileName/RecorderControllerSettingsPresetEditor.cs: 49aed206ae65ed5ac6b420f7104cd52d -> 
  custom:scripting/monoscript/fileName/AudioInput.cs: 499e96d8f0b35d362bd956c0975bb873 -> 
  custom:scripting/monoscript/fileName/WEBMRecorderSettings.cs: c176c43abbe456aeea55c2aef862801b -> 
  custom:scripting/monoscript/fileName/RecorderControllerSettingsPreset.cs: 78b391c1384ac60213ef58d50e78d553 -> 
  custom:scripting/monoscript/fileName/GameViewInputSettings.cs: a7ae22123f532f5bbcb39c654c998b57 -> 
  custom:scripting/monoscript/fileName/GameViewInputPropertyDrawer.cs: ae2c8a99c5e33d3d1ffc8232415130e8 -> 
  custom:scripting/monoscript/fileName/Camera360Input.cs: dc473b118c57e0734b0cd3476e333c06 -> 
  custom:scripting/monoscript/fileName/RecorderPreferencesSettingsProvider.cs: d92d314b87f7c2170e267636ebf38224 -> 
  custom:scripting/monoscript/fileName/RecorderBindings.cs: ac25db5b587307cfea909607f62e5641 -> 
  custom:video-decoder-ogg-theora: a1e56fd34408186e4bbccfd4996cb3dc -> 
  custom:scripting/monoscript/fileName/GIFWrapper.cs: 6ef8898a12699129e8f81f06a649cad1 -> 
  custom:scripting/monoscript/fileName/SceneHook.cs: 80fa8928b499d44515dd60e0bc895128 -> 
  custom:scripting/monoscript/fileName/AnimationInput.cs: e810137278708a698c5ccddaeb1a1e64 -> 
  custom:scripting/monoscript/fileName/OutputResolutionPropertyDrawer.cs: 0e33ffdf424417a2e685685cfc04d4b1 -> 
  custom:scripting/monoscript/fileName/EnumHelper.cs: 117b5609cc2a1ae41785cd0c8767815f -> 
  custom:scripting/monoscript/fileName/OutputPath.cs: ee51fcffcd8929d224a5e3fb152d5f62 -> 
  custom:scripting/monoscript/fileName/FileNameGeneratorDrawer.cs: a3ea71dec141084df9b7ffa19c11e2cb -> 
  custom:framework-win-MediaFoundation: 216162199b28c13a410421893ffa2e32 -> 
  custom:scripting/monoscript/fileName/RecorderPreferencesWindowGUIScope.cs: 7a2eba6fcb6829ea8b200991a02c9c06 -> 
  custom:scripting/monoscript/fileName/AspectRatio.cs: 18e3efa554f8258b676d4de53e38b642 -> 
  custom:scripting/monoscript/fileName/CameraInputSettings.cs: 6738f6dd994f658d2cbf6f5f3ba05a0e -> 
  custom:scripting/monoscript/fileName/RefHandle.cs: 90647cc400823b41df847a6cbfc29026 -> 
  custom:scripting/monoscript/fileName/CameraCapture.cs: c6dcba1380d9a4fa09f4e36182a45a73 -> 
  custom:scripting/monoscript/fileName/RecorderControllerSettings.cs: 989e0caa64af9b76551d4ff6bd15f598 -> 
  custom:scripting/monoscript/fileName/TargetedPropertyDrawer.cs: 90647cc400823b41df847a6cbfc29026 -> 
  custom:scripting/monoscript/fileName/MovieRecorderSettings.cs: 02a667a67b113b1f65e3fcadcc882513 -> 
  custom:scripting/monoscript/fileName/RenderTextureInputSettings.cs: ebca820667a63031a7597db85d26451a -> 
  custom:scripting/monoscript/fileName/ImageRecorderEditor.cs: d3134ae4c1dfd8e056bace11130b7692 -> 
  custom:scripting/monoscript/fileName/ProResEncoderSettings.cs: 4aca03881946a7fe9acacf199434009e -> 
  custom:scripting/monoscript/fileName/_FrameRequestComponent.cs: b34f171daaafc65da55ea68e2ed89f2b -> 
  custom:scripting/monoscript/fileName/RenderTextureInput.cs: 5dea77837ae3c82bb14643cd82dc06dc -> 
  custom:scripting/monoscript/fileName/RecorderAnalytics.cs: 0fa40093f6ac3fe75e92d746d563e5ee -> 
  custom:scripting/monoscript/fileName/MP4RecorderSettingsEditor.cs: 68a64b16a7961d71fa7286fd1f782e9b -> 
  custom:scripting/monoscript/fileName/RecorderBindingsEditor.cs: f7451a0e1cea6404b2976d2b2c42e273 -> 
  custom:scripting/monoscript/fileName/BaseRenderTextureInput.cs: 5dc13661a5a0dca5d09ca211933a44e2 -> 
  custom:scripting/monoscript/fileName/StatusBarHelper.cs: da04a6ed046f8a62f416d5d3ea415bef -> 
  custom:scripting/precompiled-assembly-types:Unity.Recorder: bd5378c99f6216e06dd6e2c2a60a86a4 -> 
  custom:CustomObjectIndexerAttribute: 9a22284fe3817be447336de3de66b15e -> 
  custom:scripting/monoscript/fileName/Camera360InputSettings.cs: 3d5eaf1cb3a9df6f9d1d52f3c3018c46 -> 
  custom:scripting/monoscript/fileName/PNGRecorderSettingsEditor.cs: 4970e6657bb34f7efc2c7d8168c7358b -> 
  custom:scripting/monoscript/fileName/ImageHeightSelector.cs: d1a7972bf1d79d90f09ab23c718afe39 -> 
  custom:scripting/monoscript/fileName/AnimationInputSettings.cs: d64a99ebbd13660e9264cb4111ab9832 -> 
  custom:scripting/monoscript/fileName/MP4RecorderSettings.cs: 551f5535c05b86d6ee91684eced14987 -> 
  custom:scripting/monoscript/fileName/RecorderPreferencesSettings.cs: 761b0a55fc5e50239a1d0c4bfc968274 -> 
  custom:container-demuxer-webm: 4f35f7cbe854078d1ac9338744f61a02 -> 
  custom:scripting/monoscript/fileName/RecorderSettingsPrefsEditor.cs: ba9e697f1d269c2c960a41bc543fa408 -> 
  custom:scripting/monoscript/fileName/ProResWrapper.cs: 712515ef615766c98115c6a20d85d6c8 -> 
  custom:scripting/monoscript/fileName/RecordModePropertyDrawer.cs: 165332db07362bbcab2d8dc6d1e1dfda -> 
  custom:scripting/monoscript/fileName/ImageInputSettings.cs: 98a2aedd167d40f01804b04845eeaf15 -> 
  custom:scripting/monoscript/fileName/SerializableObjHelper.cs: f19f181f3f05e8e393225dd7030fb66a -> 
  custom:scripting/monoscript/fileName/InputPropertyDrawer.cs: 90647cc400823b41df847a6cbfc29026 -> 
  custom:scripting/monoscript/fileName/AudioInputSettings.cs: a2c930fca1dd5e27705fbacf39727bb4 -> 
  custom:scripting/monoscript/fileName/InputSettings.cs: 35c56ce5488c6b464726305dcbd33b3d -> 
  custom:scripting/monoscript/fileName/RecorderEditor.cs: 736e59ba52eea987abc47f36a836e575 -> 
  custom:scripting/monoscript/fileName/AudioRecorderSettings.cs: 0b00f2c93558486cc61a06f270f43fea -> 
  custom:scripting/monoscript/fileName/RecordersInventory.cs: fb714c8df18f9b7fc7f3361f604ae3dc -> 
  custom:scripting/monoscript/fileName/BaseFCRecorderSettings.cs: fab928553cedb8703ac192d6cf7b6294 -> 
  custom:scripting/monoscript/fileName/AOVRecorderSettings.cs: cdc731153cd2f1f739300a28ea6a6608 -> 
  custom:scripting/monoscript/fileName/EXRCompressionTypeDrawer.cs: 301cb614ecf84a4dab346c5f76ea2016 -> 
  custom:scripting/monoscript/fileName/AOVRecorder.cs: c53e83f1863b3ea80b6df3885cdb8c82 -> 
  custom:scripting/monoscript/fileName/IEncoderSettings.cs: c7d04fadacf538db841606cc656ae724 -> 
  custom:scripting/monoscript/fileName/ShutterProfileTypePropertyDrawer.cs: 18a32c647eca27716eabcb5a44f00e32 -> 
  custom:scripting/monoscript/fileName/MovieRecorderEditor.cs: eb00ddb8a76b8dfb7c88b7826a49d38b -> 
  custom:scripting/monoscript/fileName/RenderTextureInputSettingsPropertyDrawer.cs: 809602b52454cd1e6229756218a8f453 -> 
  custom:scripting/monoscript/fileName/RecorderPlayableBehaviour.cs: 80165a21f4cd0dda690f708a19d389bd -> 
  custom:scripting/monoscript/fileName/GifEncoderSettingsPropertyDrawer.cs: b36c9a7eaaefccda514b23d7e14761ca -> 
  custom:scripting/monoscript/fileName/PNGRecorder.cs: 08fd40f88cb6b18c96882f263639f57d -> 
  custom:scripting/monoscript/fileName/CameraInputSettingsPropertyDrawer.cs: 91928abf1abf88be098cb088d896aec5 -> 
  custom:scripting/monoscript/fileName/AudioRecorderEditor.cs: 565168dec291afe3fa470657cfc2c123 -> 
  custom:scripting/monoscript/fileName/AOVRecorderEditor.cs: 5ca53ccd6d7645709639507726114395 -> 
  custom:container-muxer-webm: aa71ff27fc2769a1b78a27578f13a17b -> 
  custom:video-decoder-webm-vp8: 9c59270c3fd7afecdb556c50c9e8de78 -> 
  custom:scripting/monoscript/fileName/RecordingSession.cs: f3ad08157c278a036224ca395f350890 -> 
  custom:scripting/monoscript/fileName/GameViewSize.cs: f6128a6515fcafce6db32fcdfa107254 -> 
  custom:scripting/monoscript/fileName/UnityHelpers.cs: b3e077029b574be508585124a9d839ef -> 
  custom:SearchIndexIgnoredProperties: e643bd26f0fe6173181afceb89e7c659 -> 
  custom:scripting/monoscript/fileName/GIFRecorder.cs: c00ece885699fb9084deaccd3eb27518 -> 
  custom:AudioImporter_EditorPlatform: d09bf68614088b80899f8185d706f6e7 -> 
  custom:scripting/monoscript/fileName/EXRRecorder.cs: 3f576ce8ddd959d51a4d7ba1999ecdbb -> 
  custom:scripting/monoscript/fileName/WEBMRecorder.cs: 391b6b920cfbc02401ea522620320c93 -> 
  custom:scripting/monoscript/fileName/RenderTextureSampler.cs: 1a7b9abab9548e1054dc40d6e2fa0270 -> 
  custom:scripting/monoscript/fileName/GifEncoder.cs: 40f336d5c5042a8a04556b4c5804a538 -> 
  custom:scripting/monoscript/fileName/GenericRecorder.cs: 90647cc400823b41df847a6cbfc29026 -> 
  custom:scripting/monoscript/fileName/ImageInputSelector.cs: f55822da877594150873922341be92b6 -> 
  custom:scripting/monoscript/fileName/AnimationRecorderSettingsEditor.cs: db1294bf3d48be44b6e4b2f2cc100b02 -> 
  custom:scripting/monoscript/fileName/RecorderTrack.cs: fac9638ece7eb7daaa1302fa170613fd -> 
  custom:scripting/monoscript/fileName/InputSettingsSelector.cs: 499a4ec92267406782b5c4f3472d53b9 -> 
  custom:scripting/monoscript/fileName/FileNameGenerator.cs: 5c8b6eb5291c3311189e0dfadac99363 -> 
  custom:scripting/monoscript/fileName/RecorderItem.cs: b62d2fcb9547a248575727d8a1646db8 -> 
  custom:scripting/monoscript/fileName/TextureFlipper.cs: 825b503b2ddab9cbd8ebbf3038075092 -> 
  custom:scripting/monoscript/fileName/AccumulationSettings.cs: fb962f0c2333934b681b167574f5e1cd -> 
  custom:scripting/monoscript/fileName/Camera360InputPropertyDrawer.cs: af647a2fe91bec98139246321cac865d -> 
  custom:scripting/monoscript/fileName/RecorderClipEditor.cs: 947ad5ff1f968d7fc40767d187070964 -> 
  custom:scripting/monoscript/fileName/EXRRecorderSettingsEditor.cs: c520a04c5f01331f2c8800e289ef6d6f -> 
  custom:scripting/monoscript/fileName/CoreEncoder.cs: dfaed86e82ad12e6a2b6740a0fb35820 -> 
  custom:scripting/monoscript/fileName/PNGRecorderSettings.cs: 79a421225358808ff14dd88c0355d1b6 -> 
  custom:scripting/monoscript/fileName/AspectRatioPropertyDrawer.cs: 9f18568574138839573389bde3e660a7 -> 
  custom:scripting/monoscript/fileName/ProResEncoder.cs: b375bf2d41e3d89081c3f2d1a0823bf3 -> 
  custom:scripting/monoscript/fileName/CameraInput.cs: bf7e0df3caf9e500f6d1c98c99e165ba -> 
  custom:scripting/monoscript/fileName/RecorderSettings.cs: bc3ef26ac157af28e5460886c0d5ef2e -> 
  custom:scripting/monoscript/fileName/RecorderClipTimelineEditor.cs: 2995d9f50ebc9245c6e9bd75c56415fb -> 
  custom:scripting/monoscript/fileName/EncoderSettingsAttribute.cs: 8352396dc11cff58c65c429fdb4fc67e -> 
  custom:scripting/monoscript/fileName/MP4Recorder.cs: af531c4e1f6d23547da08837eb16b729 -> 
  custom:scripting/monoscript/fileName/EncoderTypeUtilities.cs: a12c4c78a6cd4fb6b93180d59ad77be8 -> 
  custom:scripting/monoscript/fileName/PooledBufferAsyncGPUReadback.cs: 2a4e50c5dda177306c9ec935763c4378 -> 
  custom:scripting/monoscript/fileName/AnimationRecorder.cs: f749a4250195b5467bbf05e3a976b59f -> 
  custom:scripting/precompiled-assembly-types:Unity.Recorder.Base: 3fec19fdf10e3518c41e41a932f2042f -> 
  custom:scripting/monoscript/fileName/AnimationRecorderSettings.cs: 5cfb1544a40f93fe0ea879bb1361c877 -> 
  custom:scripting/monoscript/fileName/RenderTextureSamplerSettings.cs: 68adab84706346f2ecbdfd649ca9cf61 -> 
  custom:scripting/monoscript/fileName/RecordingContext.cs: af9af1e8b283703482ba133924b5585a -> 
  custom:scripting/monoscript/fileName/RecorderSelector.cs: c3cd2caacd181d6eff54dc260c4a1ffb -> 
  custom:video-encoder-webm-vp8: eb34c28f22e8b96e1ab97ce403110664 -> 
  custom:scripting/monoscript/fileName/RecorderInput.cs: 88fd8d8fd71b34ed7298a01f6c2d2e40 -> 
  custom:scripting/monoscript/fileName/RenderTextureSamplerPropertyDrawer.cs: b541817d9cc9b1341d2ddfa8823b718d -> 
  custom:scripting/monoscript/fileName/RecorderSettingsAttribute.cs: ddd228b25da7ba2ac10d13e1efacc875 -> 
  custom:audio-decoder-ogg-vorbis: bf7c407c2cedff20999df2af8eb42d56 -> 
  custom:scripting/monoscript/fileName/OutputPathDrawer.cs: cffc34c1be094e6caeb13ff3b26ca679 -> 
  custom:scripting/monoscript/fileName/EditorVersionsHelper.cs: 3ad9098caeeff0295dba8c0911f5333a -> 
  custom:scripting/monoscript/fileName/SettingAsset.cs: 7c3790954696ae83d71055079b387931 -> 
  custom:scripting/monoscript/fileName/OutputResolution.cs: 31c632d97e9a69bcc2ef10f6feb5bf62 -> 
  custom:scripting/monoscript/fileName/AccumulationSettingsPropertyDrawer.cs: bfc920db0de3c29c2967e88aac1c1027 -> 
  custom:scripting/monoscript/fileName/AnimationInputSettingsPropertyDrawer.cs: ebe1771fecebe7a93badf6354f59c990 -> 
  custom:scripting/monoscript/fileName/CoreEncoderSettings.cs: 2b5db1db3c1fa7de4175a7e143de3ce5 -> 
  custom:scripting/monoscript/fileName/VisualListItem.cs: 90647cc400823b41df847a6cbfc29026 -> 
  custom:scripting/monoscript/fileName/FrameRateProperyDrawer.cs: c478c798f5354f66af45b380be0629f9 -> 
  custom:scripting/monoscript/fileName/InputSettingsSelectorDrawer.cs: bca46dd5b59e2f574c94bef4cdb878fb -> 
  custom:scripting/monoscript/fileName/RecorderWindow.cs: 553a30d64d5ef1dcad6b00b4eeeb3829 -> 
  custom:scripting/monoscript/fileName/AOVCameraInputSettings.cs: 4d2fdf1142ce53d73cb43d39944ba516 -> 
  custom:scripting/monoscript/fileName/EnumProperyDrawer.cs: 90647cc400823b41df847a6cbfc29026 -> 
  custom:scripting/monoscript/fileName/AOVImageInputSelector.cs: b741d8d3a7cbb503c5bdf23d7e6792db -> 
  custom:scripting/monoscript/fileName/CoreEncoderSettingsPropertyDrawer.cs: c8bdf3420d844fd4604c0d0cf3815355 -> 
  custom:scripting/monoscript/fileName/GifEncoderSettings.cs: 812ca6afdf48b830953d76adab9d4030 -> 
  custom:scripting/monoscript/fileName/GIFRecorderSettingsEditor.cs: 4d0f46bcf58d188895fabae5334995ae -> 
  custom:scripting/monoscript/fileName/IEncoder.cs: 007c2ef621b0d92b5a7a6bae91d26090 -> 
  custom:scripting/monoscript/fileName/RecorderOptions.cs: 74782d297e80d8f56c0e05a7cde4e51d -> 
  custom:scripting/precompiled-assembly-types:Unity.Recorder.Editor: cd22b836ef1ca10e7d8c91c9be46b4bf -> 
  custom:scripting/monoscript/fileName/ProResEncoderSettingsPropertyDrawer.cs: 68c25e6d4459336217d4b9e22eb707b4 -> 
  custom:scripting/monoscript/fileName/ImageRecorder.cs: b804c29bfc59a61db184c1d275fe4101 -> 
  custom:scripting/monoscript/fileName/EditableLabel.cs: 4f8fa2c6092744ed6607a411e3f617c0 -> 
  custom:scripting/monoscript/fileName/GameViewInput.cs: 596e7ffa2d11b2002176644af3247ea6 -> 
  custom:audio-encoder-webm-vorbis: bf7c407c2cedff20999df2af8eb42d56 -> 
  custom:scripting/monoscript/fileName/SerializedDictionnary.cs: 90647cc400823b41df847a6cbfc29026 -> 
  custom:scripting/monoscript/fileName/HammersleySequence.cs: b06601f044912976f668045b7d4c79a8 -> 
  custom:scripting/monoscript/fileName/_RecorderComponent.cs: 8c268d1df4e18643d83ea9c6eeba2d9f -> 
  custom:scripting/monoscript/fileName/IAccumulation.cs: 38dee62d444423165276e3254554d005 -> 
  custom:scripting/monoscript/fileName/RecorderController.cs: 5760bd2995080b8d0d9d9e88ab8933c6 -> 
  custom:scripting/monoscript/fileName/EXRRecorderSettings.cs: bf113df492cb5b25e11ec144a73c2f74 -> 
========================================================================
Received Import Request.
  Time since last request: 4.830940 seconds.
  path: Assets/Prefabs/Cube.prefab
  artifactKey: Guid(6f465dab9e6bdbc40b292aa1082e7dd9) Importer(815301076,1909f56bfc062723c751e8b465ee728b)
Start importing Assets/Prefabs/Cube.prefab using Guid(6f465dab9e6bdbc40b292aa1082e7dd9) Importer(815301076,1909f56bfc062723c751e8b465ee728b) [PhysX] Initialized MultithreadedTaskDispatcher with 12 workers.
 -> (artifact id: '9d04fdfc94419e9d414e421f41762208') in 0.001407 seconds
Number of updated asset objects reloaded before import = 0
Number of asset objects unloaded after import = 0
========================================================================
Received Import Request.
  Time since last request: 104.179667 seconds.
  path: Assets/Prefabs/Cube.prefab
  artifactKey: Guid(6f465dab9e6bdbc40b292aa1082e7dd9) Importer(815301076,1909f56bfc062723c751e8b465ee728b)
Start importing Assets/Prefabs/Cube.prefab using Guid(6f465dab9e6bdbc40b292aa1082e7dd9) Importer(815301076,1909f56bfc062723c751e8b465ee728b) [PhysX] Initialized MultithreadedTaskDispatcher with 12 workers.
 -> (artifact id: '9d04fdfc94419e9d414e421f41762208') in 0.000487 seconds
Number of updated asset objects reloaded before import = 0
Number of asset objects unloaded after import = 0
========================================================================
Received Prepare
Caller must complete domain reload
Begin MonoManager ReloadAssembly
- Loaded All Assemblies, in  0.429 seconds
Native extension for WindowsStandalone target not found
Native extension for iOS target not found
Native extension for Android target not found
Mono: successfully reloaded assembly
- Finished resetting the current domain, in  0.948 seconds
Domain Reload Profiling: 1373ms
	BeginReloadAssembly (134ms)
		ExecutionOrderSort (0ms)
		DisableScriptedObjects (4ms)
		BackupInstance (0ms)
		ReleaseScriptingObjects (0ms)
		CreateAndSetChildDomain (25ms)
	RebuildCommonClasses (29ms)
	RebuildNativeTypeToScriptingClass (9ms)
	initialDomainReloadingComplete (27ms)
	LoadAllAssembliesAndSetupDomain (226ms)
		LoadAssemblies (284ms)
		RebuildTransferFunctionScriptingTraits (0ms)
		AnalyzeDomain (18ms)
			TypeCache.Refresh (7ms)
				TypeCache.ScanAssembly (0ms)
			ScanForSourceGeneratedMonoScriptInfo (5ms)
			ResolveRequiredComponents (5ms)
	FinalizeReload (948ms)
		ReleaseScriptCaches (0ms)
		RebuildScriptCaches (0ms)
		SetupLoadedEditorAssemblies (462ms)
			LogAssemblyErrors (0ms)
			InitializePlatformSupportModulesInManaged (28ms)
			SetLoadedEditorAssemblies (3ms)
			RefreshPlugins (0ms)
			BeforeProcessingInitializeOnLoad (83ms)
			ProcessInitializeOnLoadAttributes (321ms)
			ProcessInitializeOnLoadMethodAttributes (16ms)
			AfterProcessingInitializeOnLoad (9ms)
			EditorAssembliesLoaded (0ms)
		ExecutionOrderSort2 (0ms)
		AwakeInstancesAfterBackupRestoration (5ms)
Refreshing native plugins compatible for Editor in 5.01 ms, found 6 plugins.
Preloading 0 native plugins for Editor in 0.00 ms.
Unloading 3255 Unused Serialized files (Serialized files now loaded: 0)
Unloading 21 unused Assets / (336.0 KB). Loaded Objects now: 3817.
Memory consumption went from 127.4 MB to 127.1 MB.
Total: 2.492700 ms (FindLiveObjects: 0.195100 ms CreateObjectMapping: 0.116100 ms MarkObjects: 2.045600 ms  DeleteObjects: 0.135400 ms)

Prepare: number of updated asset objects reloaded= 0
AssetImportParameters requested are different than current active one (requested -> active):
  custom:scripting/monoscript/fileName/WEBMRecorderSettingsEditor.cs: 5559c87f45d3b65fac8d5ac4ef5e81c8 -> 
  custom:scripting/monoscript/fileName/UIElementHelper.cs: 9f9438adfe3361012ea6280d4cdb2df4 -> 
  custom:scripting/monoscript/fileName/AOVCameraInput.cs: c23c8ce885672bc57e25263b3efd067a -> 
  custom:scripting/monoscript/fileName/BaseTextureRecorder.cs: 90647cc400823b41df847a6cbfc29026 -> 
  custom:scripting/monoscript/fileName/Recorder.cs: a7e319d512627774f8215ba0b76f0bcb -> 
  custom:scripting/monoscript/fileName/AudioRecorder.cs: 89550121570f22445b4a1b28daea3cf9 -> 
  custom:scripting/monoscript/fileName/PanelSplitter.cs: 5ff6c6e385b6b12ca322a9c92ac6f371 -> 
  custom:scripting/monoscript/fileName/ImageRecorderSettings.cs: a7ab05fac9382c03607c40fe73956ed6 -> 
  custom:scripting/monoscript/fileName/RecorderClip.cs: 897017f45cb3c30f306724d1fa17a8fe -> 
  custom:scripting/monoscript/fileName/GIFRecorderSettings.cs: 979f88ae1e7731daed242ab2fdebbc0e -> 
  custom:container-demuxer-ogg: 62fdf1f143b41e24485cea50d1cbac27 -> 
  custom:scripting/monoscript/fileName/MovieRecorder.cs: 024785cf83e1399f425b2aa115d22e2b -> 
  custom:scripting/monoscript/fileName/RecorderControllerSettingsPresetEditor.cs: 49aed206ae65ed5ac6b420f7104cd52d -> 
  custom:scripting/monoscript/fileName/AudioInput.cs: 499e96d8f0b35d362bd956c0975bb873 -> 
  custom:scripting/monoscript/fileName/WEBMRecorderSettings.cs: c176c43abbe456aeea55c2aef862801b -> 
  custom:scripting/monoscript/fileName/RecorderControllerSettingsPreset.cs: 78b391c1384ac60213ef58d50e78d553 -> 
  custom:scripting/monoscript/fileName/GameViewInputSettings.cs: a7ae22123f532f5bbcb39c654c998b57 -> 
  custom:scripting/monoscript/fileName/GameViewInputPropertyDrawer.cs: ae2c8a99c5e33d3d1ffc8232415130e8 -> 
  custom:scripting/monoscript/fileName/Camera360Input.cs: dc473b118c57e0734b0cd3476e333c06 -> 
  custom:scripting/monoscript/fileName/RecorderPreferencesSettingsProvider.cs: d92d314b87f7c2170e267636ebf38224 -> 
  custom:scripting/monoscript/fileName/RecorderBindings.cs: ac25db5b587307cfea909607f62e5641 -> 
  custom:video-decoder-ogg-theora: a1e56fd34408186e4bbccfd4996cb3dc -> 
  custom:scripting/monoscript/fileName/GIFWrapper.cs: 6ef8898a12699129e8f81f06a649cad1 -> 
  custom:scripting/monoscript/fileName/SceneHook.cs: 80fa8928b499d44515dd60e0bc895128 -> 
  custom:scripting/monoscript/fileName/AnimationInput.cs: e810137278708a698c5ccddaeb1a1e64 -> 
  custom:scripting/monoscript/fileName/OutputResolutionPropertyDrawer.cs: 0e33ffdf424417a2e685685cfc04d4b1 -> 
  custom:scripting/monoscript/fileName/EnumHelper.cs: 117b5609cc2a1ae41785cd0c8767815f -> 
  custom:scripting/monoscript/fileName/OutputPath.cs: ee51fcffcd8929d224a5e3fb152d5f62 -> 
  custom:scripting/monoscript/fileName/FileNameGeneratorDrawer.cs: a3ea71dec141084df9b7ffa19c11e2cb -> 
  custom:framework-win-MediaFoundation: 216162199b28c13a410421893ffa2e32 -> 
  custom:scripting/monoscript/fileName/RecorderPreferencesWindowGUIScope.cs: 7a2eba6fcb6829ea8b200991a02c9c06 -> 
  custom:scripting/monoscript/fileName/AspectRatio.cs: 18e3efa554f8258b676d4de53e38b642 -> 
  custom:scripting/monoscript/fileName/CameraInputSettings.cs: 6738f6dd994f658d2cbf6f5f3ba05a0e -> 
  custom:scripting/monoscript/fileName/RefHandle.cs: 90647cc400823b41df847a6cbfc29026 -> 
  custom:scripting/monoscript/fileName/CameraCapture.cs: c6dcba1380d9a4fa09f4e36182a45a73 -> 
  custom:scripting/monoscript/fileName/RecorderControllerSettings.cs: 989e0caa64af9b76551d4ff6bd15f598 -> 
  custom:scripting/monoscript/fileName/TargetedPropertyDrawer.cs: 90647cc400823b41df847a6cbfc29026 -> 
  custom:scripting/monoscript/fileName/MovieRecorderSettings.cs: 02a667a67b113b1f65e3fcadcc882513 -> 
  custom:scripting/monoscript/fileName/RenderTextureInputSettings.cs: ebca820667a63031a7597db85d26451a -> 
  custom:scripting/monoscript/fileName/ImageRecorderEditor.cs: d3134ae4c1dfd8e056bace11130b7692 -> 
  custom:scripting/monoscript/fileName/ProResEncoderSettings.cs: 4aca03881946a7fe9acacf199434009e -> 
  custom:scripting/monoscript/fileName/_FrameRequestComponent.cs: b34f171daaafc65da55ea68e2ed89f2b -> 
  custom:scripting/monoscript/fileName/RenderTextureInput.cs: 5dea77837ae3c82bb14643cd82dc06dc -> 
  custom:scripting/monoscript/fileName/RecorderAnalytics.cs: 0fa40093f6ac3fe75e92d746d563e5ee -> 
  custom:scripting/monoscript/fileName/MP4RecorderSettingsEditor.cs: 68a64b16a7961d71fa7286fd1f782e9b -> 
  custom:scripting/monoscript/fileName/RecorderBindingsEditor.cs: f7451a0e1cea6404b2976d2b2c42e273 -> 
  custom:scripting/monoscript/fileName/BaseRenderTextureInput.cs: 5dc13661a5a0dca5d09ca211933a44e2 -> 
  custom:scripting/monoscript/fileName/StatusBarHelper.cs: da04a6ed046f8a62f416d5d3ea415bef -> 
  custom:scripting/precompiled-assembly-types:Unity.Recorder: bd5378c99f6216e06dd6e2c2a60a86a4 -> 
  custom:CustomObjectIndexerAttribute: 9a22284fe3817be447336de3de66b15e -> 
  custom:scripting/monoscript/fileName/Camera360InputSettings.cs: 3d5eaf1cb3a9df6f9d1d52f3c3018c46 -> 
  custom:scripting/monoscript/fileName/PNGRecorderSettingsEditor.cs: 4970e6657bb34f7efc2c7d8168c7358b -> 
  custom:scripting/monoscript/fileName/ImageHeightSelector.cs: d1a7972bf1d79d90f09ab23c718afe39 -> 
  custom:scripting/monoscript/fileName/AnimationInputSettings.cs: d64a99ebbd13660e9264cb4111ab9832 -> 
  custom:scripting/monoscript/fileName/MP4RecorderSettings.cs: 551f5535c05b86d6ee91684eced14987 -> 
  custom:scripting/monoscript/fileName/RecorderPreferencesSettings.cs: 761b0a55fc5e50239a1d0c4bfc968274 -> 
  custom:container-demuxer-webm: 4f35f7cbe854078d1ac9338744f61a02 -> 
  custom:scripting/monoscript/fileName/RecorderSettingsPrefsEditor.cs: ba9e697f1d269c2c960a41bc543fa408 -> 
  custom:scripting/monoscript/fileName/ProResWrapper.cs: 712515ef615766c98115c6a20d85d6c8 -> 
  custom:scripting/monoscript/fileName/RecordModePropertyDrawer.cs: 165332db07362bbcab2d8dc6d1e1dfda -> 
  custom:scripting/monoscript/fileName/ImageInputSettings.cs: 98a2aedd167d40f01804b04845eeaf15 -> 
  custom:scripting/monoscript/fileName/SerializableObjHelper.cs: f19f181f3f05e8e393225dd7030fb66a -> 
  custom:scripting/monoscript/fileName/InputPropertyDrawer.cs: 90647cc400823b41df847a6cbfc29026 -> 
  custom:scripting/monoscript/fileName/AudioInputSettings.cs: a2c930fca1dd5e27705fbacf39727bb4 -> 
  custom:scripting/monoscript/fileName/InputSettings.cs: 35c56ce5488c6b464726305dcbd33b3d -> 
  custom:scripting/monoscript/fileName/RecorderEditor.cs: 736e59ba52eea987abc47f36a836e575 -> 
  custom:scripting/monoscript/fileName/AudioRecorderSettings.cs: 0b00f2c93558486cc61a06f270f43fea -> 
  custom:scripting/monoscript/fileName/RecordersInventory.cs: fb714c8df18f9b7fc7f3361f604ae3dc -> 
  custom:scripting/monoscript/fileName/BaseFCRecorderSettings.cs: fab928553cedb8703ac192d6cf7b6294 -> 
  custom:scripting/monoscript/fileName/AOVRecorderSettings.cs: cdc731153cd2f1f739300a28ea6a6608 -> 
  custom:scripting/monoscript/fileName/EXRCompressionTypeDrawer.cs: 301cb614ecf84a4dab346c5f76ea2016 -> 
  custom:scripting/monoscript/fileName/AOVRecorder.cs: c53e83f1863b3ea80b6df3885cdb8c82 -> 
  custom:scripting/monoscript/fileName/IEncoderSettings.cs: c7d04fadacf538db841606cc656ae724 -> 
  custom:scripting/monoscript/fileName/ShutterProfileTypePropertyDrawer.cs: 18a32c647eca27716eabcb5a44f00e32 -> 
  custom:scripting/monoscript/fileName/MovieRecorderEditor.cs: eb00ddb8a76b8dfb7c88b7826a49d38b -> 
  custom:scripting/monoscript/fileName/RenderTextureInputSettingsPropertyDrawer.cs: 809602b52454cd1e6229756218a8f453 -> 
  custom:scripting/monoscript/fileName/RecorderPlayableBehaviour.cs: 80165a21f4cd0dda690f708a19d389bd -> 
  custom:scripting/monoscript/fileName/GifEncoderSettingsPropertyDrawer.cs: b36c9a7eaaefccda514b23d7e14761ca -> 
  custom:scripting/monoscript/fileName/PNGRecorder.cs: 08fd40f88cb6b18c96882f263639f57d -> 
  custom:scripting/monoscript/fileName/CameraInputSettingsPropertyDrawer.cs: 91928abf1abf88be098cb088d896aec5 -> 
  custom:scripting/monoscript/fileName/AudioRecorderEditor.cs: 565168dec291afe3fa470657cfc2c123 -> 
  custom:scripting/monoscript/fileName/AOVRecorderEditor.cs: 5ca53ccd6d7645709639507726114395 -> 
  custom:container-muxer-webm: aa71ff27fc2769a1b78a27578f13a17b -> 
  custom:video-decoder-webm-vp8: 9c59270c3fd7afecdb556c50c9e8de78 -> 
  custom:scripting/monoscript/fileName/RecordingSession.cs: f3ad08157c278a036224ca395f350890 -> 
  custom:scripting/monoscript/fileName/GameViewSize.cs: f6128a6515fcafce6db32fcdfa107254 -> 
  custom:scripting/monoscript/fileName/UnityHelpers.cs: b3e077029b574be508585124a9d839ef -> 
  custom:SearchIndexIgnoredProperties: e643bd26f0fe6173181afceb89e7c659 -> 
  custom:scripting/monoscript/fileName/GIFRecorder.cs: c00ece885699fb9084deaccd3eb27518 -> 
  custom:AudioImporter_EditorPlatform: d09bf68614088b80899f8185d706f6e7 -> 
  custom:scripting/monoscript/fileName/EXRRecorder.cs: 3f576ce8ddd959d51a4d7ba1999ecdbb -> 
  custom:scripting/monoscript/fileName/WEBMRecorder.cs: 391b6b920cfbc02401ea522620320c93 -> 
  custom:scripting/monoscript/fileName/RenderTextureSampler.cs: 1a7b9abab9548e1054dc40d6e2fa0270 -> 
  custom:scripting/monoscript/fileName/GifEncoder.cs: 40f336d5c5042a8a04556b4c5804a538 -> 
  custom:scripting/monoscript/fileName/GenericRecorder.cs: 90647cc400823b41df847a6cbfc29026 -> 
  custom:scripting/monoscript/fileName/ImageInputSelector.cs: f55822da877594150873922341be92b6 -> 
  custom:scripting/monoscript/fileName/AnimationRecorderSettingsEditor.cs: db1294bf3d48be44b6e4b2f2cc100b02 -> 
  custom:scripting/monoscript/fileName/RecorderTrack.cs: fac9638ece7eb7daaa1302fa170613fd -> 
  custom:scripting/monoscript/fileName/InputSettingsSelector.cs: 499a4ec92267406782b5c4f3472d53b9 -> 
  custom:scripting/monoscript/fileName/FileNameGenerator.cs: 5c8b6eb5291c3311189e0dfadac99363 -> 
  custom:scripting/monoscript/fileName/RecorderItem.cs: b62d2fcb9547a248575727d8a1646db8 -> 
  custom:scripting/monoscript/fileName/TextureFlipper.cs: 825b503b2ddab9cbd8ebbf3038075092 -> 
  custom:scripting/monoscript/fileName/AccumulationSettings.cs: fb962f0c2333934b681b167574f5e1cd -> 
  custom:scripting/monoscript/fileName/Camera360InputPropertyDrawer.cs: af647a2fe91bec98139246321cac865d -> 
  custom:scripting/monoscript/fileName/RecorderClipEditor.cs: 947ad5ff1f968d7fc40767d187070964 -> 
  custom:scripting/monoscript/fileName/EXRRecorderSettingsEditor.cs: c520a04c5f01331f2c8800e289ef6d6f -> 
  custom:scripting/monoscript/fileName/CoreEncoder.cs: dfaed86e82ad12e6a2b6740a0fb35820 -> 
  custom:scripting/monoscript/fileName/PNGRecorderSettings.cs: 79a421225358808ff14dd88c0355d1b6 -> 
  custom:scripting/monoscript/fileName/AspectRatioPropertyDrawer.cs: 9f18568574138839573389bde3e660a7 -> 
  custom:scripting/monoscript/fileName/ProResEncoder.cs: b375bf2d41e3d89081c3f2d1a0823bf3 -> 
  custom:scripting/monoscript/fileName/CameraInput.cs: bf7e0df3caf9e500f6d1c98c99e165ba -> 
  custom:scripting/monoscript/fileName/RecorderSettings.cs: bc3ef26ac157af28e5460886c0d5ef2e -> 
  custom:scripting/monoscript/fileName/RecorderClipTimelineEditor.cs: 2995d9f50ebc9245c6e9bd75c56415fb -> 
  custom:scripting/monoscript/fileName/EncoderSettingsAttribute.cs: 8352396dc11cff58c65c429fdb4fc67e -> 
  custom:scripting/monoscript/fileName/MP4Recorder.cs: af531c4e1f6d23547da08837eb16b729 -> 
  custom:scripting/monoscript/fileName/EncoderTypeUtilities.cs: a12c4c78a6cd4fb6b93180d59ad77be8 -> 
  custom:scripting/monoscript/fileName/PooledBufferAsyncGPUReadback.cs: 2a4e50c5dda177306c9ec935763c4378 -> 
  custom:scripting/monoscript/fileName/AnimationRecorder.cs: f749a4250195b5467bbf05e3a976b59f -> 
  custom:scripting/precompiled-assembly-types:Unity.Recorder.Base: 3fec19fdf10e3518c41e41a932f2042f -> 
  custom:scripting/monoscript/fileName/AnimationRecorderSettings.cs: 5cfb1544a40f93fe0ea879bb1361c877 -> 
  custom:scripting/monoscript/fileName/RenderTextureSamplerSettings.cs: 68adab84706346f2ecbdfd649ca9cf61 -> 
  custom:scripting/monoscript/fileName/RecordingContext.cs: af9af1e8b283703482ba133924b5585a -> 
  custom:scripting/monoscript/fileName/RecorderSelector.cs: c3cd2caacd181d6eff54dc260c4a1ffb -> 
  custom:video-encoder-webm-vp8: eb34c28f22e8b96e1ab97ce403110664 -> 
  custom:scripting/monoscript/fileName/RecorderInput.cs: 88fd8d8fd71b34ed7298a01f6c2d2e40 -> 
  custom:scripting/monoscript/fileName/RenderTextureSamplerPropertyDrawer.cs: b541817d9cc9b1341d2ddfa8823b718d -> 
  custom:scripting/monoscript/fileName/RecorderSettingsAttribute.cs: ddd228b25da7ba2ac10d13e1efacc875 -> 
  custom:audio-decoder-ogg-vorbis: bf7c407c2cedff20999df2af8eb42d56 -> 
  custom:scripting/monoscript/fileName/OutputPathDrawer.cs: cffc34c1be094e6caeb13ff3b26ca679 -> 
  custom:scripting/monoscript/fileName/EditorVersionsHelper.cs: 3ad9098caeeff0295dba8c0911f5333a -> 
  custom:scripting/monoscript/fileName/SettingAsset.cs: 7c3790954696ae83d71055079b387931 -> 
  custom:scripting/monoscript/fileName/OutputResolution.cs: 31c632d97e9a69bcc2ef10f6feb5bf62 -> 
  custom:scripting/monoscript/fileName/AccumulationSettingsPropertyDrawer.cs: bfc920db0de3c29c2967e88aac1c1027 -> 
  custom:scripting/monoscript/fileName/AnimationInputSettingsPropertyDrawer.cs: ebe1771fecebe7a93badf6354f59c990 -> 
  custom:scripting/monoscript/fileName/CoreEncoderSettings.cs: 2b5db1db3c1fa7de4175a7e143de3ce5 -> 
  custom:scripting/monoscript/fileName/VisualListItem.cs: 90647cc400823b41df847a6cbfc29026 -> 
  custom:scripting/monoscript/fileName/FrameRateProperyDrawer.cs: c478c798f5354f66af45b380be0629f9 -> 
  custom:scripting/monoscript/fileName/InputSettingsSelectorDrawer.cs: bca46dd5b59e2f574c94bef4cdb878fb -> 
  custom:scripting/monoscript/fileName/RecorderWindow.cs: 553a30d64d5ef1dcad6b00b4eeeb3829 -> 
  custom:scripting/monoscript/fileName/AOVCameraInputSettings.cs: 4d2fdf1142ce53d73cb43d39944ba516 -> 
  custom:scripting/monoscript/fileName/EnumProperyDrawer.cs: 90647cc400823b41df847a6cbfc29026 -> 
  custom:scripting/monoscript/fileName/AOVImageInputSelector.cs: b741d8d3a7cbb503c5bdf23d7e6792db -> 
  custom:scripting/monoscript/fileName/CoreEncoderSettingsPropertyDrawer.cs: c8bdf3420d844fd4604c0d0cf3815355 -> 
  custom:scripting/monoscript/fileName/GifEncoderSettings.cs: 812ca6afdf48b830953d76adab9d4030 -> 
  custom:scripting/monoscript/fileName/GIFRecorderSettingsEditor.cs: 4d0f46bcf58d188895fabae5334995ae -> 
  custom:scripting/monoscript/fileName/IEncoder.cs: 007c2ef621b0d92b5a7a6bae91d26090 -> 
  custom:scripting/monoscript/fileName/RecorderOptions.cs: 74782d297e80d8f56c0e05a7cde4e51d -> 
  custom:scripting/precompiled-assembly-types:Unity.Recorder.Editor: cd22b836ef1ca10e7d8c91c9be46b4bf -> 
  custom:scripting/monoscript/fileName/ProResEncoderSettingsPropertyDrawer.cs: 68c25e6d4459336217d4b9e22eb707b4 -> 
  custom:scripting/monoscript/fileName/ImageRecorder.cs: b804c29bfc59a61db184c1d275fe4101 -> 
  custom:scripting/monoscript/fileName/EditableLabel.cs: 4f8fa2c6092744ed6607a411e3f617c0 -> 
  custom:scripting/monoscript/fileName/GameViewInput.cs: 596e7ffa2d11b2002176644af3247ea6 -> 
  custom:audio-encoder-webm-vorbis: bf7c407c2cedff20999df2af8eb42d56 -> 
  custom:scripting/monoscript/fileName/SerializedDictionnary.cs: 90647cc400823b41df847a6cbfc29026 -> 
  custom:scripting/monoscript/fileName/HammersleySequence.cs: b06601f044912976f668045b7d4c79a8 -> 
  custom:scripting/monoscript/fileName/_RecorderComponent.cs: 8c268d1df4e18643d83ea9c6eeba2d9f -> 
  custom:scripting/monoscript/fileName/IAccumulation.cs: 38dee62d444423165276e3254554d005 -> 
  custom:scripting/monoscript/fileName/RecorderController.cs: 5760bd2995080b8d0d9d9e88ab8933c6 -> 
  custom:scripting/monoscript/fileName/EXRRecorderSettings.cs: bf113df492cb5b25e11ec144a73c2f74 -> 
========================================================================
Received Prepare
Caller must complete domain reload
Begin MonoManager ReloadAssembly
- Loaded All Assemblies, in  0.410 seconds
Native extension for WindowsStandalone target not found
Native extension for iOS target not found
Native extension for Android target not found
Mono: successfully reloaded assembly
- Finished resetting the current domain, in  0.967 seconds
Domain Reload Profiling: 1374ms
	BeginReloadAssembly (123ms)
		ExecutionOrderSort (0ms)
		DisableScriptedObjects (4ms)
		BackupInstance (0ms)
		ReleaseScriptingObjects (0ms)
		CreateAndSetChildDomain (23ms)
	RebuildCommonClasses (25ms)
	RebuildNativeTypeToScriptingClass (9ms)
	initialDomainReloadingComplete (32ms)
	LoadAllAssembliesAndSetupDomain (218ms)
		LoadAssemblies (276ms)
		RebuildTransferFunctionScriptingTraits (0ms)
		AnalyzeDomain (9ms)
			TypeCache.Refresh (4ms)
				TypeCache.ScanAssembly (0ms)
			ScanForSourceGeneratedMonoScriptInfo (0ms)
			ResolveRequiredComponents (4ms)
	FinalizeReload (968ms)
		ReleaseScriptCaches (0ms)
		RebuildScriptCaches (0ms)
		SetupLoadedEditorAssemblies (484ms)
			LogAssemblyErrors (0ms)
			InitializePlatformSupportModulesInManaged (29ms)
			SetLoadedEditorAssemblies (4ms)
			RefreshPlugins (0ms)
			BeforeProcessingInitializeOnLoad (83ms)
			ProcessInitializeOnLoadAttributes (341ms)
			ProcessInitializeOnLoadMethodAttributes (18ms)
			AfterProcessingInitializeOnLoad (10ms)
			EditorAssembliesLoaded (0ms)
		ExecutionOrderSort2 (0ms)
		AwakeInstancesAfterBackupRestoration (5ms)
Refreshing native plugins compatible for Editor in 5.54 ms, found 6 plugins.
Preloading 0 native plugins for Editor in 0.00 ms.
Unloading 3255 Unused Serialized files (Serialized files now loaded: 0)
Unloading 21 unused Assets / (336.0 KB). Loaded Objects now: 3820.
Memory consumption went from 127.4 MB to 127.1 MB.
Total: 2.333900 ms (FindLiveObjects: 0.186900 ms CreateObjectMapping: 0.076400 ms MarkObjects: 1.905600 ms  DeleteObjects: 0.164500 ms)

Prepare: number of updated asset objects reloaded= 0
AssetImportParameters requested are different than current active one (requested -> active):
  custom:scripting/monoscript/fileName/WEBMRecorderSettingsEditor.cs: 5559c87f45d3b65fac8d5ac4ef5e81c8 -> 
  custom:scripting/monoscript/fileName/UIElementHelper.cs: 9f9438adfe3361012ea6280d4cdb2df4 -> 
  custom:scripting/monoscript/fileName/AOVCameraInput.cs: c23c8ce885672bc57e25263b3efd067a -> 
  custom:scripting/monoscript/fileName/BaseTextureRecorder.cs: 90647cc400823b41df847a6cbfc29026 -> 
  custom:scripting/monoscript/fileName/Recorder.cs: a7e319d512627774f8215ba0b76f0bcb -> 
  custom:scripting/monoscript/fileName/AudioRecorder.cs: 89550121570f22445b4a1b28daea3cf9 -> 
  custom:scripting/monoscript/fileName/PanelSplitter.cs: 5ff6c6e385b6b12ca322a9c92ac6f371 -> 
  custom:scripting/monoscript/fileName/ImageRecorderSettings.cs: a7ab05fac9382c03607c40fe73956ed6 -> 
  custom:scripting/monoscript/fileName/RecorderClip.cs: 897017f45cb3c30f306724d1fa17a8fe -> 
  custom:scripting/monoscript/fileName/GIFRecorderSettings.cs: 979f88ae1e7731daed242ab2fdebbc0e -> 
  custom:container-demuxer-ogg: 62fdf1f143b41e24485cea50d1cbac27 -> 
  custom:scripting/monoscript/fileName/MovieRecorder.cs: 024785cf83e1399f425b2aa115d22e2b -> 
  custom:scripting/monoscript/fileName/RecorderControllerSettingsPresetEditor.cs: 49aed206ae65ed5ac6b420f7104cd52d -> 
  custom:scripting/monoscript/fileName/AudioInput.cs: 499e96d8f0b35d362bd956c0975bb873 -> 
  custom:scripting/monoscript/fileName/WEBMRecorderSettings.cs: c176c43abbe456aeea55c2aef862801b -> 
  custom:scripting/monoscript/fileName/RecorderControllerSettingsPreset.cs: 78b391c1384ac60213ef58d50e78d553 -> 
  custom:scripting/monoscript/fileName/GameViewInputSettings.cs: a7ae22123f532f5bbcb39c654c998b57 -> 
  custom:scripting/monoscript/fileName/GameViewInputPropertyDrawer.cs: ae2c8a99c5e33d3d1ffc8232415130e8 -> 
  custom:scripting/monoscript/fileName/Camera360Input.cs: dc473b118c57e0734b0cd3476e333c06 -> 
  custom:scripting/monoscript/fileName/RecorderPreferencesSettingsProvider.cs: d92d314b87f7c2170e267636ebf38224 -> 
  custom:scripting/monoscript/fileName/RecorderBindings.cs: ac25db5b587307cfea909607f62e5641 -> 
  custom:video-decoder-ogg-theora: a1e56fd34408186e4bbccfd4996cb3dc -> 
  custom:scripting/monoscript/fileName/GIFWrapper.cs: 6ef8898a12699129e8f81f06a649cad1 -> 
  custom:scripting/monoscript/fileName/SceneHook.cs: 80fa8928b499d44515dd60e0bc895128 -> 
  custom:scripting/monoscript/fileName/AnimationInput.cs: e810137278708a698c5ccddaeb1a1e64 -> 
  custom:scripting/monoscript/fileName/OutputResolutionPropertyDrawer.cs: 0e33ffdf424417a2e685685cfc04d4b1 -> 
  custom:scripting/monoscript/fileName/EnumHelper.cs: 117b5609cc2a1ae41785cd0c8767815f -> 
  custom:scripting/monoscript/fileName/OutputPath.cs: ee51fcffcd8929d224a5e3fb152d5f62 -> 
  custom:scripting/monoscript/fileName/FileNameGeneratorDrawer.cs: a3ea71dec141084df9b7ffa19c11e2cb -> 
  custom:framework-win-MediaFoundation: 216162199b28c13a410421893ffa2e32 -> 
  custom:scripting/monoscript/fileName/RecorderPreferencesWindowGUIScope.cs: 7a2eba6fcb6829ea8b200991a02c9c06 -> 
  custom:scripting/monoscript/fileName/AspectRatio.cs: 18e3efa554f8258b676d4de53e38b642 -> 
  custom:scripting/monoscript/fileName/CameraInputSettings.cs: 6738f6dd994f658d2cbf6f5f3ba05a0e -> 
  custom:scripting/monoscript/fileName/RefHandle.cs: 90647cc400823b41df847a6cbfc29026 -> 
  custom:scripting/monoscript/fileName/CameraCapture.cs: c6dcba1380d9a4fa09f4e36182a45a73 -> 
  custom:scripting/monoscript/fileName/RecorderControllerSettings.cs: 989e0caa64af9b76551d4ff6bd15f598 -> 
  custom:scripting/monoscript/fileName/TargetedPropertyDrawer.cs: 90647cc400823b41df847a6cbfc29026 -> 
  custom:scripting/monoscript/fileName/MovieRecorderSettings.cs: 02a667a67b113b1f65e3fcadcc882513 -> 
  custom:scripting/monoscript/fileName/RenderTextureInputSettings.cs: ebca820667a63031a7597db85d26451a -> 
  custom:scripting/monoscript/fileName/ImageRecorderEditor.cs: d3134ae4c1dfd8e056bace11130b7692 -> 
  custom:scripting/monoscript/fileName/ProResEncoderSettings.cs: 4aca03881946a7fe9acacf199434009e -> 
  custom:scripting/monoscript/fileName/_FrameRequestComponent.cs: b34f171daaafc65da55ea68e2ed89f2b -> 
  custom:scripting/monoscript/fileName/RenderTextureInput.cs: 5dea77837ae3c82bb14643cd82dc06dc -> 
  custom:scripting/monoscript/fileName/RecorderAnalytics.cs: 0fa40093f6ac3fe75e92d746d563e5ee -> 
  custom:scripting/monoscript/fileName/MP4RecorderSettingsEditor.cs: 68a64b16a7961d71fa7286fd1f782e9b -> 
  custom:scripting/monoscript/fileName/RecorderBindingsEditor.cs: f7451a0e1cea6404b2976d2b2c42e273 -> 
  custom:scripting/monoscript/fileName/BaseRenderTextureInput.cs: 5dc13661a5a0dca5d09ca211933a44e2 -> 
  custom:scripting/monoscript/fileName/StatusBarHelper.cs: da04a6ed046f8a62f416d5d3ea415bef -> 
  custom:scripting/precompiled-assembly-types:Unity.Recorder: bd5378c99f6216e06dd6e2c2a60a86a4 -> 
  custom:CustomObjectIndexerAttribute: 9a22284fe3817be447336de3de66b15e -> 
  custom:scripting/monoscript/fileName/Camera360InputSettings.cs: 3d5eaf1cb3a9df6f9d1d52f3c3018c46 -> 
  custom:scripting/monoscript/fileName/PNGRecorderSettingsEditor.cs: 4970e6657bb34f7efc2c7d8168c7358b -> 
  custom:scripting/monoscript/fileName/ImageHeightSelector.cs: d1a7972bf1d79d90f09ab23c718afe39 -> 
  custom:scripting/monoscript/fileName/AnimationInputSettings.cs: d64a99ebbd13660e9264cb4111ab9832 -> 
  custom:scripting/monoscript/fileName/MP4RecorderSettings.cs: 551f5535c05b86d6ee91684eced14987 -> 
  custom:scripting/monoscript/fileName/RecorderPreferencesSettings.cs: 761b0a55fc5e50239a1d0c4bfc968274 -> 
  custom:container-demuxer-webm: 4f35f7cbe854078d1ac9338744f61a02 -> 
  custom:scripting/monoscript/fileName/RecorderSettingsPrefsEditor.cs: ba9e697f1d269c2c960a41bc543fa408 -> 
  custom:scripting/monoscript/fileName/ProResWrapper.cs: 712515ef615766c98115c6a20d85d6c8 -> 
  custom:scripting/monoscript/fileName/RecordModePropertyDrawer.cs: 165332db07362bbcab2d8dc6d1e1dfda -> 
  custom:scripting/monoscript/fileName/ImageInputSettings.cs: 98a2aedd167d40f01804b04845eeaf15 -> 
  custom:scripting/monoscript/fileName/SerializableObjHelper.cs: f19f181f3f05e8e393225dd7030fb66a -> 
  custom:scripting/monoscript/fileName/InputPropertyDrawer.cs: 90647cc400823b41df847a6cbfc29026 -> 
  custom:scripting/monoscript/fileName/AudioInputSettings.cs: a2c930fca1dd5e27705fbacf39727bb4 -> 
  custom:scripting/monoscript/fileName/InputSettings.cs: 35c56ce5488c6b464726305dcbd33b3d -> 
  custom:scripting/monoscript/fileName/RecorderEditor.cs: 736e59ba52eea987abc47f36a836e575 -> 
  custom:scripting/monoscript/fileName/AudioRecorderSettings.cs: 0b00f2c93558486cc61a06f270f43fea -> 
  custom:scripting/monoscript/fileName/RecordersInventory.cs: fb714c8df18f9b7fc7f3361f604ae3dc -> 
  custom:scripting/monoscript/fileName/BaseFCRecorderSettings.cs: fab928553cedb8703ac192d6cf7b6294 -> 
  custom:scripting/monoscript/fileName/AOVRecorderSettings.cs: cdc731153cd2f1f739300a28ea6a6608 -> 
  custom:scripting/monoscript/fileName/EXRCompressionTypeDrawer.cs: 301cb614ecf84a4dab346c5f76ea2016 -> 
  custom:scripting/monoscript/fileName/AOVRecorder.cs: c53e83f1863b3ea80b6df3885cdb8c82 -> 
  custom:scripting/monoscript/fileName/IEncoderSettings.cs: c7d04fadacf538db841606cc656ae724 -> 
  custom:scripting/monoscript/fileName/ShutterProfileTypePropertyDrawer.cs: 18a32c647eca27716eabcb5a44f00e32 -> 
  custom:scripting/monoscript/fileName/MovieRecorderEditor.cs: eb00ddb8a76b8dfb7c88b7826a49d38b -> 
  custom:scripting/monoscript/fileName/RenderTextureInputSettingsPropertyDrawer.cs: 809602b52454cd1e6229756218a8f453 -> 
  custom:scripting/monoscript/fileName/RecorderPlayableBehaviour.cs: 80165a21f4cd0dda690f708a19d389bd -> 
  custom:scripting/monoscript/fileName/GifEncoderSettingsPropertyDrawer.cs: b36c9a7eaaefccda514b23d7e14761ca -> 
  custom:scripting/monoscript/fileName/PNGRecorder.cs: 08fd40f88cb6b18c96882f263639f57d -> 
  custom:scripting/monoscript/fileName/CameraInputSettingsPropertyDrawer.cs: 91928abf1abf88be098cb088d896aec5 -> 
  custom:scripting/monoscript/fileName/AudioRecorderEditor.cs: 565168dec291afe3fa470657cfc2c123 -> 
  custom:scripting/monoscript/fileName/AOVRecorderEditor.cs: 5ca53ccd6d7645709639507726114395 -> 
  custom:container-muxer-webm: aa71ff27fc2769a1b78a27578f13a17b -> 
  custom:video-decoder-webm-vp8: 9c59270c3fd7afecdb556c50c9e8de78 -> 
  custom:scripting/monoscript/fileName/RecordingSession.cs: f3ad08157c278a036224ca395f350890 -> 
  custom:scripting/monoscript/fileName/GameViewSize.cs: f6128a6515fcafce6db32fcdfa107254 -> 
  custom:scripting/monoscript/fileName/UnityHelpers.cs: b3e077029b574be508585124a9d839ef -> 
  custom:SearchIndexIgnoredProperties: e643bd26f0fe6173181afceb89e7c659 -> 
  custom:scripting/monoscript/fileName/GIFRecorder.cs: c00ece885699fb9084deaccd3eb27518 -> 
  custom:AudioImporter_EditorPlatform: d09bf68614088b80899f8185d706f6e7 -> 
  custom:scripting/monoscript/fileName/EXRRecorder.cs: 3f576ce8ddd959d51a4d7ba1999ecdbb -> 
  custom:scripting/monoscript/fileName/WEBMRecorder.cs: 391b6b920cfbc02401ea522620320c93 -> 
  custom:scripting/monoscript/fileName/RenderTextureSampler.cs: 1a7b9abab9548e1054dc40d6e2fa0270 -> 
  custom:scripting/monoscript/fileName/GifEncoder.cs: 40f336d5c5042a8a04556b4c5804a538 -> 
  custom:scripting/monoscript/fileName/GenericRecorder.cs: 90647cc400823b41df847a6cbfc29026 -> 
  custom:scripting/monoscript/fileName/ImageInputSelector.cs: f55822da877594150873922341be92b6 -> 
  custom:scripting/monoscript/fileName/AnimationRecorderSettingsEditor.cs: db1294bf3d48be44b6e4b2f2cc100b02 -> 
  custom:scripting/monoscript/fileName/RecorderTrack.cs: fac9638ece7eb7daaa1302fa170613fd -> 
  custom:scripting/monoscript/fileName/InputSettingsSelector.cs: 499a4ec92267406782b5c4f3472d53b9 -> 
  custom:scripting/monoscript/fileName/FileNameGenerator.cs: 5c8b6eb5291c3311189e0dfadac99363 -> 
  custom:scripting/monoscript/fileName/RecorderItem.cs: b62d2fcb9547a248575727d8a1646db8 -> 
  custom:scripting/monoscript/fileName/TextureFlipper.cs: 825b503b2ddab9cbd8ebbf3038075092 -> 
  custom:scripting/monoscript/fileName/AccumulationSettings.cs: fb962f0c2333934b681b167574f5e1cd -> 
  custom:scripting/monoscript/fileName/Camera360InputPropertyDrawer.cs: af647a2fe91bec98139246321cac865d -> 
  custom:scripting/monoscript/fileName/RecorderClipEditor.cs: 947ad5ff1f968d7fc40767d187070964 -> 
  custom:scripting/monoscript/fileName/EXRRecorderSettingsEditor.cs: c520a04c5f01331f2c8800e289ef6d6f -> 
  custom:scripting/monoscript/fileName/CoreEncoder.cs: dfaed86e82ad12e6a2b6740a0fb35820 -> 
  custom:scripting/monoscript/fileName/PNGRecorderSettings.cs: 79a421225358808ff14dd88c0355d1b6 -> 
  custom:scripting/monoscript/fileName/AspectRatioPropertyDrawer.cs: 9f18568574138839573389bde3e660a7 -> 
  custom:scripting/monoscript/fileName/ProResEncoder.cs: b375bf2d41e3d89081c3f2d1a0823bf3 -> 
  custom:scripting/monoscript/fileName/CameraInput.cs: bf7e0df3caf9e500f6d1c98c99e165ba -> 
  custom:scripting/monoscript/fileName/RecorderSettings.cs: bc3ef26ac157af28e5460886c0d5ef2e -> 
  custom:scripting/monoscript/fileName/RecorderClipTimelineEditor.cs: 2995d9f50ebc9245c6e9bd75c56415fb -> 
  custom:scripting/monoscript/fileName/EncoderSettingsAttribute.cs: 8352396dc11cff58c65c429fdb4fc67e -> 
  custom:scripting/monoscript/fileName/MP4Recorder.cs: af531c4e1f6d23547da08837eb16b729 -> 
  custom:scripting/monoscript/fileName/EncoderTypeUtilities.cs: a12c4c78a6cd4fb6b93180d59ad77be8 -> 
  custom:scripting/monoscript/fileName/PooledBufferAsyncGPUReadback.cs: 2a4e50c5dda177306c9ec935763c4378 -> 
  custom:scripting/monoscript/fileName/AnimationRecorder.cs: f749a4250195b5467bbf05e3a976b59f -> 
  custom:scripting/precompiled-assembly-types:Unity.Recorder.Base: 3fec19fdf10e3518c41e41a932f2042f -> 
  custom:scripting/monoscript/fileName/AnimationRecorderSettings.cs: 5cfb1544a40f93fe0ea879bb1361c877 -> 
  custom:scripting/monoscript/fileName/RenderTextureSamplerSettings.cs: 68adab84706346f2ecbdfd649ca9cf61 -> 
  custom:scripting/monoscript/fileName/RecordingContext.cs: af9af1e8b283703482ba133924b5585a -> 
  custom:scripting/monoscript/fileName/RecorderSelector.cs: c3cd2caacd181d6eff54dc260c4a1ffb -> 
  custom:video-encoder-webm-vp8: eb34c28f22e8b96e1ab97ce403110664 -> 
  custom:scripting/monoscript/fileName/RecorderInput.cs: 88fd8d8fd71b34ed7298a01f6c2d2e40 -> 
  custom:scripting/monoscript/fileName/RenderTextureSamplerPropertyDrawer.cs: b541817d9cc9b1341d2ddfa8823b718d -> 
  custom:scripting/monoscript/fileName/RecorderSettingsAttribute.cs: ddd228b25da7ba2ac10d13e1efacc875 -> 
  custom:audio-decoder-ogg-vorbis: bf7c407c2cedff20999df2af8eb42d56 -> 
  custom:scripting/monoscript/fileName/OutputPathDrawer.cs: cffc34c1be094e6caeb13ff3b26ca679 -> 
  custom:scripting/monoscript/fileName/EditorVersionsHelper.cs: 3ad9098caeeff0295dba8c0911f5333a -> 
  custom:scripting/monoscript/fileName/SettingAsset.cs: 7c3790954696ae83d71055079b387931 -> 
  custom:scripting/monoscript/fileName/OutputResolution.cs: 31c632d97e9a69bcc2ef10f6feb5bf62 -> 
  custom:scripting/monoscript/fileName/AccumulationSettingsPropertyDrawer.cs: bfc920db0de3c29c2967e88aac1c1027 -> 
  custom:scripting/monoscript/fileName/AnimationInputSettingsPropertyDrawer.cs: ebe1771fecebe7a93badf6354f59c990 -> 
  custom:scripting/monoscript/fileName/CoreEncoderSettings.cs: 2b5db1db3c1fa7de4175a7e143de3ce5 -> 
  custom:scripting/monoscript/fileName/VisualListItem.cs: 90647cc400823b41df847a6cbfc29026 -> 
  custom:scripting/monoscript/fileName/FrameRateProperyDrawer.cs: c478c798f5354f66af45b380be0629f9 -> 
  custom:scripting/monoscript/fileName/InputSettingsSelectorDrawer.cs: bca46dd5b59e2f574c94bef4cdb878fb -> 
  custom:scripting/monoscript/fileName/RecorderWindow.cs: 553a30d64d5ef1dcad6b00b4eeeb3829 -> 
  custom:scripting/monoscript/fileName/AOVCameraInputSettings.cs: 4d2fdf1142ce53d73cb43d39944ba516 -> 
  custom:scripting/monoscript/fileName/EnumProperyDrawer.cs: 90647cc400823b41df847a6cbfc29026 -> 
  custom:scripting/monoscript/fileName/AOVImageInputSelector.cs: b741d8d3a7cbb503c5bdf23d7e6792db -> 
  custom:scripting/monoscript/fileName/CoreEncoderSettingsPropertyDrawer.cs: c8bdf3420d844fd4604c0d0cf3815355 -> 
  custom:scripting/monoscript/fileName/GifEncoderSettings.cs: 812ca6afdf48b830953d76adab9d4030 -> 
  custom:scripting/monoscript/fileName/GIFRecorderSettingsEditor.cs: 4d0f46bcf58d188895fabae5334995ae -> 
  custom:scripting/monoscript/fileName/IEncoder.cs: 007c2ef621b0d92b5a7a6bae91d26090 -> 
  custom:scripting/monoscript/fileName/RecorderOptions.cs: 74782d297e80d8f56c0e05a7cde4e51d -> 
  custom:scripting/precompiled-assembly-types:Unity.Recorder.Editor: cd22b836ef1ca10e7d8c91c9be46b4bf -> 
  custom:scripting/monoscript/fileName/ProResEncoderSettingsPropertyDrawer.cs: 68c25e6d4459336217d4b9e22eb707b4 -> 
  custom:scripting/monoscript/fileName/ImageRecorder.cs: b804c29bfc59a61db184c1d275fe4101 -> 
  custom:scripting/monoscript/fileName/EditableLabel.cs: 4f8fa2c6092744ed6607a411e3f617c0 -> 
  custom:scripting/monoscript/fileName/GameViewInput.cs: 596e7ffa2d11b2002176644af3247ea6 -> 
  custom:audio-encoder-webm-vorbis: bf7c407c2cedff20999df2af8eb42d56 -> 
  custom:scripting/monoscript/fileName/SerializedDictionnary.cs: 90647cc400823b41df847a6cbfc29026 -> 
  custom:scripting/monoscript/fileName/HammersleySequence.cs: b06601f044912976f668045b7d4c79a8 -> 
  custom:scripting/monoscript/fileName/_RecorderComponent.cs: 8c268d1df4e18643d83ea9c6eeba2d9f -> 
  custom:scripting/monoscript/fileName/IAccumulation.cs: 38dee62d444423165276e3254554d005 -> 
  custom:scripting/monoscript/fileName/RecorderController.cs: 5760bd2995080b8d0d9d9e88ab8933c6 -> 
  custom:scripting/monoscript/fileName/EXRRecorderSettings.cs: bf113df492cb5b25e11ec144a73c2f74 -> 
========================================================================
Received Import Request.
  Time since last request: 8.228477 seconds.
  path: Assets/Prefabs/Cube.prefab
  artifactKey: Guid(6f465dab9e6bdbc40b292aa1082e7dd9) Importer(815301076,1909f56bfc062723c751e8b465ee728b)
Start importing Assets/Prefabs/Cube.prefab using Guid(6f465dab9e6bdbc40b292aa1082e7dd9) Importer(815301076,1909f56bfc062723c751e8b465ee728b) [PhysX] Initialized MultithreadedTaskDispatcher with 12 workers.
 -> (artifact id: '9d04fdfc94419e9d414e421f41762208') in 0.001305 seconds
Number of updated asset objects reloaded before import = 0
Number of asset objects unloaded after import = 0
========================================================================
Received Prepare
Caller must complete domain reload
Begin MonoManager ReloadAssembly
- Loaded All Assemblies, in  0.415 seconds
Native extension for WindowsStandalone target not found
Native extension for iOS target not found
Native extension for Android target not found
Mono: successfully reloaded assembly
- Finished resetting the current domain, in  0.960 seconds
Domain Reload Profiling: 1371ms
	BeginReloadAssembly (131ms)
		ExecutionOrderSort (0ms)
		DisableScriptedObjects (4ms)
		BackupInstance (0ms)
		ReleaseScriptingObjects (0ms)
		CreateAndSetChildDomain (25ms)
	RebuildCommonClasses (25ms)
	RebuildNativeTypeToScriptingClass (8ms)
	initialDomainReloadingComplete (26ms)
	LoadAllAssembliesAndSetupDomain (221ms)
		LoadAssemblies (285ms)
		RebuildTransferFunctionScriptingTraits (0ms)
		AnalyzeDomain (10ms)
			TypeCache.Refresh (4ms)
				TypeCache.ScanAssembly (0ms)
			ScanForSourceGeneratedMonoScriptInfo (0ms)
			ResolveRequiredComponents (5ms)
	FinalizeReload (960ms)
		ReleaseScriptCaches (0ms)
		RebuildScriptCaches (0ms)
		SetupLoadedEditorAssemblies (483ms)
			LogAssemblyErrors (0ms)
			InitializePlatformSupportModulesInManaged (28ms)
			SetLoadedEditorAssemblies (4ms)
			RefreshPlugins (0ms)
			BeforeProcessingInitializeOnLoad (91ms)
			ProcessInitializeOnLoadAttributes (334ms)
			ProcessInitializeOnLoadMethodAttributes (18ms)
			AfterProcessingInitializeOnLoad (10ms)
			EditorAssembliesLoaded (0ms)
		ExecutionOrderSort2 (0ms)
		AwakeInstancesAfterBackupRestoration (5ms)
Refreshing native plugins compatible for Editor in 5.49 ms, found 6 plugins.
Preloading 0 native plugins for Editor in 0.00 ms.
Unloading 3255 Unused Serialized files (Serialized files now loaded: 0)
Unloading 21 unused Assets / (336.0 KB). Loaded Objects now: 3823.
Memory consumption went from 127.4 MB to 127.1 MB.
Total: 2.438100 ms (FindLiveObjects: 0.216400 ms CreateObjectMapping: 0.077800 ms MarkObjects: 1.983800 ms  DeleteObjects: 0.159400 ms)

Prepare: number of updated asset objects reloaded= 0
AssetImportParameters requested are different than current active one (requested -> active):
  custom:scripting/monoscript/fileName/WEBMRecorderSettingsEditor.cs: 5559c87f45d3b65fac8d5ac4ef5e81c8 -> 
  custom:scripting/monoscript/fileName/UIElementHelper.cs: 9f9438adfe3361012ea6280d4cdb2df4 -> 
  custom:scripting/monoscript/fileName/AOVCameraInput.cs: c23c8ce885672bc57e25263b3efd067a -> 
  custom:scripting/monoscript/fileName/BaseTextureRecorder.cs: 90647cc400823b41df847a6cbfc29026 -> 
  custom:scripting/monoscript/fileName/Recorder.cs: a7e319d512627774f8215ba0b76f0bcb -> 
  custom:scripting/monoscript/fileName/AudioRecorder.cs: 89550121570f22445b4a1b28daea3cf9 -> 
  custom:scripting/monoscript/fileName/PanelSplitter.cs: 5ff6c6e385b6b12ca322a9c92ac6f371 -> 
  custom:scripting/monoscript/fileName/ImageRecorderSettings.cs: a7ab05fac9382c03607c40fe73956ed6 -> 
  custom:scripting/monoscript/fileName/RecorderClip.cs: 897017f45cb3c30f306724d1fa17a8fe -> 
  custom:scripting/monoscript/fileName/GIFRecorderSettings.cs: 979f88ae1e7731daed242ab2fdebbc0e -> 
  custom:container-demuxer-ogg: 62fdf1f143b41e24485cea50d1cbac27 -> 
  custom:scripting/monoscript/fileName/MovieRecorder.cs: 024785cf83e1399f425b2aa115d22e2b -> 
  custom:scripting/monoscript/fileName/RecorderControllerSettingsPresetEditor.cs: 49aed206ae65ed5ac6b420f7104cd52d -> 
  custom:scripting/monoscript/fileName/AudioInput.cs: 499e96d8f0b35d362bd956c0975bb873 -> 
  custom:scripting/monoscript/fileName/WEBMRecorderSettings.cs: c176c43abbe456aeea55c2aef862801b -> 
  custom:scripting/monoscript/fileName/RecorderControllerSettingsPreset.cs: 78b391c1384ac60213ef58d50e78d553 -> 
  custom:scripting/monoscript/fileName/GameViewInputSettings.cs: a7ae22123f532f5bbcb39c654c998b57 -> 
  custom:scripting/monoscript/fileName/GameViewInputPropertyDrawer.cs: ae2c8a99c5e33d3d1ffc8232415130e8 -> 
  custom:scripting/monoscript/fileName/Camera360Input.cs: dc473b118c57e0734b0cd3476e333c06 -> 
  custom:scripting/monoscript/fileName/RecorderPreferencesSettingsProvider.cs: d92d314b87f7c2170e267636ebf38224 -> 
  custom:scripting/monoscript/fileName/RecorderBindings.cs: ac25db5b587307cfea909607f62e5641 -> 
  custom:video-decoder-ogg-theora: a1e56fd34408186e4bbccfd4996cb3dc -> 
  custom:scripting/monoscript/fileName/GIFWrapper.cs: 6ef8898a12699129e8f81f06a649cad1 -> 
  custom:scripting/monoscript/fileName/SceneHook.cs: 80fa8928b499d44515dd60e0bc895128 -> 
  custom:scripting/monoscript/fileName/AnimationInput.cs: e810137278708a698c5ccddaeb1a1e64 -> 
  custom:scripting/monoscript/fileName/OutputResolutionPropertyDrawer.cs: 0e33ffdf424417a2e685685cfc04d4b1 -> 
  custom:scripting/monoscript/fileName/EnumHelper.cs: 117b5609cc2a1ae41785cd0c8767815f -> 
  custom:scripting/monoscript/fileName/OutputPath.cs: ee51fcffcd8929d224a5e3fb152d5f62 -> 
  custom:scripting/monoscript/fileName/FileNameGeneratorDrawer.cs: a3ea71dec141084df9b7ffa19c11e2cb -> 
  custom:framework-win-MediaFoundation: 216162199b28c13a410421893ffa2e32 -> 
  custom:scripting/monoscript/fileName/RecorderPreferencesWindowGUIScope.cs: 7a2eba6fcb6829ea8b200991a02c9c06 -> 
  custom:scripting/monoscript/fileName/AspectRatio.cs: 18e3efa554f8258b676d4de53e38b642 -> 
  custom:scripting/monoscript/fileName/CameraInputSettings.cs: 6738f6dd994f658d2cbf6f5f3ba05a0e -> 
  custom:scripting/monoscript/fileName/RefHandle.cs: 90647cc400823b41df847a6cbfc29026 -> 
  custom:scripting/monoscript/fileName/CameraCapture.cs: c6dcba1380d9a4fa09f4e36182a45a73 -> 
  custom:scripting/monoscript/fileName/RecorderControllerSettings.cs: 989e0caa64af9b76551d4ff6bd15f598 -> 
  custom:scripting/monoscript/fileName/TargetedPropertyDrawer.cs: 90647cc400823b41df847a6cbfc29026 -> 
  custom:scripting/monoscript/fileName/MovieRecorderSettings.cs: 02a667a67b113b1f65e3fcadcc882513 -> 
  custom:scripting/monoscript/fileName/RenderTextureInputSettings.cs: ebca820667a63031a7597db85d26451a -> 
  custom:scripting/monoscript/fileName/ImageRecorderEditor.cs: d3134ae4c1dfd8e056bace11130b7692 -> 
  custom:scripting/monoscript/fileName/ProResEncoderSettings.cs: 4aca03881946a7fe9acacf199434009e -> 
  custom:scripting/monoscript/fileName/_FrameRequestComponent.cs: b34f171daaafc65da55ea68e2ed89f2b -> 
  custom:scripting/monoscript/fileName/RenderTextureInput.cs: 5dea77837ae3c82bb14643cd82dc06dc -> 
  custom:scripting/monoscript/fileName/RecorderAnalytics.cs: 0fa40093f6ac3fe75e92d746d563e5ee -> 
  custom:scripting/monoscript/fileName/MP4RecorderSettingsEditor.cs: 68a64b16a7961d71fa7286fd1f782e9b -> 
  custom:scripting/monoscript/fileName/RecorderBindingsEditor.cs: f7451a0e1cea6404b2976d2b2c42e273 -> 
  custom:scripting/monoscript/fileName/BaseRenderTextureInput.cs: 5dc13661a5a0dca5d09ca211933a44e2 -> 
  custom:scripting/monoscript/fileName/StatusBarHelper.cs: da04a6ed046f8a62f416d5d3ea415bef -> 
  custom:scripting/precompiled-assembly-types:Unity.Recorder: bd5378c99f6216e06dd6e2c2a60a86a4 -> 
  custom:CustomObjectIndexerAttribute: 9a22284fe3817be447336de3de66b15e -> 
  custom:scripting/monoscript/fileName/Camera360InputSettings.cs: 3d5eaf1cb3a9df6f9d1d52f3c3018c46 -> 
  custom:scripting/monoscript/fileName/PNGRecorderSettingsEditor.cs: 4970e6657bb34f7efc2c7d8168c7358b -> 
  custom:scripting/monoscript/fileName/ImageHeightSelector.cs: d1a7972bf1d79d90f09ab23c718afe39 -> 
  custom:scripting/monoscript/fileName/AnimationInputSettings.cs: d64a99ebbd13660e9264cb4111ab9832 -> 
  custom:scripting/monoscript/fileName/MP4RecorderSettings.cs: 551f5535c05b86d6ee91684eced14987 -> 
  custom:scripting/monoscript/fileName/RecorderPreferencesSettings.cs: 761b0a55fc5e50239a1d0c4bfc968274 -> 
  custom:container-demuxer-webm: 4f35f7cbe854078d1ac9338744f61a02 -> 
  custom:scripting/monoscript/fileName/RecorderSettingsPrefsEditor.cs: ba9e697f1d269c2c960a41bc543fa408 -> 
  custom:scripting/monoscript/fileName/ProResWrapper.cs: 712515ef615766c98115c6a20d85d6c8 -> 
  custom:scripting/monoscript/fileName/RecordModePropertyDrawer.cs: 165332db07362bbcab2d8dc6d1e1dfda -> 
  custom:scripting/monoscript/fileName/ImageInputSettings.cs: 98a2aedd167d40f01804b04845eeaf15 -> 
  custom:scripting/monoscript/fileName/SerializableObjHelper.cs: f19f181f3f05e8e393225dd7030fb66a -> 
  custom:scripting/monoscript/fileName/InputPropertyDrawer.cs: 90647cc400823b41df847a6cbfc29026 -> 
  custom:scripting/monoscript/fileName/AudioInputSettings.cs: a2c930fca1dd5e27705fbacf39727bb4 -> 
  custom:scripting/monoscript/fileName/InputSettings.cs: 35c56ce5488c6b464726305dcbd33b3d -> 
  custom:scripting/monoscript/fileName/RecorderEditor.cs: 736e59ba52eea987abc47f36a836e575 -> 
  custom:scripting/monoscript/fileName/AudioRecorderSettings.cs: 0b00f2c93558486cc61a06f270f43fea -> 
  custom:scripting/monoscript/fileName/RecordersInventory.cs: fb714c8df18f9b7fc7f3361f604ae3dc -> 
  custom:scripting/monoscript/fileName/BaseFCRecorderSettings.cs: fab928553cedb8703ac192d6cf7b6294 -> 
  custom:scripting/monoscript/fileName/AOVRecorderSettings.cs: cdc731153cd2f1f739300a28ea6a6608 -> 
  custom:scripting/monoscript/fileName/EXRCompressionTypeDrawer.cs: 301cb614ecf84a4dab346c5f76ea2016 -> 
  custom:scripting/monoscript/fileName/AOVRecorder.cs: c53e83f1863b3ea80b6df3885cdb8c82 -> 
  custom:scripting/monoscript/fileName/IEncoderSettings.cs: c7d04fadacf538db841606cc656ae724 -> 
  custom:scripting/monoscript/fileName/ShutterProfileTypePropertyDrawer.cs: 18a32c647eca27716eabcb5a44f00e32 -> 
  custom:scripting/monoscript/fileName/MovieRecorderEditor.cs: eb00ddb8a76b8dfb7c88b7826a49d38b -> 
  custom:scripting/monoscript/fileName/RenderTextureInputSettingsPropertyDrawer.cs: 809602b52454cd1e6229756218a8f453 -> 
  custom:scripting/monoscript/fileName/RecorderPlayableBehaviour.cs: 80165a21f4cd0dda690f708a19d389bd -> 
  custom:scripting/monoscript/fileName/GifEncoderSettingsPropertyDrawer.cs: b36c9a7eaaefccda514b23d7e14761ca -> 
  custom:scripting/monoscript/fileName/PNGRecorder.cs: 08fd40f88cb6b18c96882f263639f57d -> 
  custom:scripting/monoscript/fileName/CameraInputSettingsPropertyDrawer.cs: 91928abf1abf88be098cb088d896aec5 -> 
  custom:scripting/monoscript/fileName/AudioRecorderEditor.cs: 565168dec291afe3fa470657cfc2c123 -> 
  custom:scripting/monoscript/fileName/AOVRecorderEditor.cs: 5ca53ccd6d7645709639507726114395 -> 
  custom:container-muxer-webm: aa71ff27fc2769a1b78a27578f13a17b -> 
  custom:video-decoder-webm-vp8: 9c59270c3fd7afecdb556c50c9e8de78 -> 
  custom:scripting/monoscript/fileName/RecordingSession.cs: f3ad08157c278a036224ca395f350890 -> 
  custom:scripting/monoscript/fileName/GameViewSize.cs: f6128a6515fcafce6db32fcdfa107254 -> 
  custom:scripting/monoscript/fileName/UnityHelpers.cs: b3e077029b574be508585124a9d839ef -> 
  custom:SearchIndexIgnoredProperties: e643bd26f0fe6173181afceb89e7c659 -> 
  custom:scripting/monoscript/fileName/GIFRecorder.cs: c00ece885699fb9084deaccd3eb27518 -> 
  custom:AudioImporter_EditorPlatform: d09bf68614088b80899f8185d706f6e7 -> 
  custom:scripting/monoscript/fileName/EXRRecorder.cs: 3f576ce8ddd959d51a4d7ba1999ecdbb -> 
  custom:scripting/monoscript/fileName/WEBMRecorder.cs: 391b6b920cfbc02401ea522620320c93 -> 
  custom:scripting/monoscript/fileName/RenderTextureSampler.cs: 1a7b9abab9548e1054dc40d6e2fa0270 -> 
  custom:scripting/monoscript/fileName/GifEncoder.cs: 40f336d5c5042a8a04556b4c5804a538 -> 
  custom:scripting/monoscript/fileName/GenericRecorder.cs: 90647cc400823b41df847a6cbfc29026 -> 
  custom:scripting/monoscript/fileName/ImageInputSelector.cs: f55822da877594150873922341be92b6 -> 
  custom:scripting/monoscript/fileName/AnimationRecorderSettingsEditor.cs: db1294bf3d48be44b6e4b2f2cc100b02 -> 
  custom:scripting/monoscript/fileName/RecorderTrack.cs: fac9638ece7eb7daaa1302fa170613fd -> 
  custom:scripting/monoscript/fileName/InputSettingsSelector.cs: 499a4ec92267406782b5c4f3472d53b9 -> 
  custom:scripting/monoscript/fileName/FileNameGenerator.cs: 5c8b6eb5291c3311189e0dfadac99363 -> 
  custom:scripting/monoscript/fileName/RecorderItem.cs: b62d2fcb9547a248575727d8a1646db8 -> 
  custom:scripting/monoscript/fileName/TextureFlipper.cs: 825b503b2ddab9cbd8ebbf3038075092 -> 
  custom:scripting/monoscript/fileName/AccumulationSettings.cs: fb962f0c2333934b681b167574f5e1cd -> 
  custom:scripting/monoscript/fileName/Camera360InputPropertyDrawer.cs: af647a2fe91bec98139246321cac865d -> 
  custom:scripting/monoscript/fileName/RecorderClipEditor.cs: 947ad5ff1f968d7fc40767d187070964 -> 
  custom:scripting/monoscript/fileName/EXRRecorderSettingsEditor.cs: c520a04c5f01331f2c8800e289ef6d6f -> 
  custom:scripting/monoscript/fileName/CoreEncoder.cs: dfaed86e82ad12e6a2b6740a0fb35820 -> 
  custom:scripting/monoscript/fileName/PNGRecorderSettings.cs: 79a421225358808ff14dd88c0355d1b6 -> 
  custom:scripting/monoscript/fileName/AspectRatioPropertyDrawer.cs: 9f18568574138839573389bde3e660a7 -> 
  custom:scripting/monoscript/fileName/ProResEncoder.cs: b375bf2d41e3d89081c3f2d1a0823bf3 -> 
  custom:scripting/monoscript/fileName/CameraInput.cs: bf7e0df3caf9e500f6d1c98c99e165ba -> 
  custom:scripting/monoscript/fileName/RecorderSettings.cs: bc3ef26ac157af28e5460886c0d5ef2e -> 
  custom:scripting/monoscript/fileName/RecorderClipTimelineEditor.cs: 2995d9f50ebc9245c6e9bd75c56415fb -> 
  custom:scripting/monoscript/fileName/EncoderSettingsAttribute.cs: 8352396dc11cff58c65c429fdb4fc67e -> 
  custom:scripting/monoscript/fileName/MP4Recorder.cs: af531c4e1f6d23547da08837eb16b729 -> 
  custom:scripting/monoscript/fileName/EncoderTypeUtilities.cs: a12c4c78a6cd4fb6b93180d59ad77be8 -> 
  custom:scripting/monoscript/fileName/PooledBufferAsyncGPUReadback.cs: 2a4e50c5dda177306c9ec935763c4378 -> 
  custom:scripting/monoscript/fileName/AnimationRecorder.cs: f749a4250195b5467bbf05e3a976b59f -> 
  custom:scripting/precompiled-assembly-types:Unity.Recorder.Base: 3fec19fdf10e3518c41e41a932f2042f -> 
  custom:scripting/monoscript/fileName/AnimationRecorderSettings.cs: 5cfb1544a40f93fe0ea879bb1361c877 -> 
  custom:scripting/monoscript/fileName/RenderTextureSamplerSettings.cs: 68adab84706346f2ecbdfd649ca9cf61 -> 
  custom:scripting/monoscript/fileName/RecordingContext.cs: af9af1e8b283703482ba133924b5585a -> 
  custom:scripting/monoscript/fileName/RecorderSelector.cs: c3cd2caacd181d6eff54dc260c4a1ffb -> 
  custom:video-encoder-webm-vp8: eb34c28f22e8b96e1ab97ce403110664 -> 
  custom:scripting/monoscript/fileName/RecorderInput.cs: 88fd8d8fd71b34ed7298a01f6c2d2e40 -> 
  custom:scripting/monoscript/fileName/RenderTextureSamplerPropertyDrawer.cs: b541817d9cc9b1341d2ddfa8823b718d -> 
  custom:scripting/monoscript/fileName/RecorderSettingsAttribute.cs: ddd228b25da7ba2ac10d13e1efacc875 -> 
  custom:audio-decoder-ogg-vorbis: bf7c407c2cedff20999df2af8eb42d56 -> 
  custom:scripting/monoscript/fileName/OutputPathDrawer.cs: cffc34c1be094e6caeb13ff3b26ca679 -> 
  custom:scripting/monoscript/fileName/EditorVersionsHelper.cs: 3ad9098caeeff0295dba8c0911f5333a -> 
  custom:scripting/monoscript/fileName/SettingAsset.cs: 7c3790954696ae83d71055079b387931 -> 
  custom:scripting/monoscript/fileName/OutputResolution.cs: 31c632d97e9a69bcc2ef10f6feb5bf62 -> 
  custom:scripting/monoscript/fileName/AccumulationSettingsPropertyDrawer.cs: bfc920db0de3c29c2967e88aac1c1027 -> 
  custom:scripting/monoscript/fileName/AnimationInputSettingsPropertyDrawer.cs: ebe1771fecebe7a93badf6354f59c990 -> 
  custom:scripting/monoscript/fileName/CoreEncoderSettings.cs: 2b5db1db3c1fa7de4175a7e143de3ce5 -> 
  custom:scripting/monoscript/fileName/VisualListItem.cs: 90647cc400823b41df847a6cbfc29026 -> 
  custom:scripting/monoscript/fileName/FrameRateProperyDrawer.cs: c478c798f5354f66af45b380be0629f9 -> 
  custom:scripting/monoscript/fileName/InputSettingsSelectorDrawer.cs: bca46dd5b59e2f574c94bef4cdb878fb -> 
  custom:scripting/monoscript/fileName/RecorderWindow.cs: 553a30d64d5ef1dcad6b00b4eeeb3829 -> 
  custom:scripting/monoscript/fileName/AOVCameraInputSettings.cs: 4d2fdf1142ce53d73cb43d39944ba516 -> 
  custom:scripting/monoscript/fileName/EnumProperyDrawer.cs: 90647cc400823b41df847a6cbfc29026 -> 
  custom:scripting/monoscript/fileName/AOVImageInputSelector.cs: b741d8d3a7cbb503c5bdf23d7e6792db -> 
  custom:scripting/monoscript/fileName/CoreEncoderSettingsPropertyDrawer.cs: c8bdf3420d844fd4604c0d0cf3815355 -> 
  custom:scripting/monoscript/fileName/GifEncoderSettings.cs: 812ca6afdf48b830953d76adab9d4030 -> 
  custom:scripting/monoscript/fileName/GIFRecorderSettingsEditor.cs: 4d0f46bcf58d188895fabae5334995ae -> 
  custom:scripting/monoscript/fileName/IEncoder.cs: 007c2ef621b0d92b5a7a6bae91d26090 -> 
  custom:scripting/monoscript/fileName/RecorderOptions.cs: 74782d297e80d8f56c0e05a7cde4e51d -> 
  custom:scripting/precompiled-assembly-types:Unity.Recorder.Editor: cd22b836ef1ca10e7d8c91c9be46b4bf -> 
  custom:scripting/monoscript/fileName/ProResEncoderSettingsPropertyDrawer.cs: 68c25e6d4459336217d4b9e22eb707b4 -> 
  custom:scripting/monoscript/fileName/ImageRecorder.cs: b804c29bfc59a61db184c1d275fe4101 -> 
  custom:scripting/monoscript/fileName/EditableLabel.cs: 4f8fa2c6092744ed6607a411e3f617c0 -> 
  custom:scripting/monoscript/fileName/GameViewInput.cs: 596e7ffa2d11b2002176644af3247ea6 -> 
  custom:audio-encoder-webm-vorbis: bf7c407c2cedff20999df2af8eb42d56 -> 
  custom:scripting/monoscript/fileName/SerializedDictionnary.cs: 90647cc400823b41df847a6cbfc29026 -> 
  custom:scripting/monoscript/fileName/HammersleySequence.cs: b06601f044912976f668045b7d4c79a8 -> 
  custom:scripting/monoscript/fileName/_RecorderComponent.cs: 8c268d1df4e18643d83ea9c6eeba2d9f -> 
  custom:scripting/monoscript/fileName/IAccumulation.cs: 38dee62d444423165276e3254554d005 -> 
  custom:scripting/monoscript/fileName/RecorderController.cs: 5760bd2995080b8d0d9d9e88ab8933c6 -> 
  custom:scripting/monoscript/fileName/EXRRecorderSettings.cs: bf113df492cb5b25e11ec144a73c2f74 -> 
========================================================================
Received Import Request.
  Time since last request: 8.771835 seconds.
  path: Assets/Prefabs/Cube.prefab
  artifactKey: Guid(6f465dab9e6bdbc40b292aa1082e7dd9) Importer(815301076,1909f56bfc062723c751e8b465ee728b)
Start importing Assets/Prefabs/Cube.prefab using Guid(6f465dab9e6bdbc40b292aa1082e7dd9) Importer(815301076,1909f56bfc062723c751e8b465ee728b) [PhysX] Initialized MultithreadedTaskDispatcher with 12 workers.
 -> (artifact id: '9d04fdfc94419e9d414e421f41762208') in 0.001476 seconds
Number of updated asset objects reloaded before import = 0
Number of asset objects unloaded after import = 0
========================================================================
Received Import Request.
  Time since last request: 96.204996 seconds.
  path: Assets/Prefabs/Cube.prefab
  artifactKey: Guid(6f465dab9e6bdbc40b292aa1082e7dd9) Importer(815301076,1909f56bfc062723c751e8b465ee728b)
Start importing Assets/Prefabs/Cube.prefab using Guid(6f465dab9e6bdbc40b292aa1082e7dd9) Importer(815301076,1909f56bfc062723c751e8b465ee728b) [PhysX] Initialized MultithreadedTaskDispatcher with 12 workers.
 -> (artifact id: '9d04fdfc94419e9d414e421f41762208') in 0.000603 seconds
Number of updated asset objects reloaded before import = 0
Number of asset objects unloaded after import = 0
========================================================================
Received Prepare
Caller must complete domain reload
Begin MonoManager ReloadAssembly
- Loaded All Assemblies, in  0.422 seconds
Native extension for WindowsStandalone target not found
Native extension for iOS target not found
Native extension for Android target not found
Mono: successfully reloaded assembly
- Finished resetting the current domain, in  0.958 seconds
Domain Reload Profiling: 1376ms
	BeginReloadAssembly (127ms)
		ExecutionOrderSort (0ms)
		DisableScriptedObjects (4ms)
		BackupInstance (0ms)
		ReleaseScriptingObjects (0ms)
		CreateAndSetChildDomain (24ms)
	RebuildCommonClasses (25ms)
	RebuildNativeTypeToScriptingClass (8ms)
	initialDomainReloadingComplete (27ms)
	LoadAllAssembliesAndSetupDomain (230ms)
		LoadAssemblies (283ms)
		RebuildTransferFunctionScriptingTraits (0ms)
		AnalyzeDomain (18ms)
			TypeCache.Refresh (7ms)
				TypeCache.ScanAssembly (0ms)
			ScanForSourceGeneratedMonoScriptInfo (6ms)
			ResolveRequiredComponents (5ms)
	FinalizeReload (958ms)
		ReleaseScriptCaches (0ms)
		RebuildScriptCaches (0ms)
		SetupLoadedEditorAssemblies (466ms)
			LogAssemblyErrors (0ms)
			InitializePlatformSupportModulesInManaged (28ms)
			SetLoadedEditorAssemblies (3ms)
			RefreshPlugins (0ms)
			BeforeProcessingInitializeOnLoad (85ms)
			ProcessInitializeOnLoadAttributes (325ms)
			ProcessInitializeOnLoadMethodAttributes (16ms)
			AfterProcessingInitializeOnLoad (9ms)
			EditorAssembliesLoaded (0ms)
		ExecutionOrderSort2 (0ms)
		AwakeInstancesAfterBackupRestoration (5ms)
Refreshing native plugins compatible for Editor in 5.18 ms, found 6 plugins.
Preloading 0 native plugins for Editor in 0.00 ms.
Unloading 3255 Unused Serialized files (Serialized files now loaded: 0)
Unloading 21 unused Assets / (336.0 KB). Loaded Objects now: 3826.
Memory consumption went from 127.4 MB to 127.1 MB.
Total: 2.418100 ms (FindLiveObjects: 0.198400 ms CreateObjectMapping: 0.076300 ms MarkObjects: 1.970600 ms  DeleteObjects: 0.172300 ms)

Prepare: number of updated asset objects reloaded= 0
AssetImportParameters requested are different than current active one (requested -> active):
  custom:scripting/monoscript/fileName/WEBMRecorderSettingsEditor.cs: 5559c87f45d3b65fac8d5ac4ef5e81c8 -> 
  custom:scripting/monoscript/fileName/UIElementHelper.cs: 9f9438adfe3361012ea6280d4cdb2df4 -> 
  custom:scripting/monoscript/fileName/AOVCameraInput.cs: c23c8ce885672bc57e25263b3efd067a -> 
  custom:scripting/monoscript/fileName/BaseTextureRecorder.cs: 90647cc400823b41df847a6cbfc29026 -> 
  custom:scripting/monoscript/fileName/Recorder.cs: a7e319d512627774f8215ba0b76f0bcb -> 
  custom:scripting/monoscript/fileName/AudioRecorder.cs: 89550121570f22445b4a1b28daea3cf9 -> 
  custom:scripting/monoscript/fileName/PanelSplitter.cs: 5ff6c6e385b6b12ca322a9c92ac6f371 -> 
  custom:scripting/monoscript/fileName/ImageRecorderSettings.cs: a7ab05fac9382c03607c40fe73956ed6 -> 
  custom:scripting/monoscript/fileName/RecorderClip.cs: 897017f45cb3c30f306724d1fa17a8fe -> 
  custom:scripting/monoscript/fileName/GIFRecorderSettings.cs: 979f88ae1e7731daed242ab2fdebbc0e -> 
  custom:container-demuxer-ogg: 62fdf1f143b41e24485cea50d1cbac27 -> 
  custom:scripting/monoscript/fileName/MovieRecorder.cs: 024785cf83e1399f425b2aa115d22e2b -> 
  custom:scripting/monoscript/fileName/RecorderControllerSettingsPresetEditor.cs: 49aed206ae65ed5ac6b420f7104cd52d -> 
  custom:scripting/monoscript/fileName/AudioInput.cs: 499e96d8f0b35d362bd956c0975bb873 -> 
  custom:scripting/monoscript/fileName/WEBMRecorderSettings.cs: c176c43abbe456aeea55c2aef862801b -> 
  custom:scripting/monoscript/fileName/RecorderControllerSettingsPreset.cs: 78b391c1384ac60213ef58d50e78d553 -> 
  custom:scripting/monoscript/fileName/GameViewInputSettings.cs: a7ae22123f532f5bbcb39c654c998b57 -> 
  custom:scripting/monoscript/fileName/GameViewInputPropertyDrawer.cs: ae2c8a99c5e33d3d1ffc8232415130e8 -> 
  custom:scripting/monoscript/fileName/Camera360Input.cs: dc473b118c57e0734b0cd3476e333c06 -> 
  custom:scripting/monoscript/fileName/RecorderPreferencesSettingsProvider.cs: d92d314b87f7c2170e267636ebf38224 -> 
  custom:scripting/monoscript/fileName/RecorderBindings.cs: ac25db5b587307cfea909607f62e5641 -> 
  custom:video-decoder-ogg-theora: a1e56fd34408186e4bbccfd4996cb3dc -> 
  custom:scripting/monoscript/fileName/GIFWrapper.cs: 6ef8898a12699129e8f81f06a649cad1 -> 
  custom:scripting/monoscript/fileName/SceneHook.cs: 80fa8928b499d44515dd60e0bc895128 -> 
  custom:scripting/monoscript/fileName/AnimationInput.cs: e810137278708a698c5ccddaeb1a1e64 -> 
  custom:scripting/monoscript/fileName/OutputResolutionPropertyDrawer.cs: 0e33ffdf424417a2e685685cfc04d4b1 -> 
  custom:scripting/monoscript/fileName/EnumHelper.cs: 117b5609cc2a1ae41785cd0c8767815f -> 
  custom:scripting/monoscript/fileName/OutputPath.cs: ee51fcffcd8929d224a5e3fb152d5f62 -> 
  custom:scripting/monoscript/fileName/FileNameGeneratorDrawer.cs: a3ea71dec141084df9b7ffa19c11e2cb -> 
  custom:framework-win-MediaFoundation: 216162199b28c13a410421893ffa2e32 -> 
  custom:scripting/monoscript/fileName/RecorderPreferencesWindowGUIScope.cs: 7a2eba6fcb6829ea8b200991a02c9c06 -> 
  custom:scripting/monoscript/fileName/AspectRatio.cs: 18e3efa554f8258b676d4de53e38b642 -> 
  custom:scripting/monoscript/fileName/CameraInputSettings.cs: 6738f6dd994f658d2cbf6f5f3ba05a0e -> 
  custom:scripting/monoscript/fileName/RefHandle.cs: 90647cc400823b41df847a6cbfc29026 -> 
  custom:scripting/monoscript/fileName/CameraCapture.cs: c6dcba1380d9a4fa09f4e36182a45a73 -> 
  custom:scripting/monoscript/fileName/RecorderControllerSettings.cs: 989e0caa64af9b76551d4ff6bd15f598 -> 
  custom:scripting/monoscript/fileName/TargetedPropertyDrawer.cs: 90647cc400823b41df847a6cbfc29026 -> 
  custom:scripting/monoscript/fileName/MovieRecorderSettings.cs: 02a667a67b113b1f65e3fcadcc882513 -> 
  custom:scripting/monoscript/fileName/RenderTextureInputSettings.cs: ebca820667a63031a7597db85d26451a -> 
  custom:scripting/monoscript/fileName/ImageRecorderEditor.cs: d3134ae4c1dfd8e056bace11130b7692 -> 
  custom:scripting/monoscript/fileName/ProResEncoderSettings.cs: 4aca03881946a7fe9acacf199434009e -> 
  custom:scripting/monoscript/fileName/_FrameRequestComponent.cs: b34f171daaafc65da55ea68e2ed89f2b -> 
  custom:scripting/monoscript/fileName/RenderTextureInput.cs: 5dea77837ae3c82bb14643cd82dc06dc -> 
  custom:scripting/monoscript/fileName/RecorderAnalytics.cs: 0fa40093f6ac3fe75e92d746d563e5ee -> 
  custom:scripting/monoscript/fileName/MP4RecorderSettingsEditor.cs: 68a64b16a7961d71fa7286fd1f782e9b -> 
  custom:scripting/monoscript/fileName/RecorderBindingsEditor.cs: f7451a0e1cea6404b2976d2b2c42e273 -> 
  custom:scripting/monoscript/fileName/BaseRenderTextureInput.cs: 5dc13661a5a0dca5d09ca211933a44e2 -> 
  custom:scripting/monoscript/fileName/StatusBarHelper.cs: da04a6ed046f8a62f416d5d3ea415bef -> 
  custom:scripting/precompiled-assembly-types:Unity.Recorder: bd5378c99f6216e06dd6e2c2a60a86a4 -> 
  custom:CustomObjectIndexerAttribute: 9a22284fe3817be447336de3de66b15e -> 
  custom:scripting/monoscript/fileName/Camera360InputSettings.cs: 3d5eaf1cb3a9df6f9d1d52f3c3018c46 -> 
  custom:scripting/monoscript/fileName/PNGRecorderSettingsEditor.cs: 4970e6657bb34f7efc2c7d8168c7358b -> 
  custom:scripting/monoscript/fileName/ImageHeightSelector.cs: d1a7972bf1d79d90f09ab23c718afe39 -> 
  custom:scripting/monoscript/fileName/AnimationInputSettings.cs: d64a99ebbd13660e9264cb4111ab9832 -> 
  custom:scripting/monoscript/fileName/MP4RecorderSettings.cs: 551f5535c05b86d6ee91684eced14987 -> 
  custom:scripting/monoscript/fileName/RecorderPreferencesSettings.cs: 761b0a55fc5e50239a1d0c4bfc968274 -> 
  custom:container-demuxer-webm: 4f35f7cbe854078d1ac9338744f61a02 -> 
  custom:scripting/monoscript/fileName/RecorderSettingsPrefsEditor.cs: ba9e697f1d269c2c960a41bc543fa408 -> 
  custom:scripting/monoscript/fileName/ProResWrapper.cs: 712515ef615766c98115c6a20d85d6c8 -> 
  custom:scripting/monoscript/fileName/RecordModePropertyDrawer.cs: 165332db07362bbcab2d8dc6d1e1dfda -> 
  custom:scripting/monoscript/fileName/ImageInputSettings.cs: 98a2aedd167d40f01804b04845eeaf15 -> 
  custom:scripting/monoscript/fileName/SerializableObjHelper.cs: f19f181f3f05e8e393225dd7030fb66a -> 
  custom:scripting/monoscript/fileName/InputPropertyDrawer.cs: 90647cc400823b41df847a6cbfc29026 -> 
  custom:scripting/monoscript/fileName/AudioInputSettings.cs: a2c930fca1dd5e27705fbacf39727bb4 -> 
  custom:scripting/monoscript/fileName/InputSettings.cs: 35c56ce5488c6b464726305dcbd33b3d -> 
  custom:scripting/monoscript/fileName/RecorderEditor.cs: 736e59ba52eea987abc47f36a836e575 -> 
  custom:scripting/monoscript/fileName/AudioRecorderSettings.cs: 0b00f2c93558486cc61a06f270f43fea -> 
  custom:scripting/monoscript/fileName/RecordersInventory.cs: fb714c8df18f9b7fc7f3361f604ae3dc -> 
  custom:scripting/monoscript/fileName/BaseFCRecorderSettings.cs: fab928553cedb8703ac192d6cf7b6294 -> 
  custom:scripting/monoscript/fileName/AOVRecorderSettings.cs: cdc731153cd2f1f739300a28ea6a6608 -> 
  custom:scripting/monoscript/fileName/EXRCompressionTypeDrawer.cs: 301cb614ecf84a4dab346c5f76ea2016 -> 
  custom:scripting/monoscript/fileName/AOVRecorder.cs: c53e83f1863b3ea80b6df3885cdb8c82 -> 
  custom:scripting/monoscript/fileName/IEncoderSettings.cs: c7d04fadacf538db841606cc656ae724 -> 
  custom:scripting/monoscript/fileName/ShutterProfileTypePropertyDrawer.cs: 18a32c647eca27716eabcb5a44f00e32 -> 
  custom:scripting/monoscript/fileName/MovieRecorderEditor.cs: eb00ddb8a76b8dfb7c88b7826a49d38b -> 
  custom:scripting/monoscript/fileName/RenderTextureInputSettingsPropertyDrawer.cs: 809602b52454cd1e6229756218a8f453 -> 
  custom:scripting/monoscript/fileName/RecorderPlayableBehaviour.cs: 80165a21f4cd0dda690f708a19d389bd -> 
  custom:scripting/monoscript/fileName/GifEncoderSettingsPropertyDrawer.cs: b36c9a7eaaefccda514b23d7e14761ca -> 
  custom:scripting/monoscript/fileName/PNGRecorder.cs: 08fd40f88cb6b18c96882f263639f57d -> 
  custom:scripting/monoscript/fileName/CameraInputSettingsPropertyDrawer.cs: 91928abf1abf88be098cb088d896aec5 -> 
  custom:scripting/monoscript/fileName/AudioRecorderEditor.cs: 565168dec291afe3fa470657cfc2c123 -> 
  custom:scripting/monoscript/fileName/AOVRecorderEditor.cs: 5ca53ccd6d7645709639507726114395 -> 
  custom:container-muxer-webm: aa71ff27fc2769a1b78a27578f13a17b -> 
  custom:video-decoder-webm-vp8: 9c59270c3fd7afecdb556c50c9e8de78 -> 
  custom:scripting/monoscript/fileName/RecordingSession.cs: f3ad08157c278a036224ca395f350890 -> 
  custom:scripting/monoscript/fileName/GameViewSize.cs: f6128a6515fcafce6db32fcdfa107254 -> 
  custom:scripting/monoscript/fileName/UnityHelpers.cs: b3e077029b574be508585124a9d839ef -> 
  custom:SearchIndexIgnoredProperties: e643bd26f0fe6173181afceb89e7c659 -> 
  custom:scripting/monoscript/fileName/GIFRecorder.cs: c00ece885699fb9084deaccd3eb27518 -> 
  custom:AudioImporter_EditorPlatform: d09bf68614088b80899f8185d706f6e7 -> 
  custom:scripting/monoscript/fileName/EXRRecorder.cs: 3f576ce8ddd959d51a4d7ba1999ecdbb -> 
  custom:scripting/monoscript/fileName/WEBMRecorder.cs: 391b6b920cfbc02401ea522620320c93 -> 
  custom:scripting/monoscript/fileName/RenderTextureSampler.cs: 1a7b9abab9548e1054dc40d6e2fa0270 -> 
  custom:scripting/monoscript/fileName/GifEncoder.cs: 40f336d5c5042a8a04556b4c5804a538 -> 
  custom:scripting/monoscript/fileName/GenericRecorder.cs: 90647cc400823b41df847a6cbfc29026 -> 
  custom:scripting/monoscript/fileName/ImageInputSelector.cs: f55822da877594150873922341be92b6 -> 
  custom:scripting/monoscript/fileName/AnimationRecorderSettingsEditor.cs: db1294bf3d48be44b6e4b2f2cc100b02 -> 
  custom:scripting/monoscript/fileName/RecorderTrack.cs: fac9638ece7eb7daaa1302fa170613fd -> 
  custom:scripting/monoscript/fileName/InputSettingsSelector.cs: 499a4ec92267406782b5c4f3472d53b9 -> 
  custom:scripting/monoscript/fileName/FileNameGenerator.cs: 5c8b6eb5291c3311189e0dfadac99363 -> 
  custom:scripting/monoscript/fileName/RecorderItem.cs: b62d2fcb9547a248575727d8a1646db8 -> 
  custom:scripting/monoscript/fileName/TextureFlipper.cs: 825b503b2ddab9cbd8ebbf3038075092 -> 
  custom:scripting/monoscript/fileName/AccumulationSettings.cs: fb962f0c2333934b681b167574f5e1cd -> 
  custom:scripting/monoscript/fileName/Camera360InputPropertyDrawer.cs: af647a2fe91bec98139246321cac865d -> 
  custom:scripting/monoscript/fileName/RecorderClipEditor.cs: 947ad5ff1f968d7fc40767d187070964 -> 
  custom:scripting/monoscript/fileName/EXRRecorderSettingsEditor.cs: c520a04c5f01331f2c8800e289ef6d6f -> 
  custom:scripting/monoscript/fileName/CoreEncoder.cs: dfaed86e82ad12e6a2b6740a0fb35820 -> 
  custom:scripting/monoscript/fileName/PNGRecorderSettings.cs: 79a421225358808ff14dd88c0355d1b6 -> 
  custom:scripting/monoscript/fileName/AspectRatioPropertyDrawer.cs: 9f18568574138839573389bde3e660a7 -> 
  custom:scripting/monoscript/fileName/ProResEncoder.cs: b375bf2d41e3d89081c3f2d1a0823bf3 -> 
  custom:scripting/monoscript/fileName/CameraInput.cs: bf7e0df3caf9e500f6d1c98c99e165ba -> 
  custom:scripting/monoscript/fileName/RecorderSettings.cs: bc3ef26ac157af28e5460886c0d5ef2e -> 
  custom:scripting/monoscript/fileName/RecorderClipTimelineEditor.cs: 2995d9f50ebc9245c6e9bd75c56415fb -> 
  custom:scripting/monoscript/fileName/EncoderSettingsAttribute.cs: 8352396dc11cff58c65c429fdb4fc67e -> 
  custom:scripting/monoscript/fileName/MP4Recorder.cs: af531c4e1f6d23547da08837eb16b729 -> 
  custom:scripting/monoscript/fileName/EncoderTypeUtilities.cs: a12c4c78a6cd4fb6b93180d59ad77be8 -> 
  custom:scripting/monoscript/fileName/PooledBufferAsyncGPUReadback.cs: 2a4e50c5dda177306c9ec935763c4378 -> 
  custom:scripting/monoscript/fileName/AnimationRecorder.cs: f749a4250195b5467bbf05e3a976b59f -> 
  custom:scripting/precompiled-assembly-types:Unity.Recorder.Base: 3fec19fdf10e3518c41e41a932f2042f -> 
  custom:scripting/monoscript/fileName/AnimationRecorderSettings.cs: 5cfb1544a40f93fe0ea879bb1361c877 -> 
  custom:scripting/monoscript/fileName/RenderTextureSamplerSettings.cs: 68adab84706346f2ecbdfd649ca9cf61 -> 
  custom:scripting/monoscript/fileName/RecordingContext.cs: af9af1e8b283703482ba133924b5585a -> 
  custom:scripting/monoscript/fileName/RecorderSelector.cs: c3cd2caacd181d6eff54dc260c4a1ffb -> 
  custom:video-encoder-webm-vp8: eb34c28f22e8b96e1ab97ce403110664 -> 
  custom:scripting/monoscript/fileName/RecorderInput.cs: 88fd8d8fd71b34ed7298a01f6c2d2e40 -> 
  custom:scripting/monoscript/fileName/RenderTextureSamplerPropertyDrawer.cs: b541817d9cc9b1341d2ddfa8823b718d -> 
  custom:scripting/monoscript/fileName/RecorderSettingsAttribute.cs: ddd228b25da7ba2ac10d13e1efacc875 -> 
  custom:audio-decoder-ogg-vorbis: bf7c407c2cedff20999df2af8eb42d56 -> 
  custom:scripting/monoscript/fileName/OutputPathDrawer.cs: cffc34c1be094e6caeb13ff3b26ca679 -> 
  custom:scripting/monoscript/fileName/EditorVersionsHelper.cs: 3ad9098caeeff0295dba8c0911f5333a -> 
  custom:scripting/monoscript/fileName/SettingAsset.cs: 7c3790954696ae83d71055079b387931 -> 
  custom:scripting/monoscript/fileName/OutputResolution.cs: 31c632d97e9a69bcc2ef10f6feb5bf62 -> 
  custom:scripting/monoscript/fileName/AccumulationSettingsPropertyDrawer.cs: bfc920db0de3c29c2967e88aac1c1027 -> 
  custom:scripting/monoscript/fileName/AnimationInputSettingsPropertyDrawer.cs: ebe1771fecebe7a93badf6354f59c990 -> 
  custom:scripting/monoscript/fileName/CoreEncoderSettings.cs: 2b5db1db3c1fa7de4175a7e143de3ce5 -> 
  custom:scripting/monoscript/fileName/VisualListItem.cs: 90647cc400823b41df847a6cbfc29026 -> 
  custom:scripting/monoscript/fileName/FrameRateProperyDrawer.cs: c478c798f5354f66af45b380be0629f9 -> 
  custom:scripting/monoscript/fileName/InputSettingsSelectorDrawer.cs: bca46dd5b59e2f574c94bef4cdb878fb -> 
  custom:scripting/monoscript/fileName/RecorderWindow.cs: 553a30d64d5ef1dcad6b00b4eeeb3829 -> 
  custom:scripting/monoscript/fileName/AOVCameraInputSettings.cs: 4d2fdf1142ce53d73cb43d39944ba516 -> 
  custom:scripting/monoscript/fileName/EnumProperyDrawer.cs: 90647cc400823b41df847a6cbfc29026 -> 
  custom:scripting/monoscript/fileName/AOVImageInputSelector.cs: b741d8d3a7cbb503c5bdf23d7e6792db -> 
  custom:scripting/monoscript/fileName/CoreEncoderSettingsPropertyDrawer.cs: c8bdf3420d844fd4604c0d0cf3815355 -> 
  custom:scripting/monoscript/fileName/GifEncoderSettings.cs: 812ca6afdf48b830953d76adab9d4030 -> 
  custom:scripting/monoscript/fileName/GIFRecorderSettingsEditor.cs: 4d0f46bcf58d188895fabae5334995ae -> 
  custom:scripting/monoscript/fileName/IEncoder.cs: 007c2ef621b0d92b5a7a6bae91d26090 -> 
  custom:scripting/monoscript/fileName/RecorderOptions.cs: 74782d297e80d8f56c0e05a7cde4e51d -> 
  custom:scripting/precompiled-assembly-types:Unity.Recorder.Editor: cd22b836ef1ca10e7d8c91c9be46b4bf -> 
  custom:scripting/monoscript/fileName/ProResEncoderSettingsPropertyDrawer.cs: 68c25e6d4459336217d4b9e22eb707b4 -> 
  custom:scripting/monoscript/fileName/ImageRecorder.cs: b804c29bfc59a61db184c1d275fe4101 -> 
  custom:scripting/monoscript/fileName/EditableLabel.cs: 4f8fa2c6092744ed6607a411e3f617c0 -> 
  custom:scripting/monoscript/fileName/GameViewInput.cs: 596e7ffa2d11b2002176644af3247ea6 -> 
  custom:audio-encoder-webm-vorbis: bf7c407c2cedff20999df2af8eb42d56 -> 
  custom:scripting/monoscript/fileName/SerializedDictionnary.cs: 90647cc400823b41df847a6cbfc29026 -> 
  custom:scripting/monoscript/fileName/HammersleySequence.cs: b06601f044912976f668045b7d4c79a8 -> 
  custom:scripting/monoscript/fileName/_RecorderComponent.cs: 8c268d1df4e18643d83ea9c6eeba2d9f -> 
  custom:scripting/monoscript/fileName/IAccumulation.cs: 38dee62d444423165276e3254554d005 -> 
  custom:scripting/monoscript/fileName/RecorderController.cs: 5760bd2995080b8d0d9d9e88ab8933c6 -> 
  custom:scripting/monoscript/fileName/EXRRecorderSettings.cs: bf113df492cb5b25e11ec144a73c2f74 -> 
========================================================================
Received Import Request.
  Time since last request: 41.126230 seconds.
  path: Assets/Prefabs/Cube.prefab
  artifactKey: Guid(6f465dab9e6bdbc40b292aa1082e7dd9) Importer(815301076,1909f56bfc062723c751e8b465ee728b)
Start importing Assets/Prefabs/Cube.prefab using Guid(6f465dab9e6bdbc40b292aa1082e7dd9) Importer(815301076,1909f56bfc062723c751e8b465ee728b) [PhysX] Initialized MultithreadedTaskDispatcher with 12 workers.
 -> (artifact id: '9d04fdfc94419e9d414e421f41762208') in 0.001420 seconds
Number of updated asset objects reloaded before import = 0
Number of asset objects unloaded after import = 0
========================================================================
Received Prepare
Caller must complete domain reload
Begin MonoManager ReloadAssembly
- Loaded All Assemblies, in  0.420 seconds
Native extension for WindowsStandalone target not found
Native extension for iOS target not found
Native extension for Android target not found
Mono: successfully reloaded assembly
- Finished resetting the current domain, in  0.938 seconds
Domain Reload Profiling: 1355ms
	BeginReloadAssembly (132ms)
		ExecutionOrderSort (0ms)
		DisableScriptedObjects (4ms)
		BackupInstance (0ms)
		ReleaseScriptingObjects (0ms)
		CreateAndSetChildDomain (25ms)
	RebuildCommonClasses (25ms)
	RebuildNativeTypeToScriptingClass (8ms)
	initialDomainReloadingComplete (27ms)
	LoadAllAssembliesAndSetupDomain (224ms)
		LoadAssemblies (279ms)
		RebuildTransferFunctionScriptingTraits (0ms)
		AnalyzeDomain (19ms)
			TypeCache.Refresh (8ms)
				TypeCache.ScanAssembly (0ms)
			ScanForSourceGeneratedMonoScriptInfo (5ms)
			ResolveRequiredComponents (5ms)
	FinalizeReload (939ms)
		ReleaseScriptCaches (0ms)
		RebuildScriptCaches (0ms)
		SetupLoadedEditorAssemblies (457ms)
			LogAssemblyErrors (0ms)
			InitializePlatformSupportModulesInManaged (27ms)
			SetLoadedEditorAssemblies (3ms)
			RefreshPlugins (0ms)
			BeforeProcessingInitializeOnLoad (82ms)
			ProcessInitializeOnLoadAttributes (319ms)
			ProcessInitializeOnLoadMethodAttributes (16ms)
			AfterProcessingInitializeOnLoad (9ms)
			EditorAssembliesLoaded (0ms)
		ExecutionOrderSort2 (0ms)
		AwakeInstancesAfterBackupRestoration (5ms)
Refreshing native plugins compatible for Editor in 5.45 ms, found 6 plugins.
Preloading 0 native plugins for Editor in 0.00 ms.
Unloading 3255 Unused Serialized files (Serialized files now loaded: 0)
Unloading 21 unused Assets / (336.1 KB). Loaded Objects now: 3829.
Memory consumption went from 127.4 MB to 127.1 MB.
Total: 2.357800 ms (FindLiveObjects: 0.189300 ms CreateObjectMapping: 0.075400 ms MarkObjects: 1.926200 ms  DeleteObjects: 0.166300 ms)

Prepare: number of updated asset objects reloaded= 0
AssetImportParameters requested are different than current active one (requested -> active):
  custom:scripting/monoscript/fileName/WEBMRecorderSettingsEditor.cs: 5559c87f45d3b65fac8d5ac4ef5e81c8 -> 
  custom:scripting/monoscript/fileName/UIElementHelper.cs: 9f9438adfe3361012ea6280d4cdb2df4 -> 
  custom:scripting/monoscript/fileName/AOVCameraInput.cs: c23c8ce885672bc57e25263b3efd067a -> 
  custom:scripting/monoscript/fileName/BaseTextureRecorder.cs: 90647cc400823b41df847a6cbfc29026 -> 
  custom:scripting/monoscript/fileName/Recorder.cs: a7e319d512627774f8215ba0b76f0bcb -> 
  custom:scripting/monoscript/fileName/AudioRecorder.cs: 89550121570f22445b4a1b28daea3cf9 -> 
  custom:scripting/monoscript/fileName/PanelSplitter.cs: 5ff6c6e385b6b12ca322a9c92ac6f371 -> 
  custom:scripting/monoscript/fileName/ImageRecorderSettings.cs: a7ab05fac9382c03607c40fe73956ed6 -> 
  custom:scripting/monoscript/fileName/RecorderClip.cs: 897017f45cb3c30f306724d1fa17a8fe -> 
  custom:scripting/monoscript/fileName/GIFRecorderSettings.cs: 979f88ae1e7731daed242ab2fdebbc0e -> 
  custom:container-demuxer-ogg: 62fdf1f143b41e24485cea50d1cbac27 -> 
  custom:scripting/monoscript/fileName/MovieRecorder.cs: 024785cf83e1399f425b2aa115d22e2b -> 
  custom:scripting/monoscript/fileName/RecorderControllerSettingsPresetEditor.cs: 49aed206ae65ed5ac6b420f7104cd52d -> 
  custom:scripting/monoscript/fileName/AudioInput.cs: 499e96d8f0b35d362bd956c0975bb873 -> 
  custom:scripting/monoscript/fileName/WEBMRecorderSettings.cs: c176c43abbe456aeea55c2aef862801b -> 
  custom:scripting/monoscript/fileName/RecorderControllerSettingsPreset.cs: 78b391c1384ac60213ef58d50e78d553 -> 
  custom:scripting/monoscript/fileName/GameViewInputSettings.cs: a7ae22123f532f5bbcb39c654c998b57 -> 
  custom:scripting/monoscript/fileName/GameViewInputPropertyDrawer.cs: ae2c8a99c5e33d3d1ffc8232415130e8 -> 
  custom:scripting/monoscript/fileName/Camera360Input.cs: dc473b118c57e0734b0cd3476e333c06 -> 
  custom:scripting/monoscript/fileName/RecorderPreferencesSettingsProvider.cs: d92d314b87f7c2170e267636ebf38224 -> 
  custom:scripting/monoscript/fileName/RecorderBindings.cs: ac25db5b587307cfea909607f62e5641 -> 
  custom:video-decoder-ogg-theora: a1e56fd34408186e4bbccfd4996cb3dc -> 
  custom:scripting/monoscript/fileName/GIFWrapper.cs: 6ef8898a12699129e8f81f06a649cad1 -> 
  custom:scripting/monoscript/fileName/SceneHook.cs: 80fa8928b499d44515dd60e0bc895128 -> 
  custom:scripting/monoscript/fileName/AnimationInput.cs: e810137278708a698c5ccddaeb1a1e64 -> 
  custom:scripting/monoscript/fileName/OutputResolutionPropertyDrawer.cs: 0e33ffdf424417a2e685685cfc04d4b1 -> 
  custom:scripting/monoscript/fileName/EnumHelper.cs: 117b5609cc2a1ae41785cd0c8767815f -> 
  custom:scripting/monoscript/fileName/OutputPath.cs: ee51fcffcd8929d224a5e3fb152d5f62 -> 
  custom:scripting/monoscript/fileName/FileNameGeneratorDrawer.cs: a3ea71dec141084df9b7ffa19c11e2cb -> 
  custom:framework-win-MediaFoundation: 216162199b28c13a410421893ffa2e32 -> 
  custom:scripting/monoscript/fileName/RecorderPreferencesWindowGUIScope.cs: 7a2eba6fcb6829ea8b200991a02c9c06 -> 
  custom:scripting/monoscript/fileName/AspectRatio.cs: 18e3efa554f8258b676d4de53e38b642 -> 
  custom:scripting/monoscript/fileName/CameraInputSettings.cs: 6738f6dd994f658d2cbf6f5f3ba05a0e -> 
  custom:scripting/monoscript/fileName/RefHandle.cs: 90647cc400823b41df847a6cbfc29026 -> 
  custom:scripting/monoscript/fileName/CameraCapture.cs: c6dcba1380d9a4fa09f4e36182a45a73 -> 
  custom:scripting/monoscript/fileName/RecorderControllerSettings.cs: 989e0caa64af9b76551d4ff6bd15f598 -> 
  custom:scripting/monoscript/fileName/TargetedPropertyDrawer.cs: 90647cc400823b41df847a6cbfc29026 -> 
  custom:scripting/monoscript/fileName/MovieRecorderSettings.cs: 02a667a67b113b1f65e3fcadcc882513 -> 
  custom:scripting/monoscript/fileName/RenderTextureInputSettings.cs: ebca820667a63031a7597db85d26451a -> 
  custom:scripting/monoscript/fileName/ImageRecorderEditor.cs: d3134ae4c1dfd8e056bace11130b7692 -> 
  custom:scripting/monoscript/fileName/ProResEncoderSettings.cs: 4aca03881946a7fe9acacf199434009e -> 
  custom:scripting/monoscript/fileName/_FrameRequestComponent.cs: b34f171daaafc65da55ea68e2ed89f2b -> 
  custom:scripting/monoscript/fileName/RenderTextureInput.cs: 5dea77837ae3c82bb14643cd82dc06dc -> 
  custom:scripting/monoscript/fileName/RecorderAnalytics.cs: 0fa40093f6ac3fe75e92d746d563e5ee -> 
  custom:scripting/monoscript/fileName/MP4RecorderSettingsEditor.cs: 68a64b16a7961d71fa7286fd1f782e9b -> 
  custom:scripting/monoscript/fileName/RecorderBindingsEditor.cs: f7451a0e1cea6404b2976d2b2c42e273 -> 
  custom:scripting/monoscript/fileName/BaseRenderTextureInput.cs: 5dc13661a5a0dca5d09ca211933a44e2 -> 
  custom:scripting/monoscript/fileName/StatusBarHelper.cs: da04a6ed046f8a62f416d5d3ea415bef -> 
  custom:scripting/precompiled-assembly-types:Unity.Recorder: bd5378c99f6216e06dd6e2c2a60a86a4 -> 
  custom:CustomObjectIndexerAttribute: 9a22284fe3817be447336de3de66b15e -> 
  custom:scripting/monoscript/fileName/Camera360InputSettings.cs: 3d5eaf1cb3a9df6f9d1d52f3c3018c46 -> 
  custom:scripting/monoscript/fileName/PNGRecorderSettingsEditor.cs: 4970e6657bb34f7efc2c7d8168c7358b -> 
  custom:scripting/monoscript/fileName/ImageHeightSelector.cs: d1a7972bf1d79d90f09ab23c718afe39 -> 
  custom:scripting/monoscript/fileName/AnimationInputSettings.cs: d64a99ebbd13660e9264cb4111ab9832 -> 
  custom:scripting/monoscript/fileName/MP4RecorderSettings.cs: 551f5535c05b86d6ee91684eced14987 -> 
  custom:scripting/monoscript/fileName/RecorderPreferencesSettings.cs: 761b0a55fc5e50239a1d0c4bfc968274 -> 
  custom:container-demuxer-webm: 4f35f7cbe854078d1ac9338744f61a02 -> 
  custom:scripting/monoscript/fileName/RecorderSettingsPrefsEditor.cs: ba9e697f1d269c2c960a41bc543fa408 -> 
  custom:scripting/monoscript/fileName/ProResWrapper.cs: 712515ef615766c98115c6a20d85d6c8 -> 
  custom:scripting/monoscript/fileName/RecordModePropertyDrawer.cs: 165332db07362bbcab2d8dc6d1e1dfda -> 
  custom:scripting/monoscript/fileName/ImageInputSettings.cs: 98a2aedd167d40f01804b04845eeaf15 -> 
  custom:scripting/monoscript/fileName/SerializableObjHelper.cs: f19f181f3f05e8e393225dd7030fb66a -> 
  custom:scripting/monoscript/fileName/InputPropertyDrawer.cs: 90647cc400823b41df847a6cbfc29026 -> 
  custom:scripting/monoscript/fileName/AudioInputSettings.cs: a2c930fca1dd5e27705fbacf39727bb4 -> 
  custom:scripting/monoscript/fileName/InputSettings.cs: 35c56ce5488c6b464726305dcbd33b3d -> 
  custom:scripting/monoscript/fileName/RecorderEditor.cs: 736e59ba52eea987abc47f36a836e575 -> 
  custom:scripting/monoscript/fileName/AudioRecorderSettings.cs: 0b00f2c93558486cc61a06f270f43fea -> 
  custom:scripting/monoscript/fileName/RecordersInventory.cs: fb714c8df18f9b7fc7f3361f604ae3dc -> 
  custom:scripting/monoscript/fileName/BaseFCRecorderSettings.cs: fab928553cedb8703ac192d6cf7b6294 -> 
  custom:scripting/monoscript/fileName/AOVRecorderSettings.cs: cdc731153cd2f1f739300a28ea6a6608 -> 
  custom:scripting/monoscript/fileName/EXRCompressionTypeDrawer.cs: 301cb614ecf84a4dab346c5f76ea2016 -> 
  custom:scripting/monoscript/fileName/AOVRecorder.cs: c53e83f1863b3ea80b6df3885cdb8c82 -> 
  custom:scripting/monoscript/fileName/IEncoderSettings.cs: c7d04fadacf538db841606cc656ae724 -> 
  custom:scripting/monoscript/fileName/ShutterProfileTypePropertyDrawer.cs: 18a32c647eca27716eabcb5a44f00e32 -> 
  custom:scripting/monoscript/fileName/MovieRecorderEditor.cs: eb00ddb8a76b8dfb7c88b7826a49d38b -> 
  custom:scripting/monoscript/fileName/RenderTextureInputSettingsPropertyDrawer.cs: 809602b52454cd1e6229756218a8f453 -> 
  custom:scripting/monoscript/fileName/RecorderPlayableBehaviour.cs: 80165a21f4cd0dda690f708a19d389bd -> 
  custom:scripting/monoscript/fileName/GifEncoderSettingsPropertyDrawer.cs: b36c9a7eaaefccda514b23d7e14761ca -> 
  custom:scripting/monoscript/fileName/PNGRecorder.cs: 08fd40f88cb6b18c96882f263639f57d -> 
  custom:scripting/monoscript/fileName/CameraInputSettingsPropertyDrawer.cs: 91928abf1abf88be098cb088d896aec5 -> 
  custom:scripting/monoscript/fileName/AudioRecorderEditor.cs: 565168dec291afe3fa470657cfc2c123 -> 
  custom:scripting/monoscript/fileName/AOVRecorderEditor.cs: 5ca53ccd6d7645709639507726114395 -> 
  custom:container-muxer-webm: aa71ff27fc2769a1b78a27578f13a17b -> 
  custom:video-decoder-webm-vp8: 9c59270c3fd7afecdb556c50c9e8de78 -> 
  custom:scripting/monoscript/fileName/RecordingSession.cs: f3ad08157c278a036224ca395f350890 -> 
  custom:scripting/monoscript/fileName/GameViewSize.cs: f6128a6515fcafce6db32fcdfa107254 -> 
  custom:scripting/monoscript/fileName/UnityHelpers.cs: b3e077029b574be508585124a9d839ef -> 
  custom:SearchIndexIgnoredProperties: e643bd26f0fe6173181afceb89e7c659 -> 
  custom:scripting/monoscript/fileName/GIFRecorder.cs: c00ece885699fb9084deaccd3eb27518 -> 
  custom:AudioImporter_EditorPlatform: d09bf68614088b80899f8185d706f6e7 -> 
  custom:scripting/monoscript/fileName/EXRRecorder.cs: 3f576ce8ddd959d51a4d7ba1999ecdbb -> 
  custom:scripting/monoscript/fileName/WEBMRecorder.cs: 391b6b920cfbc02401ea522620320c93 -> 
  custom:scripting/monoscript/fileName/RenderTextureSampler.cs: 1a7b9abab9548e1054dc40d6e2fa0270 -> 
  custom:scripting/monoscript/fileName/GifEncoder.cs: 40f336d5c5042a8a04556b4c5804a538 -> 
  custom:scripting/monoscript/fileName/GenericRecorder.cs: 90647cc400823b41df847a6cbfc29026 -> 
  custom:scripting/monoscript/fileName/ImageInputSelector.cs: f55822da877594150873922341be92b6 -> 
  custom:scripting/monoscript/fileName/AnimationRecorderSettingsEditor.cs: db1294bf3d48be44b6e4b2f2cc100b02 -> 
  custom:scripting/monoscript/fileName/RecorderTrack.cs: fac9638ece7eb7daaa1302fa170613fd -> 
  custom:scripting/monoscript/fileName/InputSettingsSelector.cs: 499a4ec92267406782b5c4f3472d53b9 -> 
  custom:scripting/monoscript/fileName/FileNameGenerator.cs: 5c8b6eb5291c3311189e0dfadac99363 -> 
  custom:scripting/monoscript/fileName/RecorderItem.cs: b62d2fcb9547a248575727d8a1646db8 -> 
  custom:scripting/monoscript/fileName/TextureFlipper.cs: 825b503b2ddab9cbd8ebbf3038075092 -> 
  custom:scripting/monoscript/fileName/AccumulationSettings.cs: fb962f0c2333934b681b167574f5e1cd -> 
  custom:scripting/monoscript/fileName/Camera360InputPropertyDrawer.cs: af647a2fe91bec98139246321cac865d -> 
  custom:scripting/monoscript/fileName/RecorderClipEditor.cs: 947ad5ff1f968d7fc40767d187070964 -> 
  custom:scripting/monoscript/fileName/EXRRecorderSettingsEditor.cs: c520a04c5f01331f2c8800e289ef6d6f -> 
  custom:scripting/monoscript/fileName/CoreEncoder.cs: dfaed86e82ad12e6a2b6740a0fb35820 -> 
  custom:scripting/monoscript/fileName/PNGRecorderSettings.cs: 79a421225358808ff14dd88c0355d1b6 -> 
  custom:scripting/monoscript/fileName/AspectRatioPropertyDrawer.cs: 9f18568574138839573389bde3e660a7 -> 
  custom:scripting/monoscript/fileName/ProResEncoder.cs: b375bf2d41e3d89081c3f2d1a0823bf3 -> 
  custom:scripting/monoscript/fileName/CameraInput.cs: bf7e0df3caf9e500f6d1c98c99e165ba -> 
  custom:scripting/monoscript/fileName/RecorderSettings.cs: bc3ef26ac157af28e5460886c0d5ef2e -> 
  custom:scripting/monoscript/fileName/RecorderClipTimelineEditor.cs: 2995d9f50ebc9245c6e9bd75c56415fb -> 
  custom:scripting/monoscript/fileName/EncoderSettingsAttribute.cs: 8352396dc11cff58c65c429fdb4fc67e -> 
  custom:scripting/monoscript/fileName/MP4Recorder.cs: af531c4e1f6d23547da08837eb16b729 -> 
  custom:scripting/monoscript/fileName/EncoderTypeUtilities.cs: a12c4c78a6cd4fb6b93180d59ad77be8 -> 
  custom:scripting/monoscript/fileName/PooledBufferAsyncGPUReadback.cs: 2a4e50c5dda177306c9ec935763c4378 -> 
  custom:scripting/monoscript/fileName/AnimationRecorder.cs: f749a4250195b5467bbf05e3a976b59f -> 
  custom:scripting/precompiled-assembly-types:Unity.Recorder.Base: 3fec19fdf10e3518c41e41a932f2042f -> 
  custom:scripting/monoscript/fileName/AnimationRecorderSettings.cs: 5cfb1544a40f93fe0ea879bb1361c877 -> 
  custom:scripting/monoscript/fileName/RenderTextureSamplerSettings.cs: 68adab84706346f2ecbdfd649ca9cf61 -> 
  custom:scripting/monoscript/fileName/RecordingContext.cs: af9af1e8b283703482ba133924b5585a -> 
  custom:scripting/monoscript/fileName/RecorderSelector.cs: c3cd2caacd181d6eff54dc260c4a1ffb -> 
  custom:video-encoder-webm-vp8: eb34c28f22e8b96e1ab97ce403110664 -> 
  custom:scripting/monoscript/fileName/RecorderInput.cs: 88fd8d8fd71b34ed7298a01f6c2d2e40 -> 
  custom:scripting/monoscript/fileName/RenderTextureSamplerPropertyDrawer.cs: b541817d9cc9b1341d2ddfa8823b718d -> 
  custom:scripting/monoscript/fileName/RecorderSettingsAttribute.cs: ddd228b25da7ba2ac10d13e1efacc875 -> 
  custom:audio-decoder-ogg-vorbis: bf7c407c2cedff20999df2af8eb42d56 -> 
  custom:scripting/monoscript/fileName/OutputPathDrawer.cs: cffc34c1be094e6caeb13ff3b26ca679 -> 
  custom:scripting/monoscript/fileName/EditorVersionsHelper.cs: 3ad9098caeeff0295dba8c0911f5333a -> 
  custom:scripting/monoscript/fileName/SettingAsset.cs: 7c3790954696ae83d71055079b387931 -> 
  custom:scripting/monoscript/fileName/OutputResolution.cs: 31c632d97e9a69bcc2ef10f6feb5bf62 -> 
  custom:scripting/monoscript/fileName/AccumulationSettingsPropertyDrawer.cs: bfc920db0de3c29c2967e88aac1c1027 -> 
  custom:scripting/monoscript/fileName/AnimationInputSettingsPropertyDrawer.cs: ebe1771fecebe7a93badf6354f59c990 -> 
  custom:scripting/monoscript/fileName/CoreEncoderSettings.cs: 2b5db1db3c1fa7de4175a7e143de3ce5 -> 
  custom:scripting/monoscript/fileName/VisualListItem.cs: 90647cc400823b41df847a6cbfc29026 -> 
  custom:scripting/monoscript/fileName/FrameRateProperyDrawer.cs: c478c798f5354f66af45b380be0629f9 -> 
  custom:scripting/monoscript/fileName/InputSettingsSelectorDrawer.cs: bca46dd5b59e2f574c94bef4cdb878fb -> 
  custom:scripting/monoscript/fileName/RecorderWindow.cs: 553a30d64d5ef1dcad6b00b4eeeb3829 -> 
  custom:scripting/monoscript/fileName/AOVCameraInputSettings.cs: 4d2fdf1142ce53d73cb43d39944ba516 -> 
  custom:scripting/monoscript/fileName/EnumProperyDrawer.cs: 90647cc400823b41df847a6cbfc29026 -> 
  custom:scripting/monoscript/fileName/AOVImageInputSelector.cs: b741d8d3a7cbb503c5bdf23d7e6792db -> 
  custom:scripting/monoscript/fileName/CoreEncoderSettingsPropertyDrawer.cs: c8bdf3420d844fd4604c0d0cf3815355 -> 
  custom:scripting/monoscript/fileName/GifEncoderSettings.cs: 812ca6afdf48b830953d76adab9d4030 -> 
  custom:scripting/monoscript/fileName/GIFRecorderSettingsEditor.cs: 4d0f46bcf58d188895fabae5334995ae -> 
  custom:scripting/monoscript/fileName/IEncoder.cs: 007c2ef621b0d92b5a7a6bae91d26090 -> 
  custom:scripting/monoscript/fileName/RecorderOptions.cs: 74782d297e80d8f56c0e05a7cde4e51d -> 
  custom:scripting/precompiled-assembly-types:Unity.Recorder.Editor: cd22b836ef1ca10e7d8c91c9be46b4bf -> 
  custom:scripting/monoscript/fileName/ProResEncoderSettingsPropertyDrawer.cs: 68c25e6d4459336217d4b9e22eb707b4 -> 
  custom:scripting/monoscript/fileName/ImageRecorder.cs: b804c29bfc59a61db184c1d275fe4101 -> 
  custom:scripting/monoscript/fileName/EditableLabel.cs: 4f8fa2c6092744ed6607a411e3f617c0 -> 
  custom:scripting/monoscript/fileName/GameViewInput.cs: 596e7ffa2d11b2002176644af3247ea6 -> 
  custom:audio-encoder-webm-vorbis: bf7c407c2cedff20999df2af8eb42d56 -> 
  custom:scripting/monoscript/fileName/SerializedDictionnary.cs: 90647cc400823b41df847a6cbfc29026 -> 
  custom:scripting/monoscript/fileName/HammersleySequence.cs: b06601f044912976f668045b7d4c79a8 -> 
  custom:scripting/monoscript/fileName/_RecorderComponent.cs: 8c268d1df4e18643d83ea9c6eeba2d9f -> 
  custom:scripting/monoscript/fileName/IAccumulation.cs: 38dee62d444423165276e3254554d005 -> 
  custom:scripting/monoscript/fileName/RecorderController.cs: 5760bd2995080b8d0d9d9e88ab8933c6 -> 
  custom:scripting/monoscript/fileName/EXRRecorderSettings.cs: bf113df492cb5b25e11ec144a73c2f74 -> 
========================================================================
Received Prepare
Caller must complete domain reload
Begin MonoManager ReloadAssembly
- Loaded All Assemblies, in  0.416 seconds
Native extension for WindowsStandalone target not found
Native extension for iOS target not found
Native extension for Android target not found
Mono: successfully reloaded assembly
- Finished resetting the current domain, in  0.992 seconds
Domain Reload Profiling: 1404ms
	BeginReloadAssembly (131ms)
		ExecutionOrderSort (0ms)
		DisableScriptedObjects (4ms)
		BackupInstance (0ms)
		ReleaseScriptingObjects (0ms)
		CreateAndSetChildDomain (25ms)
	RebuildCommonClasses (25ms)
	RebuildNativeTypeToScriptingClass (8ms)
	initialDomainReloadingComplete (27ms)
	LoadAllAssembliesAndSetupDomain (220ms)
		LoadAssemblies (281ms)
		RebuildTransferFunctionScriptingTraits (0ms)
		AnalyzeDomain (12ms)
			TypeCache.Refresh (6ms)
				TypeCache.ScanAssembly (0ms)
			ScanForSourceGeneratedMonoScriptInfo (0ms)
			ResolveRequiredComponents (5ms)
	FinalizeReload (992ms)
		ReleaseScriptCaches (0ms)
		RebuildScriptCaches (0ms)
		SetupLoadedEditorAssemblies (484ms)
			LogAssemblyErrors (0ms)
			InitializePlatformSupportModulesInManaged (29ms)
			SetLoadedEditorAssemblies (3ms)
			RefreshPlugins (0ms)
			BeforeProcessingInitializeOnLoad (90ms)
			ProcessInitializeOnLoadAttributes (334ms)
			ProcessInitializeOnLoadMethodAttributes (17ms)
			AfterProcessingInitializeOnLoad (9ms)
			EditorAssembliesLoaded (0ms)
		ExecutionOrderSort2 (0ms)
		AwakeInstancesAfterBackupRestoration (5ms)
Refreshing native plugins compatible for Editor in 5.41 ms, found 6 plugins.
Preloading 0 native plugins for Editor in 0.00 ms.
Unloading 3255 Unused Serialized files (Serialized files now loaded: 0)
Unloading 21 unused Assets / (336.0 KB). Loaded Objects now: 3832.
Memory consumption went from 127.4 MB to 127.1 MB.
Total: 2.537400 ms (FindLiveObjects: 0.194700 ms CreateObjectMapping: 0.075700 ms MarkObjects: 2.059600 ms  DeleteObjects: 0.206700 ms)

Prepare: number of updated asset objects reloaded= 0
AssetImportParameters requested are different than current active one (requested -> active):
  custom:scripting/monoscript/fileName/WEBMRecorderSettingsEditor.cs: 5559c87f45d3b65fac8d5ac4ef5e81c8 -> 
  custom:scripting/monoscript/fileName/UIElementHelper.cs: 9f9438adfe3361012ea6280d4cdb2df4 -> 
  custom:scripting/monoscript/fileName/AOVCameraInput.cs: c23c8ce885672bc57e25263b3efd067a -> 
  custom:scripting/monoscript/fileName/BaseTextureRecorder.cs: 90647cc400823b41df847a6cbfc29026 -> 
  custom:scripting/monoscript/fileName/Recorder.cs: a7e319d512627774f8215ba0b76f0bcb -> 
  custom:scripting/monoscript/fileName/AudioRecorder.cs: 89550121570f22445b4a1b28daea3cf9 -> 
  custom:scripting/monoscript/fileName/PanelSplitter.cs: 5ff6c6e385b6b12ca322a9c92ac6f371 -> 
  custom:scripting/monoscript/fileName/ImageRecorderSettings.cs: a7ab05fac9382c03607c40fe73956ed6 -> 
  custom:scripting/monoscript/fileName/RecorderClip.cs: 897017f45cb3c30f306724d1fa17a8fe -> 
  custom:scripting/monoscript/fileName/GIFRecorderSettings.cs: 979f88ae1e7731daed242ab2fdebbc0e -> 
  custom:container-demuxer-ogg: 62fdf1f143b41e24485cea50d1cbac27 -> 
  custom:scripting/monoscript/fileName/MovieRecorder.cs: 024785cf83e1399f425b2aa115d22e2b -> 
  custom:scripting/monoscript/fileName/RecorderControllerSettingsPresetEditor.cs: 49aed206ae65ed5ac6b420f7104cd52d -> 
  custom:scripting/monoscript/fileName/AudioInput.cs: 499e96d8f0b35d362bd956c0975bb873 -> 
  custom:scripting/monoscript/fileName/WEBMRecorderSettings.cs: c176c43abbe456aeea55c2aef862801b -> 
  custom:scripting/monoscript/fileName/RecorderControllerSettingsPreset.cs: 78b391c1384ac60213ef58d50e78d553 -> 
  custom:scripting/monoscript/fileName/GameViewInputSettings.cs: a7ae22123f532f5bbcb39c654c998b57 -> 
  custom:scripting/monoscript/fileName/GameViewInputPropertyDrawer.cs: ae2c8a99c5e33d3d1ffc8232415130e8 -> 
  custom:scripting/monoscript/fileName/Camera360Input.cs: dc473b118c57e0734b0cd3476e333c06 -> 
  custom:scripting/monoscript/fileName/RecorderPreferencesSettingsProvider.cs: d92d314b87f7c2170e267636ebf38224 -> 
  custom:scripting/monoscript/fileName/RecorderBindings.cs: ac25db5b587307cfea909607f62e5641 -> 
  custom:video-decoder-ogg-theora: a1e56fd34408186e4bbccfd4996cb3dc -> 
  custom:scripting/monoscript/fileName/GIFWrapper.cs: 6ef8898a12699129e8f81f06a649cad1 -> 
  custom:scripting/monoscript/fileName/SceneHook.cs: 80fa8928b499d44515dd60e0bc895128 -> 
  custom:scripting/monoscript/fileName/AnimationInput.cs: e810137278708a698c5ccddaeb1a1e64 -> 
  custom:scripting/monoscript/fileName/OutputResolutionPropertyDrawer.cs: 0e33ffdf424417a2e685685cfc04d4b1 -> 
  custom:scripting/monoscript/fileName/EnumHelper.cs: 117b5609cc2a1ae41785cd0c8767815f -> 
  custom:scripting/monoscript/fileName/OutputPath.cs: ee51fcffcd8929d224a5e3fb152d5f62 -> 
  custom:scripting/monoscript/fileName/FileNameGeneratorDrawer.cs: a3ea71dec141084df9b7ffa19c11e2cb -> 
  custom:framework-win-MediaFoundation: 216162199b28c13a410421893ffa2e32 -> 
  custom:scripting/monoscript/fileName/RecorderPreferencesWindowGUIScope.cs: 7a2eba6fcb6829ea8b200991a02c9c06 -> 
  custom:scripting/monoscript/fileName/AspectRatio.cs: 18e3efa554f8258b676d4de53e38b642 -> 
  custom:scripting/monoscript/fileName/CameraInputSettings.cs: 6738f6dd994f658d2cbf6f5f3ba05a0e -> 
  custom:scripting/monoscript/fileName/RefHandle.cs: 90647cc400823b41df847a6cbfc29026 -> 
  custom:scripting/monoscript/fileName/CameraCapture.cs: c6dcba1380d9a4fa09f4e36182a45a73 -> 
  custom:scripting/monoscript/fileName/RecorderControllerSettings.cs: 989e0caa64af9b76551d4ff6bd15f598 -> 
  custom:scripting/monoscript/fileName/TargetedPropertyDrawer.cs: 90647cc400823b41df847a6cbfc29026 -> 
  custom:scripting/monoscript/fileName/MovieRecorderSettings.cs: 02a667a67b113b1f65e3fcadcc882513 -> 
  custom:scripting/monoscript/fileName/RenderTextureInputSettings.cs: ebca820667a63031a7597db85d26451a -> 
  custom:scripting/monoscript/fileName/ImageRecorderEditor.cs: d3134ae4c1dfd8e056bace11130b7692 -> 
  custom:scripting/monoscript/fileName/ProResEncoderSettings.cs: 4aca03881946a7fe9acacf199434009e -> 
  custom:scripting/monoscript/fileName/_FrameRequestComponent.cs: b34f171daaafc65da55ea68e2ed89f2b -> 
  custom:scripting/monoscript/fileName/RenderTextureInput.cs: 5dea77837ae3c82bb14643cd82dc06dc -> 
  custom:scripting/monoscript/fileName/RecorderAnalytics.cs: 0fa40093f6ac3fe75e92d746d563e5ee -> 
  custom:scripting/monoscript/fileName/MP4RecorderSettingsEditor.cs: 68a64b16a7961d71fa7286fd1f782e9b -> 
  custom:scripting/monoscript/fileName/RecorderBindingsEditor.cs: f7451a0e1cea6404b2976d2b2c42e273 -> 
  custom:scripting/monoscript/fileName/BaseRenderTextureInput.cs: 5dc13661a5a0dca5d09ca211933a44e2 -> 
  custom:scripting/monoscript/fileName/StatusBarHelper.cs: da04a6ed046f8a62f416d5d3ea415bef -> 
  custom:scripting/precompiled-assembly-types:Unity.Recorder: bd5378c99f6216e06dd6e2c2a60a86a4 -> 
  custom:CustomObjectIndexerAttribute: 9a22284fe3817be447336de3de66b15e -> 
  custom:scripting/monoscript/fileName/Camera360InputSettings.cs: 3d5eaf1cb3a9df6f9d1d52f3c3018c46 -> 
  custom:scripting/monoscript/fileName/PNGRecorderSettingsEditor.cs: 4970e6657bb34f7efc2c7d8168c7358b -> 
  custom:scripting/monoscript/fileName/ImageHeightSelector.cs: d1a7972bf1d79d90f09ab23c718afe39 -> 
  custom:scripting/monoscript/fileName/AnimationInputSettings.cs: d64a99ebbd13660e9264cb4111ab9832 -> 
  custom:scripting/monoscript/fileName/MP4RecorderSettings.cs: 551f5535c05b86d6ee91684eced14987 -> 
  custom:scripting/monoscript/fileName/RecorderPreferencesSettings.cs: 761b0a55fc5e50239a1d0c4bfc968274 -> 
  custom:container-demuxer-webm: 4f35f7cbe854078d1ac9338744f61a02 -> 
  custom:scripting/monoscript/fileName/RecorderSettingsPrefsEditor.cs: ba9e697f1d269c2c960a41bc543fa408 -> 
  custom:scripting/monoscript/fileName/ProResWrapper.cs: 712515ef615766c98115c6a20d85d6c8 -> 
  custom:scripting/monoscript/fileName/RecordModePropertyDrawer.cs: 165332db07362bbcab2d8dc6d1e1dfda -> 
  custom:scripting/monoscript/fileName/ImageInputSettings.cs: 98a2aedd167d40f01804b04845eeaf15 -> 
  custom:scripting/monoscript/fileName/SerializableObjHelper.cs: f19f181f3f05e8e393225dd7030fb66a -> 
  custom:scripting/monoscript/fileName/InputPropertyDrawer.cs: 90647cc400823b41df847a6cbfc29026 -> 
  custom:scripting/monoscript/fileName/AudioInputSettings.cs: a2c930fca1dd5e27705fbacf39727bb4 -> 
  custom:scripting/monoscript/fileName/InputSettings.cs: 35c56ce5488c6b464726305dcbd33b3d -> 
  custom:scripting/monoscript/fileName/RecorderEditor.cs: 736e59ba52eea987abc47f36a836e575 -> 
  custom:scripting/monoscript/fileName/AudioRecorderSettings.cs: 0b00f2c93558486cc61a06f270f43fea -> 
  custom:scripting/monoscript/fileName/RecordersInventory.cs: fb714c8df18f9b7fc7f3361f604ae3dc -> 
  custom:scripting/monoscript/fileName/BaseFCRecorderSettings.cs: fab928553cedb8703ac192d6cf7b6294 -> 
  custom:scripting/monoscript/fileName/AOVRecorderSettings.cs: cdc731153cd2f1f739300a28ea6a6608 -> 
  custom:scripting/monoscript/fileName/EXRCompressionTypeDrawer.cs: 301cb614ecf84a4dab346c5f76ea2016 -> 
  custom:scripting/monoscript/fileName/AOVRecorder.cs: c53e83f1863b3ea80b6df3885cdb8c82 -> 
  custom:scripting/monoscript/fileName/IEncoderSettings.cs: c7d04fadacf538db841606cc656ae724 -> 
  custom:scripting/monoscript/fileName/ShutterProfileTypePropertyDrawer.cs: 18a32c647eca27716eabcb5a44f00e32 -> 
  custom:scripting/monoscript/fileName/MovieRecorderEditor.cs: eb00ddb8a76b8dfb7c88b7826a49d38b -> 
  custom:scripting/monoscript/fileName/RenderTextureInputSettingsPropertyDrawer.cs: 809602b52454cd1e6229756218a8f453 -> 
  custom:scripting/monoscript/fileName/RecorderPlayableBehaviour.cs: 80165a21f4cd0dda690f708a19d389bd -> 
  custom:scripting/monoscript/fileName/GifEncoderSettingsPropertyDrawer.cs: b36c9a7eaaefccda514b23d7e14761ca -> 
  custom:scripting/monoscript/fileName/PNGRecorder.cs: 08fd40f88cb6b18c96882f263639f57d -> 
  custom:scripting/monoscript/fileName/CameraInputSettingsPropertyDrawer.cs: 91928abf1abf88be098cb088d896aec5 -> 
  custom:scripting/monoscript/fileName/AudioRecorderEditor.cs: 565168dec291afe3fa470657cfc2c123 -> 
  custom:scripting/monoscript/fileName/AOVRecorderEditor.cs: 5ca53ccd6d7645709639507726114395 -> 
  custom:container-muxer-webm: aa71ff27fc2769a1b78a27578f13a17b -> 
  custom:video-decoder-webm-vp8: 9c59270c3fd7afecdb556c50c9e8de78 -> 
  custom:scripting/monoscript/fileName/RecordingSession.cs: f3ad08157c278a036224ca395f350890 -> 
  custom:scripting/monoscript/fileName/GameViewSize.cs: f6128a6515fcafce6db32fcdfa107254 -> 
  custom:scripting/monoscript/fileName/UnityHelpers.cs: b3e077029b574be508585124a9d839ef -> 
  custom:SearchIndexIgnoredProperties: e643bd26f0fe6173181afceb89e7c659 -> 
  custom:scripting/monoscript/fileName/GIFRecorder.cs: c00ece885699fb9084deaccd3eb27518 -> 
  custom:AudioImporter_EditorPlatform: d09bf68614088b80899f8185d706f6e7 -> 
  custom:scripting/monoscript/fileName/EXRRecorder.cs: 3f576ce8ddd959d51a4d7ba1999ecdbb -> 
  custom:scripting/monoscript/fileName/WEBMRecorder.cs: 391b6b920cfbc02401ea522620320c93 -> 
  custom:scripting/monoscript/fileName/RenderTextureSampler.cs: 1a7b9abab9548e1054dc40d6e2fa0270 -> 
  custom:scripting/monoscript/fileName/GifEncoder.cs: 40f336d5c5042a8a04556b4c5804a538 -> 
  custom:scripting/monoscript/fileName/GenericRecorder.cs: 90647cc400823b41df847a6cbfc29026 -> 
  custom:scripting/monoscript/fileName/ImageInputSelector.cs: f55822da877594150873922341be92b6 -> 
  custom:scripting/monoscript/fileName/AnimationRecorderSettingsEditor.cs: db1294bf3d48be44b6e4b2f2cc100b02 -> 
  custom:scripting/monoscript/fileName/RecorderTrack.cs: fac9638ece7eb7daaa1302fa170613fd -> 
  custom:scripting/monoscript/fileName/InputSettingsSelector.cs: 499a4ec92267406782b5c4f3472d53b9 -> 
  custom:scripting/monoscript/fileName/FileNameGenerator.cs: 5c8b6eb5291c3311189e0dfadac99363 -> 
  custom:scripting/monoscript/fileName/RecorderItem.cs: b62d2fcb9547a248575727d8a1646db8 -> 
  custom:scripting/monoscript/fileName/TextureFlipper.cs: 825b503b2ddab9cbd8ebbf3038075092 -> 
  custom:scripting/monoscript/fileName/AccumulationSettings.cs: fb962f0c2333934b681b167574f5e1cd -> 
  custom:scripting/monoscript/fileName/Camera360InputPropertyDrawer.cs: af647a2fe91bec98139246321cac865d -> 
  custom:scripting/monoscript/fileName/RecorderClipEditor.cs: 947ad5ff1f968d7fc40767d187070964 -> 
  custom:scripting/monoscript/fileName/EXRRecorderSettingsEditor.cs: c520a04c5f01331f2c8800e289ef6d6f -> 
  custom:scripting/monoscript/fileName/CoreEncoder.cs: dfaed86e82ad12e6a2b6740a0fb35820 -> 
  custom:scripting/monoscript/fileName/PNGRecorderSettings.cs: 79a421225358808ff14dd88c0355d1b6 -> 
  custom:scripting/monoscript/fileName/AspectRatioPropertyDrawer.cs: 9f18568574138839573389bde3e660a7 -> 
  custom:scripting/monoscript/fileName/ProResEncoder.cs: b375bf2d41e3d89081c3f2d1a0823bf3 -> 
  custom:scripting/monoscript/fileName/CameraInput.cs: bf7e0df3caf9e500f6d1c98c99e165ba -> 
  custom:scripting/monoscript/fileName/RecorderSettings.cs: bc3ef26ac157af28e5460886c0d5ef2e -> 
  custom:scripting/monoscript/fileName/RecorderClipTimelineEditor.cs: 2995d9f50ebc9245c6e9bd75c56415fb -> 
  custom:scripting/monoscript/fileName/EncoderSettingsAttribute.cs: 8352396dc11cff58c65c429fdb4fc67e -> 
  custom:scripting/monoscript/fileName/MP4Recorder.cs: af531c4e1f6d23547da08837eb16b729 -> 
  custom:scripting/monoscript/fileName/EncoderTypeUtilities.cs: a12c4c78a6cd4fb6b93180d59ad77be8 -> 
  custom:scripting/monoscript/fileName/PooledBufferAsyncGPUReadback.cs: 2a4e50c5dda177306c9ec935763c4378 -> 
  custom:scripting/monoscript/fileName/AnimationRecorder.cs: f749a4250195b5467bbf05e3a976b59f -> 
  custom:scripting/precompiled-assembly-types:Unity.Recorder.Base: 3fec19fdf10e3518c41e41a932f2042f -> 
  custom:scripting/monoscript/fileName/AnimationRecorderSettings.cs: 5cfb1544a40f93fe0ea879bb1361c877 -> 
  custom:scripting/monoscript/fileName/RenderTextureSamplerSettings.cs: 68adab84706346f2ecbdfd649ca9cf61 -> 
  custom:scripting/monoscript/fileName/RecordingContext.cs: af9af1e8b283703482ba133924b5585a -> 
  custom:scripting/monoscript/fileName/RecorderSelector.cs: c3cd2caacd181d6eff54dc260c4a1ffb -> 
  custom:video-encoder-webm-vp8: eb34c28f22e8b96e1ab97ce403110664 -> 
  custom:scripting/monoscript/fileName/RecorderInput.cs: 88fd8d8fd71b34ed7298a01f6c2d2e40 -> 
  custom:scripting/monoscript/fileName/RenderTextureSamplerPropertyDrawer.cs: b541817d9cc9b1341d2ddfa8823b718d -> 
  custom:scripting/monoscript/fileName/RecorderSettingsAttribute.cs: ddd228b25da7ba2ac10d13e1efacc875 -> 
  custom:audio-decoder-ogg-vorbis: bf7c407c2cedff20999df2af8eb42d56 -> 
  custom:scripting/monoscript/fileName/OutputPathDrawer.cs: cffc34c1be094e6caeb13ff3b26ca679 -> 
  custom:scripting/monoscript/fileName/EditorVersionsHelper.cs: 3ad9098caeeff0295dba8c0911f5333a -> 
  custom:scripting/monoscript/fileName/SettingAsset.cs: 7c3790954696ae83d71055079b387931 -> 
  custom:scripting/monoscript/fileName/OutputResolution.cs: 31c632d97e9a69bcc2ef10f6feb5bf62 -> 
  custom:scripting/monoscript/fileName/AccumulationSettingsPropertyDrawer.cs: bfc920db0de3c29c2967e88aac1c1027 -> 
  custom:scripting/monoscript/fileName/AnimationInputSettingsPropertyDrawer.cs: ebe1771fecebe7a93badf6354f59c990 -> 
  custom:scripting/monoscript/fileName/CoreEncoderSettings.cs: 2b5db1db3c1fa7de4175a7e143de3ce5 -> 
  custom:scripting/monoscript/fileName/VisualListItem.cs: 90647cc400823b41df847a6cbfc29026 -> 
  custom:scripting/monoscript/fileName/FrameRateProperyDrawer.cs: c478c798f5354f66af45b380be0629f9 -> 
  custom:scripting/monoscript/fileName/InputSettingsSelectorDrawer.cs: bca46dd5b59e2f574c94bef4cdb878fb -> 
  custom:scripting/monoscript/fileName/RecorderWindow.cs: 553a30d64d5ef1dcad6b00b4eeeb3829 -> 
  custom:scripting/monoscript/fileName/AOVCameraInputSettings.cs: 4d2fdf1142ce53d73cb43d39944ba516 -> 
  custom:scripting/monoscript/fileName/EnumProperyDrawer.cs: 90647cc400823b41df847a6cbfc29026 -> 
  custom:scripting/monoscript/fileName/AOVImageInputSelector.cs: b741d8d3a7cbb503c5bdf23d7e6792db -> 
  custom:scripting/monoscript/fileName/CoreEncoderSettingsPropertyDrawer.cs: c8bdf3420d844fd4604c0d0cf3815355 -> 
  custom:scripting/monoscript/fileName/GifEncoderSettings.cs: 812ca6afdf48b830953d76adab9d4030 -> 
  custom:scripting/monoscript/fileName/GIFRecorderSettingsEditor.cs: 4d0f46bcf58d188895fabae5334995ae -> 
  custom:scripting/monoscript/fileName/IEncoder.cs: 007c2ef621b0d92b5a7a6bae91d26090 -> 
  custom:scripting/monoscript/fileName/RecorderOptions.cs: 74782d297e80d8f56c0e05a7cde4e51d -> 
  custom:scripting/precompiled-assembly-types:Unity.Recorder.Editor: cd22b836ef1ca10e7d8c91c9be46b4bf -> 
  custom:scripting/monoscript/fileName/ProResEncoderSettingsPropertyDrawer.cs: 68c25e6d4459336217d4b9e22eb707b4 -> 
  custom:scripting/monoscript/fileName/ImageRecorder.cs: b804c29bfc59a61db184c1d275fe4101 -> 
  custom:scripting/monoscript/fileName/EditableLabel.cs: 4f8fa2c6092744ed6607a411e3f617c0 -> 
  custom:scripting/monoscript/fileName/GameViewInput.cs: 596e7ffa2d11b2002176644af3247ea6 -> 
  custom:audio-encoder-webm-vorbis: bf7c407c2cedff20999df2af8eb42d56 -> 
  custom:scripting/monoscript/fileName/SerializedDictionnary.cs: 90647cc400823b41df847a6cbfc29026 -> 
  custom:scripting/monoscript/fileName/HammersleySequence.cs: b06601f044912976f668045b7d4c79a8 -> 
  custom:scripting/monoscript/fileName/_RecorderComponent.cs: 8c268d1df4e18643d83ea9c6eeba2d9f -> 
  custom:scripting/monoscript/fileName/IAccumulation.cs: 38dee62d444423165276e3254554d005 -> 
  custom:scripting/monoscript/fileName/RecorderController.cs: 5760bd2995080b8d0d9d9e88ab8933c6 -> 
  custom:scripting/monoscript/fileName/EXRRecorderSettings.cs: bf113df492cb5b25e11ec144a73c2f74 -> 
========================================================================
Received Import Request.
  Time since last request: 203.696712 seconds.
  path: Assets/Prefabs/Cube.prefab
  artifactKey: Guid(6f465dab9e6bdbc40b292aa1082e7dd9) Importer(815301076,1909f56bfc062723c751e8b465ee728b)
Start importing Assets/Prefabs/Cube.prefab using Guid(6f465dab9e6bdbc40b292aa1082e7dd9) Importer(815301076,1909f56bfc062723c751e8b465ee728b) [PhysX] Initialized MultithreadedTaskDispatcher with 12 workers.
 -> (artifact id: '9d04fdfc94419e9d414e421f41762208') in 0.001571 seconds
Number of updated asset objects reloaded before import = 0
Number of asset objects unloaded after import = 0
========================================================================
Received Import Request.
  Time since last request: 31.957885 seconds.
  path: Assets/Prefabs/Cube.prefab
  artifactKey: Guid(6f465dab9e6bdbc40b292aa1082e7dd9) Importer(815301076,1909f56bfc062723c751e8b465ee728b)
Start importing Assets/Prefabs/Cube.prefab using Guid(6f465dab9e6bdbc40b292aa1082e7dd9) Importer(815301076,1909f56bfc062723c751e8b465ee728b) [PhysX] Initialized MultithreadedTaskDispatcher with 12 workers.
 -> (artifact id: '9d04fdfc94419e9d414e421f41762208') in 0.000453 seconds
Number of updated asset objects reloaded before import = 0
Number of asset objects unloaded after import = 0
========================================================================
Received Prepare
Caller must complete domain reload
Begin MonoManager ReloadAssembly
- Loaded All Assemblies, in  0.419 seconds
Native extension for WindowsStandalone target not found
Native extension for iOS target not found
Native extension for Android target not found
Mono: successfully reloaded assembly
- Finished resetting the current domain, in  0.941 seconds
Domain Reload Profiling: 1356ms
	BeginReloadAssembly (135ms)
		ExecutionOrderSort (0ms)
		DisableScriptedObjects (4ms)
		BackupInstance (0ms)
		ReleaseScriptingObjects (0ms)
		CreateAndSetChildDomain (30ms)
	RebuildCommonClasses (25ms)
	RebuildNativeTypeToScriptingClass (8ms)
	initialDomainReloadingComplete (27ms)
	LoadAllAssembliesAndSetupDomain (219ms)
		LoadAssemblies (275ms)
		RebuildTransferFunctionScriptingTraits (0ms)
		AnalyzeDomain (17ms)
			TypeCache.Refresh (6ms)
				TypeCache.ScanAssembly (0ms)
			ScanForSourceGeneratedMonoScriptInfo (5ms)
			ResolveRequiredComponents (5ms)
	FinalizeReload (941ms)
		ReleaseScriptCaches (0ms)
		RebuildScriptCaches (0ms)
		SetupLoadedEditorAssemblies (470ms)
			LogAssemblyErrors (0ms)
			InitializePlatformSupportModulesInManaged (28ms)
			SetLoadedEditorAssemblies (3ms)
			RefreshPlugins (0ms)
			BeforeProcessingInitializeOnLoad (83ms)
			ProcessInitializeOnLoadAttributes (331ms)
			ProcessInitializeOnLoadMethodAttributes (16ms)
			AfterProcessingInitializeOnLoad (9ms)
			EditorAssembliesLoaded (0ms)
		ExecutionOrderSort2 (0ms)
		AwakeInstancesAfterBackupRestoration (5ms)
Refreshing native plugins compatible for Editor in 4.84 ms, found 6 plugins.
Preloading 0 native plugins for Editor in 0.00 ms.
Unloading 3255 Unused Serialized files (Serialized files now loaded: 0)
Unloading 21 unused Assets / (335.9 KB). Loaded Objects now: 3835.
Memory consumption went from 127.4 MB to 127.1 MB.
Total: 2.425500 ms (FindLiveObjects: 0.191600 ms CreateObjectMapping: 0.075300 ms MarkObjects: 1.994400 ms  DeleteObjects: 0.163600 ms)

Prepare: number of updated asset objects reloaded= 0
AssetImportParameters requested are different than current active one (requested -> active):
  custom:scripting/monoscript/fileName/WEBMRecorderSettingsEditor.cs: 5559c87f45d3b65fac8d5ac4ef5e81c8 -> 
  custom:scripting/monoscript/fileName/UIElementHelper.cs: 9f9438adfe3361012ea6280d4cdb2df4 -> 
  custom:scripting/monoscript/fileName/AOVCameraInput.cs: c23c8ce885672bc57e25263b3efd067a -> 
  custom:scripting/monoscript/fileName/BaseTextureRecorder.cs: 90647cc400823b41df847a6cbfc29026 -> 
  custom:scripting/monoscript/fileName/Recorder.cs: a7e319d512627774f8215ba0b76f0bcb -> 
  custom:scripting/monoscript/fileName/AudioRecorder.cs: 89550121570f22445b4a1b28daea3cf9 -> 
  custom:scripting/monoscript/fileName/PanelSplitter.cs: 5ff6c6e385b6b12ca322a9c92ac6f371 -> 
  custom:scripting/monoscript/fileName/ImageRecorderSettings.cs: a7ab05fac9382c03607c40fe73956ed6 -> 
  custom:scripting/monoscript/fileName/RecorderClip.cs: 897017f45cb3c30f306724d1fa17a8fe -> 
  custom:scripting/monoscript/fileName/GIFRecorderSettings.cs: 979f88ae1e7731daed242ab2fdebbc0e -> 
  custom:container-demuxer-ogg: 62fdf1f143b41e24485cea50d1cbac27 -> 
  custom:scripting/monoscript/fileName/MovieRecorder.cs: 024785cf83e1399f425b2aa115d22e2b -> 
  custom:scripting/monoscript/fileName/RecorderControllerSettingsPresetEditor.cs: 49aed206ae65ed5ac6b420f7104cd52d -> 
  custom:scripting/monoscript/fileName/AudioInput.cs: 499e96d8f0b35d362bd956c0975bb873 -> 
  custom:scripting/monoscript/fileName/WEBMRecorderSettings.cs: c176c43abbe456aeea55c2aef862801b -> 
  custom:scripting/monoscript/fileName/RecorderControllerSettingsPreset.cs: 78b391c1384ac60213ef58d50e78d553 -> 
  custom:scripting/monoscript/fileName/GameViewInputSettings.cs: a7ae22123f532f5bbcb39c654c998b57 -> 
  custom:scripting/monoscript/fileName/GameViewInputPropertyDrawer.cs: ae2c8a99c5e33d3d1ffc8232415130e8 -> 
  custom:scripting/monoscript/fileName/Camera360Input.cs: dc473b118c57e0734b0cd3476e333c06 -> 
  custom:scripting/monoscript/fileName/RecorderPreferencesSettingsProvider.cs: d92d314b87f7c2170e267636ebf38224 -> 
  custom:scripting/monoscript/fileName/RecorderBindings.cs: ac25db5b587307cfea909607f62e5641 -> 
  custom:video-decoder-ogg-theora: a1e56fd34408186e4bbccfd4996cb3dc -> 
  custom:scripting/monoscript/fileName/GIFWrapper.cs: 6ef8898a12699129e8f81f06a649cad1 -> 
  custom:scripting/monoscript/fileName/SceneHook.cs: 80fa8928b499d44515dd60e0bc895128 -> 
  custom:scripting/monoscript/fileName/AnimationInput.cs: e810137278708a698c5ccddaeb1a1e64 -> 
  custom:scripting/monoscript/fileName/OutputResolutionPropertyDrawer.cs: 0e33ffdf424417a2e685685cfc04d4b1 -> 
  custom:scripting/monoscript/fileName/EnumHelper.cs: 117b5609cc2a1ae41785cd0c8767815f -> 
  custom:scripting/monoscript/fileName/OutputPath.cs: ee51fcffcd8929d224a5e3fb152d5f62 -> 
  custom:scripting/monoscript/fileName/FileNameGeneratorDrawer.cs: a3ea71dec141084df9b7ffa19c11e2cb -> 
  custom:framework-win-MediaFoundation: 216162199b28c13a410421893ffa2e32 -> 
  custom:scripting/monoscript/fileName/RecorderPreferencesWindowGUIScope.cs: 7a2eba6fcb6829ea8b200991a02c9c06 -> 
  custom:scripting/monoscript/fileName/AspectRatio.cs: 18e3efa554f8258b676d4de53e38b642 -> 
  custom:scripting/monoscript/fileName/CameraInputSettings.cs: 6738f6dd994f658d2cbf6f5f3ba05a0e -> 
  custom:scripting/monoscript/fileName/RefHandle.cs: 90647cc400823b41df847a6cbfc29026 -> 
  custom:scripting/monoscript/fileName/CameraCapture.cs: c6dcba1380d9a4fa09f4e36182a45a73 -> 
  custom:scripting/monoscript/fileName/RecorderControllerSettings.cs: 989e0caa64af9b76551d4ff6bd15f598 -> 
  custom:scripting/monoscript/fileName/TargetedPropertyDrawer.cs: 90647cc400823b41df847a6cbfc29026 -> 
  custom:scripting/monoscript/fileName/MovieRecorderSettings.cs: 02a667a67b113b1f65e3fcadcc882513 -> 
  custom:scripting/monoscript/fileName/RenderTextureInputSettings.cs: ebca820667a63031a7597db85d26451a -> 
  custom:scripting/monoscript/fileName/ImageRecorderEditor.cs: d3134ae4c1dfd8e056bace11130b7692 -> 
  custom:scripting/monoscript/fileName/ProResEncoderSettings.cs: 4aca03881946a7fe9acacf199434009e -> 
  custom:scripting/monoscript/fileName/_FrameRequestComponent.cs: b34f171daaafc65da55ea68e2ed89f2b -> 
  custom:scripting/monoscript/fileName/RenderTextureInput.cs: 5dea77837ae3c82bb14643cd82dc06dc -> 
  custom:scripting/monoscript/fileName/RecorderAnalytics.cs: 0fa40093f6ac3fe75e92d746d563e5ee -> 
  custom:scripting/monoscript/fileName/MP4RecorderSettingsEditor.cs: 68a64b16a7961d71fa7286fd1f782e9b -> 
  custom:scripting/monoscript/fileName/RecorderBindingsEditor.cs: f7451a0e1cea6404b2976d2b2c42e273 -> 
  custom:scripting/monoscript/fileName/BaseRenderTextureInput.cs: 5dc13661a5a0dca5d09ca211933a44e2 -> 
  custom:scripting/monoscript/fileName/StatusBarHelper.cs: da04a6ed046f8a62f416d5d3ea415bef -> 
  custom:scripting/precompiled-assembly-types:Unity.Recorder: bd5378c99f6216e06dd6e2c2a60a86a4 -> 
  custom:CustomObjectIndexerAttribute: 9a22284fe3817be447336de3de66b15e -> 
  custom:scripting/monoscript/fileName/Camera360InputSettings.cs: 3d5eaf1cb3a9df6f9d1d52f3c3018c46 -> 
  custom:scripting/monoscript/fileName/PNGRecorderSettingsEditor.cs: 4970e6657bb34f7efc2c7d8168c7358b -> 
  custom:scripting/monoscript/fileName/ImageHeightSelector.cs: d1a7972bf1d79d90f09ab23c718afe39 -> 
  custom:scripting/monoscript/fileName/AnimationInputSettings.cs: d64a99ebbd13660e9264cb4111ab9832 -> 
  custom:scripting/monoscript/fileName/MP4RecorderSettings.cs: 551f5535c05b86d6ee91684eced14987 -> 
  custom:scripting/monoscript/fileName/RecorderPreferencesSettings.cs: 761b0a55fc5e50239a1d0c4bfc968274 -> 
  custom:container-demuxer-webm: 4f35f7cbe854078d1ac9338744f61a02 -> 
  custom:scripting/monoscript/fileName/RecorderSettingsPrefsEditor.cs: ba9e697f1d269c2c960a41bc543fa408 -> 
  custom:scripting/monoscript/fileName/ProResWrapper.cs: 712515ef615766c98115c6a20d85d6c8 -> 
  custom:scripting/monoscript/fileName/RecordModePropertyDrawer.cs: 165332db07362bbcab2d8dc6d1e1dfda -> 
  custom:scripting/monoscript/fileName/ImageInputSettings.cs: 98a2aedd167d40f01804b04845eeaf15 -> 
  custom:scripting/monoscript/fileName/SerializableObjHelper.cs: f19f181f3f05e8e393225dd7030fb66a -> 
  custom:scripting/monoscript/fileName/InputPropertyDrawer.cs: 90647cc400823b41df847a6cbfc29026 -> 
  custom:scripting/monoscript/fileName/AudioInputSettings.cs: a2c930fca1dd5e27705fbacf39727bb4 -> 
  custom:scripting/monoscript/fileName/InputSettings.cs: 35c56ce5488c6b464726305dcbd33b3d -> 
  custom:scripting/monoscript/fileName/RecorderEditor.cs: 736e59ba52eea987abc47f36a836e575 -> 
  custom:scripting/monoscript/fileName/AudioRecorderSettings.cs: 0b00f2c93558486cc61a06f270f43fea -> 
  custom:scripting/monoscript/fileName/RecordersInventory.cs: fb714c8df18f9b7fc7f3361f604ae3dc -> 
  custom:scripting/monoscript/fileName/BaseFCRecorderSettings.cs: fab928553cedb8703ac192d6cf7b6294 -> 
  custom:scripting/monoscript/fileName/AOVRecorderSettings.cs: cdc731153cd2f1f739300a28ea6a6608 -> 
  custom:scripting/monoscript/fileName/EXRCompressionTypeDrawer.cs: 301cb614ecf84a4dab346c5f76ea2016 -> 
  custom:scripting/monoscript/fileName/AOVRecorder.cs: c53e83f1863b3ea80b6df3885cdb8c82 -> 
  custom:scripting/monoscript/fileName/IEncoderSettings.cs: c7d04fadacf538db841606cc656ae724 -> 
  custom:scripting/monoscript/fileName/ShutterProfileTypePropertyDrawer.cs: 18a32c647eca27716eabcb5a44f00e32 -> 
  custom:scripting/monoscript/fileName/MovieRecorderEditor.cs: eb00ddb8a76b8dfb7c88b7826a49d38b -> 
  custom:scripting/monoscript/fileName/RenderTextureInputSettingsPropertyDrawer.cs: 809602b52454cd1e6229756218a8f453 -> 
  custom:scripting/monoscript/fileName/RecorderPlayableBehaviour.cs: 80165a21f4cd0dda690f708a19d389bd -> 
  custom:scripting/monoscript/fileName/GifEncoderSettingsPropertyDrawer.cs: b36c9a7eaaefccda514b23d7e14761ca -> 
  custom:scripting/monoscript/fileName/PNGRecorder.cs: 08fd40f88cb6b18c96882f263639f57d -> 
  custom:scripting/monoscript/fileName/CameraInputSettingsPropertyDrawer.cs: 91928abf1abf88be098cb088d896aec5 -> 
  custom:scripting/monoscript/fileName/AudioRecorderEditor.cs: 565168dec291afe3fa470657cfc2c123 -> 
  custom:scripting/monoscript/fileName/AOVRecorderEditor.cs: 5ca53ccd6d7645709639507726114395 -> 
  custom:container-muxer-webm: aa71ff27fc2769a1b78a27578f13a17b -> 
  custom:video-decoder-webm-vp8: 9c59270c3fd7afecdb556c50c9e8de78 -> 
  custom:scripting/monoscript/fileName/RecordingSession.cs: f3ad08157c278a036224ca395f350890 -> 
  custom:scripting/monoscript/fileName/GameViewSize.cs: f6128a6515fcafce6db32fcdfa107254 -> 
  custom:scripting/monoscript/fileName/UnityHelpers.cs: b3e077029b574be508585124a9d839ef -> 
  custom:SearchIndexIgnoredProperties: e643bd26f0fe6173181afceb89e7c659 -> 
  custom:scripting/monoscript/fileName/GIFRecorder.cs: c00ece885699fb9084deaccd3eb27518 -> 
  custom:AudioImporter_EditorPlatform: d09bf68614088b80899f8185d706f6e7 -> 
  custom:scripting/monoscript/fileName/EXRRecorder.cs: 3f576ce8ddd959d51a4d7ba1999ecdbb -> 
  custom:scripting/monoscript/fileName/WEBMRecorder.cs: 391b6b920cfbc02401ea522620320c93 -> 
  custom:scripting/monoscript/fileName/RenderTextureSampler.cs: 1a7b9abab9548e1054dc40d6e2fa0270 -> 
  custom:scripting/monoscript/fileName/GifEncoder.cs: 40f336d5c5042a8a04556b4c5804a538 -> 
  custom:scripting/monoscript/fileName/GenericRecorder.cs: 90647cc400823b41df847a6cbfc29026 -> 
  custom:scripting/monoscript/fileName/ImageInputSelector.cs: f55822da877594150873922341be92b6 -> 
  custom:scripting/monoscript/fileName/AnimationRecorderSettingsEditor.cs: db1294bf3d48be44b6e4b2f2cc100b02 -> 
  custom:scripting/monoscript/fileName/RecorderTrack.cs: fac9638ece7eb7daaa1302fa170613fd -> 
  custom:scripting/monoscript/fileName/InputSettingsSelector.cs: 499a4ec92267406782b5c4f3472d53b9 -> 
  custom:scripting/monoscript/fileName/FileNameGenerator.cs: 5c8b6eb5291c3311189e0dfadac99363 -> 
  custom:scripting/monoscript/fileName/RecorderItem.cs: b62d2fcb9547a248575727d8a1646db8 -> 
  custom:scripting/monoscript/fileName/TextureFlipper.cs: 825b503b2ddab9cbd8ebbf3038075092 -> 
  custom:scripting/monoscript/fileName/AccumulationSettings.cs: fb962f0c2333934b681b167574f5e1cd -> 
  custom:scripting/monoscript/fileName/Camera360InputPropertyDrawer.cs: af647a2fe91bec98139246321cac865d -> 
  custom:scripting/monoscript/fileName/RecorderClipEditor.cs: 947ad5ff1f968d7fc40767d187070964 -> 
  custom:scripting/monoscript/fileName/EXRRecorderSettingsEditor.cs: c520a04c5f01331f2c8800e289ef6d6f -> 
  custom:scripting/monoscript/fileName/CoreEncoder.cs: dfaed86e82ad12e6a2b6740a0fb35820 -> 
  custom:scripting/monoscript/fileName/PNGRecorderSettings.cs: 79a421225358808ff14dd88c0355d1b6 -> 
  custom:scripting/monoscript/fileName/AspectRatioPropertyDrawer.cs: 9f18568574138839573389bde3e660a7 -> 
  custom:scripting/monoscript/fileName/ProResEncoder.cs: b375bf2d41e3d89081c3f2d1a0823bf3 -> 
  custom:scripting/monoscript/fileName/CameraInput.cs: bf7e0df3caf9e500f6d1c98c99e165ba -> 
  custom:scripting/monoscript/fileName/RecorderSettings.cs: bc3ef26ac157af28e5460886c0d5ef2e -> 
  custom:scripting/monoscript/fileName/RecorderClipTimelineEditor.cs: 2995d9f50ebc9245c6e9bd75c56415fb -> 
  custom:scripting/monoscript/fileName/EncoderSettingsAttribute.cs: 8352396dc11cff58c65c429fdb4fc67e -> 
  custom:scripting/monoscript/fileName/MP4Recorder.cs: af531c4e1f6d23547da08837eb16b729 -> 
  custom:scripting/monoscript/fileName/EncoderTypeUtilities.cs: a12c4c78a6cd4fb6b93180d59ad77be8 -> 
  custom:scripting/monoscript/fileName/PooledBufferAsyncGPUReadback.cs: 2a4e50c5dda177306c9ec935763c4378 -> 
  custom:scripting/monoscript/fileName/AnimationRecorder.cs: f749a4250195b5467bbf05e3a976b59f -> 
  custom:scripting/precompiled-assembly-types:Unity.Recorder.Base: 3fec19fdf10e3518c41e41a932f2042f -> 
  custom:scripting/monoscript/fileName/AnimationRecorderSettings.cs: 5cfb1544a40f93fe0ea879bb1361c877 -> 
  custom:scripting/monoscript/fileName/RenderTextureSamplerSettings.cs: 68adab84706346f2ecbdfd649ca9cf61 -> 
  custom:scripting/monoscript/fileName/RecordingContext.cs: af9af1e8b283703482ba133924b5585a -> 
  custom:scripting/monoscript/fileName/RecorderSelector.cs: c3cd2caacd181d6eff54dc260c4a1ffb -> 
  custom:video-encoder-webm-vp8: eb34c28f22e8b96e1ab97ce403110664 -> 
  custom:scripting/monoscript/fileName/RecorderInput.cs: 88fd8d8fd71b34ed7298a01f6c2d2e40 -> 
  custom:scripting/monoscript/fileName/RenderTextureSamplerPropertyDrawer.cs: b541817d9cc9b1341d2ddfa8823b718d -> 
  custom:scripting/monoscript/fileName/RecorderSettingsAttribute.cs: ddd228b25da7ba2ac10d13e1efacc875 -> 
  custom:audio-decoder-ogg-vorbis: bf7c407c2cedff20999df2af8eb42d56 -> 
  custom:scripting/monoscript/fileName/OutputPathDrawer.cs: cffc34c1be094e6caeb13ff3b26ca679 -> 
  custom:scripting/monoscript/fileName/EditorVersionsHelper.cs: 3ad9098caeeff0295dba8c0911f5333a -> 
  custom:scripting/monoscript/fileName/SettingAsset.cs: 7c3790954696ae83d71055079b387931 -> 
  custom:scripting/monoscript/fileName/OutputResolution.cs: 31c632d97e9a69bcc2ef10f6feb5bf62 -> 
  custom:scripting/monoscript/fileName/AccumulationSettingsPropertyDrawer.cs: bfc920db0de3c29c2967e88aac1c1027 -> 
  custom:scripting/monoscript/fileName/AnimationInputSettingsPropertyDrawer.cs: ebe1771fecebe7a93badf6354f59c990 -> 
  custom:scripting/monoscript/fileName/CoreEncoderSettings.cs: 2b5db1db3c1fa7de4175a7e143de3ce5 -> 
  custom:scripting/monoscript/fileName/VisualListItem.cs: 90647cc400823b41df847a6cbfc29026 -> 
  custom:scripting/monoscript/fileName/FrameRateProperyDrawer.cs: c478c798f5354f66af45b380be0629f9 -> 
  custom:scripting/monoscript/fileName/InputSettingsSelectorDrawer.cs: bca46dd5b59e2f574c94bef4cdb878fb -> 
  custom:scripting/monoscript/fileName/RecorderWindow.cs: 553a30d64d5ef1dcad6b00b4eeeb3829 -> 
  custom:scripting/monoscript/fileName/AOVCameraInputSettings.cs: 4d2fdf1142ce53d73cb43d39944ba516 -> 
  custom:scripting/monoscript/fileName/EnumProperyDrawer.cs: 90647cc400823b41df847a6cbfc29026 -> 
  custom:scripting/monoscript/fileName/AOVImageInputSelector.cs: b741d8d3a7cbb503c5bdf23d7e6792db -> 
  custom:scripting/monoscript/fileName/CoreEncoderSettingsPropertyDrawer.cs: c8bdf3420d844fd4604c0d0cf3815355 -> 
  custom:scripting/monoscript/fileName/GifEncoderSettings.cs: 812ca6afdf48b830953d76adab9d4030 -> 
  custom:scripting/monoscript/fileName/GIFRecorderSettingsEditor.cs: 4d0f46bcf58d188895fabae5334995ae -> 
  custom:scripting/monoscript/fileName/IEncoder.cs: 007c2ef621b0d92b5a7a6bae91d26090 -> 
  custom:scripting/monoscript/fileName/RecorderOptions.cs: 74782d297e80d8f56c0e05a7cde4e51d -> 
  custom:scripting/precompiled-assembly-types:Unity.Recorder.Editor: cd22b836ef1ca10e7d8c91c9be46b4bf -> 
  custom:scripting/monoscript/fileName/ProResEncoderSettingsPropertyDrawer.cs: 68c25e6d4459336217d4b9e22eb707b4 -> 
  custom:scripting/monoscript/fileName/ImageRecorder.cs: b804c29bfc59a61db184c1d275fe4101 -> 
  custom:scripting/monoscript/fileName/EditableLabel.cs: 4f8fa2c6092744ed6607a411e3f617c0 -> 
  custom:scripting/monoscript/fileName/GameViewInput.cs: 596e7ffa2d11b2002176644af3247ea6 -> 
  custom:audio-encoder-webm-vorbis: bf7c407c2cedff20999df2af8eb42d56 -> 
  custom:scripting/monoscript/fileName/SerializedDictionnary.cs: 90647cc400823b41df847a6cbfc29026 -> 
  custom:scripting/monoscript/fileName/HammersleySequence.cs: b06601f044912976f668045b7d4c79a8 -> 
  custom:scripting/monoscript/fileName/_RecorderComponent.cs: 8c268d1df4e18643d83ea9c6eeba2d9f -> 
  custom:scripting/monoscript/fileName/IAccumulation.cs: 38dee62d444423165276e3254554d005 -> 
  custom:scripting/monoscript/fileName/RecorderController.cs: 5760bd2995080b8d0d9d9e88ab8933c6 -> 
  custom:scripting/monoscript/fileName/EXRRecorderSettings.cs: bf113df492cb5b25e11ec144a73c2f74 -> 
========================================================================
Received Prepare
Caller must complete domain reload
Begin MonoManager ReloadAssembly
- Loaded All Assemblies, in  0.415 seconds
Native extension for WindowsStandalone target not found
Native extension for iOS target not found
Native extension for Android target not found
Mono: successfully reloaded assembly
- Finished resetting the current domain, in  0.972 seconds
Domain Reload Profiling: 1384ms
	BeginReloadAssembly (131ms)
		ExecutionOrderSort (0ms)
		DisableScriptedObjects (4ms)
		BackupInstance (0ms)
		ReleaseScriptingObjects (0ms)
		CreateAndSetChildDomain (24ms)
	RebuildCommonClasses (25ms)
	RebuildNativeTypeToScriptingClass (9ms)
	initialDomainReloadingComplete (27ms)
	LoadAllAssembliesAndSetupDomain (220ms)
		LoadAssemblies (285ms)
		RebuildTransferFunctionScriptingTraits (0ms)
		AnalyzeDomain (10ms)
			TypeCache.Refresh (4ms)
				TypeCache.ScanAssembly (0ms)
			ScanForSourceGeneratedMonoScriptInfo (0ms)
			ResolveRequiredComponents (5ms)
	FinalizeReload (973ms)
		ReleaseScriptCaches (0ms)
		RebuildScriptCaches (0ms)
		SetupLoadedEditorAssemblies (493ms)
			LogAssemblyErrors (0ms)
			InitializePlatformSupportModulesInManaged (29ms)
			SetLoadedEditorAssemblies (3ms)
			RefreshPlugins (0ms)
			BeforeProcessingInitializeOnLoad (91ms)
			ProcessInitializeOnLoadAttributes (342ms)
			ProcessInitializeOnLoadMethodAttributes (18ms)
			AfterProcessingInitializeOnLoad (9ms)
			EditorAssembliesLoaded (0ms)
		ExecutionOrderSort2 (0ms)
		AwakeInstancesAfterBackupRestoration (6ms)
Refreshing native plugins compatible for Editor in 5.73 ms, found 6 plugins.
Preloading 0 native plugins for Editor in 0.00 ms.
Unloading 3255 Unused Serialized files (Serialized files now loaded: 0)
Unloading 21 unused Assets / (336.2 KB). Loaded Objects now: 3838.
Memory consumption went from 127.4 MB to 127.1 MB.
Total: 2.674800 ms (FindLiveObjects: 0.195500 ms CreateObjectMapping: 0.076600 ms MarkObjects: 2.238800 ms  DeleteObjects: 0.163300 ms)

Prepare: number of updated asset objects reloaded= 0
AssetImportParameters requested are different than current active one (requested -> active):
  custom:scripting/monoscript/fileName/WEBMRecorderSettingsEditor.cs: 5559c87f45d3b65fac8d5ac4ef5e81c8 -> 
  custom:scripting/monoscript/fileName/UIElementHelper.cs: 9f9438adfe3361012ea6280d4cdb2df4 -> 
  custom:scripting/monoscript/fileName/AOVCameraInput.cs: c23c8ce885672bc57e25263b3efd067a -> 
  custom:scripting/monoscript/fileName/BaseTextureRecorder.cs: 90647cc400823b41df847a6cbfc29026 -> 
  custom:scripting/monoscript/fileName/Recorder.cs: a7e319d512627774f8215ba0b76f0bcb -> 
  custom:scripting/monoscript/fileName/AudioRecorder.cs: 89550121570f22445b4a1b28daea3cf9 -> 
  custom:scripting/monoscript/fileName/PanelSplitter.cs: 5ff6c6e385b6b12ca322a9c92ac6f371 -> 
  custom:scripting/monoscript/fileName/ImageRecorderSettings.cs: a7ab05fac9382c03607c40fe73956ed6 -> 
  custom:scripting/monoscript/fileName/RecorderClip.cs: 897017f45cb3c30f306724d1fa17a8fe -> 
  custom:scripting/monoscript/fileName/GIFRecorderSettings.cs: 979f88ae1e7731daed242ab2fdebbc0e -> 
  custom:container-demuxer-ogg: 62fdf1f143b41e24485cea50d1cbac27 -> 
  custom:scripting/monoscript/fileName/MovieRecorder.cs: 024785cf83e1399f425b2aa115d22e2b -> 
  custom:scripting/monoscript/fileName/RecorderControllerSettingsPresetEditor.cs: 49aed206ae65ed5ac6b420f7104cd52d -> 
  custom:scripting/monoscript/fileName/AudioInput.cs: 499e96d8f0b35d362bd956c0975bb873 -> 
  custom:scripting/monoscript/fileName/WEBMRecorderSettings.cs: c176c43abbe456aeea55c2aef862801b -> 
  custom:scripting/monoscript/fileName/RecorderControllerSettingsPreset.cs: 78b391c1384ac60213ef58d50e78d553 -> 
  custom:scripting/monoscript/fileName/GameViewInputSettings.cs: a7ae22123f532f5bbcb39c654c998b57 -> 
  custom:scripting/monoscript/fileName/GameViewInputPropertyDrawer.cs: ae2c8a99c5e33d3d1ffc8232415130e8 -> 
  custom:scripting/monoscript/fileName/Camera360Input.cs: dc473b118c57e0734b0cd3476e333c06 -> 
  custom:scripting/monoscript/fileName/RecorderPreferencesSettingsProvider.cs: d92d314b87f7c2170e267636ebf38224 -> 
  custom:scripting/monoscript/fileName/RecorderBindings.cs: ac25db5b587307cfea909607f62e5641 -> 
  custom:video-decoder-ogg-theora: a1e56fd34408186e4bbccfd4996cb3dc -> 
  custom:scripting/monoscript/fileName/GIFWrapper.cs: 6ef8898a12699129e8f81f06a649cad1 -> 
  custom:scripting/monoscript/fileName/SceneHook.cs: 80fa8928b499d44515dd60e0bc895128 -> 
  custom:scripting/monoscript/fileName/AnimationInput.cs: e810137278708a698c5ccddaeb1a1e64 -> 
  custom:scripting/monoscript/fileName/OutputResolutionPropertyDrawer.cs: 0e33ffdf424417a2e685685cfc04d4b1 -> 
  custom:scripting/monoscript/fileName/EnumHelper.cs: 117b5609cc2a1ae41785cd0c8767815f -> 
  custom:scripting/monoscript/fileName/OutputPath.cs: ee51fcffcd8929d224a5e3fb152d5f62 -> 
  custom:scripting/monoscript/fileName/FileNameGeneratorDrawer.cs: a3ea71dec141084df9b7ffa19c11e2cb -> 
  custom:framework-win-MediaFoundation: 216162199b28c13a410421893ffa2e32 -> 
  custom:scripting/monoscript/fileName/RecorderPreferencesWindowGUIScope.cs: 7a2eba6fcb6829ea8b200991a02c9c06 -> 
  custom:scripting/monoscript/fileName/AspectRatio.cs: 18e3efa554f8258b676d4de53e38b642 -> 
  custom:scripting/monoscript/fileName/CameraInputSettings.cs: 6738f6dd994f658d2cbf6f5f3ba05a0e -> 
  custom:scripting/monoscript/fileName/RefHandle.cs: 90647cc400823b41df847a6cbfc29026 -> 
  custom:scripting/monoscript/fileName/CameraCapture.cs: c6dcba1380d9a4fa09f4e36182a45a73 -> 
  custom:scripting/monoscript/fileName/RecorderControllerSettings.cs: 989e0caa64af9b76551d4ff6bd15f598 -> 
  custom:scripting/monoscript/fileName/TargetedPropertyDrawer.cs: 90647cc400823b41df847a6cbfc29026 -> 
  custom:scripting/monoscript/fileName/MovieRecorderSettings.cs: 02a667a67b113b1f65e3fcadcc882513 -> 
  custom:scripting/monoscript/fileName/RenderTextureInputSettings.cs: ebca820667a63031a7597db85d26451a -> 
  custom:scripting/monoscript/fileName/ImageRecorderEditor.cs: d3134ae4c1dfd8e056bace11130b7692 -> 
  custom:scripting/monoscript/fileName/ProResEncoderSettings.cs: 4aca03881946a7fe9acacf199434009e -> 
  custom:scripting/monoscript/fileName/_FrameRequestComponent.cs: b34f171daaafc65da55ea68e2ed89f2b -> 
  custom:scripting/monoscript/fileName/RenderTextureInput.cs: 5dea77837ae3c82bb14643cd82dc06dc -> 
  custom:scripting/monoscript/fileName/RecorderAnalytics.cs: 0fa40093f6ac3fe75e92d746d563e5ee -> 
  custom:scripting/monoscript/fileName/MP4RecorderSettingsEditor.cs: 68a64b16a7961d71fa7286fd1f782e9b -> 
  custom:scripting/monoscript/fileName/RecorderBindingsEditor.cs: f7451a0e1cea6404b2976d2b2c42e273 -> 
  custom:scripting/monoscript/fileName/BaseRenderTextureInput.cs: 5dc13661a5a0dca5d09ca211933a44e2 -> 
  custom:scripting/monoscript/fileName/StatusBarHelper.cs: da04a6ed046f8a62f416d5d3ea415bef -> 
  custom:scripting/precompiled-assembly-types:Unity.Recorder: bd5378c99f6216e06dd6e2c2a60a86a4 -> 
  custom:CustomObjectIndexerAttribute: 9a22284fe3817be447336de3de66b15e -> 
  custom:scripting/monoscript/fileName/Camera360InputSettings.cs: 3d5eaf1cb3a9df6f9d1d52f3c3018c46 -> 
  custom:scripting/monoscript/fileName/PNGRecorderSettingsEditor.cs: 4970e6657bb34f7efc2c7d8168c7358b -> 
  custom:scripting/monoscript/fileName/ImageHeightSelector.cs: d1a7972bf1d79d90f09ab23c718afe39 -> 
  custom:scripting/monoscript/fileName/AnimationInputSettings.cs: d64a99ebbd13660e9264cb4111ab9832 -> 
  custom:scripting/monoscript/fileName/MP4RecorderSettings.cs: 551f5535c05b86d6ee91684eced14987 -> 
  custom:scripting/monoscript/fileName/RecorderPreferencesSettings.cs: 761b0a55fc5e50239a1d0c4bfc968274 -> 
  custom:container-demuxer-webm: 4f35f7cbe854078d1ac9338744f61a02 -> 
  custom:scripting/monoscript/fileName/RecorderSettingsPrefsEditor.cs: ba9e697f1d269c2c960a41bc543fa408 -> 
  custom:scripting/monoscript/fileName/ProResWrapper.cs: 712515ef615766c98115c6a20d85d6c8 -> 
  custom:scripting/monoscript/fileName/RecordModePropertyDrawer.cs: 165332db07362bbcab2d8dc6d1e1dfda -> 
  custom:scripting/monoscript/fileName/ImageInputSettings.cs: 98a2aedd167d40f01804b04845eeaf15 -> 
  custom:scripting/monoscript/fileName/SerializableObjHelper.cs: f19f181f3f05e8e393225dd7030fb66a -> 
  custom:scripting/monoscript/fileName/InputPropertyDrawer.cs: 90647cc400823b41df847a6cbfc29026 -> 
  custom:scripting/monoscript/fileName/AudioInputSettings.cs: a2c930fca1dd5e27705fbacf39727bb4 -> 
  custom:scripting/monoscript/fileName/InputSettings.cs: 35c56ce5488c6b464726305dcbd33b3d -> 
  custom:scripting/monoscript/fileName/RecorderEditor.cs: 736e59ba52eea987abc47f36a836e575 -> 
  custom:scripting/monoscript/fileName/AudioRecorderSettings.cs: 0b00f2c93558486cc61a06f270f43fea -> 
  custom:scripting/monoscript/fileName/RecordersInventory.cs: fb714c8df18f9b7fc7f3361f604ae3dc -> 
  custom:scripting/monoscript/fileName/BaseFCRecorderSettings.cs: fab928553cedb8703ac192d6cf7b6294 -> 
  custom:scripting/monoscript/fileName/AOVRecorderSettings.cs: cdc731153cd2f1f739300a28ea6a6608 -> 
  custom:scripting/monoscript/fileName/EXRCompressionTypeDrawer.cs: 301cb614ecf84a4dab346c5f76ea2016 -> 
  custom:scripting/monoscript/fileName/AOVRecorder.cs: c53e83f1863b3ea80b6df3885cdb8c82 -> 
  custom:scripting/monoscript/fileName/IEncoderSettings.cs: c7d04fadacf538db841606cc656ae724 -> 
  custom:scripting/monoscript/fileName/ShutterProfileTypePropertyDrawer.cs: 18a32c647eca27716eabcb5a44f00e32 -> 
  custom:scripting/monoscript/fileName/MovieRecorderEditor.cs: eb00ddb8a76b8dfb7c88b7826a49d38b -> 
  custom:scripting/monoscript/fileName/RenderTextureInputSettingsPropertyDrawer.cs: 809602b52454cd1e6229756218a8f453 -> 
  custom:scripting/monoscript/fileName/RecorderPlayableBehaviour.cs: 80165a21f4cd0dda690f708a19d389bd -> 
  custom:scripting/monoscript/fileName/GifEncoderSettingsPropertyDrawer.cs: b36c9a7eaaefccda514b23d7e14761ca -> 
  custom:scripting/monoscript/fileName/PNGRecorder.cs: 08fd40f88cb6b18c96882f263639f57d -> 
  custom:scripting/monoscript/fileName/CameraInputSettingsPropertyDrawer.cs: 91928abf1abf88be098cb088d896aec5 -> 
  custom:scripting/monoscript/fileName/AudioRecorderEditor.cs: 565168dec291afe3fa470657cfc2c123 -> 
  custom:scripting/monoscript/fileName/AOVRecorderEditor.cs: 5ca53ccd6d7645709639507726114395 -> 
  custom:container-muxer-webm: aa71ff27fc2769a1b78a27578f13a17b -> 
  custom:video-decoder-webm-vp8: 9c59270c3fd7afecdb556c50c9e8de78 -> 
  custom:scripting/monoscript/fileName/RecordingSession.cs: f3ad08157c278a036224ca395f350890 -> 
  custom:scripting/monoscript/fileName/GameViewSize.cs: f6128a6515fcafce6db32fcdfa107254 -> 
  custom:scripting/monoscript/fileName/UnityHelpers.cs: b3e077029b574be508585124a9d839ef -> 
  custom:SearchIndexIgnoredProperties: e643bd26f0fe6173181afceb89e7c659 -> 
  custom:scripting/monoscript/fileName/GIFRecorder.cs: c00ece885699fb9084deaccd3eb27518 -> 
  custom:AudioImporter_EditorPlatform: d09bf68614088b80899f8185d706f6e7 -> 
  custom:scripting/monoscript/fileName/EXRRecorder.cs: 3f576ce8ddd959d51a4d7ba1999ecdbb -> 
  custom:scripting/monoscript/fileName/WEBMRecorder.cs: 391b6b920cfbc02401ea522620320c93 -> 
  custom:scripting/monoscript/fileName/RenderTextureSampler.cs: 1a7b9abab9548e1054dc40d6e2fa0270 -> 
  custom:scripting/monoscript/fileName/GifEncoder.cs: 40f336d5c5042a8a04556b4c5804a538 -> 
  custom:scripting/monoscript/fileName/GenericRecorder.cs: 90647cc400823b41df847a6cbfc29026 -> 
  custom:scripting/monoscript/fileName/ImageInputSelector.cs: f55822da877594150873922341be92b6 -> 
  custom:scripting/monoscript/fileName/AnimationRecorderSettingsEditor.cs: db1294bf3d48be44b6e4b2f2cc100b02 -> 
  custom:scripting/monoscript/fileName/RecorderTrack.cs: fac9638ece7eb7daaa1302fa170613fd -> 
  custom:scripting/monoscript/fileName/InputSettingsSelector.cs: 499a4ec92267406782b5c4f3472d53b9 -> 
  custom:scripting/monoscript/fileName/FileNameGenerator.cs: 5c8b6eb5291c3311189e0dfadac99363 -> 
  custom:scripting/monoscript/fileName/RecorderItem.cs: b62d2fcb9547a248575727d8a1646db8 -> 
  custom:scripting/monoscript/fileName/TextureFlipper.cs: 825b503b2ddab9cbd8ebbf3038075092 -> 
  custom:scripting/monoscript/fileName/AccumulationSettings.cs: fb962f0c2333934b681b167574f5e1cd -> 
  custom:scripting/monoscript/fileName/Camera360InputPropertyDrawer.cs: af647a2fe91bec98139246321cac865d -> 
  custom:scripting/monoscript/fileName/RecorderClipEditor.cs: 947ad5ff1f968d7fc40767d187070964 -> 
  custom:scripting/monoscript/fileName/EXRRecorderSettingsEditor.cs: c520a04c5f01331f2c8800e289ef6d6f -> 
  custom:scripting/monoscript/fileName/CoreEncoder.cs: dfaed86e82ad12e6a2b6740a0fb35820 -> 
  custom:scripting/monoscript/fileName/PNGRecorderSettings.cs: 79a421225358808ff14dd88c0355d1b6 -> 
  custom:scripting/monoscript/fileName/AspectRatioPropertyDrawer.cs: 9f18568574138839573389bde3e660a7 -> 
  custom:scripting/monoscript/fileName/ProResEncoder.cs: b375bf2d41e3d89081c3f2d1a0823bf3 -> 
  custom:scripting/monoscript/fileName/CameraInput.cs: bf7e0df3caf9e500f6d1c98c99e165ba -> 
  custom:scripting/monoscript/fileName/RecorderSettings.cs: bc3ef26ac157af28e5460886c0d5ef2e -> 
  custom:scripting/monoscript/fileName/RecorderClipTimelineEditor.cs: 2995d9f50ebc9245c6e9bd75c56415fb -> 
  custom:scripting/monoscript/fileName/EncoderSettingsAttribute.cs: 8352396dc11cff58c65c429fdb4fc67e -> 
  custom:scripting/monoscript/fileName/MP4Recorder.cs: af531c4e1f6d23547da08837eb16b729 -> 
  custom:scripting/monoscript/fileName/EncoderTypeUtilities.cs: a12c4c78a6cd4fb6b93180d59ad77be8 -> 
  custom:scripting/monoscript/fileName/PooledBufferAsyncGPUReadback.cs: 2a4e50c5dda177306c9ec935763c4378 -> 
  custom:scripting/monoscript/fileName/AnimationRecorder.cs: f749a4250195b5467bbf05e3a976b59f -> 
  custom:scripting/precompiled-assembly-types:Unity.Recorder.Base: 3fec19fdf10e3518c41e41a932f2042f -> 
  custom:scripting/monoscript/fileName/AnimationRecorderSettings.cs: 5cfb1544a40f93fe0ea879bb1361c877 -> 
  custom:scripting/monoscript/fileName/RenderTextureSamplerSettings.cs: 68adab84706346f2ecbdfd649ca9cf61 -> 
  custom:scripting/monoscript/fileName/RecordingContext.cs: af9af1e8b283703482ba133924b5585a -> 
  custom:scripting/monoscript/fileName/RecorderSelector.cs: c3cd2caacd181d6eff54dc260c4a1ffb -> 
  custom:video-encoder-webm-vp8: eb34c28f22e8b96e1ab97ce403110664 -> 
  custom:scripting/monoscript/fileName/RecorderInput.cs: 88fd8d8fd71b34ed7298a01f6c2d2e40 -> 
  custom:scripting/monoscript/fileName/RenderTextureSamplerPropertyDrawer.cs: b541817d9cc9b1341d2ddfa8823b718d -> 
  custom:scripting/monoscript/fileName/RecorderSettingsAttribute.cs: ddd228b25da7ba2ac10d13e1efacc875 -> 
  custom:audio-decoder-ogg-vorbis: bf7c407c2cedff20999df2af8eb42d56 -> 
  custom:scripting/monoscript/fileName/OutputPathDrawer.cs: cffc34c1be094e6caeb13ff3b26ca679 -> 
  custom:scripting/monoscript/fileName/EditorVersionsHelper.cs: 3ad9098caeeff0295dba8c0911f5333a -> 
  custom:scripting/monoscript/fileName/SettingAsset.cs: 7c3790954696ae83d71055079b387931 -> 
  custom:scripting/monoscript/fileName/OutputResolution.cs: 31c632d97e9a69bcc2ef10f6feb5bf62 -> 
  custom:scripting/monoscript/fileName/AccumulationSettingsPropertyDrawer.cs: bfc920db0de3c29c2967e88aac1c1027 -> 
  custom:scripting/monoscript/fileName/AnimationInputSettingsPropertyDrawer.cs: ebe1771fecebe7a93badf6354f59c990 -> 
  custom:scripting/monoscript/fileName/CoreEncoderSettings.cs: 2b5db1db3c1fa7de4175a7e143de3ce5 -> 
  custom:scripting/monoscript/fileName/VisualListItem.cs: 90647cc400823b41df847a6cbfc29026 -> 
  custom:scripting/monoscript/fileName/FrameRateProperyDrawer.cs: c478c798f5354f66af45b380be0629f9 -> 
  custom:scripting/monoscript/fileName/InputSettingsSelectorDrawer.cs: bca46dd5b59e2f574c94bef4cdb878fb -> 
  custom:scripting/monoscript/fileName/RecorderWindow.cs: 553a30d64d5ef1dcad6b00b4eeeb3829 -> 
  custom:scripting/monoscript/fileName/AOVCameraInputSettings.cs: 4d2fdf1142ce53d73cb43d39944ba516 -> 
  custom:scripting/monoscript/fileName/EnumProperyDrawer.cs: 90647cc400823b41df847a6cbfc29026 -> 
  custom:scripting/monoscript/fileName/AOVImageInputSelector.cs: b741d8d3a7cbb503c5bdf23d7e6792db -> 
  custom:scripting/monoscript/fileName/CoreEncoderSettingsPropertyDrawer.cs: c8bdf3420d844fd4604c0d0cf3815355 -> 
  custom:scripting/monoscript/fileName/GifEncoderSettings.cs: 812ca6afdf48b830953d76adab9d4030 -> 
  custom:scripting/monoscript/fileName/GIFRecorderSettingsEditor.cs: 4d0f46bcf58d188895fabae5334995ae -> 
  custom:scripting/monoscript/fileName/IEncoder.cs: 007c2ef621b0d92b5a7a6bae91d26090 -> 
  custom:scripting/monoscript/fileName/RecorderOptions.cs: 74782d297e80d8f56c0e05a7cde4e51d -> 
  custom:scripting/precompiled-assembly-types:Unity.Recorder.Editor: cd22b836ef1ca10e7d8c91c9be46b4bf -> 
  custom:scripting/monoscript/fileName/ProResEncoderSettingsPropertyDrawer.cs: 68c25e6d4459336217d4b9e22eb707b4 -> 
  custom:scripting/monoscript/fileName/ImageRecorder.cs: b804c29bfc59a61db184c1d275fe4101 -> 
  custom:scripting/monoscript/fileName/EditableLabel.cs: 4f8fa2c6092744ed6607a411e3f617c0 -> 
  custom:scripting/monoscript/fileName/GameViewInput.cs: 596e7ffa2d11b2002176644af3247ea6 -> 
  custom:audio-encoder-webm-vorbis: bf7c407c2cedff20999df2af8eb42d56 -> 
  custom:scripting/monoscript/fileName/SerializedDictionnary.cs: 90647cc400823b41df847a6cbfc29026 -> 
  custom:scripting/monoscript/fileName/HammersleySequence.cs: b06601f044912976f668045b7d4c79a8 -> 
  custom:scripting/monoscript/fileName/_RecorderComponent.cs: 8c268d1df4e18643d83ea9c6eeba2d9f -> 
  custom:scripting/monoscript/fileName/IAccumulation.cs: 38dee62d444423165276e3254554d005 -> 
  custom:scripting/monoscript/fileName/RecorderController.cs: 5760bd2995080b8d0d9d9e88ab8933c6 -> 
  custom:scripting/monoscript/fileName/EXRRecorderSettings.cs: bf113df492cb5b25e11ec144a73c2f74 -> 
========================================================================
Received Import Request.
  Time since last request: 7.358133 seconds.
  path: Assets/Prefabs/Cube.prefab
  artifactKey: Guid(6f465dab9e6bdbc40b292aa1082e7dd9) Importer(815301076,1909f56bfc062723c751e8b465ee728b)
Start importing Assets/Prefabs/Cube.prefab using Guid(6f465dab9e6bdbc40b292aa1082e7dd9) Importer(815301076,1909f56bfc062723c751e8b465ee728b) [PhysX] Initialized MultithreadedTaskDispatcher with 12 workers.
 -> (artifact id: '9d04fdfc94419e9d414e421f41762208') in 0.001398 seconds
Number of updated asset objects reloaded before import = 0
Number of asset objects unloaded after import = 0
========================================================================
Received Import Request.
  Time since last request: 16.681751 seconds.
  path: Assets/Prefabs/Cube.prefab
  artifactKey: Guid(6f465dab9e6bdbc40b292aa1082e7dd9) Importer(815301076,1909f56bfc062723c751e8b465ee728b)
Start importing Assets/Prefabs/Cube.prefab using Guid(6f465dab9e6bdbc40b292aa1082e7dd9) Importer(815301076,1909f56bfc062723c751e8b465ee728b) [PhysX] Initialized MultithreadedTaskDispatcher with 12 workers.
 -> (artifact id: '9d04fdfc94419e9d414e421f41762208') in 0.000462 seconds
Number of updated asset objects reloaded before import = 0
Number of asset objects unloaded after import = 0
========================================================================
Received Prepare
Caller must complete domain reload
Begin MonoManager ReloadAssembly
- Loaded All Assemblies, in  0.419 seconds
Native extension for WindowsStandalone target not found
Native extension for iOS target not found
Native extension for Android target not found
Mono: successfully reloaded assembly
- Finished resetting the current domain, in  0.919 seconds
Domain Reload Profiling: 1335ms
	BeginReloadAssembly (131ms)
		ExecutionOrderSort (0ms)
		DisableScriptedObjects (6ms)
		BackupInstance (0ms)
		ReleaseScriptingObjects (0ms)
		CreateAndSetChildDomain (26ms)
	RebuildCommonClasses (25ms)
	RebuildNativeTypeToScriptingClass (8ms)
	initialDomainReloadingComplete (27ms)
	LoadAllAssembliesAndSetupDomain (224ms)
		LoadAssemblies (278ms)
		RebuildTransferFunctionScriptingTraits (0ms)
		AnalyzeDomain (16ms)
			TypeCache.Refresh (6ms)
				TypeCache.ScanAssembly (0ms)
			ScanForSourceGeneratedMonoScriptInfo (5ms)
			ResolveRequiredComponents (5ms)
	FinalizeReload (920ms)
		ReleaseScriptCaches (0ms)
		RebuildScriptCaches (0ms)
		SetupLoadedEditorAssemblies (451ms)
			LogAssemblyErrors (0ms)
			InitializePlatformSupportModulesInManaged (27ms)
			SetLoadedEditorAssemblies (3ms)
			RefreshPlugins (0ms)
			BeforeProcessingInitializeOnLoad (81ms)
			ProcessInitializeOnLoadAttributes (314ms)
			ProcessInitializeOnLoadMethodAttributes (17ms)
			AfterProcessingInitializeOnLoad (9ms)
			EditorAssembliesLoaded (0ms)
		ExecutionOrderSort2 (0ms)
		AwakeInstancesAfterBackupRestoration (5ms)
Refreshing native plugins compatible for Editor in 5.07 ms, found 6 plugins.
Preloading 0 native plugins for Editor in 0.00 ms.
Unloading 3255 Unused Serialized files (Serialized files now loaded: 0)
Unloading 21 unused Assets / (336.0 KB). Loaded Objects now: 3841.
Memory consumption went from 127.4 MB to 127.1 MB.
Total: 2.518400 ms (FindLiveObjects: 0.190700 ms CreateObjectMapping: 0.106800 ms MarkObjects: 2.057500 ms  DeleteObjects: 0.162800 ms)

Prepare: number of updated asset objects reloaded= 0
AssetImportParameters requested are different than current active one (requested -> active):
  custom:scripting/monoscript/fileName/WEBMRecorderSettingsEditor.cs: 5559c87f45d3b65fac8d5ac4ef5e81c8 -> 
  custom:scripting/monoscript/fileName/UIElementHelper.cs: 9f9438adfe3361012ea6280d4cdb2df4 -> 
  custom:scripting/monoscript/fileName/AOVCameraInput.cs: c23c8ce885672bc57e25263b3efd067a -> 
  custom:scripting/monoscript/fileName/BaseTextureRecorder.cs: 90647cc400823b41df847a6cbfc29026 -> 
  custom:scripting/monoscript/fileName/Recorder.cs: a7e319d512627774f8215ba0b76f0bcb -> 
  custom:scripting/monoscript/fileName/AudioRecorder.cs: 89550121570f22445b4a1b28daea3cf9 -> 
  custom:scripting/monoscript/fileName/PanelSplitter.cs: 5ff6c6e385b6b12ca322a9c92ac6f371 -> 
  custom:scripting/monoscript/fileName/ImageRecorderSettings.cs: a7ab05fac9382c03607c40fe73956ed6 -> 
  custom:scripting/monoscript/fileName/RecorderClip.cs: 897017f45cb3c30f306724d1fa17a8fe -> 
  custom:scripting/monoscript/fileName/GIFRecorderSettings.cs: 979f88ae1e7731daed242ab2fdebbc0e -> 
  custom:container-demuxer-ogg: 62fdf1f143b41e24485cea50d1cbac27 -> 
  custom:scripting/monoscript/fileName/MovieRecorder.cs: 024785cf83e1399f425b2aa115d22e2b -> 
  custom:scripting/monoscript/fileName/RecorderControllerSettingsPresetEditor.cs: 49aed206ae65ed5ac6b420f7104cd52d -> 
  custom:scripting/monoscript/fileName/AudioInput.cs: 499e96d8f0b35d362bd956c0975bb873 -> 
  custom:scripting/monoscript/fileName/WEBMRecorderSettings.cs: c176c43abbe456aeea55c2aef862801b -> 
  custom:scripting/monoscript/fileName/RecorderControllerSettingsPreset.cs: 78b391c1384ac60213ef58d50e78d553 -> 
  custom:scripting/monoscript/fileName/GameViewInputSettings.cs: a7ae22123f532f5bbcb39c654c998b57 -> 
  custom:scripting/monoscript/fileName/GameViewInputPropertyDrawer.cs: ae2c8a99c5e33d3d1ffc8232415130e8 -> 
  custom:scripting/monoscript/fileName/Camera360Input.cs: dc473b118c57e0734b0cd3476e333c06 -> 
  custom:scripting/monoscript/fileName/RecorderPreferencesSettingsProvider.cs: d92d314b87f7c2170e267636ebf38224 -> 
  custom:scripting/monoscript/fileName/RecorderBindings.cs: ac25db5b587307cfea909607f62e5641 -> 
  custom:video-decoder-ogg-theora: a1e56fd34408186e4bbccfd4996cb3dc -> 
  custom:scripting/monoscript/fileName/GIFWrapper.cs: 6ef8898a12699129e8f81f06a649cad1 -> 
  custom:scripting/monoscript/fileName/SceneHook.cs: 80fa8928b499d44515dd60e0bc895128 -> 
  custom:scripting/monoscript/fileName/AnimationInput.cs: e810137278708a698c5ccddaeb1a1e64 -> 
  custom:scripting/monoscript/fileName/OutputResolutionPropertyDrawer.cs: 0e33ffdf424417a2e685685cfc04d4b1 -> 
  custom:scripting/monoscript/fileName/EnumHelper.cs: 117b5609cc2a1ae41785cd0c8767815f -> 
  custom:scripting/monoscript/fileName/OutputPath.cs: ee51fcffcd8929d224a5e3fb152d5f62 -> 
  custom:scripting/monoscript/fileName/FileNameGeneratorDrawer.cs: a3ea71dec141084df9b7ffa19c11e2cb -> 
  custom:framework-win-MediaFoundation: 216162199b28c13a410421893ffa2e32 -> 
  custom:scripting/monoscript/fileName/RecorderPreferencesWindowGUIScope.cs: 7a2eba6fcb6829ea8b200991a02c9c06 -> 
  custom:scripting/monoscript/fileName/AspectRatio.cs: 18e3efa554f8258b676d4de53e38b642 -> 
  custom:scripting/monoscript/fileName/CameraInputSettings.cs: 6738f6dd994f658d2cbf6f5f3ba05a0e -> 
  custom:scripting/monoscript/fileName/RefHandle.cs: 90647cc400823b41df847a6cbfc29026 -> 
  custom:scripting/monoscript/fileName/CameraCapture.cs: c6dcba1380d9a4fa09f4e36182a45a73 -> 
  custom:scripting/monoscript/fileName/RecorderControllerSettings.cs: 989e0caa64af9b76551d4ff6bd15f598 -> 
  custom:scripting/monoscript/fileName/TargetedPropertyDrawer.cs: 90647cc400823b41df847a6cbfc29026 -> 
  custom:scripting/monoscript/fileName/MovieRecorderSettings.cs: 02a667a67b113b1f65e3fcadcc882513 -> 
  custom:scripting/monoscript/fileName/RenderTextureInputSettings.cs: ebca820667a63031a7597db85d26451a -> 
  custom:scripting/monoscript/fileName/ImageRecorderEditor.cs: d3134ae4c1dfd8e056bace11130b7692 -> 
  custom:scripting/monoscript/fileName/ProResEncoderSettings.cs: 4aca03881946a7fe9acacf199434009e -> 
  custom:scripting/monoscript/fileName/_FrameRequestComponent.cs: b34f171daaafc65da55ea68e2ed89f2b -> 
  custom:scripting/monoscript/fileName/RenderTextureInput.cs: 5dea77837ae3c82bb14643cd82dc06dc -> 
  custom:scripting/monoscript/fileName/RecorderAnalytics.cs: 0fa40093f6ac3fe75e92d746d563e5ee -> 
  custom:scripting/monoscript/fileName/MP4RecorderSettingsEditor.cs: 68a64b16a7961d71fa7286fd1f782e9b -> 
  custom:scripting/monoscript/fileName/RecorderBindingsEditor.cs: f7451a0e1cea6404b2976d2b2c42e273 -> 
  custom:scripting/monoscript/fileName/BaseRenderTextureInput.cs: 5dc13661a5a0dca5d09ca211933a44e2 -> 
  custom:scripting/monoscript/fileName/StatusBarHelper.cs: da04a6ed046f8a62f416d5d3ea415bef -> 
  custom:scripting/precompiled-assembly-types:Unity.Recorder: bd5378c99f6216e06dd6e2c2a60a86a4 -> 
  custom:CustomObjectIndexerAttribute: 9a22284fe3817be447336de3de66b15e -> 
  custom:scripting/monoscript/fileName/Camera360InputSettings.cs: 3d5eaf1cb3a9df6f9d1d52f3c3018c46 -> 
  custom:scripting/monoscript/fileName/PNGRecorderSettingsEditor.cs: 4970e6657bb34f7efc2c7d8168c7358b -> 
  custom:scripting/monoscript/fileName/ImageHeightSelector.cs: d1a7972bf1d79d90f09ab23c718afe39 -> 
  custom:scripting/monoscript/fileName/AnimationInputSettings.cs: d64a99ebbd13660e9264cb4111ab9832 -> 
  custom:scripting/monoscript/fileName/MP4RecorderSettings.cs: 551f5535c05b86d6ee91684eced14987 -> 
  custom:scripting/monoscript/fileName/RecorderPreferencesSettings.cs: 761b0a55fc5e50239a1d0c4bfc968274 -> 
  custom:container-demuxer-webm: 4f35f7cbe854078d1ac9338744f61a02 -> 
  custom:scripting/monoscript/fileName/RecorderSettingsPrefsEditor.cs: ba9e697f1d269c2c960a41bc543fa408 -> 
  custom:scripting/monoscript/fileName/ProResWrapper.cs: 712515ef615766c98115c6a20d85d6c8 -> 
  custom:scripting/monoscript/fileName/RecordModePropertyDrawer.cs: 165332db07362bbcab2d8dc6d1e1dfda -> 
  custom:scripting/monoscript/fileName/ImageInputSettings.cs: 98a2aedd167d40f01804b04845eeaf15 -> 
  custom:scripting/monoscript/fileName/SerializableObjHelper.cs: f19f181f3f05e8e393225dd7030fb66a -> 
  custom:scripting/monoscript/fileName/InputPropertyDrawer.cs: 90647cc400823b41df847a6cbfc29026 -> 
  custom:scripting/monoscript/fileName/AudioInputSettings.cs: a2c930fca1dd5e27705fbacf39727bb4 -> 
  custom:scripting/monoscript/fileName/InputSettings.cs: 35c56ce5488c6b464726305dcbd33b3d -> 
  custom:scripting/monoscript/fileName/RecorderEditor.cs: 736e59ba52eea987abc47f36a836e575 -> 
  custom:scripting/monoscript/fileName/AudioRecorderSettings.cs: 0b00f2c93558486cc61a06f270f43fea -> 
  custom:scripting/monoscript/fileName/RecordersInventory.cs: fb714c8df18f9b7fc7f3361f604ae3dc -> 
  custom:scripting/monoscript/fileName/BaseFCRecorderSettings.cs: fab928553cedb8703ac192d6cf7b6294 -> 
  custom:scripting/monoscript/fileName/AOVRecorderSettings.cs: cdc731153cd2f1f739300a28ea6a6608 -> 
  custom:scripting/monoscript/fileName/EXRCompressionTypeDrawer.cs: 301cb614ecf84a4dab346c5f76ea2016 -> 
  custom:scripting/monoscript/fileName/AOVRecorder.cs: c53e83f1863b3ea80b6df3885cdb8c82 -> 
  custom:scripting/monoscript/fileName/IEncoderSettings.cs: c7d04fadacf538db841606cc656ae724 -> 
  custom:scripting/monoscript/fileName/ShutterProfileTypePropertyDrawer.cs: 18a32c647eca27716eabcb5a44f00e32 -> 
  custom:scripting/monoscript/fileName/MovieRecorderEditor.cs: eb00ddb8a76b8dfb7c88b7826a49d38b -> 
  custom:scripting/monoscript/fileName/RenderTextureInputSettingsPropertyDrawer.cs: 809602b52454cd1e6229756218a8f453 -> 
  custom:scripting/monoscript/fileName/RecorderPlayableBehaviour.cs: 80165a21f4cd0dda690f708a19d389bd -> 
  custom:scripting/monoscript/fileName/GifEncoderSettingsPropertyDrawer.cs: b36c9a7eaaefccda514b23d7e14761ca -> 
  custom:scripting/monoscript/fileName/PNGRecorder.cs: 08fd40f88cb6b18c96882f263639f57d -> 
  custom:scripting/monoscript/fileName/CameraInputSettingsPropertyDrawer.cs: 91928abf1abf88be098cb088d896aec5 -> 
  custom:scripting/monoscript/fileName/AudioRecorderEditor.cs: 565168dec291afe3fa470657cfc2c123 -> 
  custom:scripting/monoscript/fileName/AOVRecorderEditor.cs: 5ca53ccd6d7645709639507726114395 -> 
  custom:container-muxer-webm: aa71ff27fc2769a1b78a27578f13a17b -> 
  custom:video-decoder-webm-vp8: 9c59270c3fd7afecdb556c50c9e8de78 -> 
  custom:scripting/monoscript/fileName/RecordingSession.cs: f3ad08157c278a036224ca395f350890 -> 
  custom:scripting/monoscript/fileName/GameViewSize.cs: f6128a6515fcafce6db32fcdfa107254 -> 
  custom:scripting/monoscript/fileName/UnityHelpers.cs: b3e077029b574be508585124a9d839ef -> 
  custom:SearchIndexIgnoredProperties: e643bd26f0fe6173181afceb89e7c659 -> 
  custom:scripting/monoscript/fileName/GIFRecorder.cs: c00ece885699fb9084deaccd3eb27518 -> 
  custom:AudioImporter_EditorPlatform: d09bf68614088b80899f8185d706f6e7 -> 
  custom:scripting/monoscript/fileName/EXRRecorder.cs: 3f576ce8ddd959d51a4d7ba1999ecdbb -> 
  custom:scripting/monoscript/fileName/WEBMRecorder.cs: 391b6b920cfbc02401ea522620320c93 -> 
  custom:scripting/monoscript/fileName/RenderTextureSampler.cs: 1a7b9abab9548e1054dc40d6e2fa0270 -> 
  custom:scripting/monoscript/fileName/GifEncoder.cs: 40f336d5c5042a8a04556b4c5804a538 -> 
  custom:scripting/monoscript/fileName/GenericRecorder.cs: 90647cc400823b41df847a6cbfc29026 -> 
  custom:scripting/monoscript/fileName/ImageInputSelector.cs: f55822da877594150873922341be92b6 -> 
  custom:scripting/monoscript/fileName/AnimationRecorderSettingsEditor.cs: db1294bf3d48be44b6e4b2f2cc100b02 -> 
  custom:scripting/monoscript/fileName/RecorderTrack.cs: fac9638ece7eb7daaa1302fa170613fd -> 
  custom:scripting/monoscript/fileName/InputSettingsSelector.cs: 499a4ec92267406782b5c4f3472d53b9 -> 
  custom:scripting/monoscript/fileName/FileNameGenerator.cs: 5c8b6eb5291c3311189e0dfadac99363 -> 
  custom:scripting/monoscript/fileName/RecorderItem.cs: b62d2fcb9547a248575727d8a1646db8 -> 
  custom:scripting/monoscript/fileName/TextureFlipper.cs: 825b503b2ddab9cbd8ebbf3038075092 -> 
  custom:scripting/monoscript/fileName/AccumulationSettings.cs: fb962f0c2333934b681b167574f5e1cd -> 
  custom:scripting/monoscript/fileName/Camera360InputPropertyDrawer.cs: af647a2fe91bec98139246321cac865d -> 
  custom:scripting/monoscript/fileName/RecorderClipEditor.cs: 947ad5ff1f968d7fc40767d187070964 -> 
  custom:scripting/monoscript/fileName/EXRRecorderSettingsEditor.cs: c520a04c5f01331f2c8800e289ef6d6f -> 
  custom:scripting/monoscript/fileName/CoreEncoder.cs: dfaed86e82ad12e6a2b6740a0fb35820 -> 
  custom:scripting/monoscript/fileName/PNGRecorderSettings.cs: 79a421225358808ff14dd88c0355d1b6 -> 
  custom:scripting/monoscript/fileName/AspectRatioPropertyDrawer.cs: 9f18568574138839573389bde3e660a7 -> 
  custom:scripting/monoscript/fileName/ProResEncoder.cs: b375bf2d41e3d89081c3f2d1a0823bf3 -> 
  custom:scripting/monoscript/fileName/CameraInput.cs: bf7e0df3caf9e500f6d1c98c99e165ba -> 
  custom:scripting/monoscript/fileName/RecorderSettings.cs: bc3ef26ac157af28e5460886c0d5ef2e -> 
  custom:scripting/monoscript/fileName/RecorderClipTimelineEditor.cs: 2995d9f50ebc9245c6e9bd75c56415fb -> 
  custom:scripting/monoscript/fileName/EncoderSettingsAttribute.cs: 8352396dc11cff58c65c429fdb4fc67e -> 
  custom:scripting/monoscript/fileName/MP4Recorder.cs: af531c4e1f6d23547da08837eb16b729 -> 
  custom:scripting/monoscript/fileName/EncoderTypeUtilities.cs: a12c4c78a6cd4fb6b93180d59ad77be8 -> 
  custom:scripting/monoscript/fileName/PooledBufferAsyncGPUReadback.cs: 2a4e50c5dda177306c9ec935763c4378 -> 
  custom:scripting/monoscript/fileName/AnimationRecorder.cs: f749a4250195b5467bbf05e3a976b59f -> 
  custom:scripting/precompiled-assembly-types:Unity.Recorder.Base: 3fec19fdf10e3518c41e41a932f2042f -> 
  custom:scripting/monoscript/fileName/AnimationRecorderSettings.cs: 5cfb1544a40f93fe0ea879bb1361c877 -> 
  custom:scripting/monoscript/fileName/RenderTextureSamplerSettings.cs: 68adab84706346f2ecbdfd649ca9cf61 -> 
  custom:scripting/monoscript/fileName/RecordingContext.cs: af9af1e8b283703482ba133924b5585a -> 
  custom:scripting/monoscript/fileName/RecorderSelector.cs: c3cd2caacd181d6eff54dc260c4a1ffb -> 
  custom:video-encoder-webm-vp8: eb34c28f22e8b96e1ab97ce403110664 -> 
  custom:scripting/monoscript/fileName/RecorderInput.cs: 88fd8d8fd71b34ed7298a01f6c2d2e40 -> 
  custom:scripting/monoscript/fileName/RenderTextureSamplerPropertyDrawer.cs: b541817d9cc9b1341d2ddfa8823b718d -> 
  custom:scripting/monoscript/fileName/RecorderSettingsAttribute.cs: ddd228b25da7ba2ac10d13e1efacc875 -> 
  custom:audio-decoder-ogg-vorbis: bf7c407c2cedff20999df2af8eb42d56 -> 
  custom:scripting/monoscript/fileName/OutputPathDrawer.cs: cffc34c1be094e6caeb13ff3b26ca679 -> 
  custom:scripting/monoscript/fileName/EditorVersionsHelper.cs: 3ad9098caeeff0295dba8c0911f5333a -> 
  custom:scripting/monoscript/fileName/SettingAsset.cs: 7c3790954696ae83d71055079b387931 -> 
  custom:scripting/monoscript/fileName/OutputResolution.cs: 31c632d97e9a69bcc2ef10f6feb5bf62 -> 
  custom:scripting/monoscript/fileName/AccumulationSettingsPropertyDrawer.cs: bfc920db0de3c29c2967e88aac1c1027 -> 
  custom:scripting/monoscript/fileName/AnimationInputSettingsPropertyDrawer.cs: ebe1771fecebe7a93badf6354f59c990 -> 
  custom:scripting/monoscript/fileName/CoreEncoderSettings.cs: 2b5db1db3c1fa7de4175a7e143de3ce5 -> 
  custom:scripting/monoscript/fileName/VisualListItem.cs: 90647cc400823b41df847a6cbfc29026 -> 
  custom:scripting/monoscript/fileName/FrameRateProperyDrawer.cs: c478c798f5354f66af45b380be0629f9 -> 
  custom:scripting/monoscript/fileName/InputSettingsSelectorDrawer.cs: bca46dd5b59e2f574c94bef4cdb878fb -> 
  custom:scripting/monoscript/fileName/RecorderWindow.cs: 553a30d64d5ef1dcad6b00b4eeeb3829 -> 
  custom:scripting/monoscript/fileName/AOVCameraInputSettings.cs: 4d2fdf1142ce53d73cb43d39944ba516 -> 
  custom:scripting/monoscript/fileName/EnumProperyDrawer.cs: 90647cc400823b41df847a6cbfc29026 -> 
  custom:scripting/monoscript/fileName/AOVImageInputSelector.cs: b741d8d3a7cbb503c5bdf23d7e6792db -> 
  custom:scripting/monoscript/fileName/CoreEncoderSettingsPropertyDrawer.cs: c8bdf3420d844fd4604c0d0cf3815355 -> 
  custom:scripting/monoscript/fileName/GifEncoderSettings.cs: 812ca6afdf48b830953d76adab9d4030 -> 
  custom:scripting/monoscript/fileName/GIFRecorderSettingsEditor.cs: 4d0f46bcf58d188895fabae5334995ae -> 
  custom:scripting/monoscript/fileName/IEncoder.cs: 007c2ef621b0d92b5a7a6bae91d26090 -> 
  custom:scripting/monoscript/fileName/RecorderOptions.cs: 74782d297e80d8f56c0e05a7cde4e51d -> 
  custom:scripting/precompiled-assembly-types:Unity.Recorder.Editor: cd22b836ef1ca10e7d8c91c9be46b4bf -> 
  custom:scripting/monoscript/fileName/ProResEncoderSettingsPropertyDrawer.cs: 68c25e6d4459336217d4b9e22eb707b4 -> 
  custom:scripting/monoscript/fileName/ImageRecorder.cs: b804c29bfc59a61db184c1d275fe4101 -> 
  custom:scripting/monoscript/fileName/EditableLabel.cs: 4f8fa2c6092744ed6607a411e3f617c0 -> 
  custom:scripting/monoscript/fileName/GameViewInput.cs: 596e7ffa2d11b2002176644af3247ea6 -> 
  custom:audio-encoder-webm-vorbis: bf7c407c2cedff20999df2af8eb42d56 -> 
  custom:scripting/monoscript/fileName/SerializedDictionnary.cs: 90647cc400823b41df847a6cbfc29026 -> 
  custom:scripting/monoscript/fileName/HammersleySequence.cs: b06601f044912976f668045b7d4c79a8 -> 
  custom:scripting/monoscript/fileName/_RecorderComponent.cs: 8c268d1df4e18643d83ea9c6eeba2d9f -> 
  custom:scripting/monoscript/fileName/IAccumulation.cs: 38dee62d444423165276e3254554d005 -> 
  custom:scripting/monoscript/fileName/RecorderController.cs: 5760bd2995080b8d0d9d9e88ab8933c6 -> 
  custom:scripting/monoscript/fileName/EXRRecorderSettings.cs: bf113df492cb5b25e11ec144a73c2f74 -> 
========================================================================
Received Prepare
Caller must complete domain reload
Begin MonoManager ReloadAssembly
- Loaded All Assemblies, in  0.403 seconds
Native extension for WindowsStandalone target not found
Native extension for iOS target not found
Native extension for Android target not found
Mono: successfully reloaded assembly
- Finished resetting the current domain, in  0.966 seconds
Domain Reload Profiling: 1365ms
	BeginReloadAssembly (123ms)
		ExecutionOrderSort (0ms)
		DisableScriptedObjects (4ms)
		BackupInstance (0ms)
		ReleaseScriptingObjects (0ms)
		CreateAndSetChildDomain (23ms)
	RebuildCommonClasses (25ms)
	RebuildNativeTypeToScriptingClass (8ms)
	initialDomainReloadingComplete (27ms)
	LoadAllAssembliesAndSetupDomain (216ms)
		LoadAssemblies (273ms)
		RebuildTransferFunctionScriptingTraits (0ms)
		AnalyzeDomain (10ms)
			TypeCache.Refresh (4ms)
				TypeCache.ScanAssembly (0ms)
			ScanForSourceGeneratedMonoScriptInfo (0ms)
			ResolveRequiredComponents (5ms)
	FinalizeReload (966ms)
		ReleaseScriptCaches (0ms)
		RebuildScriptCaches (0ms)
		SetupLoadedEditorAssemblies (481ms)
			LogAssemblyErrors (0ms)
			InitializePlatformSupportModulesInManaged (29ms)
			SetLoadedEditorAssemblies (4ms)
			RefreshPlugins (0ms)
			BeforeProcessingInitializeOnLoad (86ms)
			ProcessInitializeOnLoadAttributes (336ms)
			ProcessInitializeOnLoadMethodAttributes (17ms)
			AfterProcessingInitializeOnLoad (9ms)
			EditorAssembliesLoaded (0ms)
		ExecutionOrderSort2 (0ms)
		AwakeInstancesAfterBackupRestoration (5ms)
Refreshing native plugins compatible for Editor in 5.81 ms, found 6 plugins.
Preloading 0 native plugins for Editor in 0.00 ms.
Unloading 3255 Unused Serialized files (Serialized files now loaded: 0)
Unloading 21 unused Assets / (336.1 KB). Loaded Objects now: 3844.
Memory consumption went from 127.4 MB to 127.1 MB.
Total: 2.416200 ms (FindLiveObjects: 0.197200 ms CreateObjectMapping: 0.076200 ms MarkObjects: 1.979000 ms  DeleteObjects: 0.162900 ms)

Prepare: number of updated asset objects reloaded= 0
AssetImportParameters requested are different than current active one (requested -> active):
  custom:scripting/monoscript/fileName/WEBMRecorderSettingsEditor.cs: 5559c87f45d3b65fac8d5ac4ef5e81c8 -> 
  custom:scripting/monoscript/fileName/UIElementHelper.cs: 9f9438adfe3361012ea6280d4cdb2df4 -> 
  custom:scripting/monoscript/fileName/AOVCameraInput.cs: c23c8ce885672bc57e25263b3efd067a -> 
  custom:scripting/monoscript/fileName/BaseTextureRecorder.cs: 90647cc400823b41df847a6cbfc29026 -> 
  custom:scripting/monoscript/fileName/Recorder.cs: a7e319d512627774f8215ba0b76f0bcb -> 
  custom:scripting/monoscript/fileName/AudioRecorder.cs: 89550121570f22445b4a1b28daea3cf9 -> 
  custom:scripting/monoscript/fileName/PanelSplitter.cs: 5ff6c6e385b6b12ca322a9c92ac6f371 -> 
  custom:scripting/monoscript/fileName/ImageRecorderSettings.cs: a7ab05fac9382c03607c40fe73956ed6 -> 
  custom:scripting/monoscript/fileName/RecorderClip.cs: 897017f45cb3c30f306724d1fa17a8fe -> 
  custom:scripting/monoscript/fileName/GIFRecorderSettings.cs: 979f88ae1e7731daed242ab2fdebbc0e -> 
  custom:container-demuxer-ogg: 62fdf1f143b41e24485cea50d1cbac27 -> 
  custom:scripting/monoscript/fileName/MovieRecorder.cs: 024785cf83e1399f425b2aa115d22e2b -> 
  custom:scripting/monoscript/fileName/RecorderControllerSettingsPresetEditor.cs: 49aed206ae65ed5ac6b420f7104cd52d -> 
  custom:scripting/monoscript/fileName/AudioInput.cs: 499e96d8f0b35d362bd956c0975bb873 -> 
  custom:scripting/monoscript/fileName/WEBMRecorderSettings.cs: c176c43abbe456aeea55c2aef862801b -> 
  custom:scripting/monoscript/fileName/RecorderControllerSettingsPreset.cs: 78b391c1384ac60213ef58d50e78d553 -> 
  custom:scripting/monoscript/fileName/GameViewInputSettings.cs: a7ae22123f532f5bbcb39c654c998b57 -> 
  custom:scripting/monoscript/fileName/GameViewInputPropertyDrawer.cs: ae2c8a99c5e33d3d1ffc8232415130e8 -> 
  custom:scripting/monoscript/fileName/Camera360Input.cs: dc473b118c57e0734b0cd3476e333c06 -> 
  custom:scripting/monoscript/fileName/RecorderPreferencesSettingsProvider.cs: d92d314b87f7c2170e267636ebf38224 -> 
  custom:scripting/monoscript/fileName/RecorderBindings.cs: ac25db5b587307cfea909607f62e5641 -> 
  custom:video-decoder-ogg-theora: a1e56fd34408186e4bbccfd4996cb3dc -> 
  custom:scripting/monoscript/fileName/GIFWrapper.cs: 6ef8898a12699129e8f81f06a649cad1 -> 
  custom:scripting/monoscript/fileName/SceneHook.cs: 80fa8928b499d44515dd60e0bc895128 -> 
  custom:scripting/monoscript/fileName/AnimationInput.cs: e810137278708a698c5ccddaeb1a1e64 -> 
  custom:scripting/monoscript/fileName/OutputResolutionPropertyDrawer.cs: 0e33ffdf424417a2e685685cfc04d4b1 -> 
  custom:scripting/monoscript/fileName/EnumHelper.cs: 117b5609cc2a1ae41785cd0c8767815f -> 
  custom:scripting/monoscript/fileName/OutputPath.cs: ee51fcffcd8929d224a5e3fb152d5f62 -> 
  custom:scripting/monoscript/fileName/FileNameGeneratorDrawer.cs: a3ea71dec141084df9b7ffa19c11e2cb -> 
  custom:framework-win-MediaFoundation: 216162199b28c13a410421893ffa2e32 -> 
  custom:scripting/monoscript/fileName/RecorderPreferencesWindowGUIScope.cs: 7a2eba6fcb6829ea8b200991a02c9c06 -> 
  custom:scripting/monoscript/fileName/AspectRatio.cs: 18e3efa554f8258b676d4de53e38b642 -> 
  custom:scripting/monoscript/fileName/CameraInputSettings.cs: 6738f6dd994f658d2cbf6f5f3ba05a0e -> 
  custom:scripting/monoscript/fileName/RefHandle.cs: 90647cc400823b41df847a6cbfc29026 -> 
  custom:scripting/monoscript/fileName/CameraCapture.cs: c6dcba1380d9a4fa09f4e36182a45a73 -> 
  custom:scripting/monoscript/fileName/RecorderControllerSettings.cs: 989e0caa64af9b76551d4ff6bd15f598 -> 
  custom:scripting/monoscript/fileName/TargetedPropertyDrawer.cs: 90647cc400823b41df847a6cbfc29026 -> 
  custom:scripting/monoscript/fileName/MovieRecorderSettings.cs: 02a667a67b113b1f65e3fcadcc882513 -> 
  custom:scripting/monoscript/fileName/RenderTextureInputSettings.cs: ebca820667a63031a7597db85d26451a -> 
  custom:scripting/monoscript/fileName/ImageRecorderEditor.cs: d3134ae4c1dfd8e056bace11130b7692 -> 
  custom:scripting/monoscript/fileName/ProResEncoderSettings.cs: 4aca03881946a7fe9acacf199434009e -> 
  custom:scripting/monoscript/fileName/_FrameRequestComponent.cs: b34f171daaafc65da55ea68e2ed89f2b -> 
  custom:scripting/monoscript/fileName/RenderTextureInput.cs: 5dea77837ae3c82bb14643cd82dc06dc -> 
  custom:scripting/monoscript/fileName/RecorderAnalytics.cs: 0fa40093f6ac3fe75e92d746d563e5ee -> 
  custom:scripting/monoscript/fileName/MP4RecorderSettingsEditor.cs: 68a64b16a7961d71fa7286fd1f782e9b -> 
  custom:scripting/monoscript/fileName/RecorderBindingsEditor.cs: f7451a0e1cea6404b2976d2b2c42e273 -> 
  custom:scripting/monoscript/fileName/BaseRenderTextureInput.cs: 5dc13661a5a0dca5d09ca211933a44e2 -> 
  custom:scripting/monoscript/fileName/StatusBarHelper.cs: da04a6ed046f8a62f416d5d3ea415bef -> 
  custom:scripting/precompiled-assembly-types:Unity.Recorder: bd5378c99f6216e06dd6e2c2a60a86a4 -> 
  custom:CustomObjectIndexerAttribute: 9a22284fe3817be447336de3de66b15e -> 
  custom:scripting/monoscript/fileName/Camera360InputSettings.cs: 3d5eaf1cb3a9df6f9d1d52f3c3018c46 -> 
  custom:scripting/monoscript/fileName/PNGRecorderSettingsEditor.cs: 4970e6657bb34f7efc2c7d8168c7358b -> 
  custom:scripting/monoscript/fileName/ImageHeightSelector.cs: d1a7972bf1d79d90f09ab23c718afe39 -> 
  custom:scripting/monoscript/fileName/AnimationInputSettings.cs: d64a99ebbd13660e9264cb4111ab9832 -> 
  custom:scripting/monoscript/fileName/MP4RecorderSettings.cs: 551f5535c05b86d6ee91684eced14987 -> 
  custom:scripting/monoscript/fileName/RecorderPreferencesSettings.cs: 761b0a55fc5e50239a1d0c4bfc968274 -> 
  custom:container-demuxer-webm: 4f35f7cbe854078d1ac9338744f61a02 -> 
  custom:scripting/monoscript/fileName/RecorderSettingsPrefsEditor.cs: ba9e697f1d269c2c960a41bc543fa408 -> 
  custom:scripting/monoscript/fileName/ProResWrapper.cs: 712515ef615766c98115c6a20d85d6c8 -> 
  custom:scripting/monoscript/fileName/RecordModePropertyDrawer.cs: 165332db07362bbcab2d8dc6d1e1dfda -> 
  custom:scripting/monoscript/fileName/ImageInputSettings.cs: 98a2aedd167d40f01804b04845eeaf15 -> 
  custom:scripting/monoscript/fileName/SerializableObjHelper.cs: f19f181f3f05e8e393225dd7030fb66a -> 
  custom:scripting/monoscript/fileName/InputPropertyDrawer.cs: 90647cc400823b41df847a6cbfc29026 -> 
  custom:scripting/monoscript/fileName/AudioInputSettings.cs: a2c930fca1dd5e27705fbacf39727bb4 -> 
  custom:scripting/monoscript/fileName/InputSettings.cs: 35c56ce5488c6b464726305dcbd33b3d -> 
  custom:scripting/monoscript/fileName/RecorderEditor.cs: 736e59ba52eea987abc47f36a836e575 -> 
  custom:scripting/monoscript/fileName/AudioRecorderSettings.cs: 0b00f2c93558486cc61a06f270f43fea -> 
  custom:scripting/monoscript/fileName/RecordersInventory.cs: fb714c8df18f9b7fc7f3361f604ae3dc -> 
  custom:scripting/monoscript/fileName/BaseFCRecorderSettings.cs: fab928553cedb8703ac192d6cf7b6294 -> 
  custom:scripting/monoscript/fileName/AOVRecorderSettings.cs: cdc731153cd2f1f739300a28ea6a6608 -> 
  custom:scripting/monoscript/fileName/EXRCompressionTypeDrawer.cs: 301cb614ecf84a4dab346c5f76ea2016 -> 
  custom:scripting/monoscript/fileName/AOVRecorder.cs: c53e83f1863b3ea80b6df3885cdb8c82 -> 
  custom:scripting/monoscript/fileName/IEncoderSettings.cs: c7d04fadacf538db841606cc656ae724 -> 
  custom:scripting/monoscript/fileName/ShutterProfileTypePropertyDrawer.cs: 18a32c647eca27716eabcb5a44f00e32 -> 
  custom:scripting/monoscript/fileName/MovieRecorderEditor.cs: eb00ddb8a76b8dfb7c88b7826a49d38b -> 
  custom:scripting/monoscript/fileName/RenderTextureInputSettingsPropertyDrawer.cs: 809602b52454cd1e6229756218a8f453 -> 
  custom:scripting/monoscript/fileName/RecorderPlayableBehaviour.cs: 80165a21f4cd0dda690f708a19d389bd -> 
  custom:scripting/monoscript/fileName/GifEncoderSettingsPropertyDrawer.cs: b36c9a7eaaefccda514b23d7e14761ca -> 
  custom:scripting/monoscript/fileName/PNGRecorder.cs: 08fd40f88cb6b18c96882f263639f57d -> 
  custom:scripting/monoscript/fileName/CameraInputSettingsPropertyDrawer.cs: 91928abf1abf88be098cb088d896aec5 -> 
  custom:scripting/monoscript/fileName/AudioRecorderEditor.cs: 565168dec291afe3fa470657cfc2c123 -> 
  custom:scripting/monoscript/fileName/AOVRecorderEditor.cs: 5ca53ccd6d7645709639507726114395 -> 
  custom:container-muxer-webm: aa71ff27fc2769a1b78a27578f13a17b -> 
  custom:video-decoder-webm-vp8: 9c59270c3fd7afecdb556c50c9e8de78 -> 
  custom:scripting/monoscript/fileName/RecordingSession.cs: f3ad08157c278a036224ca395f350890 -> 
  custom:scripting/monoscript/fileName/GameViewSize.cs: f6128a6515fcafce6db32fcdfa107254 -> 
  custom:scripting/monoscript/fileName/UnityHelpers.cs: b3e077029b574be508585124a9d839ef -> 
  custom:SearchIndexIgnoredProperties: e643bd26f0fe6173181afceb89e7c659 -> 
  custom:scripting/monoscript/fileName/GIFRecorder.cs: c00ece885699fb9084deaccd3eb27518 -> 
  custom:AudioImporter_EditorPlatform: d09bf68614088b80899f8185d706f6e7 -> 
  custom:scripting/monoscript/fileName/EXRRecorder.cs: 3f576ce8ddd959d51a4d7ba1999ecdbb -> 
  custom:scripting/monoscript/fileName/WEBMRecorder.cs: 391b6b920cfbc02401ea522620320c93 -> 
  custom:scripting/monoscript/fileName/RenderTextureSampler.cs: 1a7b9abab9548e1054dc40d6e2fa0270 -> 
  custom:scripting/monoscript/fileName/GifEncoder.cs: 40f336d5c5042a8a04556b4c5804a538 -> 
  custom:scripting/monoscript/fileName/GenericRecorder.cs: 90647cc400823b41df847a6cbfc29026 -> 
  custom:scripting/monoscript/fileName/ImageInputSelector.cs: f55822da877594150873922341be92b6 -> 
  custom:scripting/monoscript/fileName/AnimationRecorderSettingsEditor.cs: db1294bf3d48be44b6e4b2f2cc100b02 -> 
  custom:scripting/monoscript/fileName/RecorderTrack.cs: fac9638ece7eb7daaa1302fa170613fd -> 
  custom:scripting/monoscript/fileName/InputSettingsSelector.cs: 499a4ec92267406782b5c4f3472d53b9 -> 
  custom:scripting/monoscript/fileName/FileNameGenerator.cs: 5c8b6eb5291c3311189e0dfadac99363 -> 
  custom:scripting/monoscript/fileName/RecorderItem.cs: b62d2fcb9547a248575727d8a1646db8 -> 
  custom:scripting/monoscript/fileName/TextureFlipper.cs: 825b503b2ddab9cbd8ebbf3038075092 -> 
  custom:scripting/monoscript/fileName/AccumulationSettings.cs: fb962f0c2333934b681b167574f5e1cd -> 
  custom:scripting/monoscript/fileName/Camera360InputPropertyDrawer.cs: af647a2fe91bec98139246321cac865d -> 
  custom:scripting/monoscript/fileName/RecorderClipEditor.cs: 947ad5ff1f968d7fc40767d187070964 -> 
  custom:scripting/monoscript/fileName/EXRRecorderSettingsEditor.cs: c520a04c5f01331f2c8800e289ef6d6f -> 
  custom:scripting/monoscript/fileName/CoreEncoder.cs: dfaed86e82ad12e6a2b6740a0fb35820 -> 
  custom:scripting/monoscript/fileName/PNGRecorderSettings.cs: 79a421225358808ff14dd88c0355d1b6 -> 
  custom:scripting/monoscript/fileName/AspectRatioPropertyDrawer.cs: 9f18568574138839573389bde3e660a7 -> 
  custom:scripting/monoscript/fileName/ProResEncoder.cs: b375bf2d41e3d89081c3f2d1a0823bf3 -> 
  custom:scripting/monoscript/fileName/CameraInput.cs: bf7e0df3caf9e500f6d1c98c99e165ba -> 
  custom:scripting/monoscript/fileName/RecorderSettings.cs: bc3ef26ac157af28e5460886c0d5ef2e -> 
  custom:scripting/monoscript/fileName/RecorderClipTimelineEditor.cs: 2995d9f50ebc9245c6e9bd75c56415fb -> 
  custom:scripting/monoscript/fileName/EncoderSettingsAttribute.cs: 8352396dc11cff58c65c429fdb4fc67e -> 
  custom:scripting/monoscript/fileName/MP4Recorder.cs: af531c4e1f6d23547da08837eb16b729 -> 
  custom:scripting/monoscript/fileName/EncoderTypeUtilities.cs: a12c4c78a6cd4fb6b93180d59ad77be8 -> 
  custom:scripting/monoscript/fileName/PooledBufferAsyncGPUReadback.cs: 2a4e50c5dda177306c9ec935763c4378 -> 
  custom:scripting/monoscript/fileName/AnimationRecorder.cs: f749a4250195b5467bbf05e3a976b59f -> 
  custom:scripting/precompiled-assembly-types:Unity.Recorder.Base: 3fec19fdf10e3518c41e41a932f2042f -> 
  custom:scripting/monoscript/fileName/AnimationRecorderSettings.cs: 5cfb1544a40f93fe0ea879bb1361c877 -> 
  custom:scripting/monoscript/fileName/RenderTextureSamplerSettings.cs: 68adab84706346f2ecbdfd649ca9cf61 -> 
  custom:scripting/monoscript/fileName/RecordingContext.cs: af9af1e8b283703482ba133924b5585a -> 
  custom:scripting/monoscript/fileName/RecorderSelector.cs: c3cd2caacd181d6eff54dc260c4a1ffb -> 
  custom:video-encoder-webm-vp8: eb34c28f22e8b96e1ab97ce403110664 -> 
  custom:scripting/monoscript/fileName/RecorderInput.cs: 88fd8d8fd71b34ed7298a01f6c2d2e40 -> 
  custom:scripting/monoscript/fileName/RenderTextureSamplerPropertyDrawer.cs: b541817d9cc9b1341d2ddfa8823b718d -> 
  custom:scripting/monoscript/fileName/RecorderSettingsAttribute.cs: ddd228b25da7ba2ac10d13e1efacc875 -> 
  custom:audio-decoder-ogg-vorbis: bf7c407c2cedff20999df2af8eb42d56 -> 
  custom:scripting/monoscript/fileName/OutputPathDrawer.cs: cffc34c1be094e6caeb13ff3b26ca679 -> 
  custom:scripting/monoscript/fileName/EditorVersionsHelper.cs: 3ad9098caeeff0295dba8c0911f5333a -> 
  custom:scripting/monoscript/fileName/SettingAsset.cs: 7c3790954696ae83d71055079b387931 -> 
  custom:scripting/monoscript/fileName/OutputResolution.cs: 31c632d97e9a69bcc2ef10f6feb5bf62 -> 
  custom:scripting/monoscript/fileName/AccumulationSettingsPropertyDrawer.cs: bfc920db0de3c29c2967e88aac1c1027 -> 
  custom:scripting/monoscript/fileName/AnimationInputSettingsPropertyDrawer.cs: ebe1771fecebe7a93badf6354f59c990 -> 
  custom:scripting/monoscript/fileName/CoreEncoderSettings.cs: 2b5db1db3c1fa7de4175a7e143de3ce5 -> 
  custom:scripting/monoscript/fileName/VisualListItem.cs: 90647cc400823b41df847a6cbfc29026 -> 
  custom:scripting/monoscript/fileName/FrameRateProperyDrawer.cs: c478c798f5354f66af45b380be0629f9 -> 
  custom:scripting/monoscript/fileName/InputSettingsSelectorDrawer.cs: bca46dd5b59e2f574c94bef4cdb878fb -> 
  custom:scripting/monoscript/fileName/RecorderWindow.cs: 553a30d64d5ef1dcad6b00b4eeeb3829 -> 
  custom:scripting/monoscript/fileName/AOVCameraInputSettings.cs: 4d2fdf1142ce53d73cb43d39944ba516 -> 
  custom:scripting/monoscript/fileName/EnumProperyDrawer.cs: 90647cc400823b41df847a6cbfc29026 -> 
  custom:scripting/monoscript/fileName/AOVImageInputSelector.cs: b741d8d3a7cbb503c5bdf23d7e6792db -> 
  custom:scripting/monoscript/fileName/CoreEncoderSettingsPropertyDrawer.cs: c8bdf3420d844fd4604c0d0cf3815355 -> 
  custom:scripting/monoscript/fileName/GifEncoderSettings.cs: 812ca6afdf48b830953d76adab9d4030 -> 
  custom:scripting/monoscript/fileName/GIFRecorderSettingsEditor.cs: 4d0f46bcf58d188895fabae5334995ae -> 
  custom:scripting/monoscript/fileName/IEncoder.cs: 007c2ef621b0d92b5a7a6bae91d26090 -> 
  custom:scripting/monoscript/fileName/RecorderOptions.cs: 74782d297e80d8f56c0e05a7cde4e51d -> 
  custom:scripting/precompiled-assembly-types:Unity.Recorder.Editor: cd22b836ef1ca10e7d8c91c9be46b4bf -> 
  custom:scripting/monoscript/fileName/ProResEncoderSettingsPropertyDrawer.cs: 68c25e6d4459336217d4b9e22eb707b4 -> 
  custom:scripting/monoscript/fileName/ImageRecorder.cs: b804c29bfc59a61db184c1d275fe4101 -> 
  custom:scripting/monoscript/fileName/EditableLabel.cs: 4f8fa2c6092744ed6607a411e3f617c0 -> 
  custom:scripting/monoscript/fileName/GameViewInput.cs: 596e7ffa2d11b2002176644af3247ea6 -> 
  custom:audio-encoder-webm-vorbis: bf7c407c2cedff20999df2af8eb42d56 -> 
  custom:scripting/monoscript/fileName/SerializedDictionnary.cs: 90647cc400823b41df847a6cbfc29026 -> 
  custom:scripting/monoscript/fileName/HammersleySequence.cs: b06601f044912976f668045b7d4c79a8 -> 
  custom:scripting/monoscript/fileName/_RecorderComponent.cs: 8c268d1df4e18643d83ea9c6eeba2d9f -> 
  custom:scripting/monoscript/fileName/IAccumulation.cs: 38dee62d444423165276e3254554d005 -> 
  custom:scripting/monoscript/fileName/RecorderController.cs: 5760bd2995080b8d0d9d9e88ab8933c6 -> 
  custom:scripting/monoscript/fileName/EXRRecorderSettings.cs: bf113df492cb5b25e11ec144a73c2f74 -> 
========================================================================
Received Import Request.
  Time since last request: 7.841627 seconds.
  path: Assets/Prefabs/Cube.prefab
  artifactKey: Guid(6f465dab9e6bdbc40b292aa1082e7dd9) Importer(815301076,1909f56bfc062723c751e8b465ee728b)
Start importing Assets/Prefabs/Cube.prefab using Guid(6f465dab9e6bdbc40b292aa1082e7dd9) Importer(815301076,1909f56bfc062723c751e8b465ee728b) [PhysX] Initialized MultithreadedTaskDispatcher with 12 workers.
 -> (artifact id: '9d04fdfc94419e9d414e421f41762208') in 0.001420 seconds
Number of updated asset objects reloaded before import = 0
Number of asset objects unloaded after import = 0
========================================================================
Received Import Request.
  Time since last request: 87.414326 seconds.
  path: Assets/Prefabs/Cube.prefab
  artifactKey: Guid(6f465dab9e6bdbc40b292aa1082e7dd9) Importer(815301076,1909f56bfc062723c751e8b465ee728b)
Start importing Assets/Prefabs/Cube.prefab using Guid(6f465dab9e6bdbc40b292aa1082e7dd9) Importer(815301076,1909f56bfc062723c751e8b465ee728b) [PhysX] Initialized MultithreadedTaskDispatcher with 12 workers.
 -> (artifact id: '9d04fdfc94419e9d414e421f41762208') in 0.000443 seconds
Number of updated asset objects reloaded before import = 0
Number of asset objects unloaded after import = 0
========================================================================
Received Import Request.
  Time since last request: 10.189472 seconds.
  path: Assets/Prefabs/Cube.prefab
  artifactKey: Guid(6f465dab9e6bdbc40b292aa1082e7dd9) Importer(815301076,1909f56bfc062723c751e8b465ee728b)
Start importing Assets/Prefabs/Cube.prefab using Guid(6f465dab9e6bdbc40b292aa1082e7dd9) Importer(815301076,1909f56bfc062723c751e8b465ee728b) [PhysX] Initialized MultithreadedTaskDispatcher with 12 workers.
 -> (artifact id: '9d04fdfc94419e9d414e421f41762208') in 0.000420 seconds
Number of updated asset objects reloaded before import = 0
Number of asset objects unloaded after import = 0
========================================================================
Received Prepare
Caller must complete domain reload
Begin MonoManager ReloadAssembly
- Loaded All Assemblies, in  0.442 seconds
Native extension for WindowsStandalone target not found
Native extension for iOS target not found
Native extension for Android target not found
Mono: successfully reloaded assembly
- Finished resetting the current domain, in  0.986 seconds
Domain Reload Profiling: 1424ms
	BeginReloadAssembly (134ms)
		ExecutionOrderSort (0ms)
		DisableScriptedObjects (4ms)
		BackupInstance (0ms)
		ReleaseScriptingObjects (0ms)
		CreateAndSetChildDomain (29ms)
	RebuildCommonClasses (26ms)
	RebuildNativeTypeToScriptingClass (9ms)
	initialDomainReloadingComplete (26ms)
	LoadAllAssembliesAndSetupDomain (242ms)
		LoadAssemblies (295ms)
		RebuildTransferFunctionScriptingTraits (0ms)
		AnalyzeDomain (18ms)
			TypeCache.Refresh (7ms)
				TypeCache.ScanAssembly (0ms)
			ScanForSourceGeneratedMonoScriptInfo (6ms)
			ResolveRequiredComponents (5ms)
	FinalizeReload (986ms)
		ReleaseScriptCaches (0ms)
		RebuildScriptCaches (0ms)
		SetupLoadedEditorAssemblies (502ms)
			LogAssemblyErrors (0ms)
			InitializePlatformSupportModulesInManaged (28ms)
			SetLoadedEditorAssemblies (3ms)
			RefreshPlugins (0ms)
			BeforeProcessingInitializeOnLoad (87ms)
			ProcessInitializeOnLoadAttributes (354ms)
			ProcessInitializeOnLoadMethodAttributes (20ms)
			AfterProcessingInitializeOnLoad (9ms)
			EditorAssembliesLoaded (0ms)
		ExecutionOrderSort2 (0ms)
		AwakeInstancesAfterBackupRestoration (5ms)
Refreshing native plugins compatible for Editor in 6.21 ms, found 6 plugins.
Preloading 0 native plugins for Editor in 0.00 ms.
Unloading 3255 Unused Serialized files (Serialized files now loaded: 0)
Unloading 21 unused Assets / (336.2 KB). Loaded Objects now: 3847.
Memory consumption went from 127.4 MB to 127.1 MB.
Total: 2.474100 ms (FindLiveObjects: 0.220100 ms CreateObjectMapping: 0.117400 ms MarkObjects: 1.966000 ms  DeleteObjects: 0.170100 ms)

Prepare: number of updated asset objects reloaded= 0
AssetImportParameters requested are different than current active one (requested -> active):
  custom:scripting/monoscript/fileName/WEBMRecorderSettingsEditor.cs: 5559c87f45d3b65fac8d5ac4ef5e81c8 -> 
  custom:scripting/monoscript/fileName/UIElementHelper.cs: 9f9438adfe3361012ea6280d4cdb2df4 -> 
  custom:scripting/monoscript/fileName/AOVCameraInput.cs: c23c8ce885672bc57e25263b3efd067a -> 
  custom:scripting/monoscript/fileName/BaseTextureRecorder.cs: 90647cc400823b41df847a6cbfc29026 -> 
  custom:scripting/monoscript/fileName/Recorder.cs: a7e319d512627774f8215ba0b76f0bcb -> 
  custom:scripting/monoscript/fileName/AudioRecorder.cs: 89550121570f22445b4a1b28daea3cf9 -> 
  custom:scripting/monoscript/fileName/PanelSplitter.cs: 5ff6c6e385b6b12ca322a9c92ac6f371 -> 
  custom:scripting/monoscript/fileName/ImageRecorderSettings.cs: a7ab05fac9382c03607c40fe73956ed6 -> 
  custom:scripting/monoscript/fileName/RecorderClip.cs: 897017f45cb3c30f306724d1fa17a8fe -> 
  custom:scripting/monoscript/fileName/GIFRecorderSettings.cs: 979f88ae1e7731daed242ab2fdebbc0e -> 
  custom:container-demuxer-ogg: 62fdf1f143b41e24485cea50d1cbac27 -> 
  custom:scripting/monoscript/fileName/MovieRecorder.cs: 024785cf83e1399f425b2aa115d22e2b -> 
  custom:scripting/monoscript/fileName/RecorderControllerSettingsPresetEditor.cs: 49aed206ae65ed5ac6b420f7104cd52d -> 
  custom:scripting/monoscript/fileName/AudioInput.cs: 499e96d8f0b35d362bd956c0975bb873 -> 
  custom:scripting/monoscript/fileName/WEBMRecorderSettings.cs: c176c43abbe456aeea55c2aef862801b -> 
  custom:scripting/monoscript/fileName/RecorderControllerSettingsPreset.cs: 78b391c1384ac60213ef58d50e78d553 -> 
  custom:scripting/monoscript/fileName/GameViewInputSettings.cs: a7ae22123f532f5bbcb39c654c998b57 -> 
  custom:scripting/monoscript/fileName/GameViewInputPropertyDrawer.cs: ae2c8a99c5e33d3d1ffc8232415130e8 -> 
  custom:scripting/monoscript/fileName/Camera360Input.cs: dc473b118c57e0734b0cd3476e333c06 -> 
  custom:scripting/monoscript/fileName/RecorderPreferencesSettingsProvider.cs: d92d314b87f7c2170e267636ebf38224 -> 
  custom:scripting/monoscript/fileName/RecorderBindings.cs: ac25db5b587307cfea909607f62e5641 -> 
  custom:video-decoder-ogg-theora: a1e56fd34408186e4bbccfd4996cb3dc -> 
  custom:scripting/monoscript/fileName/GIFWrapper.cs: 6ef8898a12699129e8f81f06a649cad1 -> 
  custom:scripting/monoscript/fileName/SceneHook.cs: 80fa8928b499d44515dd60e0bc895128 -> 
  custom:scripting/monoscript/fileName/AnimationInput.cs: e810137278708a698c5ccddaeb1a1e64 -> 
  custom:scripting/monoscript/fileName/OutputResolutionPropertyDrawer.cs: 0e33ffdf424417a2e685685cfc04d4b1 -> 
  custom:scripting/monoscript/fileName/EnumHelper.cs: 117b5609cc2a1ae41785cd0c8767815f -> 
  custom:scripting/monoscript/fileName/OutputPath.cs: ee51fcffcd8929d224a5e3fb152d5f62 -> 
  custom:scripting/monoscript/fileName/FileNameGeneratorDrawer.cs: a3ea71dec141084df9b7ffa19c11e2cb -> 
  custom:framework-win-MediaFoundation: 216162199b28c13a410421893ffa2e32 -> 
  custom:scripting/monoscript/fileName/RecorderPreferencesWindowGUIScope.cs: 7a2eba6fcb6829ea8b200991a02c9c06 -> 
  custom:scripting/monoscript/fileName/AspectRatio.cs: 18e3efa554f8258b676d4de53e38b642 -> 
  custom:scripting/monoscript/fileName/CameraInputSettings.cs: 6738f6dd994f658d2cbf6f5f3ba05a0e -> 
  custom:scripting/monoscript/fileName/RefHandle.cs: 90647cc400823b41df847a6cbfc29026 -> 
  custom:scripting/monoscript/fileName/CameraCapture.cs: c6dcba1380d9a4fa09f4e36182a45a73 -> 
  custom:scripting/monoscript/fileName/RecorderControllerSettings.cs: 989e0caa64af9b76551d4ff6bd15f598 -> 
  custom:scripting/monoscript/fileName/TargetedPropertyDrawer.cs: 90647cc400823b41df847a6cbfc29026 -> 
  custom:scripting/monoscript/fileName/MovieRecorderSettings.cs: 02a667a67b113b1f65e3fcadcc882513 -> 
  custom:scripting/monoscript/fileName/RenderTextureInputSettings.cs: ebca820667a63031a7597db85d26451a -> 
  custom:scripting/monoscript/fileName/ImageRecorderEditor.cs: d3134ae4c1dfd8e056bace11130b7692 -> 
  custom:scripting/monoscript/fileName/ProResEncoderSettings.cs: 4aca03881946a7fe9acacf199434009e -> 
  custom:scripting/monoscript/fileName/_FrameRequestComponent.cs: b34f171daaafc65da55ea68e2ed89f2b -> 
  custom:scripting/monoscript/fileName/RenderTextureInput.cs: 5dea77837ae3c82bb14643cd82dc06dc -> 
  custom:scripting/monoscript/fileName/RecorderAnalytics.cs: 0fa40093f6ac3fe75e92d746d563e5ee -> 
  custom:scripting/monoscript/fileName/MP4RecorderSettingsEditor.cs: 68a64b16a7961d71fa7286fd1f782e9b -> 
  custom:scripting/monoscript/fileName/RecorderBindingsEditor.cs: f7451a0e1cea6404b2976d2b2c42e273 -> 
  custom:scripting/monoscript/fileName/BaseRenderTextureInput.cs: 5dc13661a5a0dca5d09ca211933a44e2 -> 
  custom:scripting/monoscript/fileName/StatusBarHelper.cs: da04a6ed046f8a62f416d5d3ea415bef -> 
  custom:scripting/precompiled-assembly-types:Unity.Recorder: bd5378c99f6216e06dd6e2c2a60a86a4 -> 
  custom:CustomObjectIndexerAttribute: 9a22284fe3817be447336de3de66b15e -> 
  custom:scripting/monoscript/fileName/Camera360InputSettings.cs: 3d5eaf1cb3a9df6f9d1d52f3c3018c46 -> 
  custom:scripting/monoscript/fileName/PNGRecorderSettingsEditor.cs: 4970e6657bb34f7efc2c7d8168c7358b -> 
  custom:scripting/monoscript/fileName/ImageHeightSelector.cs: d1a7972bf1d79d90f09ab23c718afe39 -> 
  custom:scripting/monoscript/fileName/AnimationInputSettings.cs: d64a99ebbd13660e9264cb4111ab9832 -> 
  custom:scripting/monoscript/fileName/MP4RecorderSettings.cs: 551f5535c05b86d6ee91684eced14987 -> 
  custom:scripting/monoscript/fileName/RecorderPreferencesSettings.cs: 761b0a55fc5e50239a1d0c4bfc968274 -> 
  custom:container-demuxer-webm: 4f35f7cbe854078d1ac9338744f61a02 -> 
  custom:scripting/monoscript/fileName/RecorderSettingsPrefsEditor.cs: ba9e697f1d269c2c960a41bc543fa408 -> 
  custom:scripting/monoscript/fileName/ProResWrapper.cs: 712515ef615766c98115c6a20d85d6c8 -> 
  custom:scripting/monoscript/fileName/RecordModePropertyDrawer.cs: 165332db07362bbcab2d8dc6d1e1dfda -> 
  custom:scripting/monoscript/fileName/ImageInputSettings.cs: 98a2aedd167d40f01804b04845eeaf15 -> 
  custom:scripting/monoscript/fileName/SerializableObjHelper.cs: f19f181f3f05e8e393225dd7030fb66a -> 
  custom:scripting/monoscript/fileName/InputPropertyDrawer.cs: 90647cc400823b41df847a6cbfc29026 -> 
  custom:scripting/monoscript/fileName/AudioInputSettings.cs: a2c930fca1dd5e27705fbacf39727bb4 -> 
  custom:scripting/monoscript/fileName/InputSettings.cs: 35c56ce5488c6b464726305dcbd33b3d -> 
  custom:scripting/monoscript/fileName/RecorderEditor.cs: 736e59ba52eea987abc47f36a836e575 -> 
  custom:scripting/monoscript/fileName/AudioRecorderSettings.cs: 0b00f2c93558486cc61a06f270f43fea -> 
  custom:scripting/monoscript/fileName/RecordersInventory.cs: fb714c8df18f9b7fc7f3361f604ae3dc -> 
  custom:scripting/monoscript/fileName/BaseFCRecorderSettings.cs: fab928553cedb8703ac192d6cf7b6294 -> 
  custom:scripting/monoscript/fileName/AOVRecorderSettings.cs: cdc731153cd2f1f739300a28ea6a6608 -> 
  custom:scripting/monoscript/fileName/EXRCompressionTypeDrawer.cs: 301cb614ecf84a4dab346c5f76ea2016 -> 
  custom:scripting/monoscript/fileName/AOVRecorder.cs: c53e83f1863b3ea80b6df3885cdb8c82 -> 
  custom:scripting/monoscript/fileName/IEncoderSettings.cs: c7d04fadacf538db841606cc656ae724 -> 
  custom:scripting/monoscript/fileName/ShutterProfileTypePropertyDrawer.cs: 18a32c647eca27716eabcb5a44f00e32 -> 
  custom:scripting/monoscript/fileName/MovieRecorderEditor.cs: eb00ddb8a76b8dfb7c88b7826a49d38b -> 
  custom:scripting/monoscript/fileName/RenderTextureInputSettingsPropertyDrawer.cs: 809602b52454cd1e6229756218a8f453 -> 
  custom:scripting/monoscript/fileName/RecorderPlayableBehaviour.cs: 80165a21f4cd0dda690f708a19d389bd -> 
  custom:scripting/monoscript/fileName/GifEncoderSettingsPropertyDrawer.cs: b36c9a7eaaefccda514b23d7e14761ca -> 
  custom:scripting/monoscript/fileName/PNGRecorder.cs: 08fd40f88cb6b18c96882f263639f57d -> 
  custom:scripting/monoscript/fileName/CameraInputSettingsPropertyDrawer.cs: 91928abf1abf88be098cb088d896aec5 -> 
  custom:scripting/monoscript/fileName/AudioRecorderEditor.cs: 565168dec291afe3fa470657cfc2c123 -> 
  custom:scripting/monoscript/fileName/AOVRecorderEditor.cs: 5ca53ccd6d7645709639507726114395 -> 
  custom:container-muxer-webm: aa71ff27fc2769a1b78a27578f13a17b -> 
  custom:video-decoder-webm-vp8: 9c59270c3fd7afecdb556c50c9e8de78 -> 
  custom:scripting/monoscript/fileName/RecordingSession.cs: f3ad08157c278a036224ca395f350890 -> 
  custom:scripting/monoscript/fileName/GameViewSize.cs: f6128a6515fcafce6db32fcdfa107254 -> 
  custom:scripting/monoscript/fileName/UnityHelpers.cs: b3e077029b574be508585124a9d839ef -> 
  custom:SearchIndexIgnoredProperties: e643bd26f0fe6173181afceb89e7c659 -> 
  custom:scripting/monoscript/fileName/GIFRecorder.cs: c00ece885699fb9084deaccd3eb27518 -> 
  custom:AudioImporter_EditorPlatform: d09bf68614088b80899f8185d706f6e7 -> 
  custom:scripting/monoscript/fileName/EXRRecorder.cs: 3f576ce8ddd959d51a4d7ba1999ecdbb -> 
  custom:scripting/monoscript/fileName/WEBMRecorder.cs: 391b6b920cfbc02401ea522620320c93 -> 
  custom:scripting/monoscript/fileName/RenderTextureSampler.cs: 1a7b9abab9548e1054dc40d6e2fa0270 -> 
  custom:scripting/monoscript/fileName/GifEncoder.cs: 40f336d5c5042a8a04556b4c5804a538 -> 
  custom:scripting/monoscript/fileName/GenericRecorder.cs: 90647cc400823b41df847a6cbfc29026 -> 
  custom:scripting/monoscript/fileName/ImageInputSelector.cs: f55822da877594150873922341be92b6 -> 
  custom:scripting/monoscript/fileName/AnimationRecorderSettingsEditor.cs: db1294bf3d48be44b6e4b2f2cc100b02 -> 
  custom:scripting/monoscript/fileName/RecorderTrack.cs: fac9638ece7eb7daaa1302fa170613fd -> 
  custom:scripting/monoscript/fileName/InputSettingsSelector.cs: 499a4ec92267406782b5c4f3472d53b9 -> 
  custom:scripting/monoscript/fileName/FileNameGenerator.cs: 5c8b6eb5291c3311189e0dfadac99363 -> 
  custom:scripting/monoscript/fileName/RecorderItem.cs: b62d2fcb9547a248575727d8a1646db8 -> 
  custom:scripting/monoscript/fileName/TextureFlipper.cs: 825b503b2ddab9cbd8ebbf3038075092 -> 
  custom:scripting/monoscript/fileName/AccumulationSettings.cs: fb962f0c2333934b681b167574f5e1cd -> 
  custom:scripting/monoscript/fileName/Camera360InputPropertyDrawer.cs: af647a2fe91bec98139246321cac865d -> 
  custom:scripting/monoscript/fileName/RecorderClipEditor.cs: 947ad5ff1f968d7fc40767d187070964 -> 
  custom:scripting/monoscript/fileName/EXRRecorderSettingsEditor.cs: c520a04c5f01331f2c8800e289ef6d6f -> 
  custom:scripting/monoscript/fileName/CoreEncoder.cs: dfaed86e82ad12e6a2b6740a0fb35820 -> 
  custom:scripting/monoscript/fileName/PNGRecorderSettings.cs: 79a421225358808ff14dd88c0355d1b6 -> 
  custom:scripting/monoscript/fileName/AspectRatioPropertyDrawer.cs: 9f18568574138839573389bde3e660a7 -> 
  custom:scripting/monoscript/fileName/ProResEncoder.cs: b375bf2d41e3d89081c3f2d1a0823bf3 -> 
  custom:scripting/monoscript/fileName/CameraInput.cs: bf7e0df3caf9e500f6d1c98c99e165ba -> 
  custom:scripting/monoscript/fileName/RecorderSettings.cs: bc3ef26ac157af28e5460886c0d5ef2e -> 
  custom:scripting/monoscript/fileName/RecorderClipTimelineEditor.cs: 2995d9f50ebc9245c6e9bd75c56415fb -> 
  custom:scripting/monoscript/fileName/EncoderSettingsAttribute.cs: 8352396dc11cff58c65c429fdb4fc67e -> 
  custom:scripting/monoscript/fileName/MP4Recorder.cs: af531c4e1f6d23547da08837eb16b729 -> 
  custom:scripting/monoscript/fileName/EncoderTypeUtilities.cs: a12c4c78a6cd4fb6b93180d59ad77be8 -> 
  custom:scripting/monoscript/fileName/PooledBufferAsyncGPUReadback.cs: 2a4e50c5dda177306c9ec935763c4378 -> 
  custom:scripting/monoscript/fileName/AnimationRecorder.cs: f749a4250195b5467bbf05e3a976b59f -> 
  custom:scripting/precompiled-assembly-types:Unity.Recorder.Base: 3fec19fdf10e3518c41e41a932f2042f -> 
  custom:scripting/monoscript/fileName/AnimationRecorderSettings.cs: 5cfb1544a40f93fe0ea879bb1361c877 -> 
  custom:scripting/monoscript/fileName/RenderTextureSamplerSettings.cs: 68adab84706346f2ecbdfd649ca9cf61 -> 
  custom:scripting/monoscript/fileName/RecordingContext.cs: af9af1e8b283703482ba133924b5585a -> 
  custom:scripting/monoscript/fileName/RecorderSelector.cs: c3cd2caacd181d6eff54dc260c4a1ffb -> 
  custom:video-encoder-webm-vp8: eb34c28f22e8b96e1ab97ce403110664 -> 
  custom:scripting/monoscript/fileName/RecorderInput.cs: 88fd8d8fd71b34ed7298a01f6c2d2e40 -> 
  custom:scripting/monoscript/fileName/RenderTextureSamplerPropertyDrawer.cs: b541817d9cc9b1341d2ddfa8823b718d -> 
  custom:scripting/monoscript/fileName/RecorderSettingsAttribute.cs: ddd228b25da7ba2ac10d13e1efacc875 -> 
  custom:audio-decoder-ogg-vorbis: bf7c407c2cedff20999df2af8eb42d56 -> 
  custom:scripting/monoscript/fileName/OutputPathDrawer.cs: cffc34c1be094e6caeb13ff3b26ca679 -> 
  custom:scripting/monoscript/fileName/EditorVersionsHelper.cs: 3ad9098caeeff0295dba8c0911f5333a -> 
  custom:scripting/monoscript/fileName/SettingAsset.cs: 7c3790954696ae83d71055079b387931 -> 
  custom:scripting/monoscript/fileName/OutputResolution.cs: 31c632d97e9a69bcc2ef10f6feb5bf62 -> 
  custom:scripting/monoscript/fileName/AccumulationSettingsPropertyDrawer.cs: bfc920db0de3c29c2967e88aac1c1027 -> 
  custom:scripting/monoscript/fileName/AnimationInputSettingsPropertyDrawer.cs: ebe1771fecebe7a93badf6354f59c990 -> 
  custom:scripting/monoscript/fileName/CoreEncoderSettings.cs: 2b5db1db3c1fa7de4175a7e143de3ce5 -> 
  custom:scripting/monoscript/fileName/VisualListItem.cs: 90647cc400823b41df847a6cbfc29026 -> 
  custom:scripting/monoscript/fileName/FrameRateProperyDrawer.cs: c478c798f5354f66af45b380be0629f9 -> 
  custom:scripting/monoscript/fileName/InputSettingsSelectorDrawer.cs: bca46dd5b59e2f574c94bef4cdb878fb -> 
  custom:scripting/monoscript/fileName/RecorderWindow.cs: 553a30d64d5ef1dcad6b00b4eeeb3829 -> 
  custom:scripting/monoscript/fileName/AOVCameraInputSettings.cs: 4d2fdf1142ce53d73cb43d39944ba516 -> 
  custom:scripting/monoscript/fileName/EnumProperyDrawer.cs: 90647cc400823b41df847a6cbfc29026 -> 
  custom:scripting/monoscript/fileName/AOVImageInputSelector.cs: b741d8d3a7cbb503c5bdf23d7e6792db -> 
  custom:scripting/monoscript/fileName/CoreEncoderSettingsPropertyDrawer.cs: c8bdf3420d844fd4604c0d0cf3815355 -> 
  custom:scripting/monoscript/fileName/GifEncoderSettings.cs: 812ca6afdf48b830953d76adab9d4030 -> 
  custom:scripting/monoscript/fileName/GIFRecorderSettingsEditor.cs: 4d0f46bcf58d188895fabae5334995ae -> 
  custom:scripting/monoscript/fileName/IEncoder.cs: 007c2ef621b0d92b5a7a6bae91d26090 -> 
  custom:scripting/monoscript/fileName/RecorderOptions.cs: 74782d297e80d8f56c0e05a7cde4e51d -> 
  custom:scripting/precompiled-assembly-types:Unity.Recorder.Editor: cd22b836ef1ca10e7d8c91c9be46b4bf -> 
  custom:scripting/monoscript/fileName/ProResEncoderSettingsPropertyDrawer.cs: 68c25e6d4459336217d4b9e22eb707b4 -> 
  custom:scripting/monoscript/fileName/ImageRecorder.cs: b804c29bfc59a61db184c1d275fe4101 -> 
  custom:scripting/monoscript/fileName/EditableLabel.cs: 4f8fa2c6092744ed6607a411e3f617c0 -> 
  custom:scripting/monoscript/fileName/GameViewInput.cs: 596e7ffa2d11b2002176644af3247ea6 -> 
  custom:audio-encoder-webm-vorbis: bf7c407c2cedff20999df2af8eb42d56 -> 
  custom:scripting/monoscript/fileName/SerializedDictionnary.cs: 90647cc400823b41df847a6cbfc29026 -> 
  custom:scripting/monoscript/fileName/HammersleySequence.cs: b06601f044912976f668045b7d4c79a8 -> 
  custom:scripting/monoscript/fileName/_RecorderComponent.cs: 8c268d1df4e18643d83ea9c6eeba2d9f -> 
  custom:scripting/monoscript/fileName/IAccumulation.cs: 38dee62d444423165276e3254554d005 -> 
  custom:scripting/monoscript/fileName/RecorderController.cs: 5760bd2995080b8d0d9d9e88ab8933c6 -> 
  custom:scripting/monoscript/fileName/EXRRecorderSettings.cs: bf113df492cb5b25e11ec144a73c2f74 -> 
========================================================================
Received Prepare
Caller must complete domain reload
Begin MonoManager ReloadAssembly
- Loaded All Assemblies, in  0.407 seconds
Native extension for WindowsStandalone target not found
Native extension for iOS target not found
Native extension for Android target not found
Mono: successfully reloaded assembly
- Finished resetting the current domain, in  0.966 seconds
Domain Reload Profiling: 1370ms
	BeginReloadAssembly (127ms)
		ExecutionOrderSort (0ms)
		DisableScriptedObjects (4ms)
		BackupInstance (0ms)
		ReleaseScriptingObjects (0ms)
		CreateAndSetChildDomain (25ms)
	RebuildCommonClasses (25ms)
	RebuildNativeTypeToScriptingClass (8ms)
	initialDomainReloadingComplete (26ms)
	LoadAllAssembliesAndSetupDomain (216ms)
		LoadAssemblies (277ms)
		RebuildTransferFunctionScriptingTraits (0ms)
		AnalyzeDomain (10ms)
			TypeCache.Refresh (4ms)
				TypeCache.ScanAssembly (0ms)
			ScanForSourceGeneratedMonoScriptInfo (0ms)
			ResolveRequiredComponents (5ms)
	FinalizeReload (967ms)
		ReleaseScriptCaches (0ms)
		RebuildScriptCaches (0ms)
		SetupLoadedEditorAssemblies (482ms)
			LogAssemblyErrors (0ms)
			InitializePlatformSupportModulesInManaged (30ms)
			SetLoadedEditorAssemblies (3ms)
			RefreshPlugins (0ms)
			BeforeProcessingInitializeOnLoad (84ms)
			ProcessInitializeOnLoadAttributes (336ms)
			ProcessInitializeOnLoadMethodAttributes (18ms)
			AfterProcessingInitializeOnLoad (11ms)
			EditorAssembliesLoaded (0ms)
		ExecutionOrderSort2 (0ms)
		AwakeInstancesAfterBackupRestoration (5ms)
Refreshing native plugins compatible for Editor in 5.54 ms, found 6 plugins.
Preloading 0 native plugins for Editor in 0.00 ms.
Unloading 3255 Unused Serialized files (Serialized files now loaded: 0)
Unloading 21 unused Assets / (336.0 KB). Loaded Objects now: 3850.
Memory consumption went from 127.4 MB to 127.1 MB.
Total: 2.448100 ms (FindLiveObjects: 0.199400 ms CreateObjectMapping: 0.078300 ms MarkObjects: 2.002700 ms  DeleteObjects: 0.167300 ms)

Prepare: number of updated asset objects reloaded= 0
AssetImportParameters requested are different than current active one (requested -> active):
  custom:scripting/monoscript/fileName/WEBMRecorderSettingsEditor.cs: 5559c87f45d3b65fac8d5ac4ef5e81c8 -> 
  custom:scripting/monoscript/fileName/UIElementHelper.cs: 9f9438adfe3361012ea6280d4cdb2df4 -> 
  custom:scripting/monoscript/fileName/AOVCameraInput.cs: c23c8ce885672bc57e25263b3efd067a -> 
  custom:scripting/monoscript/fileName/BaseTextureRecorder.cs: 90647cc400823b41df847a6cbfc29026 -> 
  custom:scripting/monoscript/fileName/Recorder.cs: a7e319d512627774f8215ba0b76f0bcb -> 
  custom:scripting/monoscript/fileName/AudioRecorder.cs: 89550121570f22445b4a1b28daea3cf9 -> 
  custom:scripting/monoscript/fileName/PanelSplitter.cs: 5ff6c6e385b6b12ca322a9c92ac6f371 -> 
  custom:scripting/monoscript/fileName/ImageRecorderSettings.cs: a7ab05fac9382c03607c40fe73956ed6 -> 
  custom:scripting/monoscript/fileName/RecorderClip.cs: 897017f45cb3c30f306724d1fa17a8fe -> 
  custom:scripting/monoscript/fileName/GIFRecorderSettings.cs: 979f88ae1e7731daed242ab2fdebbc0e -> 
  custom:container-demuxer-ogg: 62fdf1f143b41e24485cea50d1cbac27 -> 
  custom:scripting/monoscript/fileName/MovieRecorder.cs: 024785cf83e1399f425b2aa115d22e2b -> 
  custom:scripting/monoscript/fileName/RecorderControllerSettingsPresetEditor.cs: 49aed206ae65ed5ac6b420f7104cd52d -> 
  custom:scripting/monoscript/fileName/AudioInput.cs: 499e96d8f0b35d362bd956c0975bb873 -> 
  custom:scripting/monoscript/fileName/WEBMRecorderSettings.cs: c176c43abbe456aeea55c2aef862801b -> 
  custom:scripting/monoscript/fileName/RecorderControllerSettingsPreset.cs: 78b391c1384ac60213ef58d50e78d553 -> 
  custom:scripting/monoscript/fileName/GameViewInputSettings.cs: a7ae22123f532f5bbcb39c654c998b57 -> 
  custom:scripting/monoscript/fileName/GameViewInputPropertyDrawer.cs: ae2c8a99c5e33d3d1ffc8232415130e8 -> 
  custom:scripting/monoscript/fileName/Camera360Input.cs: dc473b118c57e0734b0cd3476e333c06 -> 
  custom:scripting/monoscript/fileName/RecorderPreferencesSettingsProvider.cs: d92d314b87f7c2170e267636ebf38224 -> 
  custom:scripting/monoscript/fileName/RecorderBindings.cs: ac25db5b587307cfea909607f62e5641 -> 
  custom:video-decoder-ogg-theora: a1e56fd34408186e4bbccfd4996cb3dc -> 
  custom:scripting/monoscript/fileName/GIFWrapper.cs: 6ef8898a12699129e8f81f06a649cad1 -> 
  custom:scripting/monoscript/fileName/SceneHook.cs: 80fa8928b499d44515dd60e0bc895128 -> 
  custom:scripting/monoscript/fileName/AnimationInput.cs: e810137278708a698c5ccddaeb1a1e64 -> 
  custom:scripting/monoscript/fileName/OutputResolutionPropertyDrawer.cs: 0e33ffdf424417a2e685685cfc04d4b1 -> 
  custom:scripting/monoscript/fileName/EnumHelper.cs: 117b5609cc2a1ae41785cd0c8767815f -> 
  custom:scripting/monoscript/fileName/OutputPath.cs: ee51fcffcd8929d224a5e3fb152d5f62 -> 
  custom:scripting/monoscript/fileName/FileNameGeneratorDrawer.cs: a3ea71dec141084df9b7ffa19c11e2cb -> 
  custom:framework-win-MediaFoundation: 216162199b28c13a410421893ffa2e32 -> 
  custom:scripting/monoscript/fileName/RecorderPreferencesWindowGUIScope.cs: 7a2eba6fcb6829ea8b200991a02c9c06 -> 
  custom:scripting/monoscript/fileName/AspectRatio.cs: 18e3efa554f8258b676d4de53e38b642 -> 
  custom:scripting/monoscript/fileName/CameraInputSettings.cs: 6738f6dd994f658d2cbf6f5f3ba05a0e -> 
  custom:scripting/monoscript/fileName/RefHandle.cs: 90647cc400823b41df847a6cbfc29026 -> 
  custom:scripting/monoscript/fileName/CameraCapture.cs: c6dcba1380d9a4fa09f4e36182a45a73 -> 
  custom:scripting/monoscript/fileName/RecorderControllerSettings.cs: 989e0caa64af9b76551d4ff6bd15f598 -> 
  custom:scripting/monoscript/fileName/TargetedPropertyDrawer.cs: 90647cc400823b41df847a6cbfc29026 -> 
  custom:scripting/monoscript/fileName/MovieRecorderSettings.cs: 02a667a67b113b1f65e3fcadcc882513 -> 
  custom:scripting/monoscript/fileName/RenderTextureInputSettings.cs: ebca820667a63031a7597db85d26451a -> 
  custom:scripting/monoscript/fileName/ImageRecorderEditor.cs: d3134ae4c1dfd8e056bace11130b7692 -> 
  custom:scripting/monoscript/fileName/ProResEncoderSettings.cs: 4aca03881946a7fe9acacf199434009e -> 
  custom:scripting/monoscript/fileName/_FrameRequestComponent.cs: b34f171daaafc65da55ea68e2ed89f2b -> 
  custom:scripting/monoscript/fileName/RenderTextureInput.cs: 5dea77837ae3c82bb14643cd82dc06dc -> 
  custom:scripting/monoscript/fileName/RecorderAnalytics.cs: 0fa40093f6ac3fe75e92d746d563e5ee -> 
  custom:scripting/monoscript/fileName/MP4RecorderSettingsEditor.cs: 68a64b16a7961d71fa7286fd1f782e9b -> 
  custom:scripting/monoscript/fileName/RecorderBindingsEditor.cs: f7451a0e1cea6404b2976d2b2c42e273 -> 
  custom:scripting/monoscript/fileName/BaseRenderTextureInput.cs: 5dc13661a5a0dca5d09ca211933a44e2 -> 
  custom:scripting/monoscript/fileName/StatusBarHelper.cs: da04a6ed046f8a62f416d5d3ea415bef -> 
  custom:scripting/precompiled-assembly-types:Unity.Recorder: bd5378c99f6216e06dd6e2c2a60a86a4 -> 
  custom:CustomObjectIndexerAttribute: 9a22284fe3817be447336de3de66b15e -> 
  custom:scripting/monoscript/fileName/Camera360InputSettings.cs: 3d5eaf1cb3a9df6f9d1d52f3c3018c46 -> 
  custom:scripting/monoscript/fileName/PNGRecorderSettingsEditor.cs: 4970e6657bb34f7efc2c7d8168c7358b -> 
  custom:scripting/monoscript/fileName/ImageHeightSelector.cs: d1a7972bf1d79d90f09ab23c718afe39 -> 
  custom:scripting/monoscript/fileName/AnimationInputSettings.cs: d64a99ebbd13660e9264cb4111ab9832 -> 
  custom:scripting/monoscript/fileName/MP4RecorderSettings.cs: 551f5535c05b86d6ee91684eced14987 -> 
  custom:scripting/monoscript/fileName/RecorderPreferencesSettings.cs: 761b0a55fc5e50239a1d0c4bfc968274 -> 
  custom:container-demuxer-webm: 4f35f7cbe854078d1ac9338744f61a02 -> 
  custom:scripting/monoscript/fileName/RecorderSettingsPrefsEditor.cs: ba9e697f1d269c2c960a41bc543fa408 -> 
  custom:scripting/monoscript/fileName/ProResWrapper.cs: 712515ef615766c98115c6a20d85d6c8 -> 
  custom:scripting/monoscript/fileName/RecordModePropertyDrawer.cs: 165332db07362bbcab2d8dc6d1e1dfda -> 
  custom:scripting/monoscript/fileName/ImageInputSettings.cs: 98a2aedd167d40f01804b04845eeaf15 -> 
  custom:scripting/monoscript/fileName/SerializableObjHelper.cs: f19f181f3f05e8e393225dd7030fb66a -> 
  custom:scripting/monoscript/fileName/InputPropertyDrawer.cs: 90647cc400823b41df847a6cbfc29026 -> 
  custom:scripting/monoscript/fileName/AudioInputSettings.cs: a2c930fca1dd5e27705fbacf39727bb4 -> 
  custom:scripting/monoscript/fileName/InputSettings.cs: 35c56ce5488c6b464726305dcbd33b3d -> 
  custom:scripting/monoscript/fileName/RecorderEditor.cs: 736e59ba52eea987abc47f36a836e575 -> 
  custom:scripting/monoscript/fileName/AudioRecorderSettings.cs: 0b00f2c93558486cc61a06f270f43fea -> 
  custom:scripting/monoscript/fileName/RecordersInventory.cs: fb714c8df18f9b7fc7f3361f604ae3dc -> 
  custom:scripting/monoscript/fileName/BaseFCRecorderSettings.cs: fab928553cedb8703ac192d6cf7b6294 -> 
  custom:scripting/monoscript/fileName/AOVRecorderSettings.cs: cdc731153cd2f1f739300a28ea6a6608 -> 
  custom:scripting/monoscript/fileName/EXRCompressionTypeDrawer.cs: 301cb614ecf84a4dab346c5f76ea2016 -> 
  custom:scripting/monoscript/fileName/AOVRecorder.cs: c53e83f1863b3ea80b6df3885cdb8c82 -> 
  custom:scripting/monoscript/fileName/IEncoderSettings.cs: c7d04fadacf538db841606cc656ae724 -> 
  custom:scripting/monoscript/fileName/ShutterProfileTypePropertyDrawer.cs: 18a32c647eca27716eabcb5a44f00e32 -> 
  custom:scripting/monoscript/fileName/MovieRecorderEditor.cs: eb00ddb8a76b8dfb7c88b7826a49d38b -> 
  custom:scripting/monoscript/fileName/RenderTextureInputSettingsPropertyDrawer.cs: 809602b52454cd1e6229756218a8f453 -> 
  custom:scripting/monoscript/fileName/RecorderPlayableBehaviour.cs: 80165a21f4cd0dda690f708a19d389bd -> 
  custom:scripting/monoscript/fileName/GifEncoderSettingsPropertyDrawer.cs: b36c9a7eaaefccda514b23d7e14761ca -> 
  custom:scripting/monoscript/fileName/PNGRecorder.cs: 08fd40f88cb6b18c96882f263639f57d -> 
  custom:scripting/monoscript/fileName/CameraInputSettingsPropertyDrawer.cs: 91928abf1abf88be098cb088d896aec5 -> 
  custom:scripting/monoscript/fileName/AudioRecorderEditor.cs: 565168dec291afe3fa470657cfc2c123 -> 
  custom:scripting/monoscript/fileName/AOVRecorderEditor.cs: 5ca53ccd6d7645709639507726114395 -> 
  custom:container-muxer-webm: aa71ff27fc2769a1b78a27578f13a17b -> 
  custom:video-decoder-webm-vp8: 9c59270c3fd7afecdb556c50c9e8de78 -> 
  custom:scripting/monoscript/fileName/RecordingSession.cs: f3ad08157c278a036224ca395f350890 -> 
  custom:scripting/monoscript/fileName/GameViewSize.cs: f6128a6515fcafce6db32fcdfa107254 -> 
  custom:scripting/monoscript/fileName/UnityHelpers.cs: b3e077029b574be508585124a9d839ef -> 
  custom:SearchIndexIgnoredProperties: e643bd26f0fe6173181afceb89e7c659 -> 
  custom:scripting/monoscript/fileName/GIFRecorder.cs: c00ece885699fb9084deaccd3eb27518 -> 
  custom:AudioImporter_EditorPlatform: d09bf68614088b80899f8185d706f6e7 -> 
  custom:scripting/monoscript/fileName/EXRRecorder.cs: 3f576ce8ddd959d51a4d7ba1999ecdbb -> 
  custom:scripting/monoscript/fileName/WEBMRecorder.cs: 391b6b920cfbc02401ea522620320c93 -> 
  custom:scripting/monoscript/fileName/RenderTextureSampler.cs: 1a7b9abab9548e1054dc40d6e2fa0270 -> 
  custom:scripting/monoscript/fileName/GifEncoder.cs: 40f336d5c5042a8a04556b4c5804a538 -> 
  custom:scripting/monoscript/fileName/GenericRecorder.cs: 90647cc400823b41df847a6cbfc29026 -> 
  custom:scripting/monoscript/fileName/ImageInputSelector.cs: f55822da877594150873922341be92b6 -> 
  custom:scripting/monoscript/fileName/AnimationRecorderSettingsEditor.cs: db1294bf3d48be44b6e4b2f2cc100b02 -> 
  custom:scripting/monoscript/fileName/RecorderTrack.cs: fac9638ece7eb7daaa1302fa170613fd -> 
  custom:scripting/monoscript/fileName/InputSettingsSelector.cs: 499a4ec92267406782b5c4f3472d53b9 -> 
  custom:scripting/monoscript/fileName/FileNameGenerator.cs: 5c8b6eb5291c3311189e0dfadac99363 -> 
  custom:scripting/monoscript/fileName/RecorderItem.cs: b62d2fcb9547a248575727d8a1646db8 -> 
  custom:scripting/monoscript/fileName/TextureFlipper.cs: 825b503b2ddab9cbd8ebbf3038075092 -> 
  custom:scripting/monoscript/fileName/AccumulationSettings.cs: fb962f0c2333934b681b167574f5e1cd -> 
  custom:scripting/monoscript/fileName/Camera360InputPropertyDrawer.cs: af647a2fe91bec98139246321cac865d -> 
  custom:scripting/monoscript/fileName/RecorderClipEditor.cs: 947ad5ff1f968d7fc40767d187070964 -> 
  custom:scripting/monoscript/fileName/EXRRecorderSettingsEditor.cs: c520a04c5f01331f2c8800e289ef6d6f -> 
  custom:scripting/monoscript/fileName/CoreEncoder.cs: dfaed86e82ad12e6a2b6740a0fb35820 -> 
  custom:scripting/monoscript/fileName/PNGRecorderSettings.cs: 79a421225358808ff14dd88c0355d1b6 -> 
  custom:scripting/monoscript/fileName/AspectRatioPropertyDrawer.cs: 9f18568574138839573389bde3e660a7 -> 
  custom:scripting/monoscript/fileName/ProResEncoder.cs: b375bf2d41e3d89081c3f2d1a0823bf3 -> 
  custom:scripting/monoscript/fileName/CameraInput.cs: bf7e0df3caf9e500f6d1c98c99e165ba -> 
  custom:scripting/monoscript/fileName/RecorderSettings.cs: bc3ef26ac157af28e5460886c0d5ef2e -> 
  custom:scripting/monoscript/fileName/RecorderClipTimelineEditor.cs: 2995d9f50ebc9245c6e9bd75c56415fb -> 
  custom:scripting/monoscript/fileName/EncoderSettingsAttribute.cs: 8352396dc11cff58c65c429fdb4fc67e -> 
  custom:scripting/monoscript/fileName/MP4Recorder.cs: af531c4e1f6d23547da08837eb16b729 -> 
  custom:scripting/monoscript/fileName/EncoderTypeUtilities.cs: a12c4c78a6cd4fb6b93180d59ad77be8 -> 
  custom:scripting/monoscript/fileName/PooledBufferAsyncGPUReadback.cs: 2a4e50c5dda177306c9ec935763c4378 -> 
  custom:scripting/monoscript/fileName/AnimationRecorder.cs: f749a4250195b5467bbf05e3a976b59f -> 
  custom:scripting/precompiled-assembly-types:Unity.Recorder.Base: 3fec19fdf10e3518c41e41a932f2042f -> 
  custom:scripting/monoscript/fileName/AnimationRecorderSettings.cs: 5cfb1544a40f93fe0ea879bb1361c877 -> 
  custom:scripting/monoscript/fileName/RenderTextureSamplerSettings.cs: 68adab84706346f2ecbdfd649ca9cf61 -> 
  custom:scripting/monoscript/fileName/RecordingContext.cs: af9af1e8b283703482ba133924b5585a -> 
  custom:scripting/monoscript/fileName/RecorderSelector.cs: c3cd2caacd181d6eff54dc260c4a1ffb -> 
  custom:video-encoder-webm-vp8: eb34c28f22e8b96e1ab97ce403110664 -> 
  custom:scripting/monoscript/fileName/RecorderInput.cs: 88fd8d8fd71b34ed7298a01f6c2d2e40 -> 
  custom:scripting/monoscript/fileName/RenderTextureSamplerPropertyDrawer.cs: b541817d9cc9b1341d2ddfa8823b718d -> 
  custom:scripting/monoscript/fileName/RecorderSettingsAttribute.cs: ddd228b25da7ba2ac10d13e1efacc875 -> 
  custom:audio-decoder-ogg-vorbis: bf7c407c2cedff20999df2af8eb42d56 -> 
  custom:scripting/monoscript/fileName/OutputPathDrawer.cs: cffc34c1be094e6caeb13ff3b26ca679 -> 
  custom:scripting/monoscript/fileName/EditorVersionsHelper.cs: 3ad9098caeeff0295dba8c0911f5333a -> 
  custom:scripting/monoscript/fileName/SettingAsset.cs: 7c3790954696ae83d71055079b387931 -> 
  custom:scripting/monoscript/fileName/OutputResolution.cs: 31c632d97e9a69bcc2ef10f6feb5bf62 -> 
  custom:scripting/monoscript/fileName/AccumulationSettingsPropertyDrawer.cs: bfc920db0de3c29c2967e88aac1c1027 -> 
  custom:scripting/monoscript/fileName/AnimationInputSettingsPropertyDrawer.cs: ebe1771fecebe7a93badf6354f59c990 -> 
  custom:scripting/monoscript/fileName/CoreEncoderSettings.cs: 2b5db1db3c1fa7de4175a7e143de3ce5 -> 
  custom:scripting/monoscript/fileName/VisualListItem.cs: 90647cc400823b41df847a6cbfc29026 -> 
  custom:scripting/monoscript/fileName/FrameRateProperyDrawer.cs: c478c798f5354f66af45b380be0629f9 -> 
  custom:scripting/monoscript/fileName/InputSettingsSelectorDrawer.cs: bca46dd5b59e2f574c94bef4cdb878fb -> 
  custom:scripting/monoscript/fileName/RecorderWindow.cs: 553a30d64d5ef1dcad6b00b4eeeb3829 -> 
  custom:scripting/monoscript/fileName/AOVCameraInputSettings.cs: 4d2fdf1142ce53d73cb43d39944ba516 -> 
  custom:scripting/monoscript/fileName/EnumProperyDrawer.cs: 90647cc400823b41df847a6cbfc29026 -> 
  custom:scripting/monoscript/fileName/AOVImageInputSelector.cs: b741d8d3a7cbb503c5bdf23d7e6792db -> 
  custom:scripting/monoscript/fileName/CoreEncoderSettingsPropertyDrawer.cs: c8bdf3420d844fd4604c0d0cf3815355 -> 
  custom:scripting/monoscript/fileName/GifEncoderSettings.cs: 812ca6afdf48b830953d76adab9d4030 -> 
  custom:scripting/monoscript/fileName/GIFRecorderSettingsEditor.cs: 4d0f46bcf58d188895fabae5334995ae -> 
  custom:scripting/monoscript/fileName/IEncoder.cs: 007c2ef621b0d92b5a7a6bae91d26090 -> 
  custom:scripting/monoscript/fileName/RecorderOptions.cs: 74782d297e80d8f56c0e05a7cde4e51d -> 
  custom:scripting/precompiled-assembly-types:Unity.Recorder.Editor: cd22b836ef1ca10e7d8c91c9be46b4bf -> 
  custom:scripting/monoscript/fileName/ProResEncoderSettingsPropertyDrawer.cs: 68c25e6d4459336217d4b9e22eb707b4 -> 
  custom:scripting/monoscript/fileName/ImageRecorder.cs: b804c29bfc59a61db184c1d275fe4101 -> 
  custom:scripting/monoscript/fileName/EditableLabel.cs: 4f8fa2c6092744ed6607a411e3f617c0 -> 
  custom:scripting/monoscript/fileName/GameViewInput.cs: 596e7ffa2d11b2002176644af3247ea6 -> 
  custom:audio-encoder-webm-vorbis: bf7c407c2cedff20999df2af8eb42d56 -> 
  custom:scripting/monoscript/fileName/SerializedDictionnary.cs: 90647cc400823b41df847a6cbfc29026 -> 
  custom:scripting/monoscript/fileName/HammersleySequence.cs: b06601f044912976f668045b7d4c79a8 -> 
  custom:scripting/monoscript/fileName/_RecorderComponent.cs: 8c268d1df4e18643d83ea9c6eeba2d9f -> 
  custom:scripting/monoscript/fileName/IAccumulation.cs: 38dee62d444423165276e3254554d005 -> 
  custom:scripting/monoscript/fileName/RecorderController.cs: 5760bd2995080b8d0d9d9e88ab8933c6 -> 
  custom:scripting/monoscript/fileName/EXRRecorderSettings.cs: bf113df492cb5b25e11ec144a73c2f74 -> 
========================================================================
Received Import Request.
  Time since last request: 8.187903 seconds.
  path: Assets/Prefabs/Cube.prefab
  artifactKey: Guid(6f465dab9e6bdbc40b292aa1082e7dd9) Importer(815301076,1909f56bfc062723c751e8b465ee728b)
Start importing Assets/Prefabs/Cube.prefab using Guid(6f465dab9e6bdbc40b292aa1082e7dd9) Importer(815301076,1909f56bfc062723c751e8b465ee728b) [PhysX] Initialized MultithreadedTaskDispatcher with 12 workers.
 -> (artifact id: '9d04fdfc94419e9d414e421f41762208') in 0.001399 seconds
Number of updated asset objects reloaded before import = 0
Number of asset objects unloaded after import = 0
========================================================================
Received Import Request.
  Time since last request: 96.763205 seconds.
  path: Assets/Prefabs/Cube.prefab
  artifactKey: Guid(6f465dab9e6bdbc40b292aa1082e7dd9) Importer(815301076,1909f56bfc062723c751e8b465ee728b)
Start importing Assets/Prefabs/Cube.prefab using Guid(6f465dab9e6bdbc40b292aa1082e7dd9) Importer(815301076,1909f56bfc062723c751e8b465ee728b) [PhysX] Initialized MultithreadedTaskDispatcher with 12 workers.
 -> (artifact id: '9d04fdfc94419e9d414e421f41762208') in 0.000588 seconds
Number of updated asset objects reloaded before import = 0
Number of asset objects unloaded after import = 0
========================================================================
Received Prepare
Caller must complete domain reload
Begin MonoManager ReloadAssembly
- Loaded All Assemblies, in  0.423 seconds
Native extension for WindowsStandalone target not found
Native extension for iOS target not found
Native extension for Android target not found
Mono: successfully reloaded assembly
- Finished resetting the current domain, in  0.953 seconds
Domain Reload Profiling: 1373ms
	BeginReloadAssembly (132ms)
		ExecutionOrderSort (0ms)
		DisableScriptedObjects (4ms)
		BackupInstance (0ms)
		ReleaseScriptingObjects (0ms)
		CreateAndSetChildDomain (27ms)
	RebuildCommonClasses (25ms)
	RebuildNativeTypeToScriptingClass (8ms)
	initialDomainReloadingComplete (27ms)
	LoadAllAssembliesAndSetupDomain (227ms)
		LoadAssemblies (283ms)
		RebuildTransferFunctionScriptingTraits (0ms)
		AnalyzeDomain (17ms)
			TypeCache.Refresh (6ms)
				TypeCache.ScanAssembly (0ms)
			ScanForSourceGeneratedMonoScriptInfo (5ms)
			ResolveRequiredComponents (5ms)
	FinalizeReload (954ms)
		ReleaseScriptCaches (0ms)
		RebuildScriptCaches (0ms)
		SetupLoadedEditorAssemblies (481ms)
			LogAssemblyErrors (0ms)
			InitializePlatformSupportModulesInManaged (28ms)
			SetLoadedEditorAssemblies (3ms)
			RefreshPlugins (0ms)
			BeforeProcessingInitializeOnLoad (90ms)
			ProcessInitializeOnLoadAttributes (335ms)
			ProcessInitializeOnLoadMethodAttributes (16ms)
			AfterProcessingInitializeOnLoad (9ms)
			EditorAssembliesLoaded (0ms)
		ExecutionOrderSort2 (0ms)
		AwakeInstancesAfterBackupRestoration (5ms)
Refreshing native plugins compatible for Editor in 5.33 ms, found 6 plugins.
Preloading 0 native plugins for Editor in 0.00 ms.
Unloading 3255 Unused Serialized files (Serialized files now loaded: 0)
Unloading 21 unused Assets / (336.1 KB). Loaded Objects now: 3853.
Memory consumption went from 127.4 MB to 127.1 MB.
Total: 2.376900 ms (FindLiveObjects: 0.195900 ms CreateObjectMapping: 0.078800 ms MarkObjects: 1.932600 ms  DeleteObjects: 0.168900 ms)

Prepare: number of updated asset objects reloaded= 0
AssetImportParameters requested are different than current active one (requested -> active):
  custom:scripting/monoscript/fileName/WEBMRecorderSettingsEditor.cs: 5559c87f45d3b65fac8d5ac4ef5e81c8 -> 
  custom:scripting/monoscript/fileName/UIElementHelper.cs: 9f9438adfe3361012ea6280d4cdb2df4 -> 
  custom:scripting/monoscript/fileName/AOVCameraInput.cs: c23c8ce885672bc57e25263b3efd067a -> 
  custom:scripting/monoscript/fileName/BaseTextureRecorder.cs: 90647cc400823b41df847a6cbfc29026 -> 
  custom:scripting/monoscript/fileName/Recorder.cs: a7e319d512627774f8215ba0b76f0bcb -> 
  custom:scripting/monoscript/fileName/AudioRecorder.cs: 89550121570f22445b4a1b28daea3cf9 -> 
  custom:scripting/monoscript/fileName/PanelSplitter.cs: 5ff6c6e385b6b12ca322a9c92ac6f371 -> 
  custom:scripting/monoscript/fileName/ImageRecorderSettings.cs: a7ab05fac9382c03607c40fe73956ed6 -> 
  custom:scripting/monoscript/fileName/RecorderClip.cs: 897017f45cb3c30f306724d1fa17a8fe -> 
  custom:scripting/monoscript/fileName/GIFRecorderSettings.cs: 979f88ae1e7731daed242ab2fdebbc0e -> 
  custom:container-demuxer-ogg: 62fdf1f143b41e24485cea50d1cbac27 -> 
  custom:scripting/monoscript/fileName/MovieRecorder.cs: 024785cf83e1399f425b2aa115d22e2b -> 
  custom:scripting/monoscript/fileName/RecorderControllerSettingsPresetEditor.cs: 49aed206ae65ed5ac6b420f7104cd52d -> 
  custom:scripting/monoscript/fileName/AudioInput.cs: 499e96d8f0b35d362bd956c0975bb873 -> 
  custom:scripting/monoscript/fileName/WEBMRecorderSettings.cs: c176c43abbe456aeea55c2aef862801b -> 
  custom:scripting/monoscript/fileName/RecorderControllerSettingsPreset.cs: 78b391c1384ac60213ef58d50e78d553 -> 
  custom:scripting/monoscript/fileName/GameViewInputSettings.cs: a7ae22123f532f5bbcb39c654c998b57 -> 
  custom:scripting/monoscript/fileName/GameViewInputPropertyDrawer.cs: ae2c8a99c5e33d3d1ffc8232415130e8 -> 
  custom:scripting/monoscript/fileName/Camera360Input.cs: dc473b118c57e0734b0cd3476e333c06 -> 
  custom:scripting/monoscript/fileName/RecorderPreferencesSettingsProvider.cs: d92d314b87f7c2170e267636ebf38224 -> 
  custom:scripting/monoscript/fileName/RecorderBindings.cs: ac25db5b587307cfea909607f62e5641 -> 
  custom:video-decoder-ogg-theora: a1e56fd34408186e4bbccfd4996cb3dc -> 
  custom:scripting/monoscript/fileName/GIFWrapper.cs: 6ef8898a12699129e8f81f06a649cad1 -> 
  custom:scripting/monoscript/fileName/SceneHook.cs: 80fa8928b499d44515dd60e0bc895128 -> 
  custom:scripting/monoscript/fileName/AnimationInput.cs: e810137278708a698c5ccddaeb1a1e64 -> 
  custom:scripting/monoscript/fileName/OutputResolutionPropertyDrawer.cs: 0e33ffdf424417a2e685685cfc04d4b1 -> 
  custom:scripting/monoscript/fileName/EnumHelper.cs: 117b5609cc2a1ae41785cd0c8767815f -> 
  custom:scripting/monoscript/fileName/OutputPath.cs: ee51fcffcd8929d224a5e3fb152d5f62 -> 
  custom:scripting/monoscript/fileName/FileNameGeneratorDrawer.cs: a3ea71dec141084df9b7ffa19c11e2cb -> 
  custom:framework-win-MediaFoundation: 216162199b28c13a410421893ffa2e32 -> 
  custom:scripting/monoscript/fileName/RecorderPreferencesWindowGUIScope.cs: 7a2eba6fcb6829ea8b200991a02c9c06 -> 
  custom:scripting/monoscript/fileName/AspectRatio.cs: 18e3efa554f8258b676d4de53e38b642 -> 
  custom:scripting/monoscript/fileName/CameraInputSettings.cs: 6738f6dd994f658d2cbf6f5f3ba05a0e -> 
  custom:scripting/monoscript/fileName/RefHandle.cs: 90647cc400823b41df847a6cbfc29026 -> 
  custom:scripting/monoscript/fileName/CameraCapture.cs: c6dcba1380d9a4fa09f4e36182a45a73 -> 
  custom:scripting/monoscript/fileName/RecorderControllerSettings.cs: 989e0caa64af9b76551d4ff6bd15f598 -> 
  custom:scripting/monoscript/fileName/TargetedPropertyDrawer.cs: 90647cc400823b41df847a6cbfc29026 -> 
  custom:scripting/monoscript/fileName/MovieRecorderSettings.cs: 02a667a67b113b1f65e3fcadcc882513 -> 
  custom:scripting/monoscript/fileName/RenderTextureInputSettings.cs: ebca820667a63031a7597db85d26451a -> 
  custom:scripting/monoscript/fileName/ImageRecorderEditor.cs: d3134ae4c1dfd8e056bace11130b7692 -> 
  custom:scripting/monoscript/fileName/ProResEncoderSettings.cs: 4aca03881946a7fe9acacf199434009e -> 
  custom:scripting/monoscript/fileName/_FrameRequestComponent.cs: b34f171daaafc65da55ea68e2ed89f2b -> 
  custom:scripting/monoscript/fileName/RenderTextureInput.cs: 5dea77837ae3c82bb14643cd82dc06dc -> 
  custom:scripting/monoscript/fileName/RecorderAnalytics.cs: 0fa40093f6ac3fe75e92d746d563e5ee -> 
  custom:scripting/monoscript/fileName/MP4RecorderSettingsEditor.cs: 68a64b16a7961d71fa7286fd1f782e9b -> 
  custom:scripting/monoscript/fileName/RecorderBindingsEditor.cs: f7451a0e1cea6404b2976d2b2c42e273 -> 
  custom:scripting/monoscript/fileName/BaseRenderTextureInput.cs: 5dc13661a5a0dca5d09ca211933a44e2 -> 
  custom:scripting/monoscript/fileName/StatusBarHelper.cs: da04a6ed046f8a62f416d5d3ea415bef -> 
  custom:scripting/precompiled-assembly-types:Unity.Recorder: bd5378c99f6216e06dd6e2c2a60a86a4 -> 
  custom:CustomObjectIndexerAttribute: 9a22284fe3817be447336de3de66b15e -> 
  custom:scripting/monoscript/fileName/Camera360InputSettings.cs: 3d5eaf1cb3a9df6f9d1d52f3c3018c46 -> 
  custom:scripting/monoscript/fileName/PNGRecorderSettingsEditor.cs: 4970e6657bb34f7efc2c7d8168c7358b -> 
  custom:scripting/monoscript/fileName/ImageHeightSelector.cs: d1a7972bf1d79d90f09ab23c718afe39 -> 
  custom:scripting/monoscript/fileName/AnimationInputSettings.cs: d64a99ebbd13660e9264cb4111ab9832 -> 
  custom:scripting/monoscript/fileName/MP4RecorderSettings.cs: 551f5535c05b86d6ee91684eced14987 -> 
  custom:scripting/monoscript/fileName/RecorderPreferencesSettings.cs: 761b0a55fc5e50239a1d0c4bfc968274 -> 
  custom:container-demuxer-webm: 4f35f7cbe854078d1ac9338744f61a02 -> 
  custom:scripting/monoscript/fileName/RecorderSettingsPrefsEditor.cs: ba9e697f1d269c2c960a41bc543fa408 -> 
  custom:scripting/monoscript/fileName/ProResWrapper.cs: 712515ef615766c98115c6a20d85d6c8 -> 
  custom:scripting/monoscript/fileName/RecordModePropertyDrawer.cs: 165332db07362bbcab2d8dc6d1e1dfda -> 
  custom:scripting/monoscript/fileName/ImageInputSettings.cs: 98a2aedd167d40f01804b04845eeaf15 -> 
  custom:scripting/monoscript/fileName/SerializableObjHelper.cs: f19f181f3f05e8e393225dd7030fb66a -> 
  custom:scripting/monoscript/fileName/InputPropertyDrawer.cs: 90647cc400823b41df847a6cbfc29026 -> 
  custom:scripting/monoscript/fileName/AudioInputSettings.cs: a2c930fca1dd5e27705fbacf39727bb4 -> 
  custom:scripting/monoscript/fileName/InputSettings.cs: 35c56ce5488c6b464726305dcbd33b3d -> 
  custom:scripting/monoscript/fileName/RecorderEditor.cs: 736e59ba52eea987abc47f36a836e575 -> 
  custom:scripting/monoscript/fileName/AudioRecorderSettings.cs: 0b00f2c93558486cc61a06f270f43fea -> 
  custom:scripting/monoscript/fileName/RecordersInventory.cs: fb714c8df18f9b7fc7f3361f604ae3dc -> 
  custom:scripting/monoscript/fileName/BaseFCRecorderSettings.cs: fab928553cedb8703ac192d6cf7b6294 -> 
  custom:scripting/monoscript/fileName/AOVRecorderSettings.cs: cdc731153cd2f1f739300a28ea6a6608 -> 
  custom:scripting/monoscript/fileName/EXRCompressionTypeDrawer.cs: 301cb614ecf84a4dab346c5f76ea2016 -> 
  custom:scripting/monoscript/fileName/AOVRecorder.cs: c53e83f1863b3ea80b6df3885cdb8c82 -> 
  custom:scripting/monoscript/fileName/IEncoderSettings.cs: c7d04fadacf538db841606cc656ae724 -> 
  custom:scripting/monoscript/fileName/ShutterProfileTypePropertyDrawer.cs: 18a32c647eca27716eabcb5a44f00e32 -> 
  custom:scripting/monoscript/fileName/MovieRecorderEditor.cs: eb00ddb8a76b8dfb7c88b7826a49d38b -> 
  custom:scripting/monoscript/fileName/RenderTextureInputSettingsPropertyDrawer.cs: 809602b52454cd1e6229756218a8f453 -> 
  custom:scripting/monoscript/fileName/RecorderPlayableBehaviour.cs: 80165a21f4cd0dda690f708a19d389bd -> 
  custom:scripting/monoscript/fileName/GifEncoderSettingsPropertyDrawer.cs: b36c9a7eaaefccda514b23d7e14761ca -> 
  custom:scripting/monoscript/fileName/PNGRecorder.cs: 08fd40f88cb6b18c96882f263639f57d -> 
  custom:scripting/monoscript/fileName/CameraInputSettingsPropertyDrawer.cs: 91928abf1abf88be098cb088d896aec5 -> 
  custom:scripting/monoscript/fileName/AudioRecorderEditor.cs: 565168dec291afe3fa470657cfc2c123 -> 
  custom:scripting/monoscript/fileName/AOVRecorderEditor.cs: 5ca53ccd6d7645709639507726114395 -> 
  custom:container-muxer-webm: aa71ff27fc2769a1b78a27578f13a17b -> 
  custom:video-decoder-webm-vp8: 9c59270c3fd7afecdb556c50c9e8de78 -> 
  custom:scripting/monoscript/fileName/RecordingSession.cs: f3ad08157c278a036224ca395f350890 -> 
  custom:scripting/monoscript/fileName/GameViewSize.cs: f6128a6515fcafce6db32fcdfa107254 -> 
  custom:scripting/monoscript/fileName/UnityHelpers.cs: b3e077029b574be508585124a9d839ef -> 
  custom:SearchIndexIgnoredProperties: e643bd26f0fe6173181afceb89e7c659 -> 
  custom:scripting/monoscript/fileName/GIFRecorder.cs: c00ece885699fb9084deaccd3eb27518 -> 
  custom:AudioImporter_EditorPlatform: d09bf68614088b80899f8185d706f6e7 -> 
  custom:scripting/monoscript/fileName/EXRRecorder.cs: 3f576ce8ddd959d51a4d7ba1999ecdbb -> 
  custom:scripting/monoscript/fileName/WEBMRecorder.cs: 391b6b920cfbc02401ea522620320c93 -> 
  custom:scripting/monoscript/fileName/RenderTextureSampler.cs: 1a7b9abab9548e1054dc40d6e2fa0270 -> 
  custom:scripting/monoscript/fileName/GifEncoder.cs: 40f336d5c5042a8a04556b4c5804a538 -> 
  custom:scripting/monoscript/fileName/GenericRecorder.cs: 90647cc400823b41df847a6cbfc29026 -> 
  custom:scripting/monoscript/fileName/ImageInputSelector.cs: f55822da877594150873922341be92b6 -> 
  custom:scripting/monoscript/fileName/AnimationRecorderSettingsEditor.cs: db1294bf3d48be44b6e4b2f2cc100b02 -> 
  custom:scripting/monoscript/fileName/RecorderTrack.cs: fac9638ece7eb7daaa1302fa170613fd -> 
  custom:scripting/monoscript/fileName/InputSettingsSelector.cs: 499a4ec92267406782b5c4f3472d53b9 -> 
  custom:scripting/monoscript/fileName/FileNameGenerator.cs: 5c8b6eb5291c3311189e0dfadac99363 -> 
  custom:scripting/monoscript/fileName/RecorderItem.cs: b62d2fcb9547a248575727d8a1646db8 -> 
  custom:scripting/monoscript/fileName/TextureFlipper.cs: 825b503b2ddab9cbd8ebbf3038075092 -> 
  custom:scripting/monoscript/fileName/AccumulationSettings.cs: fb962f0c2333934b681b167574f5e1cd -> 
  custom:scripting/monoscript/fileName/Camera360InputPropertyDrawer.cs: af647a2fe91bec98139246321cac865d -> 
  custom:scripting/monoscript/fileName/RecorderClipEditor.cs: 947ad5ff1f968d7fc40767d187070964 -> 
  custom:scripting/monoscript/fileName/EXRRecorderSettingsEditor.cs: c520a04c5f01331f2c8800e289ef6d6f -> 
  custom:scripting/monoscript/fileName/CoreEncoder.cs: dfaed86e82ad12e6a2b6740a0fb35820 -> 
  custom:scripting/monoscript/fileName/PNGRecorderSettings.cs: 79a421225358808ff14dd88c0355d1b6 -> 
  custom:scripting/monoscript/fileName/AspectRatioPropertyDrawer.cs: 9f18568574138839573389bde3e660a7 -> 
  custom:scripting/monoscript/fileName/ProResEncoder.cs: b375bf2d41e3d89081c3f2d1a0823bf3 -> 
  custom:scripting/monoscript/fileName/CameraInput.cs: bf7e0df3caf9e500f6d1c98c99e165ba -> 
  custom:scripting/monoscript/fileName/RecorderSettings.cs: bc3ef26ac157af28e5460886c0d5ef2e -> 
  custom:scripting/monoscript/fileName/RecorderClipTimelineEditor.cs: 2995d9f50ebc9245c6e9bd75c56415fb -> 
  custom:scripting/monoscript/fileName/EncoderSettingsAttribute.cs: 8352396dc11cff58c65c429fdb4fc67e -> 
  custom:scripting/monoscript/fileName/MP4Recorder.cs: af531c4e1f6d23547da08837eb16b729 -> 
  custom:scripting/monoscript/fileName/EncoderTypeUtilities.cs: a12c4c78a6cd4fb6b93180d59ad77be8 -> 
  custom:scripting/monoscript/fileName/PooledBufferAsyncGPUReadback.cs: 2a4e50c5dda177306c9ec935763c4378 -> 
  custom:scripting/monoscript/fileName/AnimationRecorder.cs: f749a4250195b5467bbf05e3a976b59f -> 
  custom:scripting/precompiled-assembly-types:Unity.Recorder.Base: 3fec19fdf10e3518c41e41a932f2042f -> 
  custom:scripting/monoscript/fileName/AnimationRecorderSettings.cs: 5cfb1544a40f93fe0ea879bb1361c877 -> 
  custom:scripting/monoscript/fileName/RenderTextureSamplerSettings.cs: 68adab84706346f2ecbdfd649ca9cf61 -> 
  custom:scripting/monoscript/fileName/RecordingContext.cs: af9af1e8b283703482ba133924b5585a -> 
  custom:scripting/monoscript/fileName/RecorderSelector.cs: c3cd2caacd181d6eff54dc260c4a1ffb -> 
  custom:video-encoder-webm-vp8: eb34c28f22e8b96e1ab97ce403110664 -> 
  custom:scripting/monoscript/fileName/RecorderInput.cs: 88fd8d8fd71b34ed7298a01f6c2d2e40 -> 
  custom:scripting/monoscript/fileName/RenderTextureSamplerPropertyDrawer.cs: b541817d9cc9b1341d2ddfa8823b718d -> 
  custom:scripting/monoscript/fileName/RecorderSettingsAttribute.cs: ddd228b25da7ba2ac10d13e1efacc875 -> 
  custom:audio-decoder-ogg-vorbis: bf7c407c2cedff20999df2af8eb42d56 -> 
  custom:scripting/monoscript/fileName/OutputPathDrawer.cs: cffc34c1be094e6caeb13ff3b26ca679 -> 
  custom:scripting/monoscript/fileName/EditorVersionsHelper.cs: 3ad9098caeeff0295dba8c0911f5333a -> 
  custom:scripting/monoscript/fileName/SettingAsset.cs: 7c3790954696ae83d71055079b387931 -> 
  custom:scripting/monoscript/fileName/OutputResolution.cs: 31c632d97e9a69bcc2ef10f6feb5bf62 -> 
  custom:scripting/monoscript/fileName/AccumulationSettingsPropertyDrawer.cs: bfc920db0de3c29c2967e88aac1c1027 -> 
  custom:scripting/monoscript/fileName/AnimationInputSettingsPropertyDrawer.cs: ebe1771fecebe7a93badf6354f59c990 -> 
  custom:scripting/monoscript/fileName/CoreEncoderSettings.cs: 2b5db1db3c1fa7de4175a7e143de3ce5 -> 
  custom:scripting/monoscript/fileName/VisualListItem.cs: 90647cc400823b41df847a6cbfc29026 -> 
  custom:scripting/monoscript/fileName/FrameRateProperyDrawer.cs: c478c798f5354f66af45b380be0629f9 -> 
  custom:scripting/monoscript/fileName/InputSettingsSelectorDrawer.cs: bca46dd5b59e2f574c94bef4cdb878fb -> 
  custom:scripting/monoscript/fileName/RecorderWindow.cs: 553a30d64d5ef1dcad6b00b4eeeb3829 -> 
  custom:scripting/monoscript/fileName/AOVCameraInputSettings.cs: 4d2fdf1142ce53d73cb43d39944ba516 -> 
  custom:scripting/monoscript/fileName/EnumProperyDrawer.cs: 90647cc400823b41df847a6cbfc29026 -> 
  custom:scripting/monoscript/fileName/AOVImageInputSelector.cs: b741d8d3a7cbb503c5bdf23d7e6792db -> 
  custom:scripting/monoscript/fileName/CoreEncoderSettingsPropertyDrawer.cs: c8bdf3420d844fd4604c0d0cf3815355 -> 
  custom:scripting/monoscript/fileName/GifEncoderSettings.cs: 812ca6afdf48b830953d76adab9d4030 -> 
  custom:scripting/monoscript/fileName/GIFRecorderSettingsEditor.cs: 4d0f46bcf58d188895fabae5334995ae -> 
  custom:scripting/monoscript/fileName/IEncoder.cs: 007c2ef621b0d92b5a7a6bae91d26090 -> 
  custom:scripting/monoscript/fileName/RecorderOptions.cs: 74782d297e80d8f56c0e05a7cde4e51d -> 
  custom:scripting/precompiled-assembly-types:Unity.Recorder.Editor: cd22b836ef1ca10e7d8c91c9be46b4bf -> 
  custom:scripting/monoscript/fileName/ProResEncoderSettingsPropertyDrawer.cs: 68c25e6d4459336217d4b9e22eb707b4 -> 
  custom:scripting/monoscript/fileName/ImageRecorder.cs: b804c29bfc59a61db184c1d275fe4101 -> 
  custom:scripting/monoscript/fileName/EditableLabel.cs: 4f8fa2c6092744ed6607a411e3f617c0 -> 
  custom:scripting/monoscript/fileName/GameViewInput.cs: 596e7ffa2d11b2002176644af3247ea6 -> 
  custom:audio-encoder-webm-vorbis: bf7c407c2cedff20999df2af8eb42d56 -> 
  custom:scripting/monoscript/fileName/SerializedDictionnary.cs: 90647cc400823b41df847a6cbfc29026 -> 
  custom:scripting/monoscript/fileName/HammersleySequence.cs: b06601f044912976f668045b7d4c79a8 -> 
  custom:scripting/monoscript/fileName/_RecorderComponent.cs: 8c268d1df4e18643d83ea9c6eeba2d9f -> 
  custom:scripting/monoscript/fileName/IAccumulation.cs: 38dee62d444423165276e3254554d005 -> 
  custom:scripting/monoscript/fileName/RecorderController.cs: 5760bd2995080b8d0d9d9e88ab8933c6 -> 
  custom:scripting/monoscript/fileName/EXRRecorderSettings.cs: bf113df492cb5b25e11ec144a73c2f74 -> 
========================================================================
Received Prepare
Caller must complete domain reload
Begin MonoManager ReloadAssembly
- Loaded All Assemblies, in  0.409 seconds
Native extension for WindowsStandalone target not found
Native extension for iOS target not found
Native extension for Android target not found
Mono: successfully reloaded assembly
- Finished resetting the current domain, in  0.968 seconds
Domain Reload Profiling: 1374ms
	BeginReloadAssembly (126ms)
		ExecutionOrderSort (0ms)
		DisableScriptedObjects (4ms)
		BackupInstance (0ms)
		ReleaseScriptingObjects (0ms)
		CreateAndSetChildDomain (23ms)
	RebuildCommonClasses (25ms)
	RebuildNativeTypeToScriptingClass (8ms)
	initialDomainReloadingComplete (27ms)
	LoadAllAssembliesAndSetupDomain (219ms)
		LoadAssemblies (279ms)
		RebuildTransferFunctionScriptingTraits (0ms)
		AnalyzeDomain (10ms)
			TypeCache.Refresh (4ms)
				TypeCache.ScanAssembly (0ms)
			ScanForSourceGeneratedMonoScriptInfo (0ms)
			ResolveRequiredComponents (5ms)
	FinalizeReload (968ms)
		ReleaseScriptCaches (0ms)
		RebuildScriptCaches (0ms)
		SetupLoadedEditorAssemblies (482ms)
			LogAssemblyErrors (0ms)
			InitializePlatformSupportModulesInManaged (29ms)
			SetLoadedEditorAssemblies (5ms)
			RefreshPlugins (0ms)
			BeforeProcessingInitializeOnLoad (88ms)
			ProcessInitializeOnLoadAttributes (334ms)
			ProcessInitializeOnLoadMethodAttributes (18ms)
			AfterProcessingInitializeOnLoad (9ms)
			EditorAssembliesLoaded (0ms)
		ExecutionOrderSort2 (0ms)
		AwakeInstancesAfterBackupRestoration (5ms)
Refreshing native plugins compatible for Editor in 5.65 ms, found 6 plugins.
Preloading 0 native plugins for Editor in 0.00 ms.
Unloading 3255 Unused Serialized files (Serialized files now loaded: 0)
Unloading 21 unused Assets / (336.3 KB). Loaded Objects now: 3856.
Memory consumption went from 127.5 MB to 127.1 MB.
Total: 3.228600 ms (FindLiveObjects: 0.219000 ms CreateObjectMapping: 0.077700 ms MarkObjects: 2.692700 ms  DeleteObjects: 0.238400 ms)

Prepare: number of updated asset objects reloaded= 0
AssetImportParameters requested are different than current active one (requested -> active):
  custom:scripting/monoscript/fileName/WEBMRecorderSettingsEditor.cs: 5559c87f45d3b65fac8d5ac4ef5e81c8 -> 
  custom:scripting/monoscript/fileName/UIElementHelper.cs: 9f9438adfe3361012ea6280d4cdb2df4 -> 
  custom:scripting/monoscript/fileName/AOVCameraInput.cs: c23c8ce885672bc57e25263b3efd067a -> 
  custom:scripting/monoscript/fileName/BaseTextureRecorder.cs: 90647cc400823b41df847a6cbfc29026 -> 
  custom:scripting/monoscript/fileName/Recorder.cs: a7e319d512627774f8215ba0b76f0bcb -> 
  custom:scripting/monoscript/fileName/AudioRecorder.cs: 89550121570f22445b4a1b28daea3cf9 -> 
  custom:scripting/monoscript/fileName/PanelSplitter.cs: 5ff6c6e385b6b12ca322a9c92ac6f371 -> 
  custom:scripting/monoscript/fileName/ImageRecorderSettings.cs: a7ab05fac9382c03607c40fe73956ed6 -> 
  custom:scripting/monoscript/fileName/RecorderClip.cs: 897017f45cb3c30f306724d1fa17a8fe -> 
  custom:scripting/monoscript/fileName/GIFRecorderSettings.cs: 979f88ae1e7731daed242ab2fdebbc0e -> 
  custom:container-demuxer-ogg: 62fdf1f143b41e24485cea50d1cbac27 -> 
  custom:scripting/monoscript/fileName/MovieRecorder.cs: 024785cf83e1399f425b2aa115d22e2b -> 
  custom:scripting/monoscript/fileName/RecorderControllerSettingsPresetEditor.cs: 49aed206ae65ed5ac6b420f7104cd52d -> 
  custom:scripting/monoscript/fileName/AudioInput.cs: 499e96d8f0b35d362bd956c0975bb873 -> 
  custom:scripting/monoscript/fileName/WEBMRecorderSettings.cs: c176c43abbe456aeea55c2aef862801b -> 
  custom:scripting/monoscript/fileName/RecorderControllerSettingsPreset.cs: 78b391c1384ac60213ef58d50e78d553 -> 
  custom:scripting/monoscript/fileName/GameViewInputSettings.cs: a7ae22123f532f5bbcb39c654c998b57 -> 
  custom:scripting/monoscript/fileName/GameViewInputPropertyDrawer.cs: ae2c8a99c5e33d3d1ffc8232415130e8 -> 
  custom:scripting/monoscript/fileName/Camera360Input.cs: dc473b118c57e0734b0cd3476e333c06 -> 
  custom:scripting/monoscript/fileName/RecorderPreferencesSettingsProvider.cs: d92d314b87f7c2170e267636ebf38224 -> 
  custom:scripting/monoscript/fileName/RecorderBindings.cs: ac25db5b587307cfea909607f62e5641 -> 
  custom:video-decoder-ogg-theora: a1e56fd34408186e4bbccfd4996cb3dc -> 
  custom:scripting/monoscript/fileName/GIFWrapper.cs: 6ef8898a12699129e8f81f06a649cad1 -> 
  custom:scripting/monoscript/fileName/SceneHook.cs: 80fa8928b499d44515dd60e0bc895128 -> 
  custom:scripting/monoscript/fileName/AnimationInput.cs: e810137278708a698c5ccddaeb1a1e64 -> 
  custom:scripting/monoscript/fileName/OutputResolutionPropertyDrawer.cs: 0e33ffdf424417a2e685685cfc04d4b1 -> 
  custom:scripting/monoscript/fileName/EnumHelper.cs: 117b5609cc2a1ae41785cd0c8767815f -> 
  custom:scripting/monoscript/fileName/OutputPath.cs: ee51fcffcd8929d224a5e3fb152d5f62 -> 
  custom:scripting/monoscript/fileName/FileNameGeneratorDrawer.cs: a3ea71dec141084df9b7ffa19c11e2cb -> 
  custom:framework-win-MediaFoundation: 216162199b28c13a410421893ffa2e32 -> 
  custom:scripting/monoscript/fileName/RecorderPreferencesWindowGUIScope.cs: 7a2eba6fcb6829ea8b200991a02c9c06 -> 
  custom:scripting/monoscript/fileName/AspectRatio.cs: 18e3efa554f8258b676d4de53e38b642 -> 
  custom:scripting/monoscript/fileName/CameraInputSettings.cs: 6738f6dd994f658d2cbf6f5f3ba05a0e -> 
  custom:scripting/monoscript/fileName/RefHandle.cs: 90647cc400823b41df847a6cbfc29026 -> 
  custom:scripting/monoscript/fileName/CameraCapture.cs: c6dcba1380d9a4fa09f4e36182a45a73 -> 
  custom:scripting/monoscript/fileName/RecorderControllerSettings.cs: 989e0caa64af9b76551d4ff6bd15f598 -> 
  custom:scripting/monoscript/fileName/TargetedPropertyDrawer.cs: 90647cc400823b41df847a6cbfc29026 -> 
  custom:scripting/monoscript/fileName/MovieRecorderSettings.cs: 02a667a67b113b1f65e3fcadcc882513 -> 
  custom:scripting/monoscript/fileName/RenderTextureInputSettings.cs: ebca820667a63031a7597db85d26451a -> 
  custom:scripting/monoscript/fileName/ImageRecorderEditor.cs: d3134ae4c1dfd8e056bace11130b7692 -> 
  custom:scripting/monoscript/fileName/ProResEncoderSettings.cs: 4aca03881946a7fe9acacf199434009e -> 
  custom:scripting/monoscript/fileName/_FrameRequestComponent.cs: b34f171daaafc65da55ea68e2ed89f2b -> 
  custom:scripting/monoscript/fileName/RenderTextureInput.cs: 5dea77837ae3c82bb14643cd82dc06dc -> 
  custom:scripting/monoscript/fileName/RecorderAnalytics.cs: 0fa40093f6ac3fe75e92d746d563e5ee -> 
  custom:scripting/monoscript/fileName/MP4RecorderSettingsEditor.cs: 68a64b16a7961d71fa7286fd1f782e9b -> 
  custom:scripting/monoscript/fileName/RecorderBindingsEditor.cs: f7451a0e1cea6404b2976d2b2c42e273 -> 
  custom:scripting/monoscript/fileName/BaseRenderTextureInput.cs: 5dc13661a5a0dca5d09ca211933a44e2 -> 
  custom:scripting/monoscript/fileName/StatusBarHelper.cs: da04a6ed046f8a62f416d5d3ea415bef -> 
  custom:scripting/precompiled-assembly-types:Unity.Recorder: bd5378c99f6216e06dd6e2c2a60a86a4 -> 
  custom:CustomObjectIndexerAttribute: 9a22284fe3817be447336de3de66b15e -> 
  custom:scripting/monoscript/fileName/Camera360InputSettings.cs: 3d5eaf1cb3a9df6f9d1d52f3c3018c46 -> 
  custom:scripting/monoscript/fileName/PNGRecorderSettingsEditor.cs: 4970e6657bb34f7efc2c7d8168c7358b -> 
  custom:scripting/monoscript/fileName/ImageHeightSelector.cs: d1a7972bf1d79d90f09ab23c718afe39 -> 
  custom:scripting/monoscript/fileName/AnimationInputSettings.cs: d64a99ebbd13660e9264cb4111ab9832 -> 
  custom:scripting/monoscript/fileName/MP4RecorderSettings.cs: 551f5535c05b86d6ee91684eced14987 -> 
  custom:scripting/monoscript/fileName/RecorderPreferencesSettings.cs: 761b0a55fc5e50239a1d0c4bfc968274 -> 
  custom:container-demuxer-webm: 4f35f7cbe854078d1ac9338744f61a02 -> 
  custom:scripting/monoscript/fileName/RecorderSettingsPrefsEditor.cs: ba9e697f1d269c2c960a41bc543fa408 -> 
  custom:scripting/monoscript/fileName/ProResWrapper.cs: 712515ef615766c98115c6a20d85d6c8 -> 
  custom:scripting/monoscript/fileName/RecordModePropertyDrawer.cs: 165332db07362bbcab2d8dc6d1e1dfda -> 
  custom:scripting/monoscript/fileName/ImageInputSettings.cs: 98a2aedd167d40f01804b04845eeaf15 -> 
  custom:scripting/monoscript/fileName/SerializableObjHelper.cs: f19f181f3f05e8e393225dd7030fb66a -> 
  custom:scripting/monoscript/fileName/InputPropertyDrawer.cs: 90647cc400823b41df847a6cbfc29026 -> 
  custom:scripting/monoscript/fileName/AudioInputSettings.cs: a2c930fca1dd5e27705fbacf39727bb4 -> 
  custom:scripting/monoscript/fileName/InputSettings.cs: 35c56ce5488c6b464726305dcbd33b3d -> 
  custom:scripting/monoscript/fileName/RecorderEditor.cs: 736e59ba52eea987abc47f36a836e575 -> 
  custom:scripting/monoscript/fileName/AudioRecorderSettings.cs: 0b00f2c93558486cc61a06f270f43fea -> 
  custom:scripting/monoscript/fileName/RecordersInventory.cs: fb714c8df18f9b7fc7f3361f604ae3dc -> 
  custom:scripting/monoscript/fileName/BaseFCRecorderSettings.cs: fab928553cedb8703ac192d6cf7b6294 -> 
  custom:scripting/monoscript/fileName/AOVRecorderSettings.cs: cdc731153cd2f1f739300a28ea6a6608 -> 
  custom:scripting/monoscript/fileName/EXRCompressionTypeDrawer.cs: 301cb614ecf84a4dab346c5f76ea2016 -> 
  custom:scripting/monoscript/fileName/AOVRecorder.cs: c53e83f1863b3ea80b6df3885cdb8c82 -> 
  custom:scripting/monoscript/fileName/IEncoderSettings.cs: c7d04fadacf538db841606cc656ae724 -> 
  custom:scripting/monoscript/fileName/ShutterProfileTypePropertyDrawer.cs: 18a32c647eca27716eabcb5a44f00e32 -> 
  custom:scripting/monoscript/fileName/MovieRecorderEditor.cs: eb00ddb8a76b8dfb7c88b7826a49d38b -> 
  custom:scripting/monoscript/fileName/RenderTextureInputSettingsPropertyDrawer.cs: 809602b52454cd1e6229756218a8f453 -> 
  custom:scripting/monoscript/fileName/RecorderPlayableBehaviour.cs: 80165a21f4cd0dda690f708a19d389bd -> 
  custom:scripting/monoscript/fileName/GifEncoderSettingsPropertyDrawer.cs: b36c9a7eaaefccda514b23d7e14761ca -> 
  custom:scripting/monoscript/fileName/PNGRecorder.cs: 08fd40f88cb6b18c96882f263639f57d -> 
  custom:scripting/monoscript/fileName/CameraInputSettingsPropertyDrawer.cs: 91928abf1abf88be098cb088d896aec5 -> 
  custom:scripting/monoscript/fileName/AudioRecorderEditor.cs: 565168dec291afe3fa470657cfc2c123 -> 
  custom:scripting/monoscript/fileName/AOVRecorderEditor.cs: 5ca53ccd6d7645709639507726114395 -> 
  custom:container-muxer-webm: aa71ff27fc2769a1b78a27578f13a17b -> 
  custom:video-decoder-webm-vp8: 9c59270c3fd7afecdb556c50c9e8de78 -> 
  custom:scripting/monoscript/fileName/RecordingSession.cs: f3ad08157c278a036224ca395f350890 -> 
  custom:scripting/monoscript/fileName/GameViewSize.cs: f6128a6515fcafce6db32fcdfa107254 -> 
  custom:scripting/monoscript/fileName/UnityHelpers.cs: b3e077029b574be508585124a9d839ef -> 
  custom:SearchIndexIgnoredProperties: e643bd26f0fe6173181afceb89e7c659 -> 
  custom:scripting/monoscript/fileName/GIFRecorder.cs: c00ece885699fb9084deaccd3eb27518 -> 
  custom:AudioImporter_EditorPlatform: d09bf68614088b80899f8185d706f6e7 -> 
  custom:scripting/monoscript/fileName/EXRRecorder.cs: 3f576ce8ddd959d51a4d7ba1999ecdbb -> 
  custom:scripting/monoscript/fileName/WEBMRecorder.cs: 391b6b920cfbc02401ea522620320c93 -> 
  custom:scripting/monoscript/fileName/RenderTextureSampler.cs: 1a7b9abab9548e1054dc40d6e2fa0270 -> 
  custom:scripting/monoscript/fileName/GifEncoder.cs: 40f336d5c5042a8a04556b4c5804a538 -> 
  custom:scripting/monoscript/fileName/GenericRecorder.cs: 90647cc400823b41df847a6cbfc29026 -> 
  custom:scripting/monoscript/fileName/ImageInputSelector.cs: f55822da877594150873922341be92b6 -> 
  custom:scripting/monoscript/fileName/AnimationRecorderSettingsEditor.cs: db1294bf3d48be44b6e4b2f2cc100b02 -> 
  custom:scripting/monoscript/fileName/RecorderTrack.cs: fac9638ece7eb7daaa1302fa170613fd -> 
  custom:scripting/monoscript/fileName/InputSettingsSelector.cs: 499a4ec92267406782b5c4f3472d53b9 -> 
  custom:scripting/monoscript/fileName/FileNameGenerator.cs: 5c8b6eb5291c3311189e0dfadac99363 -> 
  custom:scripting/monoscript/fileName/RecorderItem.cs: b62d2fcb9547a248575727d8a1646db8 -> 
  custom:scripting/monoscript/fileName/TextureFlipper.cs: 825b503b2ddab9cbd8ebbf3038075092 -> 
  custom:scripting/monoscript/fileName/AccumulationSettings.cs: fb962f0c2333934b681b167574f5e1cd -> 
  custom:scripting/monoscript/fileName/Camera360InputPropertyDrawer.cs: af647a2fe91bec98139246321cac865d -> 
  custom:scripting/monoscript/fileName/RecorderClipEditor.cs: 947ad5ff1f968d7fc40767d187070964 -> 
  custom:scripting/monoscript/fileName/EXRRecorderSettingsEditor.cs: c520a04c5f01331f2c8800e289ef6d6f -> 
  custom:scripting/monoscript/fileName/CoreEncoder.cs: dfaed86e82ad12e6a2b6740a0fb35820 -> 
  custom:scripting/monoscript/fileName/PNGRecorderSettings.cs: 79a421225358808ff14dd88c0355d1b6 -> 
  custom:scripting/monoscript/fileName/AspectRatioPropertyDrawer.cs: 9f18568574138839573389bde3e660a7 -> 
  custom:scripting/monoscript/fileName/ProResEncoder.cs: b375bf2d41e3d89081c3f2d1a0823bf3 -> 
  custom:scripting/monoscript/fileName/CameraInput.cs: bf7e0df3caf9e500f6d1c98c99e165ba -> 
  custom:scripting/monoscript/fileName/RecorderSettings.cs: bc3ef26ac157af28e5460886c0d5ef2e -> 
  custom:scripting/monoscript/fileName/RecorderClipTimelineEditor.cs: 2995d9f50ebc9245c6e9bd75c56415fb -> 
  custom:scripting/monoscript/fileName/EncoderSettingsAttribute.cs: 8352396dc11cff58c65c429fdb4fc67e -> 
  custom:scripting/monoscript/fileName/MP4Recorder.cs: af531c4e1f6d23547da08837eb16b729 -> 
  custom:scripting/monoscript/fileName/EncoderTypeUtilities.cs: a12c4c78a6cd4fb6b93180d59ad77be8 -> 
  custom:scripting/monoscript/fileName/PooledBufferAsyncGPUReadback.cs: 2a4e50c5dda177306c9ec935763c4378 -> 
  custom:scripting/monoscript/fileName/AnimationRecorder.cs: f749a4250195b5467bbf05e3a976b59f -> 
  custom:scripting/precompiled-assembly-types:Unity.Recorder.Base: 3fec19fdf10e3518c41e41a932f2042f -> 
  custom:scripting/monoscript/fileName/AnimationRecorderSettings.cs: 5cfb1544a40f93fe0ea879bb1361c877 -> 
  custom:scripting/monoscript/fileName/RenderTextureSamplerSettings.cs: 68adab84706346f2ecbdfd649ca9cf61 -> 
  custom:scripting/monoscript/fileName/RecordingContext.cs: af9af1e8b283703482ba133924b5585a -> 
  custom:scripting/monoscript/fileName/RecorderSelector.cs: c3cd2caacd181d6eff54dc260c4a1ffb -> 
  custom:video-encoder-webm-vp8: eb34c28f22e8b96e1ab97ce403110664 -> 
  custom:scripting/monoscript/fileName/RecorderInput.cs: 88fd8d8fd71b34ed7298a01f6c2d2e40 -> 
  custom:scripting/monoscript/fileName/RenderTextureSamplerPropertyDrawer.cs: b541817d9cc9b1341d2ddfa8823b718d -> 
  custom:scripting/monoscript/fileName/RecorderSettingsAttribute.cs: ddd228b25da7ba2ac10d13e1efacc875 -> 
  custom:audio-decoder-ogg-vorbis: bf7c407c2cedff20999df2af8eb42d56 -> 
  custom:scripting/monoscript/fileName/OutputPathDrawer.cs: cffc34c1be094e6caeb13ff3b26ca679 -> 
  custom:scripting/monoscript/fileName/EditorVersionsHelper.cs: 3ad9098caeeff0295dba8c0911f5333a -> 
  custom:scripting/monoscript/fileName/SettingAsset.cs: 7c3790954696ae83d71055079b387931 -> 
  custom:scripting/monoscript/fileName/OutputResolution.cs: 31c632d97e9a69bcc2ef10f6feb5bf62 -> 
  custom:scripting/monoscript/fileName/AccumulationSettingsPropertyDrawer.cs: bfc920db0de3c29c2967e88aac1c1027 -> 
  custom:scripting/monoscript/fileName/AnimationInputSettingsPropertyDrawer.cs: ebe1771fecebe7a93badf6354f59c990 -> 
  custom:scripting/monoscript/fileName/CoreEncoderSettings.cs: 2b5db1db3c1fa7de4175a7e143de3ce5 -> 
  custom:scripting/monoscript/fileName/VisualListItem.cs: 90647cc400823b41df847a6cbfc29026 -> 
  custom:scripting/monoscript/fileName/FrameRateProperyDrawer.cs: c478c798f5354f66af45b380be0629f9 -> 
  custom:scripting/monoscript/fileName/InputSettingsSelectorDrawer.cs: bca46dd5b59e2f574c94bef4cdb878fb -> 
  custom:scripting/monoscript/fileName/RecorderWindow.cs: 553a30d64d5ef1dcad6b00b4eeeb3829 -> 
  custom:scripting/monoscript/fileName/AOVCameraInputSettings.cs: 4d2fdf1142ce53d73cb43d39944ba516 -> 
  custom:scripting/monoscript/fileName/EnumProperyDrawer.cs: 90647cc400823b41df847a6cbfc29026 -> 
  custom:scripting/monoscript/fileName/AOVImageInputSelector.cs: b741d8d3a7cbb503c5bdf23d7e6792db -> 
  custom:scripting/monoscript/fileName/CoreEncoderSettingsPropertyDrawer.cs: c8bdf3420d844fd4604c0d0cf3815355 -> 
  custom:scripting/monoscript/fileName/GifEncoderSettings.cs: 812ca6afdf48b830953d76adab9d4030 -> 
  custom:scripting/monoscript/fileName/GIFRecorderSettingsEditor.cs: 4d0f46bcf58d188895fabae5334995ae -> 
  custom:scripting/monoscript/fileName/IEncoder.cs: 007c2ef621b0d92b5a7a6bae91d26090 -> 
  custom:scripting/monoscript/fileName/RecorderOptions.cs: 74782d297e80d8f56c0e05a7cde4e51d -> 
  custom:scripting/precompiled-assembly-types:Unity.Recorder.Editor: cd22b836ef1ca10e7d8c91c9be46b4bf -> 
  custom:scripting/monoscript/fileName/ProResEncoderSettingsPropertyDrawer.cs: 68c25e6d4459336217d4b9e22eb707b4 -> 
  custom:scripting/monoscript/fileName/ImageRecorder.cs: b804c29bfc59a61db184c1d275fe4101 -> 
  custom:scripting/monoscript/fileName/EditableLabel.cs: 4f8fa2c6092744ed6607a411e3f617c0 -> 
  custom:scripting/monoscript/fileName/GameViewInput.cs: 596e7ffa2d11b2002176644af3247ea6 -> 
  custom:audio-encoder-webm-vorbis: bf7c407c2cedff20999df2af8eb42d56 -> 
  custom:scripting/monoscript/fileName/SerializedDictionnary.cs: 90647cc400823b41df847a6cbfc29026 -> 
  custom:scripting/monoscript/fileName/HammersleySequence.cs: b06601f044912976f668045b7d4c79a8 -> 
  custom:scripting/monoscript/fileName/_RecorderComponent.cs: 8c268d1df4e18643d83ea9c6eeba2d9f -> 
  custom:scripting/monoscript/fileName/IAccumulation.cs: 38dee62d444423165276e3254554d005 -> 
  custom:scripting/monoscript/fileName/RecorderController.cs: 5760bd2995080b8d0d9d9e88ab8933c6 -> 
  custom:scripting/monoscript/fileName/EXRRecorderSettings.cs: bf113df492cb5b25e11ec144a73c2f74 -> 
========================================================================
Received Import Request.
  Time since last request: 9.027562 seconds.
  path: Assets/Prefabs/Cube.prefab
  artifactKey: Guid(6f465dab9e6bdbc40b292aa1082e7dd9) Importer(815301076,1909f56bfc062723c751e8b465ee728b)
Start importing Assets/Prefabs/Cube.prefab using Guid(6f465dab9e6bdbc40b292aa1082e7dd9) Importer(815301076,1909f56bfc062723c751e8b465ee728b) [PhysX] Initialized MultithreadedTaskDispatcher with 12 workers.
 -> (artifact id: '9d04fdfc94419e9d414e421f41762208') in 0.001720 seconds
Number of updated asset objects reloaded before import = 0
Number of asset objects unloaded after import = 0
========================================================================
Received Import Request.
  Time since last request: 535.817197 seconds.
  path: Assets/Prefabs/Cube.prefab
  artifactKey: Guid(6f465dab9e6bdbc40b292aa1082e7dd9) Importer(815301076,1909f56bfc062723c751e8b465ee728b)
Start importing Assets/Prefabs/Cube.prefab using Guid(6f465dab9e6bdbc40b292aa1082e7dd9) Importer(815301076,1909f56bfc062723c751e8b465ee728b) [PhysX] Initialized MultithreadedTaskDispatcher with 12 workers.
 -> (artifact id: '9d04fdfc94419e9d414e421f41762208') in 0.000608 seconds
Number of updated asset objects reloaded before import = 0
Number of asset objects unloaded after import = 0
========================================================================
Received Prepare
Caller must complete domain reload
Begin MonoManager ReloadAssembly
- Loaded All Assemblies, in  0.439 seconds
Native extension for WindowsStandalone target not found
Native extension for iOS target not found
Native extension for Android target not found
Mono: successfully reloaded assembly
- Finished resetting the current domain, in  1.001 seconds
Domain Reload Profiling: 1436ms
	BeginReloadAssembly (130ms)
		ExecutionOrderSort (0ms)
		DisableScriptedObjects (4ms)
		BackupInstance (0ms)
		ReleaseScriptingObjects (0ms)
		CreateAndSetChildDomain (25ms)
	RebuildCommonClasses (26ms)
	RebuildNativeTypeToScriptingClass (8ms)
	initialDomainReloadingComplete (27ms)
	LoadAllAssembliesAndSetupDomain (243ms)
		LoadAssemblies (297ms)
		RebuildTransferFunctionScriptingTraits (0ms)
		AnalyzeDomain (17ms)
			TypeCache.Refresh (6ms)
				TypeCache.ScanAssembly (0ms)
			ScanForSourceGeneratedMonoScriptInfo (5ms)
			ResolveRequiredComponents (5ms)
	FinalizeReload (1001ms)
		ReleaseScriptCaches (0ms)
		RebuildScriptCaches (0ms)
		SetupLoadedEditorAssemblies (486ms)
			LogAssemblyErrors (0ms)
			InitializePlatformSupportModulesInManaged (32ms)
			SetLoadedEditorAssemblies (4ms)
			RefreshPlugins (0ms)
			BeforeProcessingInitializeOnLoad (87ms)
			ProcessInitializeOnLoadAttributes (336ms)
			ProcessInitializeOnLoadMethodAttributes (17ms)
			AfterProcessingInitializeOnLoad (9ms)
			EditorAssembliesLoaded (0ms)
		ExecutionOrderSort2 (0ms)
		AwakeInstancesAfterBackupRestoration (5ms)
Refreshing native plugins compatible for Editor in 6.04 ms, found 6 plugins.
Preloading 0 native plugins for Editor in 0.00 ms.
Unloading 3255 Unused Serialized files (Serialized files now loaded: 0)
Unloading 21 unused Assets / (335.9 KB). Loaded Objects now: 3859.
Memory consumption went from 127.5 MB to 127.1 MB.
Total: 2.438100 ms (FindLiveObjects: 0.193800 ms CreateObjectMapping: 0.076200 ms MarkObjects: 1.980300 ms  DeleteObjects: 0.187000 ms)

Prepare: number of updated asset objects reloaded= 0
AssetImportParameters requested are different than current active one (requested -> active):
  custom:scripting/monoscript/fileName/WEBMRecorderSettingsEditor.cs: 5559c87f45d3b65fac8d5ac4ef5e81c8 -> 
  custom:scripting/monoscript/fileName/UIElementHelper.cs: 9f9438adfe3361012ea6280d4cdb2df4 -> 
  custom:scripting/monoscript/fileName/AOVCameraInput.cs: c23c8ce885672bc57e25263b3efd067a -> 
  custom:scripting/monoscript/fileName/BaseTextureRecorder.cs: 90647cc400823b41df847a6cbfc29026 -> 
  custom:scripting/monoscript/fileName/Recorder.cs: a7e319d512627774f8215ba0b76f0bcb -> 
  custom:scripting/monoscript/fileName/AudioRecorder.cs: 89550121570f22445b4a1b28daea3cf9 -> 
  custom:scripting/monoscript/fileName/PanelSplitter.cs: 5ff6c6e385b6b12ca322a9c92ac6f371 -> 
  custom:scripting/monoscript/fileName/ImageRecorderSettings.cs: a7ab05fac9382c03607c40fe73956ed6 -> 
  custom:scripting/monoscript/fileName/RecorderClip.cs: 897017f45cb3c30f306724d1fa17a8fe -> 
  custom:scripting/monoscript/fileName/GIFRecorderSettings.cs: 979f88ae1e7731daed242ab2fdebbc0e -> 
  custom:container-demuxer-ogg: 62fdf1f143b41e24485cea50d1cbac27 -> 
  custom:scripting/monoscript/fileName/MovieRecorder.cs: 024785cf83e1399f425b2aa115d22e2b -> 
  custom:scripting/monoscript/fileName/RecorderControllerSettingsPresetEditor.cs: 49aed206ae65ed5ac6b420f7104cd52d -> 
  custom:scripting/monoscript/fileName/AudioInput.cs: 499e96d8f0b35d362bd956c0975bb873 -> 
  custom:scripting/monoscript/fileName/WEBMRecorderSettings.cs: c176c43abbe456aeea55c2aef862801b -> 
  custom:scripting/monoscript/fileName/RecorderControllerSettingsPreset.cs: 78b391c1384ac60213ef58d50e78d553 -> 
  custom:scripting/monoscript/fileName/GameViewInputSettings.cs: a7ae22123f532f5bbcb39c654c998b57 -> 
  custom:scripting/monoscript/fileName/GameViewInputPropertyDrawer.cs: ae2c8a99c5e33d3d1ffc8232415130e8 -> 
  custom:scripting/monoscript/fileName/Camera360Input.cs: dc473b118c57e0734b0cd3476e333c06 -> 
  custom:scripting/monoscript/fileName/RecorderPreferencesSettingsProvider.cs: d92d314b87f7c2170e267636ebf38224 -> 
  custom:scripting/monoscript/fileName/RecorderBindings.cs: ac25db5b587307cfea909607f62e5641 -> 
  custom:video-decoder-ogg-theora: a1e56fd34408186e4bbccfd4996cb3dc -> 
  custom:scripting/monoscript/fileName/GIFWrapper.cs: 6ef8898a12699129e8f81f06a649cad1 -> 
  custom:scripting/monoscript/fileName/SceneHook.cs: 80fa8928b499d44515dd60e0bc895128 -> 
  custom:scripting/monoscript/fileName/AnimationInput.cs: e810137278708a698c5ccddaeb1a1e64 -> 
  custom:scripting/monoscript/fileName/OutputResolutionPropertyDrawer.cs: 0e33ffdf424417a2e685685cfc04d4b1 -> 
  custom:scripting/monoscript/fileName/EnumHelper.cs: 117b5609cc2a1ae41785cd0c8767815f -> 
  custom:scripting/monoscript/fileName/OutputPath.cs: ee51fcffcd8929d224a5e3fb152d5f62 -> 
  custom:scripting/monoscript/fileName/FileNameGeneratorDrawer.cs: a3ea71dec141084df9b7ffa19c11e2cb -> 
  custom:framework-win-MediaFoundation: 216162199b28c13a410421893ffa2e32 -> 
  custom:scripting/monoscript/fileName/RecorderPreferencesWindowGUIScope.cs: 7a2eba6fcb6829ea8b200991a02c9c06 -> 
  custom:scripting/monoscript/fileName/AspectRatio.cs: 18e3efa554f8258b676d4de53e38b642 -> 
  custom:scripting/monoscript/fileName/CameraInputSettings.cs: 6738f6dd994f658d2cbf6f5f3ba05a0e -> 
  custom:scripting/monoscript/fileName/RefHandle.cs: 90647cc400823b41df847a6cbfc29026 -> 
  custom:scripting/monoscript/fileName/CameraCapture.cs: c6dcba1380d9a4fa09f4e36182a45a73 -> 
  custom:scripting/monoscript/fileName/RecorderControllerSettings.cs: 989e0caa64af9b76551d4ff6bd15f598 -> 
  custom:scripting/monoscript/fileName/TargetedPropertyDrawer.cs: 90647cc400823b41df847a6cbfc29026 -> 
  custom:scripting/monoscript/fileName/MovieRecorderSettings.cs: 02a667a67b113b1f65e3fcadcc882513 -> 
  custom:scripting/monoscript/fileName/RenderTextureInputSettings.cs: ebca820667a63031a7597db85d26451a -> 
  custom:scripting/monoscript/fileName/ImageRecorderEditor.cs: d3134ae4c1dfd8e056bace11130b7692 -> 
  custom:scripting/monoscript/fileName/ProResEncoderSettings.cs: 4aca03881946a7fe9acacf199434009e -> 
  custom:scripting/monoscript/fileName/_FrameRequestComponent.cs: b34f171daaafc65da55ea68e2ed89f2b -> 
  custom:scripting/monoscript/fileName/RenderTextureInput.cs: 5dea77837ae3c82bb14643cd82dc06dc -> 
  custom:scripting/monoscript/fileName/RecorderAnalytics.cs: 0fa40093f6ac3fe75e92d746d563e5ee -> 
  custom:scripting/monoscript/fileName/MP4RecorderSettingsEditor.cs: 68a64b16a7961d71fa7286fd1f782e9b -> 
  custom:scripting/monoscript/fileName/RecorderBindingsEditor.cs: f7451a0e1cea6404b2976d2b2c42e273 -> 
  custom:scripting/monoscript/fileName/BaseRenderTextureInput.cs: 5dc13661a5a0dca5d09ca211933a44e2 -> 
  custom:scripting/monoscript/fileName/StatusBarHelper.cs: da04a6ed046f8a62f416d5d3ea415bef -> 
  custom:scripting/precompiled-assembly-types:Unity.Recorder: bd5378c99f6216e06dd6e2c2a60a86a4 -> 
  custom:CustomObjectIndexerAttribute: 9a22284fe3817be447336de3de66b15e -> 
  custom:scripting/monoscript/fileName/Camera360InputSettings.cs: 3d5eaf1cb3a9df6f9d1d52f3c3018c46 -> 
  custom:scripting/monoscript/fileName/PNGRecorderSettingsEditor.cs: 4970e6657bb34f7efc2c7d8168c7358b -> 
  custom:scripting/monoscript/fileName/ImageHeightSelector.cs: d1a7972bf1d79d90f09ab23c718afe39 -> 
  custom:scripting/monoscript/fileName/AnimationInputSettings.cs: d64a99ebbd13660e9264cb4111ab9832 -> 
  custom:scripting/monoscript/fileName/MP4RecorderSettings.cs: 551f5535c05b86d6ee91684eced14987 -> 
  custom:scripting/monoscript/fileName/RecorderPreferencesSettings.cs: 761b0a55fc5e50239a1d0c4bfc968274 -> 
  custom:container-demuxer-webm: 4f35f7cbe854078d1ac9338744f61a02 -> 
  custom:scripting/monoscript/fileName/RecorderSettingsPrefsEditor.cs: ba9e697f1d269c2c960a41bc543fa408 -> 
  custom:scripting/monoscript/fileName/ProResWrapper.cs: 712515ef615766c98115c6a20d85d6c8 -> 
  custom:scripting/monoscript/fileName/RecordModePropertyDrawer.cs: 165332db07362bbcab2d8dc6d1e1dfda -> 
  custom:scripting/monoscript/fileName/ImageInputSettings.cs: 98a2aedd167d40f01804b04845eeaf15 -> 
  custom:scripting/monoscript/fileName/SerializableObjHelper.cs: f19f181f3f05e8e393225dd7030fb66a -> 
  custom:scripting/monoscript/fileName/InputPropertyDrawer.cs: 90647cc400823b41df847a6cbfc29026 -> 
  custom:scripting/monoscript/fileName/AudioInputSettings.cs: a2c930fca1dd5e27705fbacf39727bb4 -> 
  custom:scripting/monoscript/fileName/InputSettings.cs: 35c56ce5488c6b464726305dcbd33b3d -> 
  custom:scripting/monoscript/fileName/RecorderEditor.cs: 736e59ba52eea987abc47f36a836e575 -> 
  custom:scripting/monoscript/fileName/AudioRecorderSettings.cs: 0b00f2c93558486cc61a06f270f43fea -> 
  custom:scripting/monoscript/fileName/RecordersInventory.cs: fb714c8df18f9b7fc7f3361f604ae3dc -> 
  custom:scripting/monoscript/fileName/BaseFCRecorderSettings.cs: fab928553cedb8703ac192d6cf7b6294 -> 
  custom:scripting/monoscript/fileName/AOVRecorderSettings.cs: cdc731153cd2f1f739300a28ea6a6608 -> 
  custom:scripting/monoscript/fileName/EXRCompressionTypeDrawer.cs: 301cb614ecf84a4dab346c5f76ea2016 -> 
  custom:scripting/monoscript/fileName/AOVRecorder.cs: c53e83f1863b3ea80b6df3885cdb8c82 -> 
  custom:scripting/monoscript/fileName/IEncoderSettings.cs: c7d04fadacf538db841606cc656ae724 -> 
  custom:scripting/monoscript/fileName/ShutterProfileTypePropertyDrawer.cs: 18a32c647eca27716eabcb5a44f00e32 -> 
  custom:scripting/monoscript/fileName/MovieRecorderEditor.cs: eb00ddb8a76b8dfb7c88b7826a49d38b -> 
  custom:scripting/monoscript/fileName/RenderTextureInputSettingsPropertyDrawer.cs: 809602b52454cd1e6229756218a8f453 -> 
  custom:scripting/monoscript/fileName/RecorderPlayableBehaviour.cs: 80165a21f4cd0dda690f708a19d389bd -> 
  custom:scripting/monoscript/fileName/GifEncoderSettingsPropertyDrawer.cs: b36c9a7eaaefccda514b23d7e14761ca -> 
  custom:scripting/monoscript/fileName/PNGRecorder.cs: 08fd40f88cb6b18c96882f263639f57d -> 
  custom:scripting/monoscript/fileName/CameraInputSettingsPropertyDrawer.cs: 91928abf1abf88be098cb088d896aec5 -> 
  custom:scripting/monoscript/fileName/AudioRecorderEditor.cs: 565168dec291afe3fa470657cfc2c123 -> 
  custom:scripting/monoscript/fileName/AOVRecorderEditor.cs: 5ca53ccd6d7645709639507726114395 -> 
  custom:container-muxer-webm: aa71ff27fc2769a1b78a27578f13a17b -> 
  custom:video-decoder-webm-vp8: 9c59270c3fd7afecdb556c50c9e8de78 -> 
  custom:scripting/monoscript/fileName/RecordingSession.cs: f3ad08157c278a036224ca395f350890 -> 
  custom:scripting/monoscript/fileName/GameViewSize.cs: f6128a6515fcafce6db32fcdfa107254 -> 
  custom:scripting/monoscript/fileName/UnityHelpers.cs: b3e077029b574be508585124a9d839ef -> 
  custom:SearchIndexIgnoredProperties: e643bd26f0fe6173181afceb89e7c659 -> 
  custom:scripting/monoscript/fileName/GIFRecorder.cs: c00ece885699fb9084deaccd3eb27518 -> 
  custom:AudioImporter_EditorPlatform: d09bf68614088b80899f8185d706f6e7 -> 
  custom:scripting/monoscript/fileName/EXRRecorder.cs: 3f576ce8ddd959d51a4d7ba1999ecdbb -> 
  custom:scripting/monoscript/fileName/WEBMRecorder.cs: 391b6b920cfbc02401ea522620320c93 -> 
  custom:scripting/monoscript/fileName/RenderTextureSampler.cs: 1a7b9abab9548e1054dc40d6e2fa0270 -> 
  custom:scripting/monoscript/fileName/GifEncoder.cs: 40f336d5c5042a8a04556b4c5804a538 -> 
  custom:scripting/monoscript/fileName/GenericRecorder.cs: 90647cc400823b41df847a6cbfc29026 -> 
  custom:scripting/monoscript/fileName/ImageInputSelector.cs: f55822da877594150873922341be92b6 -> 
  custom:scripting/monoscript/fileName/AnimationRecorderSettingsEditor.cs: db1294bf3d48be44b6e4b2f2cc100b02 -> 
  custom:scripting/monoscript/fileName/RecorderTrack.cs: fac9638ece7eb7daaa1302fa170613fd -> 
  custom:scripting/monoscript/fileName/InputSettingsSelector.cs: 499a4ec92267406782b5c4f3472d53b9 -> 
  custom:scripting/monoscript/fileName/FileNameGenerator.cs: 5c8b6eb5291c3311189e0dfadac99363 -> 
  custom:scripting/monoscript/fileName/RecorderItem.cs: b62d2fcb9547a248575727d8a1646db8 -> 
  custom:scripting/monoscript/fileName/TextureFlipper.cs: 825b503b2ddab9cbd8ebbf3038075092 -> 
  custom:scripting/monoscript/fileName/AccumulationSettings.cs: fb962f0c2333934b681b167574f5e1cd -> 
  custom:scripting/monoscript/fileName/Camera360InputPropertyDrawer.cs: af647a2fe91bec98139246321cac865d -> 
  custom:scripting/monoscript/fileName/RecorderClipEditor.cs: 947ad5ff1f968d7fc40767d187070964 -> 
  custom:scripting/monoscript/fileName/EXRRecorderSettingsEditor.cs: c520a04c5f01331f2c8800e289ef6d6f -> 
  custom:scripting/monoscript/fileName/CoreEncoder.cs: dfaed86e82ad12e6a2b6740a0fb35820 -> 
  custom:scripting/monoscript/fileName/PNGRecorderSettings.cs: 79a421225358808ff14dd88c0355d1b6 -> 
  custom:scripting/monoscript/fileName/AspectRatioPropertyDrawer.cs: 9f18568574138839573389bde3e660a7 -> 
  custom:scripting/monoscript/fileName/ProResEncoder.cs: b375bf2d41e3d89081c3f2d1a0823bf3 -> 
  custom:scripting/monoscript/fileName/CameraInput.cs: bf7e0df3caf9e500f6d1c98c99e165ba -> 
  custom:scripting/monoscript/fileName/RecorderSettings.cs: bc3ef26ac157af28e5460886c0d5ef2e -> 
  custom:scripting/monoscript/fileName/RecorderClipTimelineEditor.cs: 2995d9f50ebc9245c6e9bd75c56415fb -> 
  custom:scripting/monoscript/fileName/EncoderSettingsAttribute.cs: 8352396dc11cff58c65c429fdb4fc67e -> 
  custom:scripting/monoscript/fileName/MP4Recorder.cs: af531c4e1f6d23547da08837eb16b729 -> 
  custom:scripting/monoscript/fileName/EncoderTypeUtilities.cs: a12c4c78a6cd4fb6b93180d59ad77be8 -> 
  custom:scripting/monoscript/fileName/PooledBufferAsyncGPUReadback.cs: 2a4e50c5dda177306c9ec935763c4378 -> 
  custom:scripting/monoscript/fileName/AnimationRecorder.cs: f749a4250195b5467bbf05e3a976b59f -> 
  custom:scripting/precompiled-assembly-types:Unity.Recorder.Base: 3fec19fdf10e3518c41e41a932f2042f -> 
  custom:scripting/monoscript/fileName/AnimationRecorderSettings.cs: 5cfb1544a40f93fe0ea879bb1361c877 -> 
  custom:scripting/monoscript/fileName/RenderTextureSamplerSettings.cs: 68adab84706346f2ecbdfd649ca9cf61 -> 
  custom:scripting/monoscript/fileName/RecordingContext.cs: af9af1e8b283703482ba133924b5585a -> 
  custom:scripting/monoscript/fileName/RecorderSelector.cs: c3cd2caacd181d6eff54dc260c4a1ffb -> 
  custom:video-encoder-webm-vp8: eb34c28f22e8b96e1ab97ce403110664 -> 
  custom:scripting/monoscript/fileName/RecorderInput.cs: 88fd8d8fd71b34ed7298a01f6c2d2e40 -> 
  custom:scripting/monoscript/fileName/RenderTextureSamplerPropertyDrawer.cs: b541817d9cc9b1341d2ddfa8823b718d -> 
  custom:scripting/monoscript/fileName/RecorderSettingsAttribute.cs: ddd228b25da7ba2ac10d13e1efacc875 -> 
  custom:audio-decoder-ogg-vorbis: bf7c407c2cedff20999df2af8eb42d56 -> 
  custom:scripting/monoscript/fileName/OutputPathDrawer.cs: cffc34c1be094e6caeb13ff3b26ca679 -> 
  custom:scripting/monoscript/fileName/EditorVersionsHelper.cs: 3ad9098caeeff0295dba8c0911f5333a -> 
  custom:scripting/monoscript/fileName/SettingAsset.cs: 7c3790954696ae83d71055079b387931 -> 
  custom:scripting/monoscript/fileName/OutputResolution.cs: 31c632d97e9a69bcc2ef10f6feb5bf62 -> 
  custom:scripting/monoscript/fileName/AccumulationSettingsPropertyDrawer.cs: bfc920db0de3c29c2967e88aac1c1027 -> 
  custom:scripting/monoscript/fileName/AnimationInputSettingsPropertyDrawer.cs: ebe1771fecebe7a93badf6354f59c990 -> 
  custom:scripting/monoscript/fileName/CoreEncoderSettings.cs: 2b5db1db3c1fa7de4175a7e143de3ce5 -> 
  custom:scripting/monoscript/fileName/VisualListItem.cs: 90647cc400823b41df847a6cbfc29026 -> 
  custom:scripting/monoscript/fileName/FrameRateProperyDrawer.cs: c478c798f5354f66af45b380be0629f9 -> 
  custom:scripting/monoscript/fileName/InputSettingsSelectorDrawer.cs: bca46dd5b59e2f574c94bef4cdb878fb -> 
  custom:scripting/monoscript/fileName/RecorderWindow.cs: 553a30d64d5ef1dcad6b00b4eeeb3829 -> 
  custom:scripting/monoscript/fileName/AOVCameraInputSettings.cs: 4d2fdf1142ce53d73cb43d39944ba516 -> 
  custom:scripting/monoscript/fileName/EnumProperyDrawer.cs: 90647cc400823b41df847a6cbfc29026 -> 
  custom:scripting/monoscript/fileName/AOVImageInputSelector.cs: b741d8d3a7cbb503c5bdf23d7e6792db -> 
  custom:scripting/monoscript/fileName/CoreEncoderSettingsPropertyDrawer.cs: c8bdf3420d844fd4604c0d0cf3815355 -> 
  custom:scripting/monoscript/fileName/GifEncoderSettings.cs: 812ca6afdf48b830953d76adab9d4030 -> 
  custom:scripting/monoscript/fileName/GIFRecorderSettingsEditor.cs: 4d0f46bcf58d188895fabae5334995ae -> 
  custom:scripting/monoscript/fileName/IEncoder.cs: 007c2ef621b0d92b5a7a6bae91d26090 -> 
  custom:scripting/monoscript/fileName/RecorderOptions.cs: 74782d297e80d8f56c0e05a7cde4e51d -> 
  custom:scripting/precompiled-assembly-types:Unity.Recorder.Editor: cd22b836ef1ca10e7d8c91c9be46b4bf -> 
  custom:scripting/monoscript/fileName/ProResEncoderSettingsPropertyDrawer.cs: 68c25e6d4459336217d4b9e22eb707b4 -> 
  custom:scripting/monoscript/fileName/ImageRecorder.cs: b804c29bfc59a61db184c1d275fe4101 -> 
  custom:scripting/monoscript/fileName/EditableLabel.cs: 4f8fa2c6092744ed6607a411e3f617c0 -> 
  custom:scripting/monoscript/fileName/GameViewInput.cs: 596e7ffa2d11b2002176644af3247ea6 -> 
  custom:audio-encoder-webm-vorbis: bf7c407c2cedff20999df2af8eb42d56 -> 
  custom:scripting/monoscript/fileName/SerializedDictionnary.cs: 90647cc400823b41df847a6cbfc29026 -> 
  custom:scripting/monoscript/fileName/HammersleySequence.cs: b06601f044912976f668045b7d4c79a8 -> 
  custom:scripting/monoscript/fileName/_RecorderComponent.cs: 8c268d1df4e18643d83ea9c6eeba2d9f -> 
  custom:scripting/precompiled-assembly-types:Assembly-CSharp: 71c9fb75267ed4ddf8f34ff103c3f7d4 -> 4edc3a31abdfdd45de4da5df68c48f00
  custom:scripting/monoscript/fileName/IAccumulation.cs: 38dee62d444423165276e3254554d005 -> 
  custom:scripting/monoscript/fileName/RecorderController.cs: 5760bd2995080b8d0d9d9e88ab8933c6 -> 
  custom:scripting/monoscript/fileName/EXRRecorderSettings.cs: bf113df492cb5b25e11ec144a73c2f74 -> 
========================================================================
Received Import Request.
  Time since last request: 4.795676 seconds.
  path: Assets/Prefabs/Cube.prefab
  artifactKey: Guid(6f465dab9e6bdbc40b292aa1082e7dd9) Importer(815301076,1909f56bfc062723c751e8b465ee728b)
Start importing Assets/Prefabs/Cube.prefab using Guid(6f465dab9e6bdbc40b292aa1082e7dd9) Importer(815301076,1909f56bfc062723c751e8b465ee728b) [PhysX] Initialized MultithreadedTaskDispatcher with 12 workers.
 -> (artifact id: '9d04fdfc94419e9d414e421f41762208') in 0.001483 seconds
Number of updated asset objects reloaded before import = 0
Number of asset objects unloaded after import = 0
========================================================================
Received Import Request.
  Time since last request: 39.067298 seconds.
  path: Assets/Prefabs/Cube.prefab
  artifactKey: Guid(6f465dab9e6bdbc40b292aa1082e7dd9) Importer(815301076,1909f56bfc062723c751e8b465ee728b)
Start importing Assets/Prefabs/Cube.prefab using Guid(6f465dab9e6bdbc40b292aa1082e7dd9) Importer(815301076,1909f56bfc062723c751e8b465ee728b) [PhysX] Initialized MultithreadedTaskDispatcher with 12 workers.
 -> (artifact id: '9d04fdfc94419e9d414e421f41762208') in 0.000467 seconds
Number of updated asset objects reloaded before import = 0
Number of asset objects unloaded after import = 0
========================================================================
Received Prepare
Caller must complete domain reload
Begin MonoManager ReloadAssembly
- Loaded All Assemblies, in  0.419 seconds
Native extension for WindowsStandalone target not found
Native extension for iOS target not found
Native extension for Android target not found
Mono: successfully reloaded assembly
- Finished resetting the current domain, in  0.995 seconds
Domain Reload Profiling: 1410ms
	BeginReloadAssembly (125ms)
		ExecutionOrderSort (0ms)
		DisableScriptedObjects (4ms)
		BackupInstance (0ms)
		ReleaseScriptingObjects (0ms)
		CreateAndSetChildDomain (24ms)
	RebuildCommonClasses (26ms)
	RebuildNativeTypeToScriptingClass (9ms)
	initialDomainReloadingComplete (28ms)
	LoadAllAssembliesAndSetupDomain (227ms)
		LoadAssemblies (278ms)
		RebuildTransferFunctionScriptingTraits (0ms)
		AnalyzeDomain (18ms)
			TypeCache.Refresh (6ms)
				TypeCache.ScanAssembly (0ms)
			ScanForSourceGeneratedMonoScriptInfo (6ms)
			ResolveRequiredComponents (5ms)
	FinalizeReload (995ms)
		ReleaseScriptCaches (0ms)
		RebuildScriptCaches (0ms)
		SetupLoadedEditorAssemblies (492ms)
			LogAssemblyErrors (0ms)
			InitializePlatformSupportModulesInManaged (32ms)
			SetLoadedEditorAssemblies (5ms)
			RefreshPlugins (0ms)
			BeforeProcessingInitializeOnLoad (94ms)
			ProcessInitializeOnLoadAttributes (336ms)
			ProcessInitializeOnLoadMethodAttributes (16ms)
			AfterProcessingInitializeOnLoad (10ms)
			EditorAssembliesLoaded (0ms)
		ExecutionOrderSort2 (0ms)
		AwakeInstancesAfterBackupRestoration (5ms)
Refreshing native plugins compatible for Editor in 5.28 ms, found 6 plugins.
Preloading 0 native plugins for Editor in 0.00 ms.
Unloading 3255 Unused Serialized files (Serialized files now loaded: 0)
Unloading 21 unused Assets / (336.1 KB). Loaded Objects now: 3862.
Memory consumption went from 127.5 MB to 127.1 MB.
Total: 2.361400 ms (FindLiveObjects: 0.194000 ms CreateObjectMapping: 0.075700 ms MarkObjects: 1.927700 ms  DeleteObjects: 0.163500 ms)

Prepare: number of updated asset objects reloaded= 0
AssetImportParameters requested are different than current active one (requested -> active):
  custom:scripting/monoscript/fileName/WEBMRecorderSettingsEditor.cs: 5559c87f45d3b65fac8d5ac4ef5e81c8 -> 
  custom:scripting/monoscript/fileName/UIElementHelper.cs: 9f9438adfe3361012ea6280d4cdb2df4 -> 
  custom:scripting/monoscript/fileName/AOVCameraInput.cs: c23c8ce885672bc57e25263b3efd067a -> 
  custom:scripting/monoscript/fileName/BaseTextureRecorder.cs: 90647cc400823b41df847a6cbfc29026 -> 
  custom:scripting/monoscript/fileName/Recorder.cs: a7e319d512627774f8215ba0b76f0bcb -> 
  custom:scripting/monoscript/fileName/AudioRecorder.cs: 89550121570f22445b4a1b28daea3cf9 -> 
  custom:scripting/monoscript/fileName/PanelSplitter.cs: 5ff6c6e385b6b12ca322a9c92ac6f371 -> 
  custom:scripting/monoscript/fileName/ImageRecorderSettings.cs: a7ab05fac9382c03607c40fe73956ed6 -> 
  custom:scripting/monoscript/fileName/RecorderClip.cs: 897017f45cb3c30f306724d1fa17a8fe -> 
  custom:scripting/monoscript/fileName/GIFRecorderSettings.cs: 979f88ae1e7731daed242ab2fdebbc0e -> 
  custom:container-demuxer-ogg: 62fdf1f143b41e24485cea50d1cbac27 -> 
  custom:scripting/monoscript/fileName/MovieRecorder.cs: 024785cf83e1399f425b2aa115d22e2b -> 
  custom:scripting/monoscript/fileName/RecorderControllerSettingsPresetEditor.cs: 49aed206ae65ed5ac6b420f7104cd52d -> 
  custom:scripting/monoscript/fileName/AudioInput.cs: 499e96d8f0b35d362bd956c0975bb873 -> 
  custom:scripting/monoscript/fileName/WEBMRecorderSettings.cs: c176c43abbe456aeea55c2aef862801b -> 
  custom:scripting/monoscript/fileName/RecorderControllerSettingsPreset.cs: 78b391c1384ac60213ef58d50e78d553 -> 
  custom:scripting/monoscript/fileName/GameViewInputSettings.cs: a7ae22123f532f5bbcb39c654c998b57 -> 
  custom:scripting/monoscript/fileName/GameViewInputPropertyDrawer.cs: ae2c8a99c5e33d3d1ffc8232415130e8 -> 
  custom:scripting/monoscript/fileName/Camera360Input.cs: dc473b118c57e0734b0cd3476e333c06 -> 
  custom:scripting/monoscript/fileName/RecorderPreferencesSettingsProvider.cs: d92d314b87f7c2170e267636ebf38224 -> 
  custom:scripting/monoscript/fileName/RecorderBindings.cs: ac25db5b587307cfea909607f62e5641 -> 
  custom:video-decoder-ogg-theora: a1e56fd34408186e4bbccfd4996cb3dc -> 
  custom:scripting/monoscript/fileName/GIFWrapper.cs: 6ef8898a12699129e8f81f06a649cad1 -> 
  custom:scripting/monoscript/fileName/SceneHook.cs: 80fa8928b499d44515dd60e0bc895128 -> 
  custom:scripting/monoscript/fileName/AnimationInput.cs: e810137278708a698c5ccddaeb1a1e64 -> 
  custom:scripting/monoscript/fileName/OutputResolutionPropertyDrawer.cs: 0e33ffdf424417a2e685685cfc04d4b1 -> 
  custom:scripting/monoscript/fileName/EnumHelper.cs: 117b5609cc2a1ae41785cd0c8767815f -> 
  custom:scripting/monoscript/fileName/OutputPath.cs: ee51fcffcd8929d224a5e3fb152d5f62 -> 
  custom:scripting/monoscript/fileName/FileNameGeneratorDrawer.cs: a3ea71dec141084df9b7ffa19c11e2cb -> 
  custom:framework-win-MediaFoundation: 216162199b28c13a410421893ffa2e32 -> 
  custom:scripting/monoscript/fileName/RecorderPreferencesWindowGUIScope.cs: 7a2eba6fcb6829ea8b200991a02c9c06 -> 
  custom:scripting/monoscript/fileName/AspectRatio.cs: 18e3efa554f8258b676d4de53e38b642 -> 
  custom:scripting/monoscript/fileName/CameraInputSettings.cs: 6738f6dd994f658d2cbf6f5f3ba05a0e -> 
  custom:scripting/monoscript/fileName/RefHandle.cs: 90647cc400823b41df847a6cbfc29026 -> 
  custom:scripting/monoscript/fileName/CameraCapture.cs: c6dcba1380d9a4fa09f4e36182a45a73 -> 
  custom:scripting/monoscript/fileName/RecorderControllerSettings.cs: 989e0caa64af9b76551d4ff6bd15f598 -> 
  custom:scripting/monoscript/fileName/TargetedPropertyDrawer.cs: 90647cc400823b41df847a6cbfc29026 -> 
  custom:scripting/monoscript/fileName/MovieRecorderSettings.cs: 02a667a67b113b1f65e3fcadcc882513 -> 
  custom:scripting/monoscript/fileName/RenderTextureInputSettings.cs: ebca820667a63031a7597db85d26451a -> 
  custom:scripting/monoscript/fileName/ImageRecorderEditor.cs: d3134ae4c1dfd8e056bace11130b7692 -> 
  custom:scripting/monoscript/fileName/ProResEncoderSettings.cs: 4aca03881946a7fe9acacf199434009e -> 
  custom:scripting/monoscript/fileName/_FrameRequestComponent.cs: b34f171daaafc65da55ea68e2ed89f2b -> 
  custom:scripting/monoscript/fileName/RenderTextureInput.cs: 5dea77837ae3c82bb14643cd82dc06dc -> 
  custom:scripting/monoscript/fileName/RecorderAnalytics.cs: 0fa40093f6ac3fe75e92d746d563e5ee -> 
  custom:scripting/monoscript/fileName/MP4RecorderSettingsEditor.cs: 68a64b16a7961d71fa7286fd1f782e9b -> 
  custom:scripting/monoscript/fileName/RecorderBindingsEditor.cs: f7451a0e1cea6404b2976d2b2c42e273 -> 
  custom:scripting/monoscript/fileName/BaseRenderTextureInput.cs: 5dc13661a5a0dca5d09ca211933a44e2 -> 
  custom:scripting/monoscript/fileName/StatusBarHelper.cs: da04a6ed046f8a62f416d5d3ea415bef -> 
  custom:scripting/precompiled-assembly-types:Unity.Recorder: bd5378c99f6216e06dd6e2c2a60a86a4 -> 
  custom:CustomObjectIndexerAttribute: 9a22284fe3817be447336de3de66b15e -> 
  custom:scripting/monoscript/fileName/Camera360InputSettings.cs: 3d5eaf1cb3a9df6f9d1d52f3c3018c46 -> 
  custom:scripting/monoscript/fileName/PNGRecorderSettingsEditor.cs: 4970e6657bb34f7efc2c7d8168c7358b -> 
  custom:scripting/monoscript/fileName/ImageHeightSelector.cs: d1a7972bf1d79d90f09ab23c718afe39 -> 
  custom:scripting/monoscript/fileName/AnimationInputSettings.cs: d64a99ebbd13660e9264cb4111ab9832 -> 
  custom:scripting/monoscript/fileName/MP4RecorderSettings.cs: 551f5535c05b86d6ee91684eced14987 -> 
  custom:scripting/monoscript/fileName/RecorderPreferencesSettings.cs: 761b0a55fc5e50239a1d0c4bfc968274 -> 
  custom:container-demuxer-webm: 4f35f7cbe854078d1ac9338744f61a02 -> 
  custom:scripting/monoscript/fileName/RecorderSettingsPrefsEditor.cs: ba9e697f1d269c2c960a41bc543fa408 -> 
  custom:scripting/monoscript/fileName/ProResWrapper.cs: 712515ef615766c98115c6a20d85d6c8 -> 
  custom:scripting/monoscript/fileName/RecordModePropertyDrawer.cs: 165332db07362bbcab2d8dc6d1e1dfda -> 
  custom:scripting/monoscript/fileName/ImageInputSettings.cs: 98a2aedd167d40f01804b04845eeaf15 -> 
  custom:scripting/monoscript/fileName/SerializableObjHelper.cs: f19f181f3f05e8e393225dd7030fb66a -> 
  custom:scripting/monoscript/fileName/InputPropertyDrawer.cs: 90647cc400823b41df847a6cbfc29026 -> 
  custom:scripting/monoscript/fileName/AudioInputSettings.cs: a2c930fca1dd5e27705fbacf39727bb4 -> 
  custom:scripting/monoscript/fileName/InputSettings.cs: 35c56ce5488c6b464726305dcbd33b3d -> 
  custom:scripting/monoscript/fileName/RecorderEditor.cs: 736e59ba52eea987abc47f36a836e575 -> 
  custom:scripting/monoscript/fileName/AudioRecorderSettings.cs: 0b00f2c93558486cc61a06f270f43fea -> 
  custom:scripting/monoscript/fileName/RecordersInventory.cs: fb714c8df18f9b7fc7f3361f604ae3dc -> 
  custom:scripting/monoscript/fileName/BaseFCRecorderSettings.cs: fab928553cedb8703ac192d6cf7b6294 -> 
  custom:scripting/monoscript/fileName/AOVRecorderSettings.cs: cdc731153cd2f1f739300a28ea6a6608 -> 
  custom:scripting/monoscript/fileName/EXRCompressionTypeDrawer.cs: 301cb614ecf84a4dab346c5f76ea2016 -> 
  custom:scripting/monoscript/fileName/AOVRecorder.cs: c53e83f1863b3ea80b6df3885cdb8c82 -> 
  custom:scripting/monoscript/fileName/IEncoderSettings.cs: c7d04fadacf538db841606cc656ae724 -> 
  custom:scripting/monoscript/fileName/ShutterProfileTypePropertyDrawer.cs: 18a32c647eca27716eabcb5a44f00e32 -> 
  custom:scripting/monoscript/fileName/MovieRecorderEditor.cs: eb00ddb8a76b8dfb7c88b7826a49d38b -> 
  custom:scripting/monoscript/fileName/RenderTextureInputSettingsPropertyDrawer.cs: 809602b52454cd1e6229756218a8f453 -> 
  custom:scripting/monoscript/fileName/RecorderPlayableBehaviour.cs: 80165a21f4cd0dda690f708a19d389bd -> 
  custom:scripting/monoscript/fileName/GifEncoderSettingsPropertyDrawer.cs: b36c9a7eaaefccda514b23d7e14761ca -> 
  custom:scripting/monoscript/fileName/PNGRecorder.cs: 08fd40f88cb6b18c96882f263639f57d -> 
  custom:scripting/monoscript/fileName/CameraInputSettingsPropertyDrawer.cs: 91928abf1abf88be098cb088d896aec5 -> 
  custom:scripting/monoscript/fileName/AudioRecorderEditor.cs: 565168dec291afe3fa470657cfc2c123 -> 
  custom:scripting/monoscript/fileName/AOVRecorderEditor.cs: 5ca53ccd6d7645709639507726114395 -> 
  custom:container-muxer-webm: aa71ff27fc2769a1b78a27578f13a17b -> 
  custom:video-decoder-webm-vp8: 9c59270c3fd7afecdb556c50c9e8de78 -> 
  custom:scripting/monoscript/fileName/RecordingSession.cs: f3ad08157c278a036224ca395f350890 -> 
  custom:scripting/monoscript/fileName/GameViewSize.cs: f6128a6515fcafce6db32fcdfa107254 -> 
  custom:scripting/monoscript/fileName/UnityHelpers.cs: b3e077029b574be508585124a9d839ef -> 
  custom:SearchIndexIgnoredProperties: e643bd26f0fe6173181afceb89e7c659 -> 
  custom:scripting/monoscript/fileName/GIFRecorder.cs: c00ece885699fb9084deaccd3eb27518 -> 
  custom:AudioImporter_EditorPlatform: d09bf68614088b80899f8185d706f6e7 -> 
  custom:scripting/monoscript/fileName/EXRRecorder.cs: 3f576ce8ddd959d51a4d7ba1999ecdbb -> 
  custom:scripting/monoscript/fileName/WEBMRecorder.cs: 391b6b920cfbc02401ea522620320c93 -> 
  custom:scripting/monoscript/fileName/RenderTextureSampler.cs: 1a7b9abab9548e1054dc40d6e2fa0270 -> 
  custom:scripting/monoscript/fileName/GifEncoder.cs: 40f336d5c5042a8a04556b4c5804a538 -> 
  custom:scripting/monoscript/fileName/GenericRecorder.cs: 90647cc400823b41df847a6cbfc29026 -> 
  custom:scripting/monoscript/fileName/ImageInputSelector.cs: f55822da877594150873922341be92b6 -> 
  custom:scripting/monoscript/fileName/AnimationRecorderSettingsEditor.cs: db1294bf3d48be44b6e4b2f2cc100b02 -> 
  custom:scripting/monoscript/fileName/RecorderTrack.cs: fac9638ece7eb7daaa1302fa170613fd -> 
  custom:scripting/monoscript/fileName/InputSettingsSelector.cs: 499a4ec92267406782b5c4f3472d53b9 -> 
  custom:scripting/monoscript/fileName/FileNameGenerator.cs: 5c8b6eb5291c3311189e0dfadac99363 -> 
  custom:scripting/monoscript/fileName/RecorderItem.cs: b62d2fcb9547a248575727d8a1646db8 -> 
  custom:scripting/monoscript/fileName/TextureFlipper.cs: 825b503b2ddab9cbd8ebbf3038075092 -> 
  custom:scripting/monoscript/fileName/AccumulationSettings.cs: fb962f0c2333934b681b167574f5e1cd -> 
  custom:scripting/monoscript/fileName/Camera360InputPropertyDrawer.cs: af647a2fe91bec98139246321cac865d -> 
  custom:scripting/monoscript/fileName/RecorderClipEditor.cs: 947ad5ff1f968d7fc40767d187070964 -> 
  custom:scripting/monoscript/fileName/EXRRecorderSettingsEditor.cs: c520a04c5f01331f2c8800e289ef6d6f -> 
  custom:scripting/monoscript/fileName/CoreEncoder.cs: dfaed86e82ad12e6a2b6740a0fb35820 -> 
  custom:scripting/monoscript/fileName/PNGRecorderSettings.cs: 79a421225358808ff14dd88c0355d1b6 -> 
  custom:scripting/monoscript/fileName/AspectRatioPropertyDrawer.cs: 9f18568574138839573389bde3e660a7 -> 
  custom:scripting/monoscript/fileName/ProResEncoder.cs: b375bf2d41e3d89081c3f2d1a0823bf3 -> 
  custom:scripting/monoscript/fileName/CameraInput.cs: bf7e0df3caf9e500f6d1c98c99e165ba -> 
  custom:scripting/monoscript/fileName/RecorderSettings.cs: bc3ef26ac157af28e5460886c0d5ef2e -> 
  custom:scripting/monoscript/fileName/RecorderClipTimelineEditor.cs: 2995d9f50ebc9245c6e9bd75c56415fb -> 
  custom:scripting/monoscript/fileName/EncoderSettingsAttribute.cs: 8352396dc11cff58c65c429fdb4fc67e -> 
  custom:scripting/monoscript/fileName/MP4Recorder.cs: af531c4e1f6d23547da08837eb16b729 -> 
  custom:scripting/monoscript/fileName/EncoderTypeUtilities.cs: a12c4c78a6cd4fb6b93180d59ad77be8 -> 
  custom:scripting/monoscript/fileName/PooledBufferAsyncGPUReadback.cs: 2a4e50c5dda177306c9ec935763c4378 -> 
  custom:scripting/monoscript/fileName/AnimationRecorder.cs: f749a4250195b5467bbf05e3a976b59f -> 
  custom:scripting/precompiled-assembly-types:Unity.Recorder.Base: 3fec19fdf10e3518c41e41a932f2042f -> 
  custom:scripting/monoscript/fileName/AnimationRecorderSettings.cs: 5cfb1544a40f93fe0ea879bb1361c877 -> 
  custom:scripting/monoscript/fileName/RenderTextureSamplerSettings.cs: 68adab84706346f2ecbdfd649ca9cf61 -> 
  custom:scripting/monoscript/fileName/RecordingContext.cs: af9af1e8b283703482ba133924b5585a -> 
  custom:scripting/monoscript/fileName/RecorderSelector.cs: c3cd2caacd181d6eff54dc260c4a1ffb -> 
  custom:video-encoder-webm-vp8: eb34c28f22e8b96e1ab97ce403110664 -> 
  custom:scripting/monoscript/fileName/RecorderInput.cs: 88fd8d8fd71b34ed7298a01f6c2d2e40 -> 
  custom:scripting/monoscript/fileName/RenderTextureSamplerPropertyDrawer.cs: b541817d9cc9b1341d2ddfa8823b718d -> 
  custom:scripting/monoscript/fileName/RecorderSettingsAttribute.cs: ddd228b25da7ba2ac10d13e1efacc875 -> 
  custom:audio-decoder-ogg-vorbis: bf7c407c2cedff20999df2af8eb42d56 -> 
  custom:scripting/monoscript/fileName/OutputPathDrawer.cs: cffc34c1be094e6caeb13ff3b26ca679 -> 
  custom:scripting/monoscript/fileName/EditorVersionsHelper.cs: 3ad9098caeeff0295dba8c0911f5333a -> 
  custom:scripting/monoscript/fileName/SettingAsset.cs: 7c3790954696ae83d71055079b387931 -> 
  custom:scripting/monoscript/fileName/OutputResolution.cs: 31c632d97e9a69bcc2ef10f6feb5bf62 -> 
  custom:scripting/monoscript/fileName/AccumulationSettingsPropertyDrawer.cs: bfc920db0de3c29c2967e88aac1c1027 -> 
  custom:scripting/monoscript/fileName/AnimationInputSettingsPropertyDrawer.cs: ebe1771fecebe7a93badf6354f59c990 -> 
  custom:scripting/monoscript/fileName/CoreEncoderSettings.cs: 2b5db1db3c1fa7de4175a7e143de3ce5 -> 
  custom:scripting/monoscript/fileName/VisualListItem.cs: 90647cc400823b41df847a6cbfc29026 -> 
  custom:scripting/monoscript/fileName/FrameRateProperyDrawer.cs: c478c798f5354f66af45b380be0629f9 -> 
  custom:scripting/monoscript/fileName/InputSettingsSelectorDrawer.cs: bca46dd5b59e2f574c94bef4cdb878fb -> 
  custom:scripting/monoscript/fileName/RecorderWindow.cs: 553a30d64d5ef1dcad6b00b4eeeb3829 -> 
  custom:scripting/monoscript/fileName/AOVCameraInputSettings.cs: 4d2fdf1142ce53d73cb43d39944ba516 -> 
  custom:scripting/monoscript/fileName/EnumProperyDrawer.cs: 90647cc400823b41df847a6cbfc29026 -> 
  custom:scripting/monoscript/fileName/AOVImageInputSelector.cs: b741d8d3a7cbb503c5bdf23d7e6792db -> 
  custom:scripting/monoscript/fileName/CoreEncoderSettingsPropertyDrawer.cs: c8bdf3420d844fd4604c0d0cf3815355 -> 
  custom:scripting/monoscript/fileName/GifEncoderSettings.cs: 812ca6afdf48b830953d76adab9d4030 -> 
  custom:scripting/monoscript/fileName/GIFRecorderSettingsEditor.cs: 4d0f46bcf58d188895fabae5334995ae -> 
  custom:scripting/monoscript/fileName/IEncoder.cs: 007c2ef621b0d92b5a7a6bae91d26090 -> 
  custom:scripting/monoscript/fileName/RecorderOptions.cs: 74782d297e80d8f56c0e05a7cde4e51d -> 
  custom:scripting/precompiled-assembly-types:Unity.Recorder.Editor: cd22b836ef1ca10e7d8c91c9be46b4bf -> 
  custom:scripting/monoscript/fileName/ProResEncoderSettingsPropertyDrawer.cs: 68c25e6d4459336217d4b9e22eb707b4 -> 
  custom:scripting/monoscript/fileName/ImageRecorder.cs: b804c29bfc59a61db184c1d275fe4101 -> 
  custom:scripting/monoscript/fileName/EditableLabel.cs: 4f8fa2c6092744ed6607a411e3f617c0 -> 
  custom:scripting/monoscript/fileName/GameViewInput.cs: 596e7ffa2d11b2002176644af3247ea6 -> 
  custom:audio-encoder-webm-vorbis: bf7c407c2cedff20999df2af8eb42d56 -> 
  custom:scripting/monoscript/fileName/SerializedDictionnary.cs: 90647cc400823b41df847a6cbfc29026 -> 
  custom:scripting/monoscript/fileName/HammersleySequence.cs: b06601f044912976f668045b7d4c79a8 -> 
  custom:scripting/monoscript/fileName/_RecorderComponent.cs: 8c268d1df4e18643d83ea9c6eeba2d9f -> 
  custom:scripting/precompiled-assembly-types:Assembly-CSharp: 71c9fb75267ed4ddf8f34ff103c3f7d4 -> 4edc3a31abdfdd45de4da5df68c48f00
  custom:scripting/monoscript/fileName/IAccumulation.cs: 38dee62d444423165276e3254554d005 -> 
  custom:scripting/monoscript/fileName/RecorderController.cs: 5760bd2995080b8d0d9d9e88ab8933c6 -> 
  custom:scripting/monoscript/fileName/EXRRecorderSettings.cs: bf113df492cb5b25e11ec144a73c2f74 -> 
========================================================================
Received Import Request.
  Time since last request: 4.775730 seconds.
  path: Assets/Prefabs/Cube.prefab
  artifactKey: Guid(6f465dab9e6bdbc40b292aa1082e7dd9) Importer(815301076,1909f56bfc062723c751e8b465ee728b)
Start importing Assets/Prefabs/Cube.prefab using Guid(6f465dab9e6bdbc40b292aa1082e7dd9) Importer(815301076,1909f56bfc062723c751e8b465ee728b) [PhysX] Initialized MultithreadedTaskDispatcher with 12 workers.
 -> (artifact id: '9d04fdfc94419e9d414e421f41762208') in 0.001440 seconds
Number of updated asset objects reloaded before import = 0
Number of asset objects unloaded after import = 0
========================================================================
Received Import Request.
  Time since last request: 0.519779 seconds.
  path: Assets/Prefabs/Cube.prefab
  artifactKey: Guid(6f465dab9e6bdbc40b292aa1082e7dd9) Importer(815301076,1909f56bfc062723c751e8b465ee728b)
Start importing Assets/Prefabs/Cube.prefab using Guid(6f465dab9e6bdbc40b292aa1082e7dd9) Importer(815301076,1909f56bfc062723c751e8b465ee728b) [PhysX] Initialized MultithreadedTaskDispatcher with 12 workers.
 -> (artifact id: '9d04fdfc94419e9d414e421f41762208') in 0.000509 seconds
Number of updated asset objects reloaded before import = 0
Number of asset objects unloaded after import = 0
========================================================================
Received Prepare
Caller must complete domain reload
Begin MonoManager ReloadAssembly
- Loaded All Assemblies, in  0.424 seconds
Native extension for WindowsStandalone target not found
Native extension for iOS target not found
Native extension for Android target not found
Mono: successfully reloaded assembly
- Finished resetting the current domain, in  0.941 seconds
Domain Reload Profiling: 1362ms
	BeginReloadAssembly (128ms)
		ExecutionOrderSort (0ms)
		DisableScriptedObjects (4ms)
		BackupInstance (0ms)
		ReleaseScriptingObjects (0ms)
		CreateAndSetChildDomain (26ms)
	RebuildCommonClasses (28ms)
	RebuildNativeTypeToScriptingClass (15ms)
	initialDomainReloadingComplete (27ms)
	LoadAllAssembliesAndSetupDomain (222ms)
		LoadAssemblies (276ms)
		RebuildTransferFunctionScriptingTraits (0ms)
		AnalyzeDomain (17ms)
			TypeCache.Refresh (6ms)
				TypeCache.ScanAssembly (0ms)
			ScanForSourceGeneratedMonoScriptInfo (5ms)
			ResolveRequiredComponents (5ms)
	FinalizeReload (942ms)
		ReleaseScriptCaches (0ms)
		RebuildScriptCaches (0ms)
		SetupLoadedEditorAssemblies (469ms)
			LogAssemblyErrors (0ms)
			InitializePlatformSupportModulesInManaged (28ms)
			SetLoadedEditorAssemblies (3ms)
			RefreshPlugins (0ms)
			BeforeProcessingInitializeOnLoad (81ms)
			ProcessInitializeOnLoadAttributes (331ms)
			ProcessInitializeOnLoadMethodAttributes (16ms)
			AfterProcessingInitializeOnLoad (8ms)
			EditorAssembliesLoaded (0ms)
		ExecutionOrderSort2 (0ms)
		AwakeInstancesAfterBackupRestoration (5ms)
Refreshing native plugins compatible for Editor in 5.11 ms, found 6 plugins.
Preloading 0 native plugins for Editor in 0.00 ms.
Unloading 3255 Unused Serialized files (Serialized files now loaded: 0)
Unloading 21 unused Assets / (336.1 KB). Loaded Objects now: 3865.
Memory consumption went from 127.5 MB to 127.1 MB.
Total: 2.366500 ms (FindLiveObjects: 0.204200 ms CreateObjectMapping: 0.077700 ms MarkObjects: 1.915600 ms  DeleteObjects: 0.168200 ms)

Prepare: number of updated asset objects reloaded= 0
AssetImportParameters requested are different than current active one (requested -> active):
  custom:scripting/monoscript/fileName/WEBMRecorderSettingsEditor.cs: 5559c87f45d3b65fac8d5ac4ef5e81c8 -> 
  custom:scripting/monoscript/fileName/UIElementHelper.cs: 9f9438adfe3361012ea6280d4cdb2df4 -> 
  custom:scripting/monoscript/fileName/AOVCameraInput.cs: c23c8ce885672bc57e25263b3efd067a -> 
  custom:scripting/monoscript/fileName/BaseTextureRecorder.cs: 90647cc400823b41df847a6cbfc29026 -> 
  custom:scripting/monoscript/fileName/Recorder.cs: a7e319d512627774f8215ba0b76f0bcb -> 
  custom:scripting/monoscript/fileName/AudioRecorder.cs: 89550121570f22445b4a1b28daea3cf9 -> 
  custom:scripting/monoscript/fileName/PanelSplitter.cs: 5ff6c6e385b6b12ca322a9c92ac6f371 -> 
  custom:scripting/monoscript/fileName/ImageRecorderSettings.cs: a7ab05fac9382c03607c40fe73956ed6 -> 
  custom:scripting/monoscript/fileName/RecorderClip.cs: 897017f45cb3c30f306724d1fa17a8fe -> 
  custom:scripting/monoscript/fileName/GIFRecorderSettings.cs: 979f88ae1e7731daed242ab2fdebbc0e -> 
  custom:container-demuxer-ogg: 62fdf1f143b41e24485cea50d1cbac27 -> 
  custom:scripting/monoscript/fileName/MovieRecorder.cs: 024785cf83e1399f425b2aa115d22e2b -> 
  custom:scripting/monoscript/fileName/RecorderControllerSettingsPresetEditor.cs: 49aed206ae65ed5ac6b420f7104cd52d -> 
  custom:scripting/monoscript/fileName/AudioInput.cs: 499e96d8f0b35d362bd956c0975bb873 -> 
  custom:scripting/monoscript/fileName/WEBMRecorderSettings.cs: c176c43abbe456aeea55c2aef862801b -> 
  custom:scripting/monoscript/fileName/RecorderControllerSettingsPreset.cs: 78b391c1384ac60213ef58d50e78d553 -> 
  custom:scripting/monoscript/fileName/GameViewInputSettings.cs: a7ae22123f532f5bbcb39c654c998b57 -> 
  custom:scripting/monoscript/fileName/GameViewInputPropertyDrawer.cs: ae2c8a99c5e33d3d1ffc8232415130e8 -> 
  custom:scripting/monoscript/fileName/Camera360Input.cs: dc473b118c57e0734b0cd3476e333c06 -> 
  custom:scripting/monoscript/fileName/RecorderPreferencesSettingsProvider.cs: d92d314b87f7c2170e267636ebf38224 -> 
  custom:scripting/monoscript/fileName/RecorderBindings.cs: ac25db5b587307cfea909607f62e5641 -> 
  custom:video-decoder-ogg-theora: a1e56fd34408186e4bbccfd4996cb3dc -> 
  custom:scripting/monoscript/fileName/GIFWrapper.cs: 6ef8898a12699129e8f81f06a649cad1 -> 
  custom:scripting/monoscript/fileName/SceneHook.cs: 80fa8928b499d44515dd60e0bc895128 -> 
  custom:scripting/monoscript/fileName/AnimationInput.cs: e810137278708a698c5ccddaeb1a1e64 -> 
  custom:scripting/monoscript/fileName/OutputResolutionPropertyDrawer.cs: 0e33ffdf424417a2e685685cfc04d4b1 -> 
  custom:scripting/monoscript/fileName/EnumHelper.cs: 117b5609cc2a1ae41785cd0c8767815f -> 
  custom:scripting/monoscript/fileName/OutputPath.cs: ee51fcffcd8929d224a5e3fb152d5f62 -> 
  custom:scripting/monoscript/fileName/FileNameGeneratorDrawer.cs: a3ea71dec141084df9b7ffa19c11e2cb -> 
  custom:framework-win-MediaFoundation: 216162199b28c13a410421893ffa2e32 -> 
  custom:scripting/monoscript/fileName/RecorderPreferencesWindowGUIScope.cs: 7a2eba6fcb6829ea8b200991a02c9c06 -> 
  custom:scripting/monoscript/fileName/AspectRatio.cs: 18e3efa554f8258b676d4de53e38b642 -> 
  custom:scripting/monoscript/fileName/CameraInputSettings.cs: 6738f6dd994f658d2cbf6f5f3ba05a0e -> 
  custom:scripting/monoscript/fileName/RefHandle.cs: 90647cc400823b41df847a6cbfc29026 -> 
  custom:scripting/monoscript/fileName/CameraCapture.cs: c6dcba1380d9a4fa09f4e36182a45a73 -> 
  custom:scripting/monoscript/fileName/RecorderControllerSettings.cs: 989e0caa64af9b76551d4ff6bd15f598 -> 
  custom:scripting/monoscript/fileName/TargetedPropertyDrawer.cs: 90647cc400823b41df847a6cbfc29026 -> 
  custom:scripting/monoscript/fileName/MovieRecorderSettings.cs: 02a667a67b113b1f65e3fcadcc882513 -> 
  custom:scripting/monoscript/fileName/RenderTextureInputSettings.cs: ebca820667a63031a7597db85d26451a -> 
  custom:scripting/monoscript/fileName/ImageRecorderEditor.cs: d3134ae4c1dfd8e056bace11130b7692 -> 
  custom:scripting/monoscript/fileName/ProResEncoderSettings.cs: 4aca03881946a7fe9acacf199434009e -> 
  custom:scripting/monoscript/fileName/_FrameRequestComponent.cs: b34f171daaafc65da55ea68e2ed89f2b -> 
  custom:scripting/monoscript/fileName/RenderTextureInput.cs: 5dea77837ae3c82bb14643cd82dc06dc -> 
  custom:scripting/monoscript/fileName/RecorderAnalytics.cs: 0fa40093f6ac3fe75e92d746d563e5ee -> 
  custom:scripting/monoscript/fileName/MP4RecorderSettingsEditor.cs: 68a64b16a7961d71fa7286fd1f782e9b -> 
  custom:scripting/monoscript/fileName/RecorderBindingsEditor.cs: f7451a0e1cea6404b2976d2b2c42e273 -> 
  custom:scripting/monoscript/fileName/BaseRenderTextureInput.cs: 5dc13661a5a0dca5d09ca211933a44e2 -> 
  custom:scripting/monoscript/fileName/StatusBarHelper.cs: da04a6ed046f8a62f416d5d3ea415bef -> 
  custom:scripting/precompiled-assembly-types:Unity.Recorder: bd5378c99f6216e06dd6e2c2a60a86a4 -> 
  custom:CustomObjectIndexerAttribute: 9a22284fe3817be447336de3de66b15e -> 
  custom:scripting/monoscript/fileName/Camera360InputSettings.cs: 3d5eaf1cb3a9df6f9d1d52f3c3018c46 -> 
  custom:scripting/monoscript/fileName/PNGRecorderSettingsEditor.cs: 4970e6657bb34f7efc2c7d8168c7358b -> 
  custom:scripting/monoscript/fileName/ImageHeightSelector.cs: d1a7972bf1d79d90f09ab23c718afe39 -> 
  custom:scripting/monoscript/fileName/AnimationInputSettings.cs: d64a99ebbd13660e9264cb4111ab9832 -> 
  custom:scripting/monoscript/fileName/MP4RecorderSettings.cs: 551f5535c05b86d6ee91684eced14987 -> 
  custom:scripting/monoscript/fileName/RecorderPreferencesSettings.cs: 761b0a55fc5e50239a1d0c4bfc968274 -> 
  custom:container-demuxer-webm: 4f35f7cbe854078d1ac9338744f61a02 -> 
  custom:scripting/monoscript/fileName/RecorderSettingsPrefsEditor.cs: ba9e697f1d269c2c960a41bc543fa408 -> 
  custom:scripting/monoscript/fileName/ProResWrapper.cs: 712515ef615766c98115c6a20d85d6c8 -> 
  custom:scripting/monoscript/fileName/RecordModePropertyDrawer.cs: 165332db07362bbcab2d8dc6d1e1dfda -> 
  custom:scripting/monoscript/fileName/ImageInputSettings.cs: 98a2aedd167d40f01804b04845eeaf15 -> 
  custom:scripting/monoscript/fileName/SerializableObjHelper.cs: f19f181f3f05e8e393225dd7030fb66a -> 
  custom:scripting/monoscript/fileName/InputPropertyDrawer.cs: 90647cc400823b41df847a6cbfc29026 -> 
  custom:scripting/monoscript/fileName/AudioInputSettings.cs: a2c930fca1dd5e27705fbacf39727bb4 -> 
  custom:scripting/monoscript/fileName/InputSettings.cs: 35c56ce5488c6b464726305dcbd33b3d -> 
  custom:scripting/monoscript/fileName/RecorderEditor.cs: 736e59ba52eea987abc47f36a836e575 -> 
  custom:scripting/monoscript/fileName/AudioRecorderSettings.cs: 0b00f2c93558486cc61a06f270f43fea -> 
  custom:scripting/monoscript/fileName/RecordersInventory.cs: fb714c8df18f9b7fc7f3361f604ae3dc -> 
  custom:scripting/monoscript/fileName/BaseFCRecorderSettings.cs: fab928553cedb8703ac192d6cf7b6294 -> 
  custom:scripting/monoscript/fileName/AOVRecorderSettings.cs: cdc731153cd2f1f739300a28ea6a6608 -> 
  custom:scripting/monoscript/fileName/EXRCompressionTypeDrawer.cs: 301cb614ecf84a4dab346c5f76ea2016 -> 
  custom:scripting/monoscript/fileName/AOVRecorder.cs: c53e83f1863b3ea80b6df3885cdb8c82 -> 
  custom:scripting/monoscript/fileName/IEncoderSettings.cs: c7d04fadacf538db841606cc656ae724 -> 
  custom:scripting/monoscript/fileName/ShutterProfileTypePropertyDrawer.cs: 18a32c647eca27716eabcb5a44f00e32 -> 
  custom:scripting/monoscript/fileName/MovieRecorderEditor.cs: eb00ddb8a76b8dfb7c88b7826a49d38b -> 
  custom:scripting/monoscript/fileName/RenderTextureInputSettingsPropertyDrawer.cs: 809602b52454cd1e6229756218a8f453 -> 
  custom:scripting/monoscript/fileName/RecorderPlayableBehaviour.cs: 80165a21f4cd0dda690f708a19d389bd -> 
  custom:scripting/monoscript/fileName/GifEncoderSettingsPropertyDrawer.cs: b36c9a7eaaefccda514b23d7e14761ca -> 
  custom:scripting/monoscript/fileName/PNGRecorder.cs: 08fd40f88cb6b18c96882f263639f57d -> 
  custom:scripting/monoscript/fileName/CameraInputSettingsPropertyDrawer.cs: 91928abf1abf88be098cb088d896aec5 -> 
  custom:scripting/monoscript/fileName/AudioRecorderEditor.cs: 565168dec291afe3fa470657cfc2c123 -> 
  custom:scripting/monoscript/fileName/AOVRecorderEditor.cs: 5ca53ccd6d7645709639507726114395 -> 
  custom:container-muxer-webm: aa71ff27fc2769a1b78a27578f13a17b -> 
  custom:video-decoder-webm-vp8: 9c59270c3fd7afecdb556c50c9e8de78 -> 
  custom:scripting/monoscript/fileName/RecordingSession.cs: f3ad08157c278a036224ca395f350890 -> 
  custom:scripting/monoscript/fileName/GameViewSize.cs: f6128a6515fcafce6db32fcdfa107254 -> 
  custom:scripting/monoscript/fileName/UnityHelpers.cs: b3e077029b574be508585124a9d839ef -> 
  custom:SearchIndexIgnoredProperties: e643bd26f0fe6173181afceb89e7c659 -> 
  custom:scripting/monoscript/fileName/GIFRecorder.cs: c00ece885699fb9084deaccd3eb27518 -> 
  custom:AudioImporter_EditorPlatform: d09bf68614088b80899f8185d706f6e7 -> 
  custom:scripting/monoscript/fileName/EXRRecorder.cs: 3f576ce8ddd959d51a4d7ba1999ecdbb -> 
  custom:scripting/monoscript/fileName/WEBMRecorder.cs: 391b6b920cfbc02401ea522620320c93 -> 
  custom:scripting/monoscript/fileName/RenderTextureSampler.cs: 1a7b9abab9548e1054dc40d6e2fa0270 -> 
  custom:scripting/monoscript/fileName/GifEncoder.cs: 40f336d5c5042a8a04556b4c5804a538 -> 
  custom:scripting/monoscript/fileName/GenericRecorder.cs: 90647cc400823b41df847a6cbfc29026 -> 
  custom:scripting/monoscript/fileName/ImageInputSelector.cs: f55822da877594150873922341be92b6 -> 
  custom:scripting/monoscript/fileName/AnimationRecorderSettingsEditor.cs: db1294bf3d48be44b6e4b2f2cc100b02 -> 
  custom:scripting/monoscript/fileName/RecorderTrack.cs: fac9638ece7eb7daaa1302fa170613fd -> 
  custom:scripting/monoscript/fileName/InputSettingsSelector.cs: 499a4ec92267406782b5c4f3472d53b9 -> 
  custom:scripting/monoscript/fileName/FileNameGenerator.cs: 5c8b6eb5291c3311189e0dfadac99363 -> 
  custom:scripting/monoscript/fileName/RecorderItem.cs: b62d2fcb9547a248575727d8a1646db8 -> 
  custom:scripting/monoscript/fileName/TextureFlipper.cs: 825b503b2ddab9cbd8ebbf3038075092 -> 
  custom:scripting/monoscript/fileName/AccumulationSettings.cs: fb962f0c2333934b681b167574f5e1cd -> 
  custom:scripting/monoscript/fileName/Camera360InputPropertyDrawer.cs: af647a2fe91bec98139246321cac865d -> 
  custom:scripting/monoscript/fileName/RecorderClipEditor.cs: 947ad5ff1f968d7fc40767d187070964 -> 
  custom:scripting/monoscript/fileName/EXRRecorderSettingsEditor.cs: c520a04c5f01331f2c8800e289ef6d6f -> 
  custom:scripting/monoscript/fileName/CoreEncoder.cs: dfaed86e82ad12e6a2b6740a0fb35820 -> 
  custom:scripting/monoscript/fileName/PNGRecorderSettings.cs: 79a421225358808ff14dd88c0355d1b6 -> 
  custom:scripting/monoscript/fileName/AspectRatioPropertyDrawer.cs: 9f18568574138839573389bde3e660a7 -> 
  custom:scripting/monoscript/fileName/ProResEncoder.cs: b375bf2d41e3d89081c3f2d1a0823bf3 -> 
  custom:scripting/monoscript/fileName/CameraInput.cs: bf7e0df3caf9e500f6d1c98c99e165ba -> 
  custom:scripting/monoscript/fileName/RecorderSettings.cs: bc3ef26ac157af28e5460886c0d5ef2e -> 
  custom:scripting/monoscript/fileName/RecorderClipTimelineEditor.cs: 2995d9f50ebc9245c6e9bd75c56415fb -> 
  custom:scripting/monoscript/fileName/EncoderSettingsAttribute.cs: 8352396dc11cff58c65c429fdb4fc67e -> 
  custom:scripting/monoscript/fileName/MP4Recorder.cs: af531c4e1f6d23547da08837eb16b729 -> 
  custom:scripting/monoscript/fileName/EncoderTypeUtilities.cs: a12c4c78a6cd4fb6b93180d59ad77be8 -> 
  custom:scripting/monoscript/fileName/PooledBufferAsyncGPUReadback.cs: 2a4e50c5dda177306c9ec935763c4378 -> 
  custom:scripting/monoscript/fileName/AnimationRecorder.cs: f749a4250195b5467bbf05e3a976b59f -> 
  custom:scripting/precompiled-assembly-types:Unity.Recorder.Base: 3fec19fdf10e3518c41e41a932f2042f -> 
  custom:scripting/monoscript/fileName/AnimationRecorderSettings.cs: 5cfb1544a40f93fe0ea879bb1361c877 -> 
  custom:scripting/monoscript/fileName/RenderTextureSamplerSettings.cs: 68adab84706346f2ecbdfd649ca9cf61 -> 
  custom:scripting/monoscript/fileName/RecordingContext.cs: af9af1e8b283703482ba133924b5585a -> 
  custom:scripting/monoscript/fileName/RecorderSelector.cs: c3cd2caacd181d6eff54dc260c4a1ffb -> 
  custom:video-encoder-webm-vp8: eb34c28f22e8b96e1ab97ce403110664 -> 
  custom:scripting/monoscript/fileName/RecorderInput.cs: 88fd8d8fd71b34ed7298a01f6c2d2e40 -> 
  custom:scripting/monoscript/fileName/RenderTextureSamplerPropertyDrawer.cs: b541817d9cc9b1341d2ddfa8823b718d -> 
  custom:scripting/monoscript/fileName/RecorderSettingsAttribute.cs: ddd228b25da7ba2ac10d13e1efacc875 -> 
  custom:audio-decoder-ogg-vorbis: bf7c407c2cedff20999df2af8eb42d56 -> 
  custom:scripting/monoscript/fileName/OutputPathDrawer.cs: cffc34c1be094e6caeb13ff3b26ca679 -> 
  custom:scripting/monoscript/fileName/EditorVersionsHelper.cs: 3ad9098caeeff0295dba8c0911f5333a -> 
  custom:scripting/monoscript/fileName/SettingAsset.cs: 7c3790954696ae83d71055079b387931 -> 
  custom:scripting/monoscript/fileName/OutputResolution.cs: 31c632d97e9a69bcc2ef10f6feb5bf62 -> 
  custom:scripting/monoscript/fileName/AccumulationSettingsPropertyDrawer.cs: bfc920db0de3c29c2967e88aac1c1027 -> 
  custom:scripting/monoscript/fileName/AnimationInputSettingsPropertyDrawer.cs: ebe1771fecebe7a93badf6354f59c990 -> 
  custom:scripting/monoscript/fileName/CoreEncoderSettings.cs: 2b5db1db3c1fa7de4175a7e143de3ce5 -> 
  custom:scripting/monoscript/fileName/VisualListItem.cs: 90647cc400823b41df847a6cbfc29026 -> 
  custom:scripting/monoscript/fileName/FrameRateProperyDrawer.cs: c478c798f5354f66af45b380be0629f9 -> 
  custom:scripting/monoscript/fileName/InputSettingsSelectorDrawer.cs: bca46dd5b59e2f574c94bef4cdb878fb -> 
  custom:scripting/monoscript/fileName/RecorderWindow.cs: 553a30d64d5ef1dcad6b00b4eeeb3829 -> 
  custom:scripting/monoscript/fileName/AOVCameraInputSettings.cs: 4d2fdf1142ce53d73cb43d39944ba516 -> 
  custom:scripting/monoscript/fileName/EnumProperyDrawer.cs: 90647cc400823b41df847a6cbfc29026 -> 
  custom:scripting/monoscript/fileName/AOVImageInputSelector.cs: b741d8d3a7cbb503c5bdf23d7e6792db -> 
  custom:scripting/monoscript/fileName/CoreEncoderSettingsPropertyDrawer.cs: c8bdf3420d844fd4604c0d0cf3815355 -> 
  custom:scripting/monoscript/fileName/GifEncoderSettings.cs: 812ca6afdf48b830953d76adab9d4030 -> 
  custom:scripting/monoscript/fileName/GIFRecorderSettingsEditor.cs: 4d0f46bcf58d188895fabae5334995ae -> 
  custom:scripting/monoscript/fileName/IEncoder.cs: 007c2ef621b0d92b5a7a6bae91d26090 -> 
  custom:scripting/monoscript/fileName/RecorderOptions.cs: 74782d297e80d8f56c0e05a7cde4e51d -> 
  custom:scripting/precompiled-assembly-types:Unity.Recorder.Editor: cd22b836ef1ca10e7d8c91c9be46b4bf -> 
  custom:scripting/monoscript/fileName/ProResEncoderSettingsPropertyDrawer.cs: 68c25e6d4459336217d4b9e22eb707b4 -> 
  custom:scripting/monoscript/fileName/ImageRecorder.cs: b804c29bfc59a61db184c1d275fe4101 -> 
  custom:scripting/monoscript/fileName/EditableLabel.cs: 4f8fa2c6092744ed6607a411e3f617c0 -> 
  custom:scripting/monoscript/fileName/GameViewInput.cs: 596e7ffa2d11b2002176644af3247ea6 -> 
  custom:audio-encoder-webm-vorbis: bf7c407c2cedff20999df2af8eb42d56 -> 
  custom:scripting/monoscript/fileName/SerializedDictionnary.cs: 90647cc400823b41df847a6cbfc29026 -> 
  custom:scripting/monoscript/fileName/HammersleySequence.cs: b06601f044912976f668045b7d4c79a8 -> 
  custom:scripting/monoscript/fileName/_RecorderComponent.cs: 8c268d1df4e18643d83ea9c6eeba2d9f -> 
  custom:scripting/precompiled-assembly-types:Assembly-CSharp: 71c9fb75267ed4ddf8f34ff103c3f7d4 -> 4edc3a31abdfdd45de4da5df68c48f00
  custom:scripting/monoscript/fileName/IAccumulation.cs: 38dee62d444423165276e3254554d005 -> 
  custom:scripting/monoscript/fileName/RecorderController.cs: 5760bd2995080b8d0d9d9e88ab8933c6 -> 
  custom:scripting/monoscript/fileName/EXRRecorderSettings.cs: bf113df492cb5b25e11ec144a73c2f74 -> 
